-- DELETE ALL!!!
Delete from [OrderServiceTypes];
Delete from [OrderService];
Delete from [OrderSkillsRequired];
Delete from [Orders];
Delete from [Services];

DELETE from [FreelancePaymentHistories];
DELETE from [FreelanceServiceTypes];

Delete from [SkillServiceTypes];
Delete from [FreelanceSkills];
Delete from [Skills];

DELETE from FreelanceCorrectQuestions;
delete from QuizQuestions;
delete from FreelanceQuizAnswers;
delete from FreelanceQuizQuestions;
delete from FreelanceQuizzes;
DELETE from FreelanceQuizResults;

Delete from [Addresses];
Delete from [Freelancers];
Delete from [Customers];
Delete from [Accounts];

Delete from [UIElementAdditionServiceRequirements];
Delete from [UIElementServiceRequirements];
Delete from [UIElementValidationTypes];
Delete from [UIElementServiceRequirementInputMethods];
Delete from [UIElementInputOptions];
Delete from [UIElementInputMethodTypes];

DELETE FROM [ServiceTypes];
DELETE FROM [ServiceCategories];

INSERT INTO [ServiceCategories] ([Id], [Name], [Image], [Description], [ServiceClassName]) VALUES
('1b1a6ebd-2838-4b3d-a1f1-1818305df2d6', N'Vận Chuyển', 'https://detoivn.b-cdn.net/services/chuyennhaphongtro/category.png', N'Dịch vụ Vận Chuyển giúp bạn chuyển đồ đạc, hàng hóa từ một địa điểm này đến địa điểm khác một cách thuận tiện và nhanh chóng', 'Moving'),
('8a21b21e-dc31-49c8-8b5b-84b69204dc3a', N'Sửa chữa', 'https://detoivn.b-cdn.net/services/suachua/category.png', N'Dịch vụ Sửa chữa cung cấp các dịch vụ sửa chữa và bảo dưỡng cho các thiết bị, sản phẩm, hoặc cơ sở hạ tầng của bạn.', 'Reparing'),
('d17ad87c-9f80-4f0e-bfd4-53138d900a6e', N'Dọn dẹp', 'https://detoivn.b-cdn.net/services/dondep/category.png', N'Dịch vụ Dọn dẹp giúp bạn làm sạch và sắp xếp không gian sống hoặc làm việc của mình để tạo ra một môi trường sạch sẽ và thoải mái.', 'Cleaning'),
('6f57d993-eb26-4b35-8c7d-7871a7fd624f', N'Đời sống', 'https://detoivn.b-cdn.net/services/dicho/category.png', N'Dịch vụ Đời sống cung cấp các dịch vụ hỗ trợ các vấn đề trong cuộc sống hàng ngày của bạn như chăm sóc người già, trẻ em, đi chợ, nấu ăn, giặt ủi, mua sắm tại siêu thị, v.v.', 'Life'); 

INSERT INTO [ServiceTypes] ([Id], [Name], [BasePrice], [Description], [Image], [ServiceCategoryId]) VALUES
('7986a30b-5b5e-4d9d-9446-1d554d11055f', N'Vận chuyển hàng hóa', 0, N'Dịch vụ Vận chuyển hàng hóa cung cấp các dịch vụ vận chuyển cho hàng hóa lớn, đóng gói chắc chắn và an toàn từ điểm này đến điểm khác.', 'https://detoivn.b-cdn.net/services/dondep/category.png', '1b1a6ebd-2838-4b3d-a1f1-1818305df2d6'),
('530d29ca-17a1-4db9-a569-09a17e30b0af', N'Giao hàng nhanh', 0, N'Dịch vụ Giao hàng nhanh cung cấp dịch vụ giao hàng cho các đơn hàng nhỏ và cần được giao đi trong thời gian ngắn.', 'https://detoivn.b-cdn.net/services/dondep/category.png', '1b1a6ebd-2838-4b3d-a1f1-1818305df2d6'),
('9f6bf976-ec5d-4e31-bfeb-7aea7637f20e', N'Chăm sóc người già, trẻ em', 0, N'Dịch vụ Chăm sóc người già, trẻ em cung cấp các dịch vụ chăm sóc và giám sát cho người già và trẻ em trong gia đình của bạn.', 'https://detoivn.b-cdn.net/services/dondep/category.png', '6f57d993-eb26-4b35-8c7d-7871a7fd624f'),
('b1c2cd51-bbe5-4b95-bcf4-3f04b57357d0', N'Mua sắm tại siêu thị', 0, N'Dịch vụ Mua sắm tại siêu thị cung cấp dịch vụ mua sắm tại các siêu thị hoặc cửa hàng để bạn không phải mất thời gian và công sức.', 'https://detoivn.b-cdn.net/services/dondep/category.png', '6f57d993-eb26-4b35-8c7d-7871a7fd624f'),
('8a4ad0e1-16fd-457e-a6f0-16accaf8e764', N'Vận chuyển đồ đạc', 0, N'Dịch vụ Vận chuyển đồ đạc cung cấp dịch vụ chuyển phát nhanh cho các đồ đạc như hành lý cá nhân, đồ dùng gia đình, và các vật phẩm cá nhân khác.', 'https://detoivn.b-cdn.net/services/dondep/category.png', '1b1a6ebd-2838-4b3d-a1f1-1818305df2d6'),
('f146cba9-72a1-47be-a36d-9bf6407f59d9', N'Đi chợ', 0, N'Dịch vụ Đi chợ cung cấp dịch vụ mua sắm tại các cửa hàng, siêu thị hoặc chợ truyền thống để thuận tiện cho bạn.', 'https://detoivn.b-cdn.net/services/dondep/category.png', '6f57d993-eb26-4b35-8c7d-7871a7fd624f'),
('531f4e94-1880-4d31-b001-6f59ff0322f0', N'Nấu ăn', 0, N'Dịch vụ Nấu ăn cung cấp dịch vụ chuẩn bị và nấu các bữa ăn ngon miệng và dinh dưỡng cho gia đình hoặc sự kiện của bạn.', 'https://detoivn.b-cdn.net/services/dondep/category.png', '6f57d993-eb26-4b35-8c7d-7871a7fd624f'),
('dc3262c0-6cf9-4058-be3c-98e4bb401ada', N'Giặt ủi', 0, N'Dịch vụ Giặt ủi cung cấp dịch vụ giặt và ủi quần áo và vật dụng gia đình để bạn có thời gian và năng lượng cho những việc khác.', 'https://detoivn.b-cdn.net/services/dondep/category.png', '6f57d993-eb26-4b35-8c7d-7871a7fd624f'),
('80998115-c96e-43f8-80b9-2c37272be33f', N'Sửa chữa máy lạnh', 0, N'Dịch vụ Sửa chữa máy lạnh cung cấp các dịch vụ sửa chữa, bảo dưỡng và lắp đặt cho máy lạnh tại nhà hoặc cơ sở của bạn.', 'https://detoivn.b-cdn.net/services/dondep/category.png', '8a21b21e-dc31-49c8-8b5b-84b69204dc3a'),
('509827e5-0852-4ea2-9fa4-7551bbbf88d9', N'Sửa chữa ống nước', 0, N'Dịch vụ Sửa chữa ống nước cung cấp các dịch vụ sửa chữa và bảo dưỡng cho hệ thống ống nước của bạn, bao gồm việc sửa chữa các rò rỉ và thay thế ống hỏng.', 'https://detoivn.b-cdn.net/services/dondep/category.png', '8a21b21e-dc31-49c8-8b5b-84b69204dc3a'),
('9fb42b78-0266-4222-a923-11d1d54ec673', N'Sửa chữa sàn nhà', 0, N'Dịch vụ Sửa chữa sàn nhà cung cấp các dịch vụ sửa chữa, làm mới và bảo dưỡng cho các loại sàn nhà như gạch, đá, gỗ, hoặc sàn nhựa tại nhà của bạn.', 'https://detoivn.b-cdn.net/services/dondep/category.png', '8a21b21e-dc31-49c8-8b5b-84b69204dc3a'),
('d3c5fe89-1cd0-4a41-a315-790967328178', N'Dọn dẹp nhà cửa', 0, N'Dịch vụ Dọn dẹp nhà cửa cung cấp các dịch vụ dọn dẹp và lau chùi cho các căn nhà, bao gồm cả việc lau dọn, bố trí lại nội thất, và lau sạch các bề mặt.', 'https://detoivn.b-cdn.net/services/dondep/category.png', 'd17ad87c-9f80-4f0e-bfd4-53138d900a6e'),
('fc1a6664-748c-4aa3-b7be-82300f8fdd0c', N'Tổng vệ sinh', 0, N'Dịch vụ Tổng vệ sinh cung cấp các dịch vụ vệ sinh sâu và triệt để cho căn nhà của bạn, bao gồm cả việc lau chùi, vệ sinh định kỳ và sơn phủ bề mặt cần thiết.', 'https://detoivn.b-cdn.net/services/dondep/category.png', 'd17ad87c-9f80-4f0e-bfd4-53138d900a6e'),
('ad460783-3b95-4057-a735-d73b491c2bd8', N'Dọn dẹp văn phòng', 0, N'Dịch vụ Dọn dẹp văn phòng cung cấp các dịch vụ dọn dẹp và lau chùi cho không gian văn phòng, giúp tạo môi trường làm việc sạch sẽ và thoải mái.', 'https://detoivn.b-cdn.net/services/dondep/category.png', 'd17ad87c-9f80-4f0e-bfd4-53138d900a6e'),
('79e7bb6a-4c26-4444-b7b2-4e95060bc3b6', N'Vệ sinh cửa sổ', 0, N'Dịch vụ Vệ sinh cửa sổ cung cấp dịch vụ làm sạch cửa sổ, bao gồm cả việc lau kính và lau chùi khung cửa, để đảm bảo sự sáng bóng và thoáng đãng cho căn nhà hoặc văn phòng của bạn.', 'https://detoivn.b-cdn.net/services/dondep/category.png', 'd17ad87c-9f80-4f0e-bfd4-53138d900a6e'),
('4a6fc79c-35bf-45cc-99c3-9bb0707a2883', N'Vệ sinh thảm văn phòng', 0, N'Dịch vụ Vệ sinh thảm văn phòng cung cấp dịch vụ làm sạch và vệ sinh cho các loại thảm trải sàn trong văn phòng, giúp loại bỏ bụi bẩn và vi khuẩn, đồng thời tạo môi trường làm việc sạch sẽ và an toàn.', 'https://detoivn.b-cdn.net/services/dondep/category.png', 'd17ad87c-9f80-4f0e-bfd4-53138d900a6e'),
('036b78bd-630e-4553-ae22-81a938c96112', N'Vệ sinh máy lạnh', 0, N'Dịch vụ Vệ sinh máy lạnh cung cấp dịch vụ làm sạch và bảo dưỡng cho hệ thống máy lạnh của bạn, giúp tăng tuổi thọ và hiệu suất làm việc của máy lạnh, đồng thời cải thiện chất lượng không khí trong không gian sống hoặc làm việc.', 'https://detoivn.b-cdn.net/services/dondep/category.png', 'd17ad87c-9f80-4f0e-bfd4-53138d900a6e'); 

INSERT INTO [Accounts] ([Id], [Email], [FullName], [DateOfBirth], [Phone], [Role], [Avatar], [RefreshToken], [LoginToken], [LoginTokenExpires], [TokenCreated], [TokenExpires], [IsActive], [IsVerified]) VALUES
('c43d95bb-72b8-4e63-980c-6e356d9d93ad', null, N'Trương Dương Minh Ân', null, '+84123456789', 'Admin', 'https://detoivn.b-cdn.net/customer_avt/user-avt%20(1).png', 'string', 'default', '2024-04-13T15:46:15.353124', '2024-04-13 15:36:15.353124', '2024-04-13 15:46:15.353124', 1, 1),
('5a4a9b61-1740-42a7-8c91-4e618a1c22b4', null, N'Ngô Vũ Lan Ngọc', null, '+84337839146', 'Freelancer', 'https://detoivn.b-cdn.net/customer_avt/user-avt%20(3).png', 'string', 'default', '2024-04-13T15:46:15.332108', '2024-04-13 15:36:15.332108', '2024-04-13 15:46:15.332108', 1, 1),
('3c85e6e4-1dbe-4f46-8f4b-ae8c685c67b8', null, N'Vũ Ngô Thục Oanh', null, '+84914510313', 'Freelancer', 'https://detoivn.b-cdn.net/customer_avt/user-avt%20(2).png', 'string', 'default', '2024-04-13T15:46:15.351124', '2024-04-13 15:36:15.351124', '2024-04-13 15:46:15.351124', 1, 1),
('5f60622b-6f2f-4b6e-b56f-dc03528c668e', null, N'Lê Trần Nam Phi', null,  '+84369934935', 'Customer', 'https://detoivn.b-cdn.net/customer_avt/user-avt%20(3).png', 'string', 'default', '2024-04-13T15:46:15.383370', '2024-04-13 15:36:15.383370', '2024-04-13 15:46:15.383370', 1, 1); 

INSERT INTO [Freelancers] ([Id], [AccountId], [Rating], [TotalReviewCount], [Balance], [SystemBalance], [OrderCount], [LoveCount], [PositiveReviewCount], [IdentityNumber], [IsTeam], [Description], [TeamMemberCount]) VALUES
('afe9c6a4-3328-448a-b2d2-caeb4f8fdd26', 'c43d95bb-72b8-4e63-980c-6e356d9d93ad', 0, 0, 'lPNOIEq8O5ZDz3wt0xUMPA==', 'lYW+XVhgLeN29U36fttsVA==', 0, 0, 0, '051200000011', 0, 'Better available sure form nice. Its particularly tree whom local tend. Artist truth trouble behavior style.', 1),
('86fdfdc6-aed8-4fe9-ba60-4418615d97cb', '5a4a9b61-1740-42a7-8c91-4e618a1c22b4', 0, 0, '7eAjg1ZxO0KJ8+tZaZl5jQ==', 'c/jmA/kzcWtoDCqpcDm9pQ==', 0, 0, 0, '051200000012', 0, 'True develop sound central myself. Ball floor meet usually. Feeling fact by four.', 1),
('b3f5e5b3-b7b2-48b1-a4ca-6e754216506f', '3c85e6e4-1dbe-4f46-8f4b-ae8c685c67b8', 0, 0, 'K9jOELjbslz3zBlz4AO5fA==', 'ZenOBG/nkrd3eGT/nSm+9A==', 0, 0, 0, '051200000013', 0, 'Drug contain start almost wonder employee attorney. Theory type successful together. Raise study modern miss dog Democrat quickly. Often late produce you true soldier. Food break onto friend.', 1); 

INSERT INTO [Customers] ([Id], [AccountId], [CustomerRank], [MemberPoint]) VALUES
('7dcf3e6e-26ff-40b3-9564-6d5d4e028e42', '5f60622b-6f2f-4b6e-b56f-dc03528c668e', 'Unranked', 0); 

INSERT INTO [Addresses] ([Id], [Lat], [Lon], [CustomerAccountId], [FreelanceAccountId], [AddressLine], [Ward], [District], [Province], [Country]) VALUES
('c85c9909-8b5a-49ea-9a8b-77fe0fe4a2c5', 10.477601726957857, 106.94330523752747, null, 'afe9c6a4-3328-448a-b2d2-caeb4f8fdd26', N'227 Nguyễn Văn Cừ, phường 4, Quận 5, Thành phố Hồ Chí Minh, Việt Nam', N'Xã Đông Thạnh', N'Huyện Hóc Môn', N'Thành phố Hồ Chí Minh', N'Việt Nam'),
('fd96c582-d8cf-440a-a979-c3221a39ea7c', 10.643930996650761, 106.62720662090979, null, '86fdfdc6-aed8-4fe9-ba60-4418615d97cb', N'227 Nguyễn Văn Cừ, phường 4, Quận 5, Thành phố Hồ Chí Minh, Việt Nam', N'Phường Thạnh Mỹ Lợi', N'Quận 2', N'Thành phố Hồ Chí Minh', N'Việt Nam'),
('06d80c55-6266-4714-bdf3-90d47213bf7c', 10.646957158286163, 106.99984045823325, null, 'b3f5e5b3-b7b2-48b1-a4ca-6e754216506f', N'227 Nguyễn Văn Cừ, phường 4, Quận 5, Thành phố Hồ Chí Minh, Việt Nam', N'Phường Tăng Nhơn Phú A', N'Quận 9', N'Thành phố Hồ Chí Minh', N'Việt Nam'),
('5a83932f-866d-4e13-8486-ed158bdddbde', 10.679462955760359, 106.7939829337407, '7dcf3e6e-26ff-40b3-9564-6d5d4e028e42', null, N'227 Nguyễn Văn Cừ, phường 4, Quận 5, Thành phố Hồ Chí Minh, Việt Nam', N'Phường 8', N'Quận Phú Nhuận', N'Thành phố Hồ Chí Minh', N'Việt Nam'); 

INSERT INTO [Skills] ([Id], [Name], [Description]) VALUES
('d4c95511-492f-46aa-8326-84299acbe8fd', N'Vận chuyển hàng hóa', N'Xếp dỡ hàng hóa một cách an toàn và chuyên nghiệp'),
('510acfa4-eddb-4d08-b4ce-30ebf132922f', N'Quản lý lộ trình vận chuyển', N'Lập kế hoạch và điều chỉnh lộ trình vận chuyển hiệu quả'),
('28c41f96-ad80-457f-b59b-e948d1bd9135', N'Xử lý hàng hóa nhạy cảm', N'Chăm sóc và vận chuyển hàng hóa nhạy cảm một cách cẩn thận và đúng cách'),
('92fd24e8-abeb-45d3-a33c-02d24224b78d', N'Sử dụng các phương tiện vận chuyển đa dạng', N'Sử dụng xe tải, container và các phương tiện vận tải khác để vận chuyển hàng hóa một cách linh hoạt'),
('e7978b8d-a546-4133-a576-778f34985d06', N'Đóng gói hàng hóa chuyên nghiệp', N'Đóng gói hàng hóa bằng cách an toàn và chuyên nghiệp để đảm bảo an toàn trong quá trình vận chuyển'),
('d9b6ce05-94a3-4781-976d-707579d6fe5f', N'Giao hàng nhanh', N'Giao hàng nhanh chóng và chính xác đến địa chỉ chỉ định'),
('657fabfe-88db-46b4-ba2c-947f36b0ea45', N'Quản lý lịch trình giao hàng', N'Quản lý lịch trình giao hàng để đảm bảo giao hàng đúng thời hạn'),
('db42a4fc-a790-4706-bd0b-c263dbbc2522', N'Sử dụng phương tiện giao hàng nhỏ', N'Sử dụng xe máy, xe đạp hoặc phương tiện giao hàng nhỏ khác để giao hàng một cách nhanh chóng và linh hoạt'),
('562bb844-3fe4-486c-94a6-28876cdb287d', N'Xử lý hàng hóa đặc biệt', N'Xử lý và vận chuyển hàng hóa đặc biệt một cách chuyên nghiệp và cẩn thận'),
('126d9bee-996a-4880-b54e-a2ee84b5e822', N'Giao hàng theo yêu cầu', N'Giao hàng dựa trên yêu cầu cụ thể của khách hàng'),
('44c2a6e0-9437-4bee-b150-ffe0dc1b1c37', N'Chăm sóc người già', N'Cung cấp chăm sóc toàn diện cho người già trong gia đình'),
('049657d4-138c-4d0b-8d56-245e7f0a841d', N'Chăm sóc trẻ em', N'Đảm bảo sự an toàn và sự phát triển của trẻ em trong môi trường gia đình'),
('a9b4b60a-999d-463e-9d75-5ba249c3c91f', N'Xây dựng mối quan hệ với trẻ em', N'Xây dựng mối quan hệ tốt đẹp và trách nhiệm với trẻ em để tạo ra một môi trường hòa thuận và an toàn'),
('8837d38a-d219-40f5-9bc7-b439e69d17d2', N'Giáo dục về dinh dưỡng', N'Cung cấp kiến thức và hướng dẫn về dinh dưỡng cho trẻ em để hỗ trợ sự phát triển của họ'),
('b6f8ae11-db74-4c55-a9d7-f8904d4d5825', N'Tạo ra hoạt động giáo dục', N'Phát triển và tổ chức các hoạt động giáo dục thú vị và phù hợp với lứa tuổi của trẻ em'),
('59a05b2f-2857-49e0-a5dc-7e1746480dce', N'Lập danh sách mua sắm', N'Tạo danh sách mua sắm chi tiết và hiệu quả để tiết kiệm thời gian và tiền bạc'),
('e9d1a4d9-053f-4a60-a67e-3d59a11feeeb', N'Tư vấn lựa chọn sản phẩm', N'Tư vấn và hướng dẫn khách hàng trong việc lựa chọn sản phẩm phù hợp với nhu cầu và ngân sách của họ'),
('3eda0312-2f58-4f02-852d-bec6e4bc344b', N'Quản lý ngân sách mua sắm', N'Quản lý ngân sách mua sắm của khách hàng để đảm bảo mua sắm hiệu quả và không lãng phí'),
('d2fa3f68-6d70-4707-adda-0268312c25ee', N'Xử lý việc đổi trả hàng', N'Hỗ trợ khách hàng trong việc đổi trả hàng hoặc xử lý các vấn đề liên quan đến sản phẩm sau khi mua'),
('34698e8c-7ba7-4f52-851b-e2bf6c10426b', N'Kiểm tra sản phẩm', N'Kiểm tra sản phẩm để đảm bảo chất lượng và đầy đủ các thành phần trước khi mua'),
('7a5066e5-c755-4f49-9afa-0813626afb04', N'Xếp dỡ đồ đạc một cách chuyên nghiệp', N'Thực hiện việc xếp dỡ các đồ đạc như hành lý cá nhân và đồ dùng gia đình một cách chuyên nghiệp và an toàn'),
('fc77b33f-5f6e-4495-9837-14d8a049882d', N'Đóng gói hàng hóa cá nhân', N'Thực hiện việc đóng gói hàng hóa cá nhân như hành lý cá nhân và các vật phẩm cá nhân một cách cẩn thận và chuyên nghiệp'),
('8953f6d9-1e51-4907-b8ee-44cb5b4787d0', N'Quản lý kho hàng', N'Thực hiện việc quản lý và tổ chức kho hàng cho đồ đạc cá nhân một cách hiệu quả và chuyên nghiệp'),
('43bcbdaf-3cd6-44e4-add3-aec51dcf2c7d', N'Đóng gói và vận chuyển hàng hóa quốc tế', N'Thực hiện việc đóng gói và vận chuyển hàng hóa cá nhân qua các biên giới quốc tế một cách chuyên nghiệp và an toàn'),
('919b1e17-6392-42e7-93da-8ebb9b7b5381', N'Phân loại sản phẩm', N'Sắp xếp và phân loại sản phẩm một cách hiệu quả khi mua sắm tại các cửa hàng và siêu thị'),
('9932d1a2-1ad1-414a-9b75-64efbfc16183', N'Đàm phán giá cả', N'Kỹ năng đàm phán giá cả với người bán hàng để đảm bảo bạn có được giá ưu đãi nhất cho sản phẩm'),
('ae58cea3-240a-4ae1-969d-bd79a3ae812d', N'Tìm kiếm sản phẩm phù hợp', N'Nắm bắt nhu cầu và tìm kiếm các sản phẩm phù hợp nhất với yêu cầu của khách hàng'),
('a632afda-89b8-46eb-9077-360263230ac3', N'Kiểm tra chất lượng sản phẩm', N'Kiểm tra và đánh giá chất lượng của sản phẩm để đảm bảo bạn mua được hàng chất lượng nhất'),
('850d7b5d-5176-4c42-b2e5-c4c7d5870dce', N'Hiểu biết về giá cả và thị trường', N'Có kiến thức vững về giá cả và thị trường để có thể chọn lựa và mua sắm một cách thông minh'),
('b344f38a-e727-4ee9-8788-fe2b86930ae1', N'Chuẩn bị thực đơn đa dạng', N'Tạo ra thực đơn đa dạng và phong phú phục vụ nhu cầu ẩm thực của khách hàng'),
('cf707aab-5949-4a44-9312-e65ef934f088', N'Kỹ năng nấu ăn chuyên nghiệp', N'Sử dụng kỹ thuật nấu ăn chuyên nghiệp để tạo ra các món ăn ngon miệng và hấp dẫn'),
('54fbabe9-2b70-430f-bb47-da0ef1bf7ed9', N'Quản lý thời gian và nguyên liệu', N'Quản lý thời gian và nguyên liệu một cách hiệu quả để chuẩn bị và nấu các bữa ăn đúng thời hạn và chất lượng'),
('1018f7d5-d4ef-47a1-873d-085588426c72', N'Sáng tạo trong việc nấu ăn', N'Phát triển và áp dụng ý tưởng sáng tạo để tạo ra các món ăn mới và độc đáo'),
('536af6c4-fc9a-4fd5-89bb-cb592ed316af', N'Kỹ năng trình bày món ăn', N'Biến các món ăn trở nên hấp dẫn và bắt mắt thông qua kỹ năng trình bày món ăn sáng tạo'),
('11b3ca41-d04f-43b4-8f2b-a7dec67d9c61', N'Phân loại và sắp xếp quần áo', N'Hiểu biết về cách phân loại và sắp xếp quần áo một cách hiệu quả để tiện cho quá trình giặt ủi'),
('b07a9fc1-c869-4e35-adbe-b2e2627eed68', N'Xử lý quần áo nhạy cảm', N'Xử lý và giặt ủi quần áo có chất liệu nhạy cảm một cách cẩn thận và chuyên nghiệp'),
('0040bf7b-b8d9-46a2-b0d1-54d5e3a6aa76', N'Sử dụng máy giặt và máy sấy hiệu quả', N'Hiểu biết và sử dụng các thiết bị giặt ủi hiện đại một cách hiệu quả và tiết kiệm thời gian'),
('0e3c1e2b-f67e-4581-90c6-c9190c33f31f', N'Biết cách ủi quần áo một cách chuyên nghiệp', N'Hiểu biết về kỹ thuật và phương pháp ủi quần áo một cách chuyên nghiệp và linh hoạt'),
('b5a7fe43-e952-442a-a15a-8e8d89367462', N'Xử lý vết bẩn cứng đầu', N'Xử lý và loại bỏ các vết bẩn cứng đầu trên quần áo một cách hiệu quả và an toàn'),
('6666ca1d-2d5d-4764-b1bc-ad3fd3740058', N'Kiểm tra và chẩn đoán sự cố máy lạnh', N'Thực hiện kiểm tra kỹ thuật và chẩn đoán sự cố của máy lạnh để xác định nguyên nhân gây ra vấn đề'),
('2ef9de7c-98e7-4cf9-9258-ad1ae383a55e', N'Tháo lắp và lắp đặt máy lạnh', N'Thực hiện tháo lắp và lắp đặt máy lạnh một cách chuyên nghiệp và an toàn'),
('44adce9b-bbf2-4838-99bb-070ab14d3919', N'Bảo dưỡng định kỳ máy lạnh', N'Thực hiện bảo dưỡng định kỳ để đảm bảo máy lạnh hoạt động ổn định và hiệu quả'),
('0c5d44bc-db1c-4848-8d41-6788a7cfd0c5', N'Sửa chữa và thay thế linh kiện máy lạnh', N'Thực hiện sửa chữa và thay thế linh kiện máy lạnh hỏng hóc để khôi phục hoạt động của máy'),
('9491bccd-37b3-4796-a25d-be30a08c3541', N'Kiểm tra hiệu suất làm việc của máy lạnh', N'Đánh giá và kiểm tra hiệu suất làm việc của máy lạnh để đảm bảo hoạt động hiệu quả và tiết kiệm năng lượng'),
('c300ad2d-661e-4c0c-bd81-14e95c2d48a8', N'Phát hiện và sửa chữa rò rỉ', N'Phát hiện và khắc phục các vấn đề liên quan đến rò rỉ trong hệ thống ống nước'),
('423d0985-2f02-4e2a-bf23-1a37fcc3e4be', N'Thay thế ống nước hỏng', N'Tháo dỡ và thay thế các ống nước bị hỏng bằng các vật liệu chất lượng cao'),
('e9061193-6885-4e80-8539-24edabba06a3', N'Kiểm tra và bảo dưỡng hệ thống ống nước', N'Kiểm tra và thực hiện bảo dưỡng định kỳ cho hệ thống ống nước để đảm bảo hoạt động ổn định'),
('a825708a-a9e0-405e-86ae-2ac123a109ec', N'Sửa chữa vòi sen và bồn cầu', N'Sửa chữa và bảo dưỡng các vòi sen và bồn cầu để đảm bảo hoạt động hiệu quả'),
('9a9c5c0d-66b8-477d-a64d-c3d951848b29', N'Lắp đặt hệ thống ống nước mới', N'Lắp đặt hệ thống ống nước mới hoặc mở rộng hệ thống hiện có theo yêu cầu của khách hàng'),
('6615fcb9-deb5-4c89-9f75-b3f1cb77e477', N'Sửa chữa sàn gỗ', N'Chuyên sửa chữa và bảo dưỡng sàn gỗ một cách chuyên nghiệp và hiệu quả'),
('2b1e2526-ad8d-458f-84e9-48268d3a8bc6', N'Làm mới sàn gạch', N'Tạo ra sự mới mẻ và đẹp mắt cho sàn gạch bằng các phương pháp làm mới chuyên nghiệp'),
('4eea13e9-ee0a-4cd3-aa06-674eee41ba15', N'Bảo dưỡng sàn đá', N'Bảo dưỡng và làm sạch sàn đá để giữ cho nó luôn bền đẹp và bền vững'),
('3cde8b05-8857-4095-ae34-2388546c5b76', N'Sửa chữa sàn nhựa', N'Thực hiện các công việc sửa chữa và bảo dưỡng cho sàn nhựa để tăng tuổi thọ và độ bền của nó'),
('4c64db45-bdfe-4931-b9c8-305f30b1cc50', N'Làm mới sàn gỗ', N'Tạo ra sự mới mẻ và đẹp mắt cho sàn gỗ bằng các phương pháp làm mới chuyên nghiệp'),
('18305470-b98f-4c23-9ca4-86e6c7dbeac3', N'Dọn dẹp phòng khách', N'Dọn dẹp và sắp xếp lại không gian phòng khách của căn nhà một cách sạch sẽ và gọn gàng'),
('486b0bb3-5ad8-46f8-b299-3e79a9f0009a', N'Lau chùi bếp', N'Lau sạch bếp và các bề mặt liên quan để đảm bảo sự sạch sẽ và an toàn trong quá trình nấu nướng'),
('2c6a5f4e-ecab-4fe6-9035-bb33dc270708', N'Dọn dẹp phòng ngủ', N'Dọn dẹp và sắp xếp lại không gian phòng ngủ để tạo cảm giác thoải mái và thư giãn'),
('09630a6b-1cef-4a43-9755-ca42ec41d6c9', N'Lau dọn nhà tắm', N'Lau sạch và vệ sinh nhà tắm để đảm bảo vệ sinh cá nhân và sự thoải mái khi sử dụng'),
('cd06292a-e708-4c38-89f0-716041b77623', N'Dọn dẹp sân vườn', N'Dọn dẹp và bảo quản sân vườn để tạo một không gian ngoại thất sạch sẽ và thú vị'),
('0d394998-765f-45c5-ad29-c83aca9aed63', N'Lau chùi sàn nhà', N'Làm sạch và lau chùi các loại sàn nhà một cách kỹ lưỡng và hiệu quả'),
('9a9ef12b-04bd-4767-8bd7-4542c324ceda', N'Vệ sinh bề mặt', N'Sử dụng các phương pháp vệ sinh chuyên nghiệp để làm sạch bề mặt của căn nhà'),
('ec7c0211-b574-494f-b3bf-0425dfa9f8a8', N'Đánh bóng sàn nhà', N'Sử dụng các kỹ thuật đánh bóng chuyên nghiệp để làm cho sàn nhà trở nên sáng bóng'),
('42634124-88ef-4bb5-a40c-d7202c8289df', N'Vệ sinh nội thất', N'Lau chùi và vệ sinh các bề mặt nội thất như bàn ghế, kệ sách và đồ nội thất khác'),
('af4ff758-c07f-4d08-8a58-78af1dc0ca1c', N'Sơn phủ bề mặt', N'Sử dụng kỹ thuật sơn phủ chuyên nghiệp để làm mới và bảo vệ các bề mặt cần thiết'),
('7c244170-3402-41d8-8101-e162192e66c9', N'Quản lý lịch trình dọn dẹp', N'Lập kế hoạch và quản lý lịch trình dọn dẹp văn phòng hiệu quả'),
('9b5474fc-710e-4c94-943f-5bb84d075eb7', N'Xử lý và tái chế rác thải văn phòng', N'Xử lý và tái chế rác thải văn phòng một cách bền vững và hiệu quả'),
('66ba19f3-eb18-48e3-a95e-92e2146f886e', N'Sử dụng thiết bị dọn dẹp hiện đại', N'Sử dụng và vận hành các thiết bị dọn dẹp hiện đại để tăng hiệu suất và chất lượng dọn dẹp'),
('e5576d0a-1a33-4f62-bbe2-e870b29bdd71', N'Bố trí không gian văn phòng hợp lý', N'Bố trí không gian văn phòng một cách hợp lý để tối ưu hóa không gian làm việc'),
('56a8aa43-eb9a-4fd2-bf4f-3508a5e83c95', N'Xử lý và bảo quản tài liệu văn phòng', N'Xử lý và bảo quản tài liệu văn phòng một cách cẩn thận và tổ chức'),
('36fdb857-9e01-4c1c-b42c-ad9ff4f180a2', N'Làm sạch cửa sổ cẩn thận', N'Thực hiện việc làm sạch cửa sổ một cách cẩn thận và kỹ lưỡng để loại bỏ mọi vết bẩn và bụi bẩn'),
('a5d0a653-403d-4895-87e5-94cfafa8c974', N'Làm sạch kính trong suốt', N'Đảm bảo việc làm sạch kính một cách hoàn hảo để giữ cho cửa sổ luôn trong suốt'),
('5faa940a-9183-4885-907d-8f344f65a150', N'Lau chùi khung cửa chính xác', N'Thực hiện việc lau chùi khung cửa một cách chính xác và cẩn thận để đảm bảo sự sạch sẽ và bền bỉ'),
('dd04e3ae-8117-4540-ae3a-78e737ba351c', N'Sử dụng sản phẩm làm sạch chuyên nghiệp', N'Sử dụng các sản phẩm làm sạch chuyên nghiệp và hiệu quả để đạt được kết quả tốt nhất khi làm sạch cửa sổ'),
('6feffc0d-41ba-4e09-bbd8-2653f62dfffe', N'Xử lý các vết bẩn cứng đầu', N'Xử lý các vết bẩn khó chịu và cứng đầu trên cửa sổ một cách hiệu quả và nhanh chóng'),
('502d31b8-d89b-4946-a11d-14fbdb3909b4', N'Sử dụng thiết bị làm sạch chuyên nghiệp', N'Sử dụng các thiết bị và hóa chất làm sạch chuyên nghiệp để đảm bảo hiệu quả cao trong việc vệ sinh thảm văn phòng'),
('4b5bdfb7-5747-4d13-976a-c75a04ed0cbd', N'Thực hiện phương pháp làm sạch đa dạng', N'Áp dụng nhiều phương pháp làm sạch khác nhau tùy thuộc vào loại thảm và mức độ bẩn để đạt được kết quả tối ưu'),
('901b1065-716e-4551-aaa7-10022e81a8bb', N'Kiểm tra và loại bỏ vi khuẩn', N'Kiểm tra và áp dụng các biện pháp để loại bỏ vi khuẩn và vi sinh vật gây hại khác trong thảm văn phòng'),
('ed55b369-3f91-4b95-9ee6-36fdbba84550', N'Bảo dưỡng thảm vệ sinh định kỳ', N'Thực hiện các biện pháp bảo dưỡng định kỳ để giữ cho thảm văn phòng luôn sạch và tránh tình trạng bám bụi, bẩn'),
('dd3ed168-3f96-4c74-b508-94d620804779', N'Kiểm tra và làm sạch lọc khí', N'Kiểm tra và làm sạch lọc khí của máy lạnh để cải thiện chất lượng không khí'),
('bf45b2db-80ef-4fe4-80ec-e20f9b143bd4', N'Kiểm tra và nạp gas làm lạnh', N'Kiểm tra và nạp gas làm lạnh cho hệ thống máy lạnh để duy trì hiệu suất làm việc tốt nhất'),
('5c28ddbb-358e-45e6-b1d1-b451dc504a94', N'Vệ sinh và xử lý rò rỉ nước', N'Vệ sinh và xử lý rò rỉ nước trong hệ thống máy lạnh để đảm bảo hoạt động hiệu quả'),
('a82e981e-5df8-496b-9985-12cd638d1a13', N'Kiểm tra và điều chỉnh áp suất', N'Kiểm tra và điều chỉnh áp suất của hệ thống máy lạnh để đảm bảo hoạt động ổn định'),
('735a7f99-bc24-48a7-b2f8-140957b0b9eb', N'Kiểm tra và làm sạch cánh quạt', N'Kiểm tra và làm sạch cánh quạt của máy lạnh để đảm bảo tuổi thọ và hiệu suất của máy'); 

INSERT INTO [SkillServiceTypes] ([SkillId], [ServiceTypeId]) VALUES
('d4c95511-492f-46aa-8326-84299acbe8fd', '7986a30b-5b5e-4d9d-9446-1d554d11055f'),
('510acfa4-eddb-4d08-b4ce-30ebf132922f', '7986a30b-5b5e-4d9d-9446-1d554d11055f'),
('28c41f96-ad80-457f-b59b-e948d1bd9135', '7986a30b-5b5e-4d9d-9446-1d554d11055f'),
('28c41f96-ad80-457f-b59b-e948d1bd9135', '8a4ad0e1-16fd-457e-a6f0-16accaf8e764'),
('92fd24e8-abeb-45d3-a33c-02d24224b78d', '7986a30b-5b5e-4d9d-9446-1d554d11055f'),
('e7978b8d-a546-4133-a576-778f34985d06', '7986a30b-5b5e-4d9d-9446-1d554d11055f'),
('d9b6ce05-94a3-4781-976d-707579d6fe5f', '530d29ca-17a1-4db9-a569-09a17e30b0af'),
('657fabfe-88db-46b4-ba2c-947f36b0ea45', '530d29ca-17a1-4db9-a569-09a17e30b0af'),
('db42a4fc-a790-4706-bd0b-c263dbbc2522', '530d29ca-17a1-4db9-a569-09a17e30b0af'),
('562bb844-3fe4-486c-94a6-28876cdb287d', '530d29ca-17a1-4db9-a569-09a17e30b0af'),
('126d9bee-996a-4880-b54e-a2ee84b5e822', '530d29ca-17a1-4db9-a569-09a17e30b0af'),
('44c2a6e0-9437-4bee-b150-ffe0dc1b1c37', '9f6bf976-ec5d-4e31-bfeb-7aea7637f20e'),
('049657d4-138c-4d0b-8d56-245e7f0a841d', '9f6bf976-ec5d-4e31-bfeb-7aea7637f20e'),
('a9b4b60a-999d-463e-9d75-5ba249c3c91f', '9f6bf976-ec5d-4e31-bfeb-7aea7637f20e'),
('8837d38a-d219-40f5-9bc7-b439e69d17d2', '9f6bf976-ec5d-4e31-bfeb-7aea7637f20e'),
('b6f8ae11-db74-4c55-a9d7-f8904d4d5825', '9f6bf976-ec5d-4e31-bfeb-7aea7637f20e'),
('59a05b2f-2857-49e0-a5dc-7e1746480dce', 'b1c2cd51-bbe5-4b95-bcf4-3f04b57357d0'),
('e9d1a4d9-053f-4a60-a67e-3d59a11feeeb', 'b1c2cd51-bbe5-4b95-bcf4-3f04b57357d0'),
('3eda0312-2f58-4f02-852d-bec6e4bc344b', 'b1c2cd51-bbe5-4b95-bcf4-3f04b57357d0'),
('d2fa3f68-6d70-4707-adda-0268312c25ee', 'b1c2cd51-bbe5-4b95-bcf4-3f04b57357d0'),
('34698e8c-7ba7-4f52-851b-e2bf6c10426b', 'b1c2cd51-bbe5-4b95-bcf4-3f04b57357d0'),
('7a5066e5-c755-4f49-9afa-0813626afb04', '8a4ad0e1-16fd-457e-a6f0-16accaf8e764'),
('fc77b33f-5f6e-4495-9837-14d8a049882d', '8a4ad0e1-16fd-457e-a6f0-16accaf8e764'),
('8953f6d9-1e51-4907-b8ee-44cb5b4787d0', '8a4ad0e1-16fd-457e-a6f0-16accaf8e764'),
('43bcbdaf-3cd6-44e4-add3-aec51dcf2c7d', '8a4ad0e1-16fd-457e-a6f0-16accaf8e764'),
('919b1e17-6392-42e7-93da-8ebb9b7b5381', 'f146cba9-72a1-47be-a36d-9bf6407f59d9'),
('9932d1a2-1ad1-414a-9b75-64efbfc16183', 'f146cba9-72a1-47be-a36d-9bf6407f59d9'),
('ae58cea3-240a-4ae1-969d-bd79a3ae812d', 'f146cba9-72a1-47be-a36d-9bf6407f59d9'),
('a632afda-89b8-46eb-9077-360263230ac3', 'f146cba9-72a1-47be-a36d-9bf6407f59d9'),
('850d7b5d-5176-4c42-b2e5-c4c7d5870dce', 'f146cba9-72a1-47be-a36d-9bf6407f59d9'),
('b344f38a-e727-4ee9-8788-fe2b86930ae1', '531f4e94-1880-4d31-b001-6f59ff0322f0'),
('cf707aab-5949-4a44-9312-e65ef934f088', '531f4e94-1880-4d31-b001-6f59ff0322f0'),
('54fbabe9-2b70-430f-bb47-da0ef1bf7ed9', '531f4e94-1880-4d31-b001-6f59ff0322f0'),
('1018f7d5-d4ef-47a1-873d-085588426c72', '531f4e94-1880-4d31-b001-6f59ff0322f0'),
('536af6c4-fc9a-4fd5-89bb-cb592ed316af', '531f4e94-1880-4d31-b001-6f59ff0322f0'),
('11b3ca41-d04f-43b4-8f2b-a7dec67d9c61', 'dc3262c0-6cf9-4058-be3c-98e4bb401ada'),
('b07a9fc1-c869-4e35-adbe-b2e2627eed68', 'dc3262c0-6cf9-4058-be3c-98e4bb401ada'),
('0040bf7b-b8d9-46a2-b0d1-54d5e3a6aa76', 'dc3262c0-6cf9-4058-be3c-98e4bb401ada'),
('0e3c1e2b-f67e-4581-90c6-c9190c33f31f', 'dc3262c0-6cf9-4058-be3c-98e4bb401ada'),
('b5a7fe43-e952-442a-a15a-8e8d89367462', 'dc3262c0-6cf9-4058-be3c-98e4bb401ada'),
('b5a7fe43-e952-442a-a15a-8e8d89367462', '4a6fc79c-35bf-45cc-99c3-9bb0707a2883'),
('6666ca1d-2d5d-4764-b1bc-ad3fd3740058', '80998115-c96e-43f8-80b9-2c37272be33f'),
('2ef9de7c-98e7-4cf9-9258-ad1ae383a55e', '80998115-c96e-43f8-80b9-2c37272be33f'),
('44adce9b-bbf2-4838-99bb-070ab14d3919', '80998115-c96e-43f8-80b9-2c37272be33f'),
('0c5d44bc-db1c-4848-8d41-6788a7cfd0c5', '80998115-c96e-43f8-80b9-2c37272be33f'),
('9491bccd-37b3-4796-a25d-be30a08c3541', '80998115-c96e-43f8-80b9-2c37272be33f'),
('c300ad2d-661e-4c0c-bd81-14e95c2d48a8', '509827e5-0852-4ea2-9fa4-7551bbbf88d9'),
('423d0985-2f02-4e2a-bf23-1a37fcc3e4be', '509827e5-0852-4ea2-9fa4-7551bbbf88d9'),
('e9061193-6885-4e80-8539-24edabba06a3', '509827e5-0852-4ea2-9fa4-7551bbbf88d9'),
('a825708a-a9e0-405e-86ae-2ac123a109ec', '509827e5-0852-4ea2-9fa4-7551bbbf88d9'),
('9a9c5c0d-66b8-477d-a64d-c3d951848b29', '509827e5-0852-4ea2-9fa4-7551bbbf88d9'),
('6615fcb9-deb5-4c89-9f75-b3f1cb77e477', '9fb42b78-0266-4222-a923-11d1d54ec673'),
('2b1e2526-ad8d-458f-84e9-48268d3a8bc6', '9fb42b78-0266-4222-a923-11d1d54ec673'),
('4eea13e9-ee0a-4cd3-aa06-674eee41ba15', '9fb42b78-0266-4222-a923-11d1d54ec673'),
('3cde8b05-8857-4095-ae34-2388546c5b76', '9fb42b78-0266-4222-a923-11d1d54ec673'),
('4c64db45-bdfe-4931-b9c8-305f30b1cc50', '9fb42b78-0266-4222-a923-11d1d54ec673'),
('18305470-b98f-4c23-9ca4-86e6c7dbeac3', 'd3c5fe89-1cd0-4a41-a315-790967328178'),
('486b0bb3-5ad8-46f8-b299-3e79a9f0009a', 'd3c5fe89-1cd0-4a41-a315-790967328178'),
('2c6a5f4e-ecab-4fe6-9035-bb33dc270708', 'd3c5fe89-1cd0-4a41-a315-790967328178'),
('09630a6b-1cef-4a43-9755-ca42ec41d6c9', 'd3c5fe89-1cd0-4a41-a315-790967328178'),
('cd06292a-e708-4c38-89f0-716041b77623', 'd3c5fe89-1cd0-4a41-a315-790967328178'),
('0d394998-765f-45c5-ad29-c83aca9aed63', 'fc1a6664-748c-4aa3-b7be-82300f8fdd0c'),
('9a9ef12b-04bd-4767-8bd7-4542c324ceda', 'fc1a6664-748c-4aa3-b7be-82300f8fdd0c'),
('ec7c0211-b574-494f-b3bf-0425dfa9f8a8', 'fc1a6664-748c-4aa3-b7be-82300f8fdd0c'),
('42634124-88ef-4bb5-a40c-d7202c8289df', 'fc1a6664-748c-4aa3-b7be-82300f8fdd0c'),
('af4ff758-c07f-4d08-8a58-78af1dc0ca1c', 'fc1a6664-748c-4aa3-b7be-82300f8fdd0c'),
('7c244170-3402-41d8-8101-e162192e66c9', 'ad460783-3b95-4057-a735-d73b491c2bd8'),
('9b5474fc-710e-4c94-943f-5bb84d075eb7', 'ad460783-3b95-4057-a735-d73b491c2bd8'),
('66ba19f3-eb18-48e3-a95e-92e2146f886e', 'ad460783-3b95-4057-a735-d73b491c2bd8'),
('e5576d0a-1a33-4f62-bbe2-e870b29bdd71', 'ad460783-3b95-4057-a735-d73b491c2bd8'),
('56a8aa43-eb9a-4fd2-bf4f-3508a5e83c95', 'ad460783-3b95-4057-a735-d73b491c2bd8'),
('36fdb857-9e01-4c1c-b42c-ad9ff4f180a2', '79e7bb6a-4c26-4444-b7b2-4e95060bc3b6'),
('a5d0a653-403d-4895-87e5-94cfafa8c974', '79e7bb6a-4c26-4444-b7b2-4e95060bc3b6'),
('5faa940a-9183-4885-907d-8f344f65a150', '79e7bb6a-4c26-4444-b7b2-4e95060bc3b6'),
('dd04e3ae-8117-4540-ae3a-78e737ba351c', '79e7bb6a-4c26-4444-b7b2-4e95060bc3b6'),
('6feffc0d-41ba-4e09-bbd8-2653f62dfffe', '79e7bb6a-4c26-4444-b7b2-4e95060bc3b6'),
('502d31b8-d89b-4946-a11d-14fbdb3909b4', '4a6fc79c-35bf-45cc-99c3-9bb0707a2883'),
('4b5bdfb7-5747-4d13-976a-c75a04ed0cbd', '4a6fc79c-35bf-45cc-99c3-9bb0707a2883'),
('901b1065-716e-4551-aaa7-10022e81a8bb', '4a6fc79c-35bf-45cc-99c3-9bb0707a2883'),
('ed55b369-3f91-4b95-9ee6-36fdbba84550', '4a6fc79c-35bf-45cc-99c3-9bb0707a2883'),
('dd3ed168-3f96-4c74-b508-94d620804779', '036b78bd-630e-4553-ae22-81a938c96112'),
('bf45b2db-80ef-4fe4-80ec-e20f9b143bd4', '036b78bd-630e-4553-ae22-81a938c96112'),
('5c28ddbb-358e-45e6-b1d1-b451dc504a94', '036b78bd-630e-4553-ae22-81a938c96112'),
('a82e981e-5df8-496b-9985-12cd638d1a13', '036b78bd-630e-4553-ae22-81a938c96112'),
('735a7f99-bc24-48a7-b2f8-140957b0b9eb', '036b78bd-630e-4553-ae22-81a938c96112'); 

INSERT INTO [FreelanceSkills] ([FreelancerId], [SkillId]) VALUES
('afe9c6a4-3328-448a-b2d2-caeb4f8fdd26', '5c28ddbb-358e-45e6-b1d1-b451dc504a94'),
('afe9c6a4-3328-448a-b2d2-caeb4f8fdd26', 'd4c95511-492f-46aa-8326-84299acbe8fd'),
('afe9c6a4-3328-448a-b2d2-caeb4f8fdd26', 'dd3ed168-3f96-4c74-b508-94d620804779'),
('86fdfdc6-aed8-4fe9-ba60-4418615d97cb', 'ae58cea3-240a-4ae1-969d-bd79a3ae812d'),
('86fdfdc6-aed8-4fe9-ba60-4418615d97cb', 'ed55b369-3f91-4b95-9ee6-36fdbba84550'),
('86fdfdc6-aed8-4fe9-ba60-4418615d97cb', 'a5d0a653-403d-4895-87e5-94cfafa8c974'),
('b3f5e5b3-b7b2-48b1-a4ca-6e754216506f', '54fbabe9-2b70-430f-bb47-da0ef1bf7ed9'); 

INSERT INTO [UIElementInputMethodTypes] ([Name], [Id]) VALUES
('select', '291ba660-444a-4bb9-a602-ec0f748772c4'),
('inputText', '63769d6f-7e5e-4419-8703-9a1a06e2bcac'),
('select', 'a23cecd2-00d7-45dc-a67c-0fbd9941eaca'),
('inputNumber', '2c2ed2b1-591d-4479-8c5c-d86581c2295e'),
('select', 'a0b36f53-328a-4702-9f6f-fb70687b4e25'),
('inputText', 'df4bea7a-9832-4b75-81f8-e59b6f26c1b2'),
('inputNumber', '169d6ad8-6673-443d-8d6b-809173760564'),
('inputText', 'e3942881-5fee-48ef-9173-62bccc62d24b'),
('inputText', 'c7a4d284-fced-440d-a842-2e2617c32ae6'),
('inputNumber', 'd72e79d7-4d09-4c7d-8833-da08ee714079'),
('select', 'f3bc9671-8935-4242-b648-b79497c71062'),
('inputText', '3606ea83-2ac4-4076-8fdc-d60d1c9d129c'),
('selectInputNumber', 'fb1402db-4cd5-4717-ad58-e116aab61033'),
('select', 'dbc0161f-0291-42c2-a590-569f53dd56ed'),
('inputText', '1cafcbb3-1158-409b-aba0-73e08ea13e5e'),
('selectInputNumber', '09dd1d79-27a0-439b-829d-7d9e7eeeca72'),
('inputText', 'a37a0718-8009-4018-8e65-199d6e0ad64c'),
('multiSelect', '84ad7a1b-4cba-433c-a359-34e9ca0c0adb'); 

INSERT INTO [UIElementInputOptions] ([Id], [Name], [Description], [InputMethodTypeId]) VALUES
('a80e5f8b-f8fa-4758-b669-5d2823ce34db', N'Nhà ở, nhà phố', N'Mô tả để kiểm tra', '291ba660-444a-4bb9-a602-ec0f748772c4'),
('8d6f3d29-28d1-4b22-9dcb-65bd34a15e43', N'Căn hộ', N'Mô tả để kiểm tra', '291ba660-444a-4bb9-a602-ec0f748772c4'),
('9e1bece3-3064-45f4-b4ce-3f6928094ad0', N'Biệt thự', N'Mô tả để kiểm tra', '291ba660-444a-4bb9-a602-ec0f748772c4'),
('1a173638-2ef1-412a-865f-c82e67815a7e', N'Phòng trọ', N'Mô tả để kiểm tra', '291ba660-444a-4bb9-a602-ec0f748772c4'),
('5c850687-9eee-4adc-a75c-b57fcf79b59f', N'Dọn trọn gói', N'Tất cả dịch vụ, dọn toàn bộ nhà / phòng', 'a23cecd2-00d7-45dc-a67c-0fbd9941eaca'),
('b250937d-5093-4902-9c9e-9af2dde9db68', N'Dọn theo phòng', N'Tính phí dọn theo từng phòng, tiết kiệm và nhanh chóng', 'a23cecd2-00d7-45dc-a67c-0fbd9941eaca'),
('f250a0e6-84d8-48d4-a3ec-e21726184d63', N'Nhà ở, nhà phố', N'Mô tả để kiểm tra', 'a0b36f53-328a-4702-9f6f-fb70687b4e25'),
('6e670daa-52ee-4976-8a88-9abf367bb16f', N'Căn hộ', N'Mô tả để kiểm tra', 'a0b36f53-328a-4702-9f6f-fb70687b4e25'),
('4fd502b2-8647-46fb-b290-8b9f5101d02e', N'Biệt thự', N'Mô tả để kiểm tra', 'a0b36f53-328a-4702-9f6f-fb70687b4e25'),
('6a77a75b-22e5-4a25-8e22-33b0512664b4', N'Phòng trọ', N'Mô tả để kiểm tra', 'a0b36f53-328a-4702-9f6f-fb70687b4e25'),
('537537df-e953-499b-ac2c-f69b81b3082b', N'Nhà ở, nhà phố', N'Mô tả để kiểm tra', 'f3bc9671-8935-4242-b648-b79497c71062'),
('b45ef714-e627-4e55-8db6-dbc5b3193fc8', N'Căn hộ', N'Mô tả để kiểm tra', 'f3bc9671-8935-4242-b648-b79497c71062'),
('ffcdbe1c-8554-42bc-96a9-3c50a4d6d296', N'Biệt thự', N'Mô tả để kiểm tra', 'f3bc9671-8935-4242-b648-b79497c71062'),
('6160a940-d006-488a-bbeb-1cc3688d855a', N'Phòng trọ', N'Mô tả để kiểm tra', 'f3bc9671-8935-4242-b648-b79497c71062'),
('77d827e4-88be-4518-a6e3-387246f41df0', N'Nhà ở, nhà phố', N'Mô tả để kiểm tra', 'dbc0161f-0291-42c2-a590-569f53dd56ed'),
('c09f6b88-b1ea-49ac-a7c3-2137b9554bf5', N'Căn hộ', N'Mô tả để kiểm tra', 'dbc0161f-0291-42c2-a590-569f53dd56ed'),
('2f70f21e-ce5b-40d6-b35a-b8be69e78d64', N'Biệt thự', N'Mô tả để kiểm tra', 'dbc0161f-0291-42c2-a590-569f53dd56ed'),
('a0f4643e-bf04-4898-99ac-e4629af1d7fd', N'Phòng trọ', N'Mô tả để kiểm tra', 'dbc0161f-0291-42c2-a590-569f53dd56ed'),
('467a0a6d-ed55-497f-8c8a-d52f0139c551', N'Treo tường', 'UPDATE LATER', '84ad7a1b-4cba-433c-a359-34e9ca0c0adb'),
('3e873078-a7aa-417f-afd5-38bb79f8cb42', N'Tủ đứng', 'UPDATE LATER', '84ad7a1b-4cba-433c-a359-34e9ca0c0adb'),
('bd1a7d23-660c-4c44-baf1-e01a6cc9c746', N'Âm trần', 'UPDATE LATER', '84ad7a1b-4cba-433c-a359-34e9ca0c0adb'),
('115333da-8902-473c-8c57-02449d67c8b1', N'Áp trần', 'UPDATE LATER', '84ad7a1b-4cba-433c-a359-34e9ca0c0adb'),
('460e3334-c3dd-466c-9c01-3084865b8f6e', N'Giấu trần', 'UPDATE LATER', '84ad7a1b-4cba-433c-a359-34e9ca0c0adb'); 

INSERT INTO [UIElementServiceRequirementInputMethods] ([DataType], [MethodId], [Id]) VALUES
('text', '291ba660-444a-4bb9-a602-ec0f748772c4', 'cbccc7fe-825a-4c47-a9e9-e7b0614c3b26'),
('text', '63769d6f-7e5e-4419-8703-9a1a06e2bcac', '8fbd0415-ea94-40b8-b735-d58df8901b45'),
('text', 'a23cecd2-00d7-45dc-a67c-0fbd9941eaca', '630c1367-cb6f-4fe8-8c24-3aa93df3eb45'),
('number', '2c2ed2b1-591d-4479-8c5c-d86581c2295e', '187ab0b0-d162-4882-835c-d9d574afd2c8'),
('text', 'a0b36f53-328a-4702-9f6f-fb70687b4e25', 'b2735aa3-14bd-4c04-8e5f-f45710c84548'),
('text', 'df4bea7a-9832-4b75-81f8-e59b6f26c1b2', 'db0cfc89-38fb-4737-adfb-f7f6163aa057'),
('number', '169d6ad8-6673-443d-8d6b-809173760564', 'f7a7f5f3-350b-4071-b2ef-13f36c9f05db'),
('text', 'e3942881-5fee-48ef-9173-62bccc62d24b', '98df407a-6d78-460a-ac95-aad29ebaf78a'),
('text', 'c7a4d284-fced-440d-a842-2e2617c32ae6', '55ab1efb-6b03-4e54-bdad-6044a1f311c3'),
('number', 'd72e79d7-4d09-4c7d-8833-da08ee714079', '1cc17ae5-e612-485d-a1c0-636f90adb26a'),
('text', 'f3bc9671-8935-4242-b648-b79497c71062', '8c094a52-347f-4a21-8f16-992de47b21d6'),
('text', '3606ea83-2ac4-4076-8fdc-d60d1c9d129c', '2270911a-e79b-490c-abfd-074710caf43f'),
('number', 'fb1402db-4cd5-4717-ad58-e116aab61033', '3d33182b-a383-41f9-9289-86b59b512afc'),
('text', 'dbc0161f-0291-42c2-a590-569f53dd56ed', 'f4927c73-54dc-41e1-84a4-26cb5b6a5460'),
('text', '1cafcbb3-1158-409b-aba0-73e08ea13e5e', 'f7f3b670-f231-4b4a-851a-45ac1bda8a16'),
('number', '09dd1d79-27a0-439b-829d-7d9e7eeeca72', '540fa482-1475-4ec6-a74a-c809c0f96791'),
('text', 'a37a0718-8009-4018-8e65-199d6e0ad64c', '8e2f418c-9e49-4142-911d-8bc9c489de3a'),
('text', '84ad7a1b-4cba-433c-a359-34e9ca0c0adb', '5321728a-9ad7-4e06-a0e3-128c8172a688'); 

INSERT INTO [UIElementValidationTypes] ([Id], [Name], [Value], [Message], [InputMethodId]) VALUES
('93216dcb-afd4-4d75-92e1-456aa2475daf', 'required', null, N'Vui lòng điền đầy đủ thông tin', 'cbccc7fe-825a-4c47-a9e9-e7b0614c3b26'),
('b9d4640e-38eb-4e36-afce-63ef4f3abe4f', 'required', null, N'Vui lòng điền đầy đủ thông tin', '8fbd0415-ea94-40b8-b735-d58df8901b45'),
('7c408fb7-a891-4d84-befb-af1818e640ef', 'max', 255, N'Tin nhắn thông báo mẫu', '8fbd0415-ea94-40b8-b735-d58df8901b45'),
('fcfbd315-de49-46ad-b6a4-d6e80712eed4', 'required', null, N'Vui lòng điền đầy đủ thông tin', '630c1367-cb6f-4fe8-8c24-3aa93df3eb45'),
('3f655cc2-0774-46a5-9c96-5ccb586862e3', 'min', 1, N'Số lượng phòng không được bé hơn 1', '187ab0b0-d162-4882-835c-d9d574afd2c8'),
('765a91b3-621d-450c-9189-6d75850d80a0', 'required', null, N'Vui lòng điền đầy đủ thông tin', 'b2735aa3-14bd-4c04-8e5f-f45710c84548'),
('7b9e7bb8-27ae-4e7a-b538-19ab94b297b4', 'required', null, N'Vui lòng điền đầy đủ thông tin', 'db0cfc89-38fb-4737-adfb-f7f6163aa057'),
('2588a86c-63e9-4a54-8ff7-552a952b4707', 'max', 255, N'Tin nhắn thông báo mẫu', 'db0cfc89-38fb-4737-adfb-f7f6163aa057'),
('3f909842-ec33-44a1-a5f2-f6cdc9dd0afd', 'min', 1, N'Số lượng phòng không được bé hơn 1', 'f7a7f5f3-350b-4071-b2ef-13f36c9f05db'),
('4bd6efe7-be9b-4919-8d68-c66db3706dc5', 'required', null, N'Vui lòng điền đầy đủ thông tin', '98df407a-6d78-460a-ac95-aad29ebaf78a'),
('d55c7a25-02ae-42bd-9ee0-6a69e22584c9', 'max', 255, N'Tin nhắn thông báo mẫu', '98df407a-6d78-460a-ac95-aad29ebaf78a'),
('3b40061c-c162-429a-9fc5-61b6ba9f8388', 'required', null, N'Vui lòng điền đầy đủ thông tin', '55ab1efb-6b03-4e54-bdad-6044a1f311c3'),
('f9c47b8e-0104-4ddb-8596-4f1d1332b18b', 'min', 0, N'Số lượng lầu không được bé hơn 0', '1cc17ae5-e612-485d-a1c0-636f90adb26a'),
('fc2cbe8e-dfcf-423d-a7ce-62f4375c69bc', 'required', null, N'Vui lòng điền đầy đủ thông tin', '8c094a52-347f-4a21-8f16-992de47b21d6'),
('addde48e-8bb0-4be7-9472-8869fc1dc45e', 'required', null, N'Vui lòng điền đầy đủ thông tin', '2270911a-e79b-490c-abfd-074710caf43f'),
('e1d741dc-18d4-4508-93df-1c2aa8102fb1', 'max', 255, N'Tin nhắn thông báo mẫu', '2270911a-e79b-490c-abfd-074710caf43f'),
('82c2cbc7-26ce-4bdb-b6a3-1bfc1663c3dc', 'min', 1, N'Số lượng cửa sổ không được bé hơn 1', '3d33182b-a383-41f9-9289-86b59b512afc'),
('7364095a-7ba1-4dab-bca4-ee107d265134', 'required', null, N'Vui lòng điền đầy đủ thông tin', 'f4927c73-54dc-41e1-84a4-26cb5b6a5460'),
('eb7bbb9a-b791-424c-986c-be0d15d02f6d', 'required', null, N'Vui lòng điền đầy đủ thông tin', 'f7f3b670-f231-4b4a-851a-45ac1bda8a16'),
('5aa98c2a-df06-4608-9eca-b3940b423a84', 'max', 255, N'Tin nhắn thông báo mẫu', 'f7f3b670-f231-4b4a-851a-45ac1bda8a16'),
('3a716b71-9de6-4314-a251-1c165feaf1a5', 'min', 1, N'Số lượng cửa sổ không được bé hơn 1', '540fa482-1475-4ec6-a74a-c809c0f96791'),
('2d21a812-e53d-43fd-996d-06234a4da4c8', 'required', null, N'Vui lòng điền đầy đủ thông tin', '8e2f418c-9e49-4142-911d-8bc9c489de3a'),
('360f4c68-fd5e-4a79-8f47-e5f250905226', 'max', 255, N'Tin nhắn thông báo mẫu', '8e2f418c-9e49-4142-911d-8bc9c489de3a'),
('428d680f-f76f-4ece-b403-ad53913f9014', 'required', null, N'Vui lòng điền đầy đủ thông tin', '5321728a-9ad7-4e06-a0e3-128c8172a688'),
('f22ddcdb-b0f8-429c-aef0-b981aaa1f8a4', 'min', 0, N'Số lượng máy lạnh không được bé hơn 0', '5321728a-9ad7-4e06-a0e3-128c8172a688'); 

INSERT INTO [UIElementServiceRequirements] ([Id], [Label], [LabelIcon], [Placeholder], [InputMethodId], [Key], [Priority], [ServiceTypeId]) VALUES
('90bcab20-07a1-4ea8-b38a-b5c289fa0026', N'Loại nhà', 'faHouse', N'Nhà, căn hộ, biệt thự ', 'cbccc7fe-825a-4c47-a9e9-e7b0614c3b26', 'loai_nha', 0, 'd3c5fe89-1cd0-4a41-a315-790967328178'),
('e0b4297c-761e-4919-a597-6808a13c81ce', N'Số nhà, số phòng, sô lầu, hẻm (ngõ)', null, N'Ví dụ: 257/43 Phòng 2014 Căn hộ Sunrise Continent', '8fbd0415-ea94-40b8-b735-d58df8901b45', 'so_nha,_so_phong,_so_lau,_hem_(ngo)', 1, 'd3c5fe89-1cd0-4a41-a315-790967328178'),
('aa1c5070-4a3b-4921-b23a-303c278eda4a', N'Bạn muốn chúng tôi dọn như thế nào?', 'faFlag', N'Giúp nhân viên biết thêm về công việc cần làm', '630c1367-cb6f-4fe8-8c24-3aa93df3eb45', 'ban_muon_chung_toi_don_nhu_the_nao?', 2, 'd3c5fe89-1cd0-4a41-a315-790967328178'),
('2a477e21-59d9-4943-9c49-6c43c1a947fd', N'Số lượng phòng', 'faHouse', N'Ví dụ: 1', '187ab0b0-d162-4882-835c-d9d574afd2c8', 'so_luong_phong', 3, 'd3c5fe89-1cd0-4a41-a315-790967328178'),
('dae89124-8d82-45aa-9b3e-a67da21229b6', N'Loại nhà', 'faHouse', N'Nhà, căn hộ, biệt thự ', 'b2735aa3-14bd-4c04-8e5f-f45710c84548', 'loai_nha', 0, 'fc1a6664-748c-4aa3-b7be-82300f8fdd0c'),
('92a08177-4252-4872-a6d4-325e8523e4bc', N'Số nhà, số phòng, sô lầu, hẻm (ngõ)', null, N'Ví dụ: 257/43 Phòng 2014 Căn hộ Sunrise Continent', 'db0cfc89-38fb-4737-adfb-f7f6163aa057', 'so_nha,_so_phong,_so_lau,_hem_(ngo)', 1, 'fc1a6664-748c-4aa3-b7be-82300f8fdd0c'),
('7b44bc5e-8d19-4382-801d-2c37844ad3a1', N'Số lượng phòng', 'faHouse', N'Ví dụ: 1', 'f7a7f5f3-350b-4071-b2ef-13f36c9f05db', 'so_luong_phong', 2, 'fc1a6664-748c-4aa3-b7be-82300f8fdd0c'),
('706f4a2d-c29e-4d5e-86f9-41c085cd20c3', N'Số nhà, số phòng, số lầu, hẻm (ngõ)', null, N'Ví dụ: 257/43 Phòng 2014 Căn hộ Sunrise Continent', '98df407a-6d78-460a-ac95-aad29ebaf78a', 'so_nha,_so_phong,_so_lau,_hem_(ngo)', 0, 'ad460783-3b95-4057-a735-d73b491c2bd8'),
('937a2b71-8fbf-44d0-afb6-7d7999712375', N'Diện tích văn phòng', null, N'Ví dụ: 5x5m', '55ab1efb-6b03-4e54-bdad-6044a1f311c3', 'dien_tich_van_phong', 1, 'ad460783-3b95-4057-a735-d73b491c2bd8'),
('26931966-2453-41db-976d-5e18a17fe6e4', N'Số lượng phòng', 'faHouse', N'Ví dụ: 1', '1cc17ae5-e612-485d-a1c0-636f90adb26a', 'so_luong_phong', 2, 'ad460783-3b95-4057-a735-d73b491c2bd8'),
('72f67976-4a12-4fdd-b216-34adf35961a3', N'Loại nhà', 'faHouse', N'Nhà, căn hộ, biệt thự ', '8c094a52-347f-4a21-8f16-992de47b21d6', 'loai_nha', 0, '79e7bb6a-4c26-4444-b7b2-4e95060bc3b6'),
('b28ca07c-3c5f-455d-9220-5f449240acb4', N'Số nhà, số phòng, sô lầu, hẻm (ngõ)', null, N'Ví dụ: 257/43 Phòng 2014 Căn hộ Sunrise Continent', '2270911a-e79b-490c-abfd-074710caf43f', 'so_nha,_so_phong,_so_lau,_hem_(ngo)', 1, '79e7bb6a-4c26-4444-b7b2-4e95060bc3b6'),
('1bf5dd1e-2251-4629-9086-7ccc090b4288', N'Số lượng cửa sổ', 'faHouse', N'Ví dụ: 1', '3d33182b-a383-41f9-9289-86b59b512afc', 'so_luong_cua_so', 2, '79e7bb6a-4c26-4444-b7b2-4e95060bc3b6'),
('4a7545ed-3236-4538-8dcb-39d9352a9a49', N'Loại nhà', 'faHouse', N'Nhà, căn hộ, biệt thự ', 'f4927c73-54dc-41e1-84a4-26cb5b6a5460', 'loai_nha', 0, '4a6fc79c-35bf-45cc-99c3-9bb0707a2883'),
('9dcad079-2f94-492a-bf1d-30db996f292d', N'Diện tích thảm văn phòng', null, N'Ví dụ: 5x5m', 'f7f3b670-f231-4b4a-851a-45ac1bda8a16', 'dien_tich_tham_van_phong', 1, '4a6fc79c-35bf-45cc-99c3-9bb0707a2883'),
('bb527972-9eba-4a2e-91f1-ac94b27b67ea', N'Loại thảm, Số lượng thảm', 'faHouse', N'Ví dụ: Thảm chà, số lượng 1', '540fa482-1475-4ec6-a74a-c809c0f96791', 'loai_tham,_so_luong_tham', 2, '4a6fc79c-35bf-45cc-99c3-9bb0707a2883'),
('44cb573d-be60-48fc-8e5e-96f341044343', N'Số nhà, số phòng, sô lầu, hẻm (ngõ)', null, N'Ví dụ: 257/43 Phòng 2014 Căn hộ Sunrise Continent', '8e2f418c-9e49-4142-911d-8bc9c489de3a', 'so_nha,_so_phong,_so_lau,_hem_(ngo)', 0, '036b78bd-630e-4553-ae22-81a938c96112'),
('7167fe8b-988c-43d7-a8ee-968506b95824', N'Loại máy lạnh', 'faHouse', N'Ví dụ: 1', '5321728a-9ad7-4e06-a0e3-128c8172a688', 'loai_may_lanh', 1, '036b78bd-630e-4553-ae22-81a938c96112'); 

INSERT INTO [UIElementAdditionServiceRequirements] ([Id], [Icon], [Label], [AutoSelect], [Key], [Priority], [ServiceTypeId]) VALUES
('0c294b58-1a15-41e7-8ac6-f8e278576e70', 'faDog', N'Nhà có thú cưng', 0, 'nha_co_thu_cung', 0, 'd3c5fe89-1cd0-4a41-a315-790967328178'),
('87c3004b-db75-404b-bd62-f2f2c9776f87', 'faPC', N'Nhà có nhiều đồ điện tử', 0, 'nha_co_nhieu_do_dien_tu', 0, 'd3c5fe89-1cd0-4a41-a315-790967328178'),
('8481b0fb-a9c9-41d2-8712-d47d62f2090e', 'faBroom', N'Nhân viên tự mang theo dụng cụ', 1, 'nhan_vien_tu_mang_theo_dung_cu', 0, 'd3c5fe89-1cd0-4a41-a315-790967328178'),
('9b2fb3d0-f81a-4ae8-96cf-cc7a14a574de', 'faDog', N'Nhà có thú cưng', 0, 'nha_co_thu_cung', 0, 'fc1a6664-748c-4aa3-b7be-82300f8fdd0c'),
('24dbcaed-62e4-4a92-9798-e4ced2295e31', 'faPC', N'Nhà có nhiều đồ điện tử', 0, 'nha_co_nhieu_do_dien_tu', 0, 'fc1a6664-748c-4aa3-b7be-82300f8fdd0c'),
('bae990ed-9324-45be-9697-f915a6ca1ce5', 'faBroom', N'Nhân viên tự mang theo dụng cụ', 1, 'nhan_vien_tu_mang_theo_dung_cu', 0, 'fc1a6664-748c-4aa3-b7be-82300f8fdd0c'),
('ca9c8f09-8b1c-40ce-813f-1095cfa3bb71', 'faPC', N'Văn phòng có nhiều đồ điện tử', 0, 'van_phong_co_nhieu_do_dien_tu', 0, 'ad460783-3b95-4057-a735-d73b491c2bd8'),
('f6057de7-54f4-4509-92ae-5265a5382fbc', 'faBroom', N'Nhân viên tự mang theo dụng cụ', 1, 'nhan_vien_tu_mang_theo_dung_cu', 0, 'ad460783-3b95-4057-a735-d73b491c2bd8'),
('0ffa5e83-d51e-4842-bd26-0527bd382e3b', 'faBroom', N'Nhân viên tự mang theo dụng cụ', 1, 'nhan_vien_tu_mang_theo_dung_cu', 0, '79e7bb6a-4c26-4444-b7b2-4e95060bc3b6'); 

INSERT INTO [Orders] ([Id], [AddressId], [EstimatedPrice], [StartTime], [FinishTime], [CreatedTime], [FreelancerId], [CustomerId], [Rating], [Comment], [ServiceStatusId]) VALUES
('0508e7f2-3454-45b2-9a00-db314b317a53', '5a83932f-866d-4e13-8486-ed158bdddbde', 0, '2024-01-13T00:00:00.000000', null, '2024-01-12T00:00:00.000000', null, '7dcf3e6e-26ff-40b3-9564-6d5d4e028e42', 0, null, '8a9f22f1-3c67-49f7-bd84-ec290e4a37fd'),
('f96635d2-7795-4e56-aa3d-653f14f91d58', '5a83932f-866d-4e13-8486-ed158bdddbde', 200000, '2024-02-07T00:00:00.000000', '2024-02-07T00:00:00.000000', '2024-02-06T00:00:00.000000', 'b3f5e5b3-b7b2-48b1-a4ca-6e754216506f', '7dcf3e6e-26ff-40b3-9564-6d5d4e028e42', 5.0, N'Vũ Ngô Thục Oanh vượt quá mong đợi của tôi. Sự chuyên nghiệp của Freelancer này thật tuyệt đỉnh.', 'a7d1f0e8-2a6f-4b9d-aa1c-10f58a1d5d32'),
('86294895-95e5-4882-98d8-80f72042c8a9', '5a83932f-866d-4e13-8486-ed158bdddbde', 400000, '2024-04-01T00:00:00.000000', '2024-04-01T00:00:00.000000', '2024-03-29T00:00:00.000000', '86fdfdc6-aed8-4fe9-ba60-4418615d97cb', '7dcf3e6e-26ff-40b3-9564-6d5d4e028e42', 3.0, N'Ngô Vũ Lan Ngọc thiếu chuyên nghiệp. Freelancer không thân thiện và không nhiệt tình.', 'a7d1f0e8-2a6f-4b9d-aa1c-10f58a1d5d32'); 

INSERT INTO [Services] ([Id], [Note], [AdditionalNote], [ServiceTypeId], [Requirement], [AdditionalRequirement]) VALUES
('23883803-a7db-49eb-bf0c-e3dffd22908f', 'Ago play paper office.', 'none', 'fc1a6664-748c-4aa3-b7be-82300f8fdd0c', N'[{"Icon":"faHouse","Label":"Loại nhà","Key":"loai_nha","Value":"Căn hộ"},{"Icon":null,"Label":"Số nhà, số phòng, sô lầu, hẻm (ngõ)","Key":"so_nha,_so_phong,_so_lau,_hem_(ngo)","Value":"Chuỗi sử dụng để kiểm thử giá trị"},{"Icon":"faHouse","Label":"Số lượng phòng","Key":"so_luong_phong","Value":"1"}]', N'[{"Icon":"faDog","Label":"Nhà có thú cưng","Key":"nha_co_thu_cung","Value":false},{"Icon":"faPC","Label":"Nhà có nhiều đồ điện tử","Key":"nha_co_nhieu_do_dien_tu","Value":false},{"Icon":"faBroom","Label":"Nhân viên tự mang theo dụng cụ","Key":"nhan_vien_tu_mang_theo_dung_cu","Value":false}]'),
('cb092320-6c8d-46ca-92c3-1a2ced6ec68c', 'Positive go Congress mean.', 'none', 'd3c5fe89-1cd0-4a41-a315-790967328178', N'[{"Icon":"faHouse","Label":"Loại nhà","Key":"loai_nha","Value":"Nhà ở, nhà phố"},{"Icon":null,"Label":"Số nhà, số phòng, sô lầu, hẻm (ngõ)","Key":"so_nha,_so_phong,_so_lau,_hem_(ngo)","Value":"Chuỗi sử dụng để kiểm thử giá trị"},{"Icon":"faFlag","Label":"Bạn muốn chúng tôi dọn như thế nào?","Key":"ban_muon_chung_toi_don_nhu_the_nao?","Value":"Dọn theo phòng"},{"Icon":"faHouse","Label":"Số lượng phòng","Key":"so_luong_phong","Value":"5"}]', N'[{"Icon":"faDog","Label":"Nhà có thú cưng","Key":"nha_co_thu_cung","Value":true},{"Icon":"faPC","Label":"Nhà có nhiều đồ điện tử","Key":"nha_co_nhieu_do_dien_tu","Value":true},{"Icon":"faBroom","Label":"Nhân viên tự mang theo dụng cụ","Key":"nhan_vien_tu_mang_theo_dung_cu","Value":true}]'),
('08c466d2-03a9-48fc-9ab9-8579d7a03ae7', 'Garden economy others kind.', 'none', '036b78bd-630e-4553-ae22-81a938c96112', N'[{"Icon":null,"Label":"Số nhà, số phòng, sô lầu, hẻm (ngõ)","Key":"so_nha,_so_phong,_so_lau,_hem_(ngo)","Value":"Chuỗi sử dụng để kiểm thử giá trị"},{"Icon":"faHouse","Label":"Loại máy lạnh","Key":"loai_may_lanh","Value":"Chuỗi sử dụng để kiểm thử giá trị"}]', '[]'); 

INSERT INTO [OrderService] ([OrderId], [ServiceId]) VALUES
('0508e7f2-3454-45b2-9a00-db314b317a53', '23883803-a7db-49eb-bf0c-e3dffd22908f'),
('f96635d2-7795-4e56-aa3d-653f14f91d58', 'cb092320-6c8d-46ca-92c3-1a2ced6ec68c'),
('86294895-95e5-4882-98d8-80f72042c8a9', '08c466d2-03a9-48fc-9ab9-8579d7a03ae7'); 

INSERT INTO [OrderServiceTypes] ([OrderId], [ServiceTypeId]) VALUES
('0508e7f2-3454-45b2-9a00-db314b317a53', 'fc1a6664-748c-4aa3-b7be-82300f8fdd0c'),
('f96635d2-7795-4e56-aa3d-653f14f91d58', 'd3c5fe89-1cd0-4a41-a315-790967328178'),
('86294895-95e5-4882-98d8-80f72042c8a9', '036b78bd-630e-4553-ae22-81a938c96112'); 

INSERT INTO [OrderSkillsRequired] ([OrderId], [SkillId]) VALUES
('0508e7f2-3454-45b2-9a00-db314b317a53', '1018f7d5-d4ef-47a1-873d-085588426c72'),
('0508e7f2-3454-45b2-9a00-db314b317a53', 'cf707aab-5949-4a44-9312-e65ef934f088'),
('f96635d2-7795-4e56-aa3d-653f14f91d58', '92fd24e8-abeb-45d3-a33c-02d24224b78d'),
('f96635d2-7795-4e56-aa3d-653f14f91d58', '562bb844-3fe4-486c-94a6-28876cdb287d'),
('86294895-95e5-4882-98d8-80f72042c8a9', 'b6f8ae11-db74-4c55-a9d7-f8904d4d5825'),
('86294895-95e5-4882-98d8-80f72042c8a9', '6666ca1d-2d5d-4764-b1bc-ad3fd3740058'); 

INSERT INTO [FreelanceQuizQuestions] ([Id], [Type], [OfSkills], [Question], [Point]) VALUES
('67288740-05a6-424b-b17e-fef98af1d0a1', 'SingleChoice', '["CleaningService"]', N'Dung dịch nào được sử dụng để làm sạch bề mặt bằng gỗ?', 10),
('3944b436-e021-4036-818b-f5d4dce36964', 'SingleChoice', '["CleaningService"]', N'Cách nào là tốt nhất để loại bỏ vết bẩn cứng đầu trên sàn nhà?', 10),
('47c556bd-f7c7-41aa-bb3d-36ee9b3bf178', 'SingleChoice', '["CleaningService"]', N'Khi dọn dẹp phòng tắm, bạn nên lau chùi theo thứ tự nào?', 10),
('e5628eea-0c08-4595-bfb1-17491e634728', 'SingleChoice', '["CleaningService"]', N'Cách nào là hiệu quả nhất để làm sạch bếp từ?', 10),
('6dcc10fe-febe-406d-a198-8d7181469770', 'SingleChoice', '["CleaningService"]', N'Khi làm sạch tủ lạnh, bạn nên thực hiện những bước nào?', 10),
('ee65375a-99d5-4df1-9b44-2b4c6b3ec0ab', 'SingleChoice', '["CleaningService"]', N'Cách nào là tốt nhất để làm sạch thảm trải sàn?', 10),
('78cefe7b-4b4b-4d46-b34b-2cf33874f20e', 'SingleChoice', '["CleaningService"]', N'Làm thế nào để làm sạch vết bẩn trên tường?', 10),
('e3cf3e5f-7e9e-4001-9f10-d2ec901500cc', 'SingleChoice', '["CleaningService"]', N'Cách nào là tốt nhất để làm sạch sàn gỗ?', 10),
('f1c0946e-2822-4b6f-90d5-a6ac4d6f6e27', 'SingleChoice', '["CleaningService"]', N'Cách nào là hiệu quả nhất để làm sạch kính?', 10),
('0b210ebb-013a-4539-9de3-854738afcb84', 'SingleChoice', '["CleaningService"]', N'Làm thế nào để làm sạch bàn ghế bọc nỉ?', 10),
('00824515-b479-4500-b556-1b70fd89f0d8', 'SingleChoice', '["CleaningService"]', N'Cách nào là tốt nhất để làm sạch lò vi sóng?', 10),
('f03dd804-12ef-4c54-8c0a-25d735b8e6d1', 'SingleChoice', '["CleaningService"]', N'Làm thế nào để làm sạch rèm cửa?', 10),
('5033c701-be3f-4fe8-910a-34f760d7b67f', 'SingleChoice', '["CleaningService"]', N'Làm thế nào để làm sạch đồ dùng trong nhà bếp?', 10),
('19a1156f-a0b2-42da-b702-b3efd6e2392e', 'SingleChoice', '["CleaningService"]', N'Cách nào là hiệu quả nhất để làm sạch đồ gỗ?', 10),
('89531e8e-fda6-4b16-a15a-311e77d0d0e8', 'SingleChoice', '["CleaningService"]', N'Khi làm sạch khu vực xung quanh bồn rửa, bạn nên bắt đầu từ đâu?', 10),
('5c7bcedc-5488-4fe6-856d-6a06a9479777', 'SingleChoice', '["CleaningService"]', N'Cách nào là tốt nhất để làm sạch vết dầu mỡ trên bếp từ?', 10),
('a5415c36-d0f6-4635-b572-6cfa0daa97cb', 'SingleChoice', '["CleaningService"]', N'Làm thế nào để làm sạch đồ trang sức bằng bạc?', 10),
('8ab6cfc4-c3df-4910-a279-97889d867150', 'SingleChoice', '["CleaningService"]', N'Tỷ lệ khuyến nghị giữa thuốc tẩy và nước để khử trùng bề mặt là gì?', 10),
('858cb286-84ea-49a4-a414-e576a989770e', 'SingleChoice', '["CleaningService"]', N'Cách nào là hiệu quả nhất để làm sạch sàn gạch men?', 10),
('0137cf8c-f0c4-4421-8999-012bda947e8c', 'SingleChoice', '["CleaningService"]', N'Cách nào là tốt nhất để làm sạch vết bẩn cứng đầu trên tường?', 10),
('f827c87d-bb27-4e69-8cc8-0d33617edfea', 'SingleChoice', '["CleaningService"]', N'Cách nào là tốt nhất để làm sạch đồ trang sức bằng vàng?', 10),
('cf5a563f-f592-4838-b65e-77c1b9f9e2ba', 'SingleChoice', '["CleaningService"]', N'Làm thế nào để làm sạch đồ gốm sứ?', 10),
('ff7f1cbe-0ead-4531-810c-7c5fac36c383', 'SingleChoice', '["CleaningService"]', N'Cách nào là tốt nhất để làm sạch vết bẩn trên đệm giường?', 10),
('a54ba14a-81fc-42cc-b7ef-5e7667fe72ae', 'SingleChoice', '["CleaningService"]', N'Cách nào là hiệu quả nhất để làm sạch bồn tắm?', 10),
('b0a83211-9e6b-4bab-800e-c9ac9d9d674f', 'SingleChoice', '["CleaningService"]', N'Cách nào là tốt nhất để làm sạch đồ bằng da?', 10),
('e39ee144-ea2f-4c06-87f1-f34f2ae7eb79', 'SingleChoice', '["CleaningService"]', N'Khi dọn dẹp phòng ngủ, bạn nên làm việc theo thứ tự nào?', 10),
('2383c731-5ec2-4647-8231-f2ca72e6742e', 'SingleChoice', '["CleaningService"]', N'Cách nào là hiệu quả nhất để làm sạch khu vực nhà bếp?', 10),
('0c0dd1a7-b380-4a53-b964-183b5266af0b', 'SingleChoice', '["CleaningService"]', N'Làm thế nào để làm sạch đồ trang sức bằng đá quý?', 10),
('1abb99c3-0acb-4a7f-84bf-f4e53e66cf3d', 'SingleChoice', '["CleaningService"]', N'Cách nào là tốt nhất để làm sạch đồ trang sức bằng ngọc trai?', 10),
('904bffb9-80d5-4381-9916-938fa707bca1', 'SingleChoice', '["CleaningService"]', N'Cách nào là hiệu quả nhất để làm sạch vết bẩn trên thảm trải sàn?', 10),
('163a9b0d-1e79-4ef7-9730-780c2c22114b', 'SingleChoice', '["CleaningService"]', N'Cách nào là tốt nhất để làm sạch bồn vệ sinh?', 10),
('a24626eb-1174-4a67-b3f7-690d38bdf61e', 'SingleChoice', '["CleaningService"]', N'Cách nào là hiệu quả nhất để làm sạch đồ dùng bằng nhựa?', 10),
('1d4c1ccc-5d7c-4441-85f2-23f9d9d5ace4', 'SingleChoice', '["CleaningService"]', N'Khi dọn dẹp phòng khách, bạn nên bắt đầu từ đâu?', 10),
('5428ce51-f2fc-41c9-ba14-119bca638d63', 'SingleChoice', '["CleaningService"]', N'Cách nào là tốt nhất để làm sạch đồ dùng bằng kim loại?', 10),
('5586f8e9-30ca-4efe-aff9-88f668e7020e', 'SingleChoice', '["CleaningService"]', N'Để dọn dẹp cửa sổ một cách hiệu quả, bạn nên bắt đầu từ đâu?', 10),
('76a9fd5b-98eb-4372-a4d1-7088bd734692', 'SingleChoice', '["CleaningService"]', N'Trong việc làm sạch thảm, phương pháp nào phổ biến nhất?', 10),
('f57708f3-d124-41db-bc94-9c72cdaa6f05', 'SingleChoice', '["CleaningService"]', N'Khi dọn dẹp văn phòng, vị trí nào thường cần chú ý nhất?', 10),
('65797fcf-b052-4efb-bd71-3eced2cc6116', 'SingleChoice', '["CleaningService"]', N'Loại chất tẩy rửa nào phù hợp nhất cho việc vệ sinh chuyên sâu?', 10),
('d7e9a278-1e1c-4138-9eaf-93e565b9163f', 'SingleChoice', '["CleaningService"]', N'Khi dọn dẹp nhà, việc nào bạn cần thực hiện trước tiên?', 10),
('ed78d759-ad05-4481-b3c4-172422f50637', 'SingleChoice', '["CleaningService"]', N'Cách tốt nhất để làm sạch vết bẩn trên các bề mặt nhám như gạch lát là gì?', 10),
('bbc5e4bb-8c97-4de4-a76c-4fb997ba7cca', 'SingleChoice', '["CleaningService"]', N'Trong quá trình làm sạch, việc sử dụng trang thiết bị bảo hộ như gì là quan trọng nhất?', 10),
('c31e2902-0a60-4758-b085-96cd92e8b679', 'SingleChoice', '["CleaningService"]', N'Để giảm thiểu việc tái nhiễm khuẩn, bạn nên sử dụng phương pháp gì khi làm sạch?', 10),
('a6fc200c-a986-4c13-8357-55a4b405099e', 'SingleChoice', '["CleaningService"]', N'Khi sử dụng hóa chất trong việc dọn dẹp, điều gì là quan trọng nhất?', 10),
('b1a75244-35b3-4524-b8b8-48fe032030ff', 'SingleChoice', '["CleaningService"]', N'Đâu là loại vải không nên sử dụng máy sấy?', 10),
('556969cc-5e6d-44f8-8743-94b2a9089293', 'SingleChoice', '["CleaningService"]', N'Trong quá trình lau kính, để tránh tạo ra vệt nước, người dọn dẹp nên sử dụng chất làm sạch có gì?', 10),
('a67a0c56-ea19-4c46-bcb7-4465b2829700', 'SingleChoice', '["CleaningService"]', N'Trong việc lau chùi cửa kính, người dọn dẹp nên sử dụng gì để tránh tạo ra vệt và chấm bẩn?', 10),
('0020852e-2da5-45ba-9533-4e1291434eb9', 'SingleChoice', '["CleaningService"]', N'Phương pháp nào sau đây không thích hợp cho việc làm sạch thảm?', 10),
('f37c6f0e-8a55-41d0-9fa9-8c6809f64254', 'SingleChoice', '["CleaningService"]', N'Trong quá trình dọn dẹp văn phòng, phải đặc biệt chú ý đến việc làm sạch bề mặt nào?', 10),
('ae992f7d-9df1-4060-9897-bfdca9b0b121', 'SingleChoice', '["CleaningService"]', N'Trong việc dọn dẹp nhà, phải đảm bảo an toàn bằng cách nào khi làm việc với các chất tẩy rửa mạnh?', 10),
('3f3d8145-4d02-48f8-9b00-4480bafe73b3', 'SingleChoice', '["CleaningService"]', N'Trong quá trình làm sạch, người dọn dẹp cần kiểm tra gì trước khi sử dụng máy hút bụi?', 10),
('72d291c4-07cd-49ea-90f0-b720c64c6237', 'SingleChoice', '["CleaningService"]', N'Trong quá trình làm sạch thảm, phải thực hiện công đoạn gì sau khi đã hút bụi?', 10),
('22d5f400-0658-4a34-8978-52b70b9cb46f', 'SingleChoice', '["CleaningService"]', N'Để loại bỏ các vết bẩn cứng đầu trên sàn nhà, người dọn dẹp nên sử dụng công cụ gì?', 10),
('34be2a08-08b0-4899-b82f-221183b5094a', 'SingleChoice', '["CleaningService"]', N'Khi dọn dẹp bếp, việc nào sau đây là ưu tiên hàng đầu?', 10),
('e5651c4e-7687-4016-8f13-b7c66cbe3b48', 'SingleChoice', '["CleaningService"]', N'Loại hóa chất nào không nên được sử dụng trên bề mặt gỗ?', 5),
('1a58befc-695e-4ecc-929b-92b4682d0803', 'SingleChoice', '["CleaningService"]', N'Khi sử dụng máy hút bụi công nghiệp, điều quan trọng nhất cần nhớ là gì?', 10),
('a4d2c00c-e0a6-4b35-a6b2-aeb8ebef436e', 'SingleChoice', '["CleaningService"]', N'Để loại bỏ vết bẩn từ cà phê trên thảm, bạn nên sử dụng phương pháp nào?', 15),
('547e12a6-66e2-4558-80ff-14e62962206f', 'SingleChoice', '["CleaningService"]', N'Máy hút bụi không hoạt động hiệu quả có thể do nguyên nhân nào?', 5),
('1f86371d-dad5-4578-ab4a-9731626d1378', 'SingleChoice', '["CleaningService"]', N'Trong quá trình làm sạch thảm, việc nào sau đây không nên làm?', 5),
('632009ac-92d7-4000-b761-96fb17d0e858', 'SingleChoice', '["CleaningService"]', N'Trong việc lau chùi kính cửa sổ, người dọn dẹp nên sử dụng công cụ gì?', 5),
('2a393989-e832-4d66-9f07-bb615453b518', 'SingleChoice', '["CleaningService"]', N'Trong việc vệ sinh cửa sổ, vật liệu nào sau đây không nên sử dụng để tránh gây trầy xước?', 5),
('ba9928dc-f214-4287-87f7-f27f317cc27c', 'SingleChoice', '["CleaningService"]', N'Khi dọn dẹp nhà, việc nào sau đây là quan trọng nhất để đảm bảo an toàn?', 5),
('272b7b8a-2142-4cfd-a5c4-981003910538', 'SingleChoice', '["CleaningService"]', N'Khi tiến hành dọn dẹp văn phòng, điều quan trọng nhất cần lưu ý là gì?', 5),
('cafb3bb0-b105-4fdd-904f-00c66c90ed75', 'SingleChoice', '["CleaningService"]', N'Phương pháp nào là hiệu quả nhất để loại bỏ vết bẩn cứng đầu trên cửa sổ?', 10),
('696963c0-45d8-437b-8b64-882a564276a1', 'SingleChoice', '["CleaningService"]', N'Trong quá trình vệ sinh chuyên sâu, việc sử dụng máy phun hơi nước có lợi ích gì?', 15),
('bd76f344-b1b0-4a91-b1b8-e6330c635ba1', 'SingleChoice', '["CleaningService"]', N'Trong quá trình dọn dẹp văn phòng, người làm vệ sinh cần chú ý đến việc làm sạch đồ vật nào sau đây?', 15),
('9664356c-0de9-4766-a780-e8b8831f60da', 'SingleChoice', '["CleaningService"]', N'Trong việc dọn dẹp nhà, khi phát hiện nước dơ ở sàn nhà, người dọn dẹp nên làm gì trước tiên?', 15),
('708f4eed-f76e-441a-9fde-456fef459c8e', 'SingleChoice', '["CleaningService"]', N'Trong quá trình dọn dẹp nhà, khi gặp vật liệu nào sau đây, người dọn dẹp cần cẩn thận để tránh gây tổn thương cho sức khỏe?', 15),
('9c671536-0c53-4b68-9a26-ec679cf641b1', 'SingleChoice', '["CleaningService"]', N'Trong việc lau chùi cửa kính, người dọn dẹp cần chú ý đến điều gì?', 15),
('ecb34e28-1eeb-43e7-ae8d-12411578cad6', 'SingleChoice', '["CleaningService"]', N'Trong việc lau dọn cửa kính trong nhà, việc nào sau đây là quan trọng để đảm bảo an toàn?', 15),
('b9a76c4f-d949-4c96-b49d-7a11f5f4c2ee', 'SingleChoice', '["CleaningService"]', N'Trong quá trình dọn dẹp nhà, người làm vệ sinh cần chú ý đến việc sử dụng hóa chất tẩy rửa như thế nào?', 15),
('8c5ca585-4802-4ad6-bc4c-6ec31d007c23', 'SingleChoice', '["CleaningService"]', N'Trong quá trình làm sạch thảm, người dọn dẹp cần chú ý đến việc sử dụng máy hút bụi như thế nào?', 15),
('6096a3c5-129f-4f13-8205-5b1044c5e336', 'SingleChoice', '["CleaningService"]', N'Trong việc lau chùi cửa kính, người dọn dẹp cần chú ý đến việc sử dụng dung dịch như thế nào?', 15),
('8b1ee900-8c79-4ca4-aa65-fa58583762f7', 'SingleChoice', '["CleaningService"]', N'Trong việc dọn dẹp nhà, người làm vệ sinh cần chú ý đến việc sử dụng các loại công cụ như thế nào?', 15),
('9891f7a4-80f1-4c3d-84a3-99c499f0ee06', 'SingleChoice', '["CleaningService"]', N'Trong quá trình làm sạch cửa sổ, người dọn dẹp cần chú ý đến việc sử dụng vật liệu lau như thế nào?', 15),
('d00120fa-6c0e-4015-b3b6-2a8f31085748', 'SingleChoice', '["CleaningService"]', N'Trong quá trình làm sạch cửa kính, người làm vệ sinh cần phải chú ý đến điều gì?', 15),
('2dc2bc20-9502-4439-98fa-8573eb3bbca9', 'SingleChoice', '["CleaningService"]', N'Trong việc làm sạch thảm, việc nào sau đây là quan trọng nhất để đảm bảo thảm không bị hỏng?', 15),
('da4605fe-1cb4-4596-b693-d3cc3c141bed', 'SingleChoice', '["CleaningService"]', N'Trong quá trình dọn dẹp văn phòng, việc nào sau đây là quan trọng nhất để đảm bảo an toàn cho tất cả mọi người?', 15),
('863b484a-751b-460d-bd49-1a12b062cefa', 'SingleChoice', '["CleaningService"]', N'Trong việc làm sạch cửa sổ, việc nào sau đây có thể gây ra nguy hiểm nếu không thực hiện đúng cách?', 15),
('5a08721b-1d98-4cce-8117-cee6384e58f1', 'SingleChoice', '["CleaningService"]', N'Trong việc lau dọn nhà, việc nào sau đây là cần thiết để bảo vệ sức khỏe của người làm vệ sinh?', 15),
('b1939ff0-7d80-48cd-b501-f74e6cc34358', 'SingleChoice', '["CleaningService"]', N'Cách tốt nhất để làm sạch vết bẩn dầu mỡ trên bề mặt nhà bếp là gì?', 5),
('97ef7a15-783d-4aa4-b8a6-db8409b1672d', 'SingleChoice', '["CleaningService"]', N'Trong quá trình dọn dẹp, việc sắp xếp đồ đạc lại vị trí ban đầu có quan trọng không?', 10),
('5b187a61-1eb6-41a6-9c34-6c4f711d6e1e', 'SingleChoice', '["CleaningService"]', N'Khi dọn dẹp thảm, việc sử dụng hóa chất có pH cao có ảnh hưởng gì?', 15),
('8241db6f-2b30-45c2-8fb6-de965c1c0214', 'SingleChoice', '["CleaningService"]', N'Trong quá trình dọn dẹp thảm, vị trí nào thường chứa nhiều bụi và chất bẩn nhất?', 15),
('cda5a7bd-a910-4a62-b95d-499f9a613d1d', 'SingleChoice', '["CleaningService"]', N'Khi tiến hành vệ sinh chuyên sâu, việc nào sau đây cần được thực hiện trước tiên?', 15),
('3414901e-40f1-4307-b00b-49d85fbb54b4', 'SingleChoice', '["CleaningService"]', N'Trong việc dọn dẹp thảm, việc nào sau đây có thể làm hại thảm?', 15),
('55a24953-7b4a-44e9-b4bd-34318c8a7472', 'SingleChoice', '["CleaningService"]', N'Trong quá trình dọn dẹp thảm, việc nào sau đây giúp kéo dài tuổi thọ của thảm?', 15),
('6d1eda2a-1147-4a7d-bede-2be4a84ca0da', 'SingleChoice', '["CleaningService"]', N'Trong việc vệ sinh chuyên sâu, người làm vệ sinh cần chú ý đến việc làm sạch khu vực nào sau đây?', 15),
('ad92bc1e-5274-496a-ad57-e98d3d1cc266', 'SingleChoice', '["CleaningService"]', N'Khi lau dọn cửa kính, người làm vệ sinh thường sử dụng công cụ gì?', 5),
('8fc06ab2-cc73-484f-b36b-d274227df5d3', 'SingleChoice', '["CleaningService"]', N'Việc chăm sóc thảm bằng cách hút bụi thường được thực hiện bao nhiêu lần mỗi tuần?', 5),
('389b3a2c-aac6-4600-b226-cb4edb775eac', 'SingleChoice', '["CleaningService"]', N'Trong quá trình lau chùi bàn làm việc, người làm vệ sinh thường sử dụng chất tẩy nào?', 5),
('f9029c71-a1ca-42f7-b94e-59bba922a545', 'SingleChoice', '["CleaningService"]', N'Khi làm sạch vòi sen và vòi nước, người làm vệ sinh thường sử dụng công cụ gì?', 5),
('8db68726-bba5-42d4-8c07-45083c1ce237', 'SingleChoice', '["CleaningService"]', N'Khi dọn dẹp nhà, việc nào sau đây thường được thực hiện cuối cùng?', 5),
('fe5face8-56e0-4385-9589-9fa8b8e7b5bd', 'SingleChoice', '["CleaningService"]', N'Việc dùng nước nóng trong quá trình lau chùi có lợi ích gì?', 5),
('27043273-d4e6-4aa1-a040-656069a7556f', 'SingleChoice', '["CleaningService"]', N'Sử dụng quạt sau khi làm sạch thảm có tác dụng gì?', 5),
('db0cd21f-7634-4498-b14b-8a9d26dcb0a9', 'SingleChoice', '["CleaningService"]', N'Trong việc lau chùi kính cửa sổ, dung dịch nào thường được sử dụng?', 5),
('77c0cf65-e685-4993-9a68-243a1e4756f4', 'SingleChoice', '["CleaningService"]', N'Khi làm sạch thảm, việc nào sau đây là quan trọng?', 5),
('aab292de-5033-4f6b-a6bc-588befed2163', 'SingleChoice', '["CleaningService"]', N'Việc sử dụng găng tay bảo hộ trong quá trình làm sạch có ý nghĩa gì?', 5),
('ed741a45-cac4-4e07-84b5-68d7429036d7', 'SingleChoice', '["CleaningService"]', N'Trong việc làm sạch thảm, phải thực hiện công đoạn gì sau khi đã hút bụi?', 5),
('ac7ca2ee-fbd6-41bc-9b64-a2b9e76db1bc', 'SingleChoice', '["CleaningService"]', N'Khi lau dọn bụi trên các bề mặt, loại vải nào là lựa chọn tốt nhất?', 5),
('9ef27ab9-3d8d-4fee-8f57-4d437b323f58', 'SingleChoice', '["CleaningService"]', N'Khi tiến hành dọn dẹp vệ sinh chuyên sâu, việc sử dụng máy giặt áp lực cao có lợi ích gì?', 10),
('02b7f0ed-2a05-4368-b90a-42f4d3ca7c45', 'SingleChoice', '["CleaningService"]', N'Khi sử dụng hóa chất tẩy rửa, điều gì là quan trọng nhất để đảm bảo an toàn?', 15),
('37e8f137-b4b4-4db1-9e26-e052c2d9f919', 'SingleChoice', '["CleaningService"]', N'Khi sử dụng máy giặt thảm, nhiệt độ nước lý tưởng để loại bỏ vết bẩn là bao nhiêu?', 5),
('b58eb1e7-6179-4824-890e-6436ccb1affa', 'SingleChoice', '["CleaningService"]', N'Trong quá trình dọn dẹp, việc sử dụng máy hút bụi có túi đựng bụi có lợi ích gì?', 10),
('51a737fc-f9bf-4d85-88cd-42995fbfd86c', 'SingleChoice', '["CleaningService"]', N'Khi loại bỏ vết bẩn từ nước trái cây trên thảm, bạn nên sử dụng dung dịch nào?', 15),
('68e38e3c-dbe8-4dc4-b469-c30b711041ba', 'SingleChoice', '["CleaningService"]', N'Để làm sạch vết bẩn cà phê trên ghế vải, bạn nên sử dụng phương pháp nào?', 5),
('f5e12f90-6333-48b1-9613-547f507cde8c', 'SingleChoice', '["CleaningService"]', N'Khi dọn dẹp nhà cửa, việc sử dụng máy hút bụi 2 trong 1 (hút khô và ướt) mang lại lợi ích gì?', 10),
('df486517-c181-4ae9-adbe-9391ed2cbea2', 'SingleChoice', '["CleaningService"]', N'Khi sử dụng hóa chất tẩy rửa, việc đeo găng tay bảo hộ có tác dụng gì?', 15),
('984b32a7-82e9-45de-823e-055c5889946e', 'SingleChoice', '["CleaningService"]', N'Khi lau sàn nhà, việc sử dụng nước lau sàn có tinh dầu có lợi ích gì?', 5),
('5629b8ee-9245-4cf8-b11d-8be5b8d118cd', 'SingleChoice', '["CleaningService"]', N'Khi dọn dẹp nhà cửa, việc sử dụng robot hút bụi mang lại lợi ích gì?', 10),
('c34dbaeb-727b-4ade-a8f9-352a55e69bb9', 'SingleChoice', '["CleaningService"]', N'Khi vệ sinh các thiết bị điện tử, việc sử dụng dung dịch chứa cồn có tác dụng gì?', 15),
('e4d4b212-b18a-4a3d-993c-d7443017972e', 'SingleChoice', '["CleaningService"]', N'Dung dịch nào được sử dụng để làm sạch bề mặt bằng gỗ?', 10),
('7876de6d-b931-40a8-b900-36bdce71e051', 'SingleChoice', '["CleaningService"]', N'Cách nào là tốt nhất để loại bỏ vết bẩn cứng đầu trên sàn nhà?', 10),
('2b7caa18-6263-4e86-9fa6-a0848f9e8fe7', 'SingleChoice', '["CleaningService"]', N'Khi dọn dẹp phòng tắm, bạn nên lau chùi theo thứ tự nào?', 10),
('4e696270-92dc-4ff1-be71-6d06a22e79b3', 'SingleChoice', '["CleaningService"]', N'Cách nào là hiệu quả nhất để làm sạch bếp từ?', 10),
('3a9b3dff-831a-452b-bcb1-f288c416e5a3', 'SingleChoice', '["CleaningService"]', N'Khi làm sạch tủ lạnh, bạn nên thực hiện những bước nào?', 10),
('9362097c-3d88-43e3-9c45-527cee23e370', 'SingleChoice', '["CleaningService"]', N'Cách nào là tốt nhất để làm sạch thảm trải sàn?', 10),
('0de0acc2-2d5a-4300-9d70-5ce2b89f4c3c', 'SingleChoice', '["CleaningService"]', N'Làm thế nào để làm sạch vết bẩn trên tường?', 10),
('f975655c-9809-4c12-af3e-848d9353f0f2', 'SingleChoice', '["CleaningService"]', N'Cách nào là tốt nhất để làm sạch sàn gỗ?', 10),
('64f11785-cb4e-4ea6-977c-290a0ef5c7c3', 'SingleChoice', '["CleaningService"]', N'Cách nào là hiệu quả nhất để làm sạch kính?', 10),
('f3d110c3-b35d-4ca3-a353-124919f82d73', 'SingleChoice', '["CleaningService"]', N'Làm thế nào để làm sạch bàn ghế bọc nỉ?', 10),
('2b97a078-9bcd-4d48-8d92-5d9ef2dd20ac', 'SingleChoice', '["CleaningService"]', N'Cách nào là tốt nhất để làm sạch lò vi sóng?', 10),
('258b1739-c0ab-4e0d-83df-9a5743e0e8ee', 'SingleChoice', '["CleaningService"]', N'Làm thế nào để làm sạch rèm cửa?', 10),
('de635377-22e7-4018-8337-aeccd6f19d1f', 'SingleChoice', '["CleaningService"]', N'Làm thế nào để làm sạch đồ dùng trong nhà bếp?', 10),
('2faf8452-406d-440d-934f-bdded1ee1403', 'SingleChoice', '["CleaningService"]', N'Cách nào là hiệu quả nhất để làm sạch đồ gỗ?', 10),
('58392e12-b4cf-4a23-b3da-ec6873fe1894', 'SingleChoice', '["CleaningService"]', N'Khi làm sạch khu vực xung quanh bồn rửa, bạn nên bắt đầu từ đâu?', 10),
('1e8bd8a8-bee2-4758-a105-f3f886943dc4', 'SingleChoice', '["CleaningService"]', N'Cách nào là tốt nhất để làm sạch vết dầu mỡ trên bếp từ?', 10),
('e92c43e3-c7e6-4b09-8ce8-11a62c72ab5b', 'SingleChoice', '["CleaningService"]', N'Làm thế nào để làm sạch đồ trang sức bằng bạc?', 10),
('744b4276-a5aa-4ac3-b751-c9ebfd616155', 'SingleChoice', '["CleaningService"]', N'Tỷ lệ khuyến nghị giữa thuốc tẩy và nước để khử trùng bề mặt là gì?', 10),
('8f9bf0bc-19f1-4a3d-aaed-ee23b31210df', 'SingleChoice', '["CleaningService"]', N'Cách nào là hiệu quả nhất để làm sạch sàn gạch men?', 10),
('09ef45e4-02f8-4d5d-ab6d-37b37e41ba90', 'SingleChoice', '["CleaningService"]', N'Cách nào là tốt nhất để làm sạch vết bẩn cứng đầu trên tường?', 10),
('93290e0c-a079-4679-81d9-908b124951a7', 'SingleChoice', '["CleaningService"]', N'Cách nào là tốt nhất để làm sạch đồ trang sức bằng vàng?', 10),
('a7cb5f19-f664-4076-867e-796339a6f901', 'SingleChoice', '["CleaningService"]', N'Làm thế nào để làm sạch đồ gốm sứ?', 10),
('3e9b5885-0e08-4f34-9098-fbd5ea5c0930', 'SingleChoice', '["CleaningService"]', N'Cách nào là tốt nhất để làm sạch vết bẩn trên đệm giường?', 10),
('86c30229-fd95-43c4-b28a-8343fa599aa2', 'SingleChoice', '["CleaningService"]', N'Cách nào là hiệu quả nhất để làm sạch bồn tắm?', 10),
('bdc9b65c-8bae-4420-886c-836c750f8274', 'SingleChoice', '["CleaningService"]', N'Cách nào là tốt nhất để làm sạch đồ bằng da?', 10),
('14d03fa3-4866-4d90-b212-9a9f31165d6a', 'SingleChoice', '["CleaningService"]', N'Khi dọn dẹp phòng ngủ, bạn nên làm việc theo thứ tự nào?', 10),
('51d2d799-465d-462f-8eb2-59fcbb201405', 'SingleChoice', '["CleaningService"]', N'Cách nào là hiệu quả nhất để làm sạch khu vực nhà bếp?', 10),
('d737f2e7-6205-43ff-9632-8f926974762f', 'SingleChoice', '["CleaningService"]', N'Làm thế nào để làm sạch đồ trang sức bằng đá quý?', 10),
('34aacd62-77a3-4d02-847f-7a95e52e6888', 'SingleChoice', '["CleaningService"]', N'Cách nào là tốt nhất để làm sạch đồ trang sức bằng ngọc trai?', 10),
('cd4ccc26-b59a-4be8-a9c6-ed5cb2b7a4c8', 'SingleChoice', '["CleaningService"]', N'Cách nào là hiệu quả nhất để làm sạch vết bẩn trên thảm trải sàn?', 10),
('0780d902-5ac3-43bb-9c74-027db55bb74d', 'SingleChoice', '["CleaningService"]', N'Cách nào là tốt nhất để làm sạch bồn vệ sinh?', 10),
('03f26cfb-b8c0-44c6-aefd-44a108dd67bc', 'SingleChoice', '["CleaningService"]', N'Cách nào là hiệu quả nhất để làm sạch đồ dùng bằng nhựa?', 10),
('555a1b51-0f29-4712-9b0c-e4a8c883d86f', 'SingleChoice', '["CleaningService"]', N'Khi dọn dẹp phòng khách, bạn nên bắt đầu từ đâu?', 10),
('80ae18a4-d4b8-4eca-9f6d-8de9d762162f', 'SingleChoice', '["CleaningService"]', N'Cách nào là tốt nhất để làm sạch đồ dùng bằng kim loại?', 10),
('1dbd1f27-0d5e-49bd-8c63-6e823179cfd2', 'SingleChoice', '["CleaningService"]', N'Để dọn dẹp cửa sổ một cách hiệu quả, bạn nên bắt đầu từ đâu?', 10),
('9b18cb7e-d866-4fd3-a258-62513f853ab1', 'SingleChoice', '["CleaningService"]', N'Trong việc làm sạch thảm, phương pháp nào phổ biến nhất?', 10),
('0c47f632-939d-430a-87d0-e2c4477cfad6', 'SingleChoice', '["CleaningService"]', N'Khi dọn dẹp văn phòng, vị trí nào thường cần chú ý nhất?', 10),
('fe347c70-4a4e-46ae-a593-52d7867ffe6f', 'SingleChoice', '["CleaningService"]', N'Loại chất tẩy rửa nào phù hợp nhất cho việc vệ sinh chuyên sâu?', 10),
('d2327ad0-772a-49d6-ad06-87c9d9dc7f1e', 'SingleChoice', '["CleaningService"]', N'Khi dọn dẹp nhà, việc nào bạn cần thực hiện trước tiên?', 10),
('fc50a1cc-de7b-42b7-a581-6b15aadfba2c', 'SingleChoice', '["CleaningService"]', N'Cách tốt nhất để làm sạch vết bẩn trên các bề mặt nhám như gạch lát là gì?', 10),
('60a6a09d-43ed-4263-a162-ae1d62678d39', 'SingleChoice', '["CleaningService"]', N'Trong quá trình làm sạch, việc sử dụng trang thiết bị bảo hộ như gì là quan trọng nhất?', 10),
('aa021fc6-5cbc-4064-bc41-cb36ef1b91ba', 'SingleChoice', '["CleaningService"]', N'Để giảm thiểu việc tái nhiễm khuẩn, bạn nên sử dụng phương pháp gì khi làm sạch?', 10),
('2877011d-abc7-4e7e-b829-d2796f9e8d45', 'SingleChoice', '["CleaningService"]', N'Khi sử dụng hóa chất trong việc dọn dẹp, điều gì là quan trọng nhất?', 10),
('b7a86d78-5035-432e-ab2c-85703f9f264f', 'SingleChoice', '["CleaningService"]', N'Đâu là loại vải không nên sử dụng máy sấy?', 10),
('bde82978-cc5e-427f-b61d-25cb922ff377', 'SingleChoice', '["CleaningService"]', N'Trong quá trình lau kính, để tránh tạo ra vệt nước, người dọn dẹp nên sử dụng chất làm sạch có gì?', 10),
('f7bf50cb-638f-4a46-928a-6e5b939ae35b', 'SingleChoice', '["CleaningService"]', N'Trong việc lau chùi cửa kính, người dọn dẹp nên sử dụng gì để tránh tạo ra vệt và chấm bẩn?', 10),
('75d96274-8e83-4e71-8626-947d91c604d0', 'SingleChoice', '["CleaningService"]', N'Phương pháp nào sau đây không thích hợp cho việc làm sạch thảm?', 10),
('cc84f299-be7e-45f2-8918-f31b5067a3b6', 'SingleChoice', '["CleaningService"]', N'Trong quá trình dọn dẹp văn phòng, phải đặc biệt chú ý đến việc làm sạch bề mặt nào?', 10),
('31e2eeaf-51df-4d33-ae07-c7392868139b', 'SingleChoice', '["CleaningService"]', N'Trong việc dọn dẹp nhà, phải đảm bảo an toàn bằng cách nào khi làm việc với các chất tẩy rửa mạnh?', 10),
('62c84b2a-d758-463d-8433-257f35f2c961', 'SingleChoice', '["CleaningService"]', N'Trong quá trình làm sạch, người dọn dẹp cần kiểm tra gì trước khi sử dụng máy hút bụi?', 10),
('2cfcd1c2-3ac2-4a2f-aa99-ae645788e500', 'SingleChoice', '["CleaningService"]', N'Trong quá trình làm sạch thảm, phải thực hiện công đoạn gì sau khi đã hút bụi?', 10),
('14e47940-62f7-4b05-8c1b-f876cafde6e2', 'SingleChoice', '["CleaningService"]', N'Để loại bỏ các vết bẩn cứng đầu trên sàn nhà, người dọn dẹp nên sử dụng công cụ gì?', 10),
('0a7555d5-cf7e-4925-807f-e76b5792baad', 'SingleChoice', '["CleaningService"]', N'Khi dọn dẹp bếp, việc nào sau đây là ưu tiên hàng đầu?', 10),
('6b897cb9-7355-4eca-b77b-d952d36d4674', 'SingleChoice', '["CleaningService"]', N'Loại hóa chất nào không nên được sử dụng trên bề mặt gỗ?', 5),
('0aed92c1-1356-4dac-88f9-671c47b08191', 'SingleChoice', '["CleaningService"]', N'Khi sử dụng máy hút bụi công nghiệp, điều quan trọng nhất cần nhớ là gì?', 10),
('114927f7-6722-4176-885d-af9fccb0c875', 'SingleChoice', '["CleaningService"]', N'Để loại bỏ vết bẩn từ cà phê trên thảm, bạn nên sử dụng phương pháp nào?', 15),
('97778b56-5eda-432f-aa68-0340171cf207', 'SingleChoice', '["CleaningService"]', N'Máy hút bụi không hoạt động hiệu quả có thể do nguyên nhân nào?', 5),
('295e87a0-51fb-4b80-9c78-498df8cfc26c', 'SingleChoice', '["CleaningService"]', N'Trong quá trình làm sạch thảm, việc nào sau đây không nên làm?', 5),
('88da397a-50b5-43f2-9a89-8e97a8e8de1c', 'SingleChoice', '["CleaningService"]', N'Trong việc lau chùi kính cửa sổ, người dọn dẹp nên sử dụng công cụ gì?', 5),
('63bcecf1-40db-4a93-a090-0e64ae14cb6c', 'SingleChoice', '["CleaningService"]', N'Trong việc vệ sinh cửa sổ, vật liệu nào sau đây không nên sử dụng để tránh gây trầy xước?', 5),
('759ced21-ee04-484a-a009-583ad8f24239', 'SingleChoice', '["CleaningService"]', N'Khi dọn dẹp nhà, việc nào sau đây là quan trọng nhất để đảm bảo an toàn?', 5),
('7cd8901e-3154-4741-9e12-a9b43e585391', 'SingleChoice', '["CleaningService"]', N'Khi tiến hành dọn dẹp văn phòng, điều quan trọng nhất cần lưu ý là gì?', 5),
('0fa71477-465b-4ecb-a7bf-98c8ab981b77', 'SingleChoice', '["CleaningService"]', N'Phương pháp nào là hiệu quả nhất để loại bỏ vết bẩn cứng đầu trên cửa sổ?', 10),
('4a2506ab-0904-444f-84f6-9eaa0efd1c92', 'SingleChoice', '["CleaningService"]', N'Trong quá trình vệ sinh chuyên sâu, việc sử dụng máy phun hơi nước có lợi ích gì?', 15),
('cd9c406d-6876-4f94-8df7-af0073486c67', 'SingleChoice', '["CleaningService"]', N'Trong quá trình dọn dẹp văn phòng, người làm vệ sinh cần chú ý đến việc làm sạch đồ vật nào sau đây?', 15),
('a983485c-1321-420e-9030-e2178a2363f9', 'SingleChoice', '["CleaningService"]', N'Trong việc dọn dẹp nhà, khi phát hiện nước dơ ở sàn nhà, người dọn dẹp nên làm gì trước tiên?', 15),
('210f4787-bd20-464a-b90c-f60c381712ae', 'SingleChoice', '["CleaningService"]', N'Trong quá trình dọn dẹp nhà, khi gặp vật liệu nào sau đây, người dọn dẹp cần cẩn thận để tránh gây tổn thương cho sức khỏe?', 15),
('b2d40c8c-496b-4375-98a4-863c352e2d84', 'SingleChoice', '["CleaningService"]', N'Trong việc lau chùi cửa kính, người dọn dẹp cần chú ý đến điều gì?', 15),
('9efcd266-7820-4a4b-ac4b-ce5e14450592', 'SingleChoice', '["CleaningService"]', N'Trong việc lau dọn cửa kính trong nhà, việc nào sau đây là quan trọng để đảm bảo an toàn?', 15),
('94e6059e-aa13-49b6-9d0b-18cd38783e9c', 'SingleChoice', '["CleaningService"]', N'Trong quá trình dọn dẹp nhà, người làm vệ sinh cần chú ý đến việc sử dụng hóa chất tẩy rửa như thế nào?', 15),
('8350960c-3b50-4ba0-9f54-961e0d6abc56', 'SingleChoice', '["CleaningService"]', N'Trong quá trình làm sạch thảm, người dọn dẹp cần chú ý đến việc sử dụng máy hút bụi như thế nào?', 15),
('ff82c920-e7da-495c-a9fa-3562d00137b4', 'SingleChoice', '["CleaningService"]', N'Trong việc lau chùi cửa kính, người dọn dẹp cần chú ý đến việc sử dụng dung dịch như thế nào?', 15),
('fd113400-dec3-40bb-b951-d8187c0515f2', 'SingleChoice', '["CleaningService"]', N'Trong việc dọn dẹp nhà, người làm vệ sinh cần chú ý đến việc sử dụng các loại công cụ như thế nào?', 15),
('14860362-9c74-45e8-9155-cb0464928ad1', 'SingleChoice', '["CleaningService"]', N'Trong quá trình làm sạch cửa sổ, người dọn dẹp cần chú ý đến việc sử dụng vật liệu lau như thế nào?', 15),
('d9eaa9e6-58bd-487b-ba5f-f952d218f566', 'SingleChoice', '["CleaningService"]', N'Trong quá trình làm sạch cửa kính, người làm vệ sinh cần phải chú ý đến điều gì?', 15),
('4bf576c6-2d2f-478f-9eb4-f37f8058487b', 'SingleChoice', '["CleaningService"]', N'Trong việc làm sạch thảm, việc nào sau đây là quan trọng nhất để đảm bảo thảm không bị hỏng?', 15),
('dfc5ac74-44ba-4dc7-82ab-b6f84464b151', 'SingleChoice', '["CleaningService"]', N'Trong quá trình dọn dẹp văn phòng, việc nào sau đây là quan trọng nhất để đảm bảo an toàn cho tất cả mọi người?', 15),
('d8f3d046-52c1-4631-801e-1ef4c9a6b551', 'SingleChoice', '["CleaningService"]', N'Trong việc làm sạch cửa sổ, việc nào sau đây có thể gây ra nguy hiểm nếu không thực hiện đúng cách?', 15),
('c6bfc937-9634-435f-ac74-8b7a2f17daf7', 'SingleChoice', '["CleaningService"]', N'Trong việc lau dọn nhà, việc nào sau đây là cần thiết để bảo vệ sức khỏe của người làm vệ sinh?', 15),
('056be797-c25f-4e43-a0ea-92f4892596fc', 'SingleChoice', '["CleaningService"]', N'Cách tốt nhất để làm sạch vết bẩn dầu mỡ trên bề mặt nhà bếp là gì?', 5),
('3c2b6e84-4590-4a46-aa43-c26407f32ed1', 'SingleChoice', '["CleaningService"]', N'Trong quá trình dọn dẹp, việc sắp xếp đồ đạc lại vị trí ban đầu có quan trọng không?', 10),
('afd8321a-6a48-477e-a076-ab229eef99c2', 'SingleChoice', '["CleaningService"]', N'Khi dọn dẹp thảm, việc sử dụng hóa chất có pH cao có ảnh hưởng gì?', 15),
('7b99e5fa-70d1-4ee3-833d-0acace5e2396', 'SingleChoice', '["CleaningService"]', N'Trong quá trình dọn dẹp thảm, vị trí nào thường chứa nhiều bụi và chất bẩn nhất?', 15),
('8a13bb3e-7f56-4b6b-bfbe-d5f5deb7295e', 'SingleChoice', '["CleaningService"]', N'Khi tiến hành vệ sinh chuyên sâu, việc nào sau đây cần được thực hiện trước tiên?', 15),
('8ab0e316-37f6-429c-9ba2-b0b70d4ad7a0', 'SingleChoice', '["CleaningService"]', N'Trong việc dọn dẹp thảm, việc nào sau đây có thể làm hại thảm?', 15),
('cc976d9c-35ef-4150-a9a9-8bce0f16791f', 'SingleChoice', '["CleaningService"]', N'Trong quá trình dọn dẹp thảm, việc nào sau đây giúp kéo dài tuổi thọ của thảm?', 15),
('2c8c4fd6-6f8e-4b5e-a789-6eecdba4fc13', 'SingleChoice', '["CleaningService"]', N'Trong việc vệ sinh chuyên sâu, người làm vệ sinh cần chú ý đến việc làm sạch khu vực nào sau đây?', 15),
('b674dbab-a2e9-4836-84e9-6e810d249b2b', 'SingleChoice', '["CleaningService"]', N'Khi lau dọn cửa kính, người làm vệ sinh thường sử dụng công cụ gì?', 5),
('a516aa85-f74d-4124-bb2c-4456827f5035', 'SingleChoice', '["CleaningService"]', N'Việc chăm sóc thảm bằng cách hút bụi thường được thực hiện bao nhiêu lần mỗi tuần?', 5),
('77b39095-bb50-47ea-8d92-faa30b0fbe0a', 'SingleChoice', '["CleaningService"]', N'Trong quá trình lau chùi bàn làm việc, người làm vệ sinh thường sử dụng chất tẩy nào?', 5),
('c64518b8-31fd-42c3-8e5a-287bd1b4170a', 'SingleChoice', '["CleaningService"]', N'Khi làm sạch vòi sen và vòi nước, người làm vệ sinh thường sử dụng công cụ gì?', 5),
('c8b48a6a-04cc-4ca2-8a11-71921de9bff0', 'SingleChoice', '["CleaningService"]', N'Khi dọn dẹp nhà, việc nào sau đây thường được thực hiện cuối cùng?', 5),
('9a88f581-7795-4e4b-a24a-006c7c48b1ea', 'SingleChoice', '["CleaningService"]', N'Việc dùng nước nóng trong quá trình lau chùi có lợi ích gì?', 5),
('b1335c79-d321-4bf9-b977-d19270165ea1', 'SingleChoice', '["CleaningService"]', N'Sử dụng quạt sau khi làm sạch thảm có tác dụng gì?', 5),
('8d49ba5e-c942-4510-b2d8-2963eedfac94', 'SingleChoice', '["CleaningService"]', N'Trong việc lau chùi kính cửa sổ, dung dịch nào thường được sử dụng?', 5),
('02540b74-ecd1-4065-8176-282c897c97d5', 'SingleChoice', '["CleaningService"]', N'Khi làm sạch thảm, việc nào sau đây là quan trọng?', 5),
('5829d0e0-9336-4334-9845-a0889cb8112d', 'SingleChoice', '["CleaningService"]', N'Việc sử dụng găng tay bảo hộ trong quá trình làm sạch có ý nghĩa gì?', 5),
('bee2e532-e79e-4120-af3f-84687706117d', 'SingleChoice', '["CleaningService"]', N'Trong việc làm sạch thảm, phải thực hiện công đoạn gì sau khi đã hút bụi?', 5),
('6ec2a99a-ef6b-4f78-8db7-59c8359ac3c1', 'SingleChoice', '["CleaningService"]', N'Khi lau dọn bụi trên các bề mặt, loại vải nào là lựa chọn tốt nhất?', 5),
('2759ba30-a3ad-4932-b171-302b2f1fad8c', 'SingleChoice', '["CleaningService"]', N'Khi tiến hành dọn dẹp vệ sinh chuyên sâu, việc sử dụng máy giặt áp lực cao có lợi ích gì?', 10),
('24b7c10d-2546-41d1-9aa2-d6feef2adb57', 'SingleChoice', '["CleaningService"]', N'Khi sử dụng hóa chất tẩy rửa, điều gì là quan trọng nhất để đảm bảo an toàn?', 15),
('24533f16-6d5b-4ae3-a72d-9664175521c0', 'SingleChoice', '["CleaningService"]', N'Khi sử dụng máy giặt thảm, nhiệt độ nước lý tưởng để loại bỏ vết bẩn là bao nhiêu?', 5),
('65996539-51b7-45e5-86aa-1b84fca4e719', 'SingleChoice', '["CleaningService"]', N'Trong quá trình dọn dẹp, việc sử dụng máy hút bụi có túi đựng bụi có lợi ích gì?', 10),
('46a26368-65a3-4710-87f8-a59a618243c1', 'SingleChoice', '["CleaningService"]', N'Khi loại bỏ vết bẩn từ nước trái cây trên thảm, bạn nên sử dụng dung dịch nào?', 15),
('cd37b023-71fc-4105-b5ab-9c1cc7328e30', 'SingleChoice', '["CleaningService"]', N'Để làm sạch vết bẩn cà phê trên ghế vải, bạn nên sử dụng phương pháp nào?', 5),
('92123f61-16eb-43e0-ae0f-53240a70763c', 'SingleChoice', '["CleaningService"]', N'Khi dọn dẹp nhà cửa, việc sử dụng máy hút bụi 2 trong 1 (hút khô và ướt) mang lại lợi ích gì?', 10),
('b1445cc0-538f-43b2-8eb3-7ee38ff24385', 'SingleChoice', '["CleaningService"]', N'Khi sử dụng hóa chất tẩy rửa, việc đeo găng tay bảo hộ có tác dụng gì?', 15),
('5f837fc5-ec94-4e92-b421-58df680621eb', 'SingleChoice', '["CleaningService"]', N'Khi lau sàn nhà, việc sử dụng nước lau sàn có tinh dầu có lợi ích gì?', 5),
('2f1ed76b-7aaa-4c00-a820-5abf8ec01f4e', 'SingleChoice', '["CleaningService"]', N'Khi dọn dẹp nhà cửa, việc sử dụng robot hút bụi mang lại lợi ích gì?', 10),
('a1255e8c-3c44-484d-b803-1db8cfbdf699', 'SingleChoice', '["CleaningService"]', N'Khi vệ sinh các thiết bị điện tử, việc sử dụng dung dịch chứa cồn có tác dụng gì?', 15),
('06b00190-8302-4167-8ceb-482168eeb907', 'SingleChoice', '["CleaningService"]', N'Dung dịch nào được sử dụng để làm sạch bề mặt bằng gỗ?', 10),
('5676022b-a413-40b2-ba4a-cca922a8aa5b', 'SingleChoice', '["CleaningService"]', N'Cách nào là tốt nhất để loại bỏ vết bẩn cứng đầu trên sàn nhà?', 10),
('9f413874-6239-4857-8eba-ae8e24c407ac', 'SingleChoice', '["CleaningService"]', N'Khi dọn dẹp phòng tắm, bạn nên lau chùi theo thứ tự nào?', 10),
('fca9ed31-5819-4d4c-b790-522b1bcdf467', 'SingleChoice', '["CleaningService"]', N'Cách nào là hiệu quả nhất để làm sạch bếp từ?', 10),
('434e3a3a-2257-485d-95f1-b056577a200f', 'SingleChoice', '["CleaningService"]', N'Khi làm sạch tủ lạnh, bạn nên thực hiện những bước nào?', 10),
('c01585a5-692c-45c3-99c5-f94693f47fc8', 'SingleChoice', '["CleaningService"]', N'Cách nào là tốt nhất để làm sạch thảm trải sàn?', 10),
('e834a01e-44d7-43d4-8880-911a9039a981', 'SingleChoice', '["CleaningService"]', N'Làm thế nào để làm sạch vết bẩn trên tường?', 10),
('41d18e6f-1e89-4c19-a093-0a1de6a5e691', 'SingleChoice', '["CleaningService"]', N'Cách nào là tốt nhất để làm sạch sàn gỗ?', 10),
('1b6a8a6b-6c68-4b73-8496-77cd50e1fa59', 'SingleChoice', '["CleaningService"]', N'Cách nào là hiệu quả nhất để làm sạch kính?', 10),
('2aac1eca-5eb3-4437-bad5-312bd85ff695', 'SingleChoice', '["CleaningService"]', N'Làm thế nào để làm sạch bàn ghế bọc nỉ?', 10),
('0a91b91c-c40a-4122-9a65-19b33a88a6a3', 'SingleChoice', '["CleaningService"]', N'Cách nào là tốt nhất để làm sạch lò vi sóng?', 10),
('940cee15-6c94-4995-864f-2680afc583fb', 'SingleChoice', '["CleaningService"]', N'Làm thế nào để làm sạch rèm cửa?', 10),
('d3605302-df0b-46fa-b0cb-cd3ed1d79814', 'SingleChoice', '["CleaningService"]', N'Làm thế nào để làm sạch đồ dùng trong nhà bếp?', 10),
('a092cbd3-5a42-4b8f-8c82-88ad6214550b', 'SingleChoice', '["CleaningService"]', N'Cách nào là hiệu quả nhất để làm sạch đồ gỗ?', 10),
('b097b125-ffc6-43f3-9db8-5b9407b7d45f', 'SingleChoice', '["CleaningService"]', N'Khi làm sạch khu vực xung quanh bồn rửa, bạn nên bắt đầu từ đâu?', 10),
('8bcfa613-f780-45fc-a90c-f0013cc385fe', 'SingleChoice', '["CleaningService"]', N'Cách nào là tốt nhất để làm sạch vết dầu mỡ trên bếp từ?', 10),
('9bf356a8-0d1d-49fb-87ac-7535add332aa', 'SingleChoice', '["CleaningService"]', N'Làm thế nào để làm sạch đồ trang sức bằng bạc?', 10),
('e8972023-b163-4512-a7d7-7b72d0af0a3f', 'SingleChoice', '["CleaningService"]', N'Tỷ lệ khuyến nghị giữa thuốc tẩy và nước để khử trùng bề mặt là gì?', 10),
('99e4163c-dbd8-40f2-84d6-73e3abfc4eda', 'SingleChoice', '["CleaningService"]', N'Cách nào là hiệu quả nhất để làm sạch sàn gạch men?', 10),
('2e937f83-e2f0-4407-8258-9e6748953cf2', 'SingleChoice', '["CleaningService"]', N'Cách nào là tốt nhất để làm sạch vết bẩn cứng đầu trên tường?', 10),
('d682cf34-2eb1-434a-adfe-bcda855165af', 'SingleChoice', '["CleaningService"]', N'Cách nào là tốt nhất để làm sạch đồ trang sức bằng vàng?', 10),
('8cf19fe3-e5a1-46d3-a106-424261215191', 'SingleChoice', '["CleaningService"]', N'Làm thế nào để làm sạch đồ gốm sứ?', 10),
('54e739c7-3c5a-4228-8142-1d682476efc1', 'SingleChoice', '["CleaningService"]', N'Cách nào là tốt nhất để làm sạch vết bẩn trên đệm giường?', 10),
('f30e132b-970c-480a-9f3f-8b0434d0437e', 'SingleChoice', '["CleaningService"]', N'Cách nào là hiệu quả nhất để làm sạch bồn tắm?', 10),
('79b2861f-d31e-4ef5-b739-c6ecce1c9d4b', 'SingleChoice', '["CleaningService"]', N'Cách nào là tốt nhất để làm sạch đồ bằng da?', 10),
('4811dc39-54fb-4257-9be7-f26a2493a84a', 'SingleChoice', '["CleaningService"]', N'Khi dọn dẹp phòng ngủ, bạn nên làm việc theo thứ tự nào?', 10),
('b75f1faa-2903-42af-bfec-2d4f9d90404b', 'SingleChoice', '["CleaningService"]', N'Cách nào là hiệu quả nhất để làm sạch khu vực nhà bếp?', 10),
('757b9d2e-211a-424a-a89c-58434c4b368e', 'SingleChoice', '["CleaningService"]', N'Làm thế nào để làm sạch đồ trang sức bằng đá quý?', 10),
('f0b18edc-791b-4004-9b95-fd40eccdf4c0', 'SingleChoice', '["CleaningService"]', N'Cách nào là tốt nhất để làm sạch đồ trang sức bằng ngọc trai?', 10),
('ed24469b-14e9-45a0-a39f-c7f89ffa5724', 'SingleChoice', '["CleaningService"]', N'Cách nào là hiệu quả nhất để làm sạch vết bẩn trên thảm trải sàn?', 10),
('148bba2d-54dd-43ce-b9c4-73a2b98d9481', 'SingleChoice', '["CleaningService"]', N'Cách nào là tốt nhất để làm sạch bồn vệ sinh?', 10),
('83593c5e-cdb5-409d-b7ea-589991684590', 'SingleChoice', '["CleaningService"]', N'Cách nào là hiệu quả nhất để làm sạch đồ dùng bằng nhựa?', 10),
('259b46ae-2d9f-46a6-bd27-ac40428f72fa', 'SingleChoice', '["CleaningService"]', N'Khi dọn dẹp phòng khách, bạn nên bắt đầu từ đâu?', 10),
('52e2a541-15a5-40ed-8dda-df0f70863e78', 'SingleChoice', '["CleaningService"]', N'Cách nào là tốt nhất để làm sạch đồ dùng bằng kim loại?', 10),
('500c321b-ab28-4cfa-aad5-35e6d6bffbd7', 'SingleChoice', '["CleaningService"]', N'Để dọn dẹp cửa sổ một cách hiệu quả, bạn nên bắt đầu từ đâu?', 10),
('c8a8672f-144b-42ee-8aa1-09a1615ea150', 'SingleChoice', '["CleaningService"]', N'Trong việc làm sạch thảm, phương pháp nào phổ biến nhất?', 10),
('70bb2712-d041-454a-bca3-a84380732957', 'SingleChoice', '["CleaningService"]', N'Khi dọn dẹp văn phòng, vị trí nào thường cần chú ý nhất?', 10),
('510a103a-1914-4c49-b4eb-26aa8eddfb8f', 'SingleChoice', '["CleaningService"]', N'Loại chất tẩy rửa nào phù hợp nhất cho việc vệ sinh chuyên sâu?', 10),
('f2fad233-9744-4017-a8d9-b02c770076d1', 'SingleChoice', '["CleaningService"]', N'Khi dọn dẹp nhà, việc nào bạn cần thực hiện trước tiên?', 10),
('886b86af-5505-46a5-9210-90e70865ccb4', 'SingleChoice', '["CleaningService"]', N'Cách tốt nhất để làm sạch vết bẩn trên các bề mặt nhám như gạch lát là gì?', 10),
('c6013f3b-29fe-4b73-815d-75108e2366dc', 'SingleChoice', '["CleaningService"]', N'Trong quá trình làm sạch, việc sử dụng trang thiết bị bảo hộ như gì là quan trọng nhất?', 10),
('1b7df255-0ffc-45b8-b846-6c4cc013270e', 'SingleChoice', '["CleaningService"]', N'Để giảm thiểu việc tái nhiễm khuẩn, bạn nên sử dụng phương pháp gì khi làm sạch?', 10),
('51ce3817-a7e2-4a55-95e5-4598a7baa834', 'SingleChoice', '["CleaningService"]', N'Khi sử dụng hóa chất trong việc dọn dẹp, điều gì là quan trọng nhất?', 10),
('1894242b-0bd1-40a7-9f1a-62e287ffb36e', 'SingleChoice', '["CleaningService"]', N'Đâu là loại vải không nên sử dụng máy sấy?', 10),
('920ba478-39d3-44a5-9001-7e8d3306e6db', 'SingleChoice', '["CleaningService"]', N'Trong quá trình lau kính, để tránh tạo ra vệt nước, người dọn dẹp nên sử dụng chất làm sạch có gì?', 10),
('5d1ff454-d28b-421d-8259-e1ecccd030e2', 'SingleChoice', '["CleaningService"]', N'Trong việc lau chùi cửa kính, người dọn dẹp nên sử dụng gì để tránh tạo ra vệt và chấm bẩn?', 10),
('06c927b8-a674-4c8b-893e-3d3d1f7b7e14', 'SingleChoice', '["CleaningService"]', N'Phương pháp nào sau đây không thích hợp cho việc làm sạch thảm?', 10),
('a41cc66b-9e6d-4a4e-b790-8141b463dace', 'SingleChoice', '["CleaningService"]', N'Trong quá trình dọn dẹp văn phòng, phải đặc biệt chú ý đến việc làm sạch bề mặt nào?', 10),
('2adc6f2e-f348-4b05-912c-437350e6badb', 'SingleChoice', '["CleaningService"]', N'Trong việc dọn dẹp nhà, phải đảm bảo an toàn bằng cách nào khi làm việc với các chất tẩy rửa mạnh?', 10),
('a7802d57-c17b-4ef2-aa27-049528958894', 'SingleChoice', '["CleaningService"]', N'Trong quá trình làm sạch, người dọn dẹp cần kiểm tra gì trước khi sử dụng máy hút bụi?', 10),
('e370600a-390c-4614-bbe3-207127826f18', 'SingleChoice', '["CleaningService"]', N'Trong quá trình làm sạch thảm, phải thực hiện công đoạn gì sau khi đã hút bụi?', 10),
('af8364e4-da4a-4aea-bdba-f2871847dd57', 'SingleChoice', '["CleaningService"]', N'Để loại bỏ các vết bẩn cứng đầu trên sàn nhà, người dọn dẹp nên sử dụng công cụ gì?', 10),
('cc10f441-5c67-466a-9731-7b138680ec8d', 'SingleChoice', '["CleaningService"]', N'Khi dọn dẹp bếp, việc nào sau đây là ưu tiên hàng đầu?', 10),
('17e559c8-bd06-4e74-83ea-14aeefad1814', 'SingleChoice', '["CleaningService"]', N'Loại hóa chất nào không nên được sử dụng trên bề mặt gỗ?', 5),
('d7d7f62d-50fa-4876-b80f-d675955e4e95', 'SingleChoice', '["CleaningService"]', N'Khi sử dụng máy hút bụi công nghiệp, điều quan trọng nhất cần nhớ là gì?', 10),
('7f61fffa-7701-4a44-82f3-a1ef3035dcf5', 'SingleChoice', '["CleaningService"]', N'Để loại bỏ vết bẩn từ cà phê trên thảm, bạn nên sử dụng phương pháp nào?', 15),
('01730f27-f53f-4314-bd6c-0523c1b46908', 'SingleChoice', '["CleaningService"]', N'Máy hút bụi không hoạt động hiệu quả có thể do nguyên nhân nào?', 5),
('db0c774c-823b-4776-b3cb-9aa0740397c5', 'SingleChoice', '["CleaningService"]', N'Trong quá trình làm sạch thảm, việc nào sau đây không nên làm?', 5),
('7f5f6f12-b28c-4446-a75d-c01bd6036c96', 'SingleChoice', '["CleaningService"]', N'Trong việc lau chùi kính cửa sổ, người dọn dẹp nên sử dụng công cụ gì?', 5),
('5ecb415a-c028-40b4-a9cb-39594e9d1655', 'SingleChoice', '["CleaningService"]', N'Trong việc vệ sinh cửa sổ, vật liệu nào sau đây không nên sử dụng để tránh gây trầy xước?', 5),
('5a38ea30-cea3-4474-987f-d3dea42f141e', 'SingleChoice', '["CleaningService"]', N'Khi dọn dẹp nhà, việc nào sau đây là quan trọng nhất để đảm bảo an toàn?', 5),
('96b4254a-ffd2-4a2c-9a2e-5c65f8ac2dcc', 'SingleChoice', '["CleaningService"]', N'Khi tiến hành dọn dẹp văn phòng, điều quan trọng nhất cần lưu ý là gì?', 5),
('54f3a463-cc58-4097-8fd6-8630e23d8e33', 'SingleChoice', '["CleaningService"]', N'Phương pháp nào là hiệu quả nhất để loại bỏ vết bẩn cứng đầu trên cửa sổ?', 10),
('934df796-b805-45bb-bfc9-455e20ef9d3a', 'SingleChoice', '["CleaningService"]', N'Trong quá trình vệ sinh chuyên sâu, việc sử dụng máy phun hơi nước có lợi ích gì?', 15),
('d9879ba5-fc02-40f0-abeb-62eab52e7d4f', 'SingleChoice', '["CleaningService"]', N'Trong quá trình dọn dẹp văn phòng, người làm vệ sinh cần chú ý đến việc làm sạch đồ vật nào sau đây?', 15),
('badd3e82-2486-4efc-a6fe-de0b438f970d', 'SingleChoice', '["CleaningService"]', N'Trong việc dọn dẹp nhà, khi phát hiện nước dơ ở sàn nhà, người dọn dẹp nên làm gì trước tiên?', 15),
('5b0ae730-e38f-49f8-b325-3739a5b3cbee', 'SingleChoice', '["CleaningService"]', N'Trong quá trình dọn dẹp nhà, khi gặp vật liệu nào sau đây, người dọn dẹp cần cẩn thận để tránh gây tổn thương cho sức khỏe?', 15),
('bc0912d2-ef0d-45da-aba2-01236aeaed06', 'SingleChoice', '["CleaningService"]', N'Trong việc lau chùi cửa kính, người dọn dẹp cần chú ý đến điều gì?', 15),
('aaebe611-67d7-4ac6-8307-363d4f86da0f', 'SingleChoice', '["CleaningService"]', N'Trong việc lau dọn cửa kính trong nhà, việc nào sau đây là quan trọng để đảm bảo an toàn?', 15),
('947a8d1a-fe76-4bfa-81d2-bcad3956e2e4', 'SingleChoice', '["CleaningService"]', N'Trong quá trình dọn dẹp nhà, người làm vệ sinh cần chú ý đến việc sử dụng hóa chất tẩy rửa như thế nào?', 15),
('51ba97d3-a627-4927-aeb6-ec038c3a20e4', 'SingleChoice', '["CleaningService"]', N'Trong quá trình làm sạch thảm, người dọn dẹp cần chú ý đến việc sử dụng máy hút bụi như thế nào?', 15),
('107f29a6-aaac-4bc9-804b-abe43dba44c8', 'SingleChoice', '["CleaningService"]', N'Trong việc lau chùi cửa kính, người dọn dẹp cần chú ý đến việc sử dụng dung dịch như thế nào?', 15),
('19545a91-5291-4c01-9ad9-1936cd950fc0', 'SingleChoice', '["CleaningService"]', N'Trong việc dọn dẹp nhà, người làm vệ sinh cần chú ý đến việc sử dụng các loại công cụ như thế nào?', 15),
('1bff91f3-0797-4f86-a0cc-1da6921fa50a', 'SingleChoice', '["CleaningService"]', N'Trong quá trình làm sạch cửa sổ, người dọn dẹp cần chú ý đến việc sử dụng vật liệu lau như thế nào?', 15),
('5753fea5-ca69-4b76-8f0e-4178e33a6eb1', 'SingleChoice', '["CleaningService"]', N'Trong quá trình làm sạch cửa kính, người làm vệ sinh cần phải chú ý đến điều gì?', 15),
('d953a6dc-6469-4a8b-b468-a90090c22f34', 'SingleChoice', '["CleaningService"]', N'Trong việc làm sạch thảm, việc nào sau đây là quan trọng nhất để đảm bảo thảm không bị hỏng?', 15),
('c26cea98-699d-4368-b896-e7b81bc8d77b', 'SingleChoice', '["CleaningService"]', N'Trong quá trình dọn dẹp văn phòng, việc nào sau đây là quan trọng nhất để đảm bảo an toàn cho tất cả mọi người?', 15),
('f7a809a6-51fc-4eec-81a5-1fc79f552c33', 'SingleChoice', '["CleaningService"]', N'Trong việc làm sạch cửa sổ, việc nào sau đây có thể gây ra nguy hiểm nếu không thực hiện đúng cách?', 15),
('e2406828-f229-413d-a913-3b1afdc319e3', 'SingleChoice', '["CleaningService"]', N'Trong việc lau dọn nhà, việc nào sau đây là cần thiết để bảo vệ sức khỏe của người làm vệ sinh?', 15),
('2e470e18-8fc8-4d28-9157-36a45c1f7640', 'SingleChoice', '["CleaningService"]', N'Cách tốt nhất để làm sạch vết bẩn dầu mỡ trên bề mặt nhà bếp là gì?', 5),
('6d9efa3f-2a34-4bcb-a170-22c4403acb72', 'SingleChoice', '["CleaningService"]', N'Trong quá trình dọn dẹp, việc sắp xếp đồ đạc lại vị trí ban đầu có quan trọng không?', 10),
('812c1c1e-0357-4ded-a547-678a72d4c2b3', 'SingleChoice', '["CleaningService"]', N'Khi dọn dẹp thảm, việc sử dụng hóa chất có pH cao có ảnh hưởng gì?', 15),
('c125a589-1c9d-4557-8cbc-b04e59a28259', 'SingleChoice', '["CleaningService"]', N'Trong quá trình dọn dẹp thảm, vị trí nào thường chứa nhiều bụi và chất bẩn nhất?', 15),
('d30e9185-1c82-4b0d-b39f-fc327fbee2f9', 'SingleChoice', '["CleaningService"]', N'Khi tiến hành vệ sinh chuyên sâu, việc nào sau đây cần được thực hiện trước tiên?', 15),
('2462620b-5914-4b07-a6d8-e0c33f0238ca', 'SingleChoice', '["CleaningService"]', N'Trong việc dọn dẹp thảm, việc nào sau đây có thể làm hại thảm?', 15),
('f7e201d5-3d67-4af4-bfc6-2ed3eb5446f7', 'SingleChoice', '["CleaningService"]', N'Trong quá trình dọn dẹp thảm, việc nào sau đây giúp kéo dài tuổi thọ của thảm?', 15),
('78377bc3-1903-4116-8571-84c641427c2b', 'SingleChoice', '["CleaningService"]', N'Trong việc vệ sinh chuyên sâu, người làm vệ sinh cần chú ý đến việc làm sạch khu vực nào sau đây?', 15),
('16793f9b-2797-4956-97d4-2c09619cedf5', 'SingleChoice', '["CleaningService"]', N'Khi lau dọn cửa kính, người làm vệ sinh thường sử dụng công cụ gì?', 5),
('60bd313b-8268-4001-8581-e2956aab78fb', 'SingleChoice', '["CleaningService"]', N'Việc chăm sóc thảm bằng cách hút bụi thường được thực hiện bao nhiêu lần mỗi tuần?', 5),
('8794c09f-b0b8-412e-93eb-83efd4525de0', 'SingleChoice', '["CleaningService"]', N'Trong quá trình lau chùi bàn làm việc, người làm vệ sinh thường sử dụng chất tẩy nào?', 5),
('104815b6-f925-4673-b21e-1a85cdf07f99', 'SingleChoice', '["CleaningService"]', N'Khi làm sạch vòi sen và vòi nước, người làm vệ sinh thường sử dụng công cụ gì?', 5),
('ea04f3c0-5433-4ced-881a-772bd17c31d3', 'SingleChoice', '["CleaningService"]', N'Khi dọn dẹp nhà, việc nào sau đây thường được thực hiện cuối cùng?', 5),
('cb497be4-3d86-493b-adf5-2053dbfbceb9', 'SingleChoice', '["CleaningService"]', N'Việc dùng nước nóng trong quá trình lau chùi có lợi ích gì?', 5),
('a905d358-82ca-47b3-8195-815852956ad0', 'SingleChoice', '["CleaningService"]', N'Sử dụng quạt sau khi làm sạch thảm có tác dụng gì?', 5),
('cc9243dd-d74f-4155-a4fc-e7a292e8ed48', 'SingleChoice', '["CleaningService"]', N'Trong việc lau chùi kính cửa sổ, dung dịch nào thường được sử dụng?', 5),
('c5aa590b-a48d-407e-92c2-17285d5f2402', 'SingleChoice', '["CleaningService"]', N'Khi làm sạch thảm, việc nào sau đây là quan trọng?', 5),
('d2947626-8bb9-4993-a1e4-aa80c7eaea94', 'SingleChoice', '["CleaningService"]', N'Việc sử dụng găng tay bảo hộ trong quá trình làm sạch có ý nghĩa gì?', 5),
('db700a91-ada5-40c7-a5b8-9272991e86c1', 'SingleChoice', '["CleaningService"]', N'Trong việc làm sạch thảm, phải thực hiện công đoạn gì sau khi đã hút bụi?', 5),
('bfe66dfd-66ba-494a-af97-e7e26f61c954', 'SingleChoice', '["CleaningService"]', N'Khi lau dọn bụi trên các bề mặt, loại vải nào là lựa chọn tốt nhất?', 5),
('80d63e70-db59-46eb-b24a-fb087a136540', 'SingleChoice', '["CleaningService"]', N'Khi tiến hành dọn dẹp vệ sinh chuyên sâu, việc sử dụng máy giặt áp lực cao có lợi ích gì?', 10),
('ded12ffc-1a16-4d97-b700-3d0da3b2c026', 'SingleChoice', '["CleaningService"]', N'Khi sử dụng hóa chất tẩy rửa, điều gì là quan trọng nhất để đảm bảo an toàn?', 15),
('a6303eff-6de2-41e5-8dd8-98f3fe5913c6', 'SingleChoice', '["CleaningService"]', N'Khi sử dụng máy giặt thảm, nhiệt độ nước lý tưởng để loại bỏ vết bẩn là bao nhiêu?', 5),
('6f572c6d-0eb7-4db6-bc8b-300f56aa724d', 'SingleChoice', '["CleaningService"]', N'Trong quá trình dọn dẹp, việc sử dụng máy hút bụi có túi đựng bụi có lợi ích gì?', 10),
('0043e18d-42f3-4b7f-9a5b-fb0c1fd09efc', 'SingleChoice', '["CleaningService"]', N'Khi loại bỏ vết bẩn từ nước trái cây trên thảm, bạn nên sử dụng dung dịch nào?', 15),
('a847e531-c1b3-4da3-a911-2f275c36065c', 'SingleChoice', '["CleaningService"]', N'Để làm sạch vết bẩn cà phê trên ghế vải, bạn nên sử dụng phương pháp nào?', 5),
('a721b2fe-e35c-454e-b1bc-d73090101e69', 'SingleChoice', '["CleaningService"]', N'Khi dọn dẹp nhà cửa, việc sử dụng máy hút bụi 2 trong 1 (hút khô và ướt) mang lại lợi ích gì?', 10),
('39f73747-14a9-4490-9005-603d4e6f0bd6', 'SingleChoice', '["CleaningService"]', N'Khi sử dụng hóa chất tẩy rửa, việc đeo găng tay bảo hộ có tác dụng gì?', 15),
('d87a96d8-9217-4ad4-9bbc-ab2f28ba5362', 'SingleChoice', '["CleaningService"]', N'Khi lau sàn nhà, việc sử dụng nước lau sàn có tinh dầu có lợi ích gì?', 5),
('1bb0aaac-716d-4faa-989a-1db60ba23555', 'SingleChoice', '["CleaningService"]', N'Khi dọn dẹp nhà cửa, việc sử dụng robot hút bụi mang lại lợi ích gì?', 10),
('22201ca2-b19d-43af-bdf4-abcea082ac12', 'SingleChoice', '["CleaningService"]', N'Khi vệ sinh các thiết bị điện tử, việc sử dụng dung dịch chứa cồn có tác dụng gì?', 15); 

INSERT INTO [FreelanceQuizAnswers] ([Id], [Answer], [IsCorrect], [QuestionId]) VALUES
('03c3cff7-97ea-404d-8c01-84ec3fd4fb37', N'Xà phòng nhẹ', 1, '67288740-05a6-424b-b17e-fef98af1d0a1'),
('abb42334-378c-4e96-8419-1aab69373260', N'Dầu gội', 0, '67288740-05a6-424b-b17e-fef98af1d0a1'),
('548c9e11-b6f1-4abd-afd3-b68579b123a1', N'Chất tẩy rửa mạnh', 0, '67288740-05a6-424b-b17e-fef98af1d0a1'),
('0ca6d0bf-468b-4d96-a8a0-a5cee072341e', N'Nước lau sàn', 0, '67288740-05a6-424b-b17e-fef98af1d0a1'),
('3b262c8f-e830-415d-a555-cf878f9ef9cb', N'Sử dụng chất tẩy rửa mạnh', 0, '3944b436-e021-4036-818b-f5d4dce36964'),
('db3e0f22-d01a-49ab-a7f6-f04066bbc89e', N'Cạo bằng dao', 0, '3944b436-e021-4036-818b-f5d4dce36964'),
('059037e4-c909-4714-ba79-03b81e2e5df1', N'Ngâm nước ấm và chà bằng bàn chải cứng', 1, '3944b436-e021-4036-818b-f5d4dce36964'),
('0aaeba76-76cc-4a5a-aebb-85b735fa3676', N'Để yên vết bẩn', 0, '3944b436-e021-4036-818b-f5d4dce36964'),
('a7d6de63-3b03-4e82-b5c8-9ad2988b80a0', N'Bồn tắm - Gương - Bồn vệ sinh - Sàn nhà', 1, '47c556bd-f7c7-41aa-bb3d-36ee9b3bf178'),
('cf76f389-c0bf-46ef-adfd-c20f0ad2d8ad', N'Bồn vệ sinh - Gương - Bồn tắm - Sàn nhà', 0, '47c556bd-f7c7-41aa-bb3d-36ee9b3bf178'),
('7b4e8ca5-eeed-4932-a94a-b82cfbb21858', N'Sàn nhà - Bồn tắm - Gương - Bồn vệ sinh', 0, '47c556bd-f7c7-41aa-bb3d-36ee9b3bf178'),
('90a4e9d7-4769-4111-ba74-16133cd2215c', N'Gương - Bồn tắm - Bồn vệ sinh - Sàn nhà', 0, '47c556bd-f7c7-41aa-bb3d-36ee9b3bf178'),
('c836e328-d4c6-47be-966c-3cdeb71e8b86', N'Sử dụng chất tẩy rửa chuyên dụng', 1, 'e5628eea-0c08-4595-bfb1-17491e634728'),
('7d548a56-36de-4bfd-acbe-de959c7ad9fc', N'Cạo bằng dao', 0, 'e5628eea-0c08-4595-bfb1-17491e634728'),
('96d67ec5-a9a7-496e-9b39-962ea66c6f14', N'Sử dụng giấm', 0, 'e5628eea-0c08-4595-bfb1-17491e634728'),
('4ffa970a-4827-47af-b444-be375ce501a9', N'Để yên vết bẩn', 0, 'e5628eea-0c08-4595-bfb1-17491e634728'),
('f366ad24-d27c-4a73-a410-7530940fd1ef', N'Tháo ráy nước đông đá, lau dọn bên trong và bên ngoài, vệ sinh dây điện', 1, '6dcc10fe-febe-406d-a198-8d7181469770'),
('86e5860d-f9e5-4733-b3c5-c7a0eb5c415c', N'Chỉ lau dọn bên trong', 0, '6dcc10fe-febe-406d-a198-8d7181469770'),
('7315f3a7-c1d1-4143-95c2-cb12bb21915b', N'Chỉ lau dọn bên ngoài', 0, '6dcc10fe-febe-406d-a198-8d7181469770'),
('d6102dad-f829-47fa-aa57-2543a2a7fe57', N'Không cần làm gì', 0, '6dcc10fe-febe-406d-a198-8d7181469770'),
('c8472186-667c-4bc7-81e8-bb003945d46a', N'Hút bụi thường xuyên và sử dụng máy giặt thảm định kỳ', 1, 'ee65375a-99d5-4df1-9b44-2b4c6b3ec0ab'),
('9f8407c1-b15f-4f74-be62-20c067fc30d1', N'Quét bằng chổi', 0, 'ee65375a-99d5-4df1-9b44-2b4c6b3ec0ab'),
('5e8d3692-6cc3-4b16-b7f5-749ec7f83303', N'Lau bằng khăn ẩm', 0, 'ee65375a-99d5-4df1-9b44-2b4c6b3ec0ab'),
('84c737a4-8b86-48de-9412-089ac09bbfa9', N'Không cần làm gì', 0, 'ee65375a-99d5-4df1-9b44-2b4c6b3ec0ab'),
('c144254d-ebf6-42eb-894c-fa9aac6a9e46', N'Sử dụng miếng bọt biển và xà phòng lau nhẹ nhàng', 1, '78cefe7b-4b4b-4d46-b34b-2cf33874f20e'),
('f77da664-be94-4c0c-be6d-a07aaae18d2f', N'Cạo bằng dao', 0, '78cefe7b-4b4b-4d46-b34b-2cf33874f20e'),
('828dd97c-688f-4df2-ba47-5c2bfb9478e9', N'Lau bằng khăn ẩm', 0, '78cefe7b-4b4b-4d46-b34b-2cf33874f20e'),
('f1114a70-d7ee-45b1-ac1b-c86fab324c3a', N'Để yên vết bẩn', 0, '78cefe7b-4b4b-4d46-b34b-2cf33874f20e'),
('4a39f1f2-79cf-48b3-9c62-bdbc23e10c2c', N'Quét và lau bằng dung dịch vệ sinh gỗ nhẹ', 1, 'e3cf3e5f-7e9e-4001-9f10-d2ec901500cc'),
('ad5a0927-935a-4405-a843-34157c0b05f8', N'Sử dụng chất tẩy rửa mạnh', 0, 'e3cf3e5f-7e9e-4001-9f10-d2ec901500cc'),
('7d2b0f70-aec9-4e4c-b154-514cdb4a1a14', N'Lau bằng khăn ẩm', 0, 'e3cf3e5f-7e9e-4001-9f10-d2ec901500cc'),
('d0601a95-558f-440f-9a02-ac5c15579098', N'Không cần làm gì', 0, 'e3cf3e5f-7e9e-4001-9f10-d2ec901500cc'),
('fd608445-4c14-4fb4-8402-932c2e6d3ecc', N'Sử dụng dung dịch lau kính chuyên dụng', 1, 'f1c0946e-2822-4b6f-90d5-a6ac4d6f6e27'),
('30cae213-8cfa-4268-8c6e-0fe62924e8e3', N'Lau bằng khăn khô', 0, 'f1c0946e-2822-4b6f-90d5-a6ac4d6f6e27'),
('f137e78e-5410-4cf9-a3f5-dd220d952112', N'Sử dụng giấm', 0, 'f1c0946e-2822-4b6f-90d5-a6ac4d6f6e27'),
('ba2b1b72-31ff-4eeb-82bd-d275a7fa6269', N'Để yên vết bẩn', 0, 'f1c0946e-2822-4b6f-90d5-a6ac4d6f6e27'),
('d036d7f2-8032-49d2-a57b-b471656e4ad2', N'Hút bụi thường xuyên và sử dụng máy giặt ghế định kỳ', 1, '0b210ebb-013a-4539-9de3-854738afcb84'),
('87ca6911-904b-4b72-8681-8087d4a9b31a', N'Lau bằng khăn ẩm', 0, '0b210ebb-013a-4539-9de3-854738afcb84'),
('c07a1c1e-b3ca-48aa-adf1-1e42fd58715e', N'Sử dụng chất tẩy rửa mạnh', 0, '0b210ebb-013a-4539-9de3-854738afcb84'),
('250e06e6-eb8d-4f05-be6c-2bb2d22099ab', N'Không cần làm gì', 0, '0b210ebb-013a-4539-9de3-854738afcb84'),
('8d93fe8d-6e57-489e-9c66-46eaf250689d', N'Sử dụng chất tẩy rửa nhẹ và miếng bọt biển', 1, '00824515-b479-4500-b556-1b70fd89f0d8'),
('fcf50853-a2b6-4a24-822f-ad3658336808', N'Cạo bằng dao', 0, '00824515-b479-4500-b556-1b70fd89f0d8'),
('19b3c564-a2cd-434d-92c0-4dfc281f8084', N'Sử dụng chất tẩy rửa mạnh', 0, '00824515-b479-4500-b556-1b70fd89f0d8'),
('f0369ade-b985-4630-8113-33517e9519c0', N'Để yên vết bẩn', 0, '00824515-b479-4500-b556-1b70fd89f0d8'),
('ae9b0c59-0e5a-46a1-a9ac-5f8963a3cfa8', N'Tháo rèm và giặt máy hoặc giặt tay', 1, 'f03dd804-12ef-4c54-8c0a-25d735b8e6d1'),
('6027298f-addd-423e-8fea-4014394b0de1', N'Lau bằng khăn ẩm', 0, 'f03dd804-12ef-4c54-8c0a-25d735b8e6d1'),
('7e6d6dd8-165b-4a91-928b-ee1fd689fe1e', N'Sử dụng chất tẩy rửa mạnh', 0, 'f03dd804-12ef-4c54-8c0a-25d735b8e6d1'),
('8a388dc4-36a0-478f-8607-8c68ef5fa197', N'Không cần làm gì', 0, 'f03dd804-12ef-4c54-8c0a-25d735b8e6d1'),
('bf2ef549-b8bc-48b5-8e49-4bd65549b21a', N'Ngâm trong dung dịch nước nóng và xà phòng', 1, '5033c701-be3f-4fe8-910a-34f760d7b67f'),
('4ee890cb-22bf-4f9a-b636-e816f534c685', N'Lau bằng khăn khô', 0, '5033c701-be3f-4fe8-910a-34f760d7b67f'),
('96297edf-7ce2-449a-9dd9-fc9062523f5f', N'Sử dụng chất tẩy rửa mạnh', 0, '5033c701-be3f-4fe8-910a-34f760d7b67f'),
('6b539a7d-d2bb-4d11-89b5-bb9c3c4a1151', N'Không cần làm gì', 0, '5033c701-be3f-4fe8-910a-34f760d7b67f'),
('736de3a2-2c43-492e-b182-ebd8edced79f', N'Sử dụng dung dịch vệ sinh gỗ chuyên dụng', 1, '19a1156f-a0b2-42da-b702-b3efd6e2392e'),
('d6b3a3f6-a20c-4c84-9fa5-2f4dd96c2f18', N'Lau bằng khăn ẩm', 0, '19a1156f-a0b2-42da-b702-b3efd6e2392e'),
('f6f318b9-e128-4836-8e9c-02d4f5245331', N'Sử dụng chất tẩy rửa mạnh', 0, '19a1156f-a0b2-42da-b702-b3efd6e2392e'),
('596c0e3b-b0d4-4786-b77e-abc0814e57f5', N'Không cần làm gì', 0, '19a1156f-a0b2-42da-b702-b3efd6e2392e'),
('26ea3a69-4956-44ba-865d-be902e26ce94', N'Vòi nước', 1, '89531e8e-fda6-4b16-a15a-311e77d0d0e8'),
('72b1431d-6dcf-466c-9540-165b36d2fd16', N'Sàn nhà', 0, '89531e8e-fda6-4b16-a15a-311e77d0d0e8'),
('b7516117-1447-43cd-8efb-69f1ebe34a4a', N'Tủ dưới', 0, '89531e8e-fda6-4b16-a15a-311e77d0d0e8'),
('8a217ac1-04c8-4e2c-b69e-2db1bc5a7614', N'Không quan trọng', 0, '89531e8e-fda6-4b16-a15a-311e77d0d0e8'),
('c82b3884-808e-4b02-8b78-cde452b90fdd', N'Sử dụng dung dịch vệ sinh chuyên dụng', 1, '5c7bcedc-5488-4fe6-856d-6a06a9479777'),
('56df23ad-e763-4d56-93ee-063e4b292b8d', N'Cạo bằng dao', 0, '5c7bcedc-5488-4fe6-856d-6a06a9479777'),
('9a888edf-fb5f-4681-bccb-b34fed2bdf55', N'Lau bằng khăn ẩm', 0, '5c7bcedc-5488-4fe6-856d-6a06a9479777'),
('a7418d48-4828-4eee-b441-174bce3eb914', N'Để yên vết bẩn', 0, '5c7bcedc-5488-4fe6-856d-6a06a9479777'),
('d63f67fc-e2c0-42c7-8a9f-5ff5b0e8ff80', N'Sử dụng dung dịch giấm và muối', 1, 'a5415c36-d0f6-4635-b572-6cfa0daa97cb'),
('6805fccb-0297-4a78-a8ad-a56c7751decc', N'Lau bằng khăn ẩm', 0, 'a5415c36-d0f6-4635-b572-6cfa0daa97cb'),
('8eaaef27-6c4e-40b2-b7c6-154e34c83da0', N'Sử dụng chất tẩy rửa mạnh', 0, 'a5415c36-d0f6-4635-b572-6cfa0daa97cb'),
('6bc58757-13b3-498a-8905-0e84ca195a0d', N'Không cần làm gì', 0, 'a5415c36-d0f6-4635-b572-6cfa0daa97cb'),
('7dc51911-a809-41ae-bbed-f15645c9cf05', '1:3', 0, '8ab6cfc4-c3df-4910-a279-97889d867150'),
('eebf69dc-7c0a-4054-b5c8-f3a357acccc9', '1:1', 0, '8ab6cfc4-c3df-4910-a279-97889d867150'),
('d23cd714-57b7-4fac-a56e-83f8701de977', '1:10', 1, '8ab6cfc4-c3df-4910-a279-97889d867150'),
('9101c429-c61c-43ef-972c-45064313bd84', '1:20', 0, '8ab6cfc4-c3df-4910-a279-97889d867150'),
('ced3fd2c-9f50-4dbe-9f21-afbb8d9cf9e0', N'Sử dụng chất tẩy rửa chuyên dụng', 1, '858cb286-84ea-49a4-a414-e576a989770e'),
('7c01e4e9-78cf-4401-81ef-7ce496b13f93', N'Lau bằng khăn ẩm', 0, '858cb286-84ea-49a4-a414-e576a989770e'),
('27068738-06e6-481b-8341-23aa20fa6428', N'Sử dụng chất tẩy rửa mạnh', 0, '858cb286-84ea-49a4-a414-e576a989770e'),
('0c2aed64-4438-426a-a73a-2ba7615a0170', N'Không cần làm gì', 0, '858cb286-84ea-49a4-a414-e576a989770e'),
('8f16ea4d-1d42-4ad0-b924-5b041dc05c33', N'Sử dụng bàn chải cứng và chất tẩy rửa nhẹ', 1, '0137cf8c-f0c4-4421-8999-012bda947e8c'),
('7c9c6af3-ffd2-4cac-8695-7c230f4b2c93', N'Cạo bằng dao', 0, '0137cf8c-f0c4-4421-8999-012bda947e8c'),
('1b53e474-766d-4b02-98a2-cc56ae582553', N'Lau bằng khăn ẩm', 0, '0137cf8c-f0c4-4421-8999-012bda947e8c'),
('4494af45-b052-4134-9556-cbebc4a1cd5c', N'Để yên vết bẩn', 0, '0137cf8c-f0c4-4421-8999-012bda947e8c'),
('04265f52-0ccd-4c3a-9e73-b7af2819e7d8', N'Sử dụng dung dịch oxy già', 1, 'f827c87d-bb27-4e69-8cc8-0d33617edfea'),
('34895701-a93a-43a6-9f98-952f14305d84', N'Lau bằng khăn ẩm', 0, 'f827c87d-bb27-4e69-8cc8-0d33617edfea'),
('88907c73-1730-4f34-9c2e-9d0fe54d0130', N'Sử dụng chất tẩy rửa mạnh', 0, 'f827c87d-bb27-4e69-8cc8-0d33617edfea'),
('4ab42b93-58f3-4b11-9513-44de50ec9315', N'Không cần làm gì', 0, 'f827c87d-bb27-4e69-8cc8-0d33617edfea'),
('7bde718c-8e3b-47e0-977c-90561acddafa', N'Sử dụng dung dịch giấm và nước ấm', 1, 'cf5a563f-f592-4838-b65e-77c1b9f9e2ba'),
('70a227d7-311f-4854-abaa-adb04f501c03', N'Lau bằng khăn khô', 0, 'cf5a563f-f592-4838-b65e-77c1b9f9e2ba'),
('e1248fad-83dd-4c38-884a-e7086fac1605', N'Sử dụng chất tẩy rửa mạnh', 0, 'cf5a563f-f592-4838-b65e-77c1b9f9e2ba'),
('a8776f9e-41bf-4290-a407-bec27c8b9bf0', N'Không cần làm gì', 0, 'cf5a563f-f592-4838-b65e-77c1b9f9e2ba'),
('965f9c1c-7d0b-453c-aff1-4625c81b932d', N'Hút bụi thường xuyên và sử dụng máy giặt đệm định kỳ', 1, 'ff7f1cbe-0ead-4531-810c-7c5fac36c383'),
('fb080d8f-cbd5-454d-86c1-58df7857a4fb', N'Lau bằng khăn ẩm', 0, 'ff7f1cbe-0ead-4531-810c-7c5fac36c383'),
('1c921025-96d4-43a8-b6e9-517161730409', N'Sử dụng chất tẩy rửa mạnh', 0, 'ff7f1cbe-0ead-4531-810c-7c5fac36c383'),
('07d9e5ab-a3c7-4c74-af68-6ed2d0507b3e', N'Không cần làm gì', 0, 'ff7f1cbe-0ead-4531-810c-7c5fac36c383'),
('11f9c70c-3c93-4065-a0b8-7e28d34744c0', N'Sử dụng dung dịch tẩy rửa chuyên dụng', 1, 'a54ba14a-81fc-42cc-b7ef-5e7667fe72ae'),
('647cb4ba-f84f-4bb2-bb1f-862c4abef956', N'Cạo bằng dao', 0, 'a54ba14a-81fc-42cc-b7ef-5e7667fe72ae'),
('1003a6a2-454b-48cc-bc9e-492a2901851a', N'Lau bằng khăn ẩm', 0, 'a54ba14a-81fc-42cc-b7ef-5e7667fe72ae'),
('d4bc9e3b-782c-4dfb-8421-21c1a4b85af0', N'Để yên vết bẩn', 0, 'a54ba14a-81fc-42cc-b7ef-5e7667fe72ae'),
('a70a6190-4f9e-4c86-a284-8e56992df66b', N'Sử dụng dung dịch vệ sinh da chuyên dụng', 1, 'b0a83211-9e6b-4bab-800e-c9ac9d9d674f'),
('024a6c61-abd8-4022-8a35-7289fee5d316', N'Lau bằng khăn ẩm', 0, 'b0a83211-9e6b-4bab-800e-c9ac9d9d674f'),
('ce2705a2-3e8d-4a7b-866d-b0533e909c03', N'Sử dụng chất tẩy rửa mạnh', 0, 'b0a83211-9e6b-4bab-800e-c9ac9d9d674f'),
('3da67c80-926c-4648-b218-a98af654f4d5', N'Không cần làm gì', 0, 'b0a83211-9e6b-4bab-800e-c9ac9d9d674f'),
('ee0919c6-ac85-4aa6-97ae-2463927f9365', N'Dọn dẹp giường đệm - Lau chùi đồ nội thất - Quét và lau sàn nhà', 1, 'e39ee144-ea2f-4c06-87f1-f34f2ae7eb79'),
('c6e0f8c4-ac79-492a-bf1c-4adcdc652622', N'Quét và lau sàn nhà - Dọn dẹp giường đệm - Lau chùi đồ nội thất', 0, 'e39ee144-ea2f-4c06-87f1-f34f2ae7eb79'),
('e8f6e30a-1d50-4414-94e5-c67188e06735', N'Lau chùi đồ nội thất - Dọn dẹp giường đệm - Quét và lau sàn nhà', 0, 'e39ee144-ea2f-4c06-87f1-f34f2ae7eb79'),
('ab57778c-4a2b-404a-9a75-691d888948b8', N'Không quan trọng', 0, 'e39ee144-ea2f-4c06-87f1-f34f2ae7eb79'),
('0a3a049a-3b74-4b8b-ad81-6abce8c75366', N'Lau chùi bề mặt và dụng cụ bằng dung dịch vệ sinh chuyên dụng', 1, '2383c731-5ec2-4647-8231-f2ca72e6742e'),
('45497abe-6eb4-4ed1-82e2-fa1c5c65562c', N'Quét và lau sàn nhà', 0, '2383c731-5ec2-4647-8231-f2ca72e6742e'),
('3b27192f-6190-4d2a-b195-a25f5c8106b1', N'Sử dụng chất tẩy rửa mạnh', 0, '2383c731-5ec2-4647-8231-f2ca72e6742e'),
('a089fe76-e666-4e0a-bbee-d26c80597f9b', N'Không cần làm gì', 0, '2383c731-5ec2-4647-8231-f2ca72e6742e'),
('5a8c1151-2243-4e74-a1dd-dba3b45c0603', N'Sử dụng bàn chải mềm và dung dịch xà phòng nhẹ', 1, '0c0dd1a7-b380-4a53-b964-183b5266af0b'),
('2c30befb-359e-40ab-9952-ca10fd9bbb72', N'Lau bằng khăn ẩm', 0, '0c0dd1a7-b380-4a53-b964-183b5266af0b'),
('c9eed345-67ed-40fa-ab44-4e53e1bb8b19', N'Sử dụng chất tẩy rửa mạnh', 0, '0c0dd1a7-b380-4a53-b964-183b5266af0b'),
('bb747b22-9538-43ea-8205-ece07ada6997', N'Không cần làm gì', 0, '0c0dd1a7-b380-4a53-b964-183b5266af0b'),
('a0163c59-90d5-4e42-ada9-2fc0800ff4a4', N'Sử dụng nước ấm và xà phòng nhẹ', 1, '1abb99c3-0acb-4a7f-84bf-f4e53e66cf3d'),
('7a078cb7-4826-48ad-b06b-4e2ca7e93be2', N'Lau bằng khăn khô', 0, '1abb99c3-0acb-4a7f-84bf-f4e53e66cf3d'),
('21148ec5-a90c-415a-85d7-c45e78956d0a', N'Sử dụng chất tẩy rửa mạnh', 0, '1abb99c3-0acb-4a7f-84bf-f4e53e66cf3d'),
('279ca0e4-796d-4156-a573-9c6507d86073', N'Không cần làm gì', 0, '1abb99c3-0acb-4a7f-84bf-f4e53e66cf3d'),
('7d43e067-e2d9-4a09-8bc1-a89bee0faa01', N'Sử dụng máy hút bụi và chất tẩy rửa chuyên dụng', 1, '904bffb9-80d5-4381-9916-938fa707bca1'),
('7ea1a63b-8c7f-476b-aae2-388e29e4396f', N'Lau bằng khăn ẩm', 0, '904bffb9-80d5-4381-9916-938fa707bca1'),
('c0011dfd-ace0-4d4b-bb96-aea59ff198e3', N'Sử dụng chất tẩy rửa mạnh', 0, '904bffb9-80d5-4381-9916-938fa707bca1'),
('19315982-52e4-4204-9ab8-71c9c3ae6809', N'Không cần làm gì', 0, '904bffb9-80d5-4381-9916-938fa707bca1'),
('d0568768-97e2-4b2c-b24a-38909773c1a7', N'Sử dụng dung dịch tẩy rửa chuyên dụng', 1, '163a9b0d-1e79-4ef7-9730-780c2c22114b'),
('058b217c-0dd1-441f-8fe3-b02a8ebc385a', N'Cạo bằng dao', 0, '163a9b0d-1e79-4ef7-9730-780c2c22114b'),
('9169bd25-e163-4df7-81fd-278406af914d', N'Lau bằng khăn ẩm', 0, '163a9b0d-1e79-4ef7-9730-780c2c22114b'),
('3d737ad6-b4c8-4b73-b79f-b742648e089e', N'Để yên vết bẩn', 0, '163a9b0d-1e79-4ef7-9730-780c2c22114b'),
('6b289cdf-a2ac-4d28-9a1c-f3133e43218b', N'Sử dụng dung dịch tẩy rửa nhẹ', 1, 'a24626eb-1174-4a67-b3f7-690d38bdf61e'),
('2d0303e3-4704-452c-9993-c4b537520502', N'Lau bằng khăn khô', 0, 'a24626eb-1174-4a67-b3f7-690d38bdf61e'),
('a94e0e4b-12f2-4847-9d9f-caf46dcfcbd9', N'Sử dụng chất tẩy rửa mạnh', 0, 'a24626eb-1174-4a67-b3f7-690d38bdf61e'),
('3d0c419a-847b-4479-a544-6d8a97b35848', N'Không cần làm gì', 0, 'a24626eb-1174-4a67-b3f7-690d38bdf61e'),
('e4c076b4-42bf-48fd-b2dc-34b54081f2c9', N'Dọn dẹp đồ nội thất', 1, '1d4c1ccc-5d7c-4441-85f2-23f9d9d5ace4'),
('2a0101a6-45a6-4aed-8e62-db1ed5118a81', N'Quét và lau sàn nhà', 0, '1d4c1ccc-5d7c-4441-85f2-23f9d9d5ace4'),
('7a958c1e-6557-49d7-9917-f48e8c4f666c', N'Lau chùi bàn trà', 0, '1d4c1ccc-5d7c-4441-85f2-23f9d9d5ace4'),
('5fa2d5a2-cf79-4be5-bf17-530e8eb93bc4', N'Không quan trọng', 0, '1d4c1ccc-5d7c-4441-85f2-23f9d9d5ace4'),
('4c9d7d39-ca49-47f8-94fd-214cee314741', N'Sử dụng dung dịch giấm và nước ấm', 1, '5428ce51-f2fc-41c9-ba14-119bca638d63'),
('58913d05-49a8-4512-977a-cdc2e7aa79ce', N'Lau bằng khăn khô', 0, '5428ce51-f2fc-41c9-ba14-119bca638d63'),
('0275ab6c-7178-4776-9c6a-2cc628c1ba44', N'Sử dụng chất tẩy rửa mạnh', 0, '5428ce51-f2fc-41c9-ba14-119bca638d63'),
('1b64ca32-dae5-4278-9a5e-02dcbf233112', N'Không cần làm gì', 0, '5428ce51-f2fc-41c9-ba14-119bca638d63'),
('1cf705b8-96a2-47ea-a13d-a68463a1cf27', N'Dọn dẹp kính trước', 1, '5586f8e9-30ca-4efe-aff9-88f668e7020e'),
('fb5524e5-4dbe-4981-9e87-d4eb57146a1d', N'Dọn dẹp khung cửa trước', 0, '5586f8e9-30ca-4efe-aff9-88f668e7020e'),
('3877f0f7-aff5-45a9-9f5f-5ccacddb6c6c', N'Dọn dẹp rèm cửa trước', 0, '5586f8e9-30ca-4efe-aff9-88f668e7020e'),
('20d95f6d-4434-468e-b0fe-d9f7811c315d', N'Dọn dẹp sàn nhà trước', 0, '5586f8e9-30ca-4efe-aff9-88f668e7020e'),
('04ad48c1-a198-49fb-aa66-a41dd786226f', N'Giat thảm', 0, '76a9fd5b-98eb-4372-a4d1-7088bd734692'),
('41483354-ec0b-448e-997e-80a238bafee0', N'Hút bụi thảm', 1, '76a9fd5b-98eb-4372-a4d1-7088bd734692'),
('5ec81be1-f646-4ee2-8b80-53ebb3ad1389', N'Lau thảm', 0, '76a9fd5b-98eb-4372-a4d1-7088bd734692'),
('1ccd2924-3c78-4d61-90e9-8c2037684994', N'Tẩy vết bẩn trên thảm', 0, '76a9fd5b-98eb-4372-a4d1-7088bd734692'),
('635745c6-1a19-4483-9e95-916f7d310bb0', N'Phòng làm việc của CEO', 0, 'f57708f3-d124-41db-bc94-9c72cdaa6f05'),
('f6452e4b-105d-4e64-85e2-719120ac5882', N'Khu vực tiếp khách', 0, 'f57708f3-d124-41db-bc94-9c72cdaa6f05'),
('3df702e7-c4da-49bf-9b6d-c43b233975b5', N'Khu vực làm việc chung', 1, 'f57708f3-d124-41db-bc94-9c72cdaa6f05'),
('1f44a6c3-2783-41be-955b-61a1d7952787', N'Khu vực bếp nhỏ', 0, 'f57708f3-d124-41db-bc94-9c72cdaa6f05'),
('3d22780c-f407-4e1b-b7ea-5c7ab98c4d43', N'Nước lã', 0, '65797fcf-b052-4efb-bd71-3eced2cc6116'),
('38e80ef1-8699-47fd-b503-6b057a84c7b6', N'Nước muối', 0, '65797fcf-b052-4efb-bd71-3eced2cc6116'),
('e83e4653-c677-41a4-81c2-3c792a5c8812', N'Nước xà phòng', 0, '65797fcf-b052-4efb-bd71-3eced2cc6116'),
('e9191010-aa70-420e-890d-3daa6617979a', N'Dung dịch chứa clo', 1, '65797fcf-b052-4efb-bd71-3eced2cc6116'),
('da32987c-53ad-4f07-b866-61e1e827bdae', N'Lau chùi sàn nhà', 0, 'd7e9a278-1e1c-4138-9eaf-93e565b9163f'),
('5c13546b-a162-4968-92a9-b8aa17cb5403', N'Làm sạch bếp', 0, 'd7e9a278-1e1c-4138-9eaf-93e565b9163f'),
('5f3f057d-2227-44a5-a4f8-5c2ebc63c5c2', N'Gom đồ dơ ra', 1, 'd7e9a278-1e1c-4138-9eaf-93e565b9163f'),
('c2991d9b-3a47-48f6-8e3e-34a1e36037cd', N'Lau chùi tường', 0, 'd7e9a278-1e1c-4138-9eaf-93e565b9163f'),
('3bcce577-3963-460d-9ea4-0bca570b4cf4', N'Sử dụng nước ấm', 0, 'ed78d759-ad05-4481-b3c4-172422f50637'),
('209ec37c-e5ca-4502-889c-75e1b5b3858f', N'Sử dụng bột soda', 1, 'ed78d759-ad05-4481-b3c4-172422f50637'),
('ff65d4fc-270f-45ea-864c-b464edd1a7a2', N'Sử dụng nước xà phòng', 0, 'ed78d759-ad05-4481-b3c4-172422f50637'),
('5e5e07aa-2e85-449f-9f23-9757d8e9f373', N'Sử dụng nước lã', 0, 'ed78d759-ad05-4481-b3c4-172422f50637'),
('7fed687b-c081-4a07-af56-c08ea69e0856', N'Găng tay cao su', 0, 'bbc5e4bb-8c97-4de4-a76c-4fb997ba7cca'),
('a343efdf-e88d-4c67-a1a4-0404f7f34f7f', N'Mặt nạ phòng độc', 1, 'bbc5e4bb-8c97-4de4-a76c-4fb997ba7cca'),
('c077e227-323e-4fae-a020-dd55fbd44765', N'Áo choàng chống nước', 0, 'bbc5e4bb-8c97-4de4-a76c-4fb997ba7cca'),
('06c5b05b-c7c6-45c1-aef2-39334971ed0e', N'Kính bảo hộ', 0, 'bbc5e4bb-8c97-4de4-a76c-4fb997ba7cca'),
('c6abc610-6893-49ca-bc5b-20bf4ab9ce4b', N'Lau chùi bằng khăn ẩm', 0, 'c31e2902-0a60-4758-b085-96cd92e8b679'),
('c41448fc-7f13-4602-a6e0-61338b5a3e1d', N'Sử dụng dung dịch chứa cồn', 1, 'c31e2902-0a60-4758-b085-96cd92e8b679'),
('371b89aa-0e61-4028-a215-c4fcbcfcc9da', N'Sử dụng nước ấm', 0, 'c31e2902-0a60-4758-b085-96cd92e8b679'),
('97fdf146-6629-4283-8afc-14a4210abc1b', N'Sử dụng bàn chải cứng', 0, 'c31e2902-0a60-4758-b085-96cd92e8b679'),
('26309319-8885-4e59-a6a0-51d8add3e2eb', N'Đảm bảo đủ lượng hóa chất', 0, 'a6fc200c-a986-4c13-8357-55a4b405099e'),
('70a304b2-d468-4ea2-87d3-6a9a2254e060', N'Sử dụng hóa chất theo hướng dẫn', 1, 'a6fc200c-a986-4c13-8357-55a4b405099e'),
('a8c37d73-22d0-436b-9926-5ad06eff3d3c', N'Thoa đều hóa chất lên bề mặt', 0, 'a6fc200c-a986-4c13-8357-55a4b405099e'),
('6f143986-da97-4a17-8bcc-386cb570d9a0', N'Sử dụng nhiều hóa chất để làm sạch tốt hơn', 0, 'a6fc200c-a986-4c13-8357-55a4b405099e'),
('fef002ca-9bc4-44ea-bf76-10be46a7c52c', N'Lụa', 0, 'b1a75244-35b3-4524-b8b8-48fe032030ff'),
('a9e79c1d-a0f9-4841-81b4-9b2e13adb533', 'Len', 0, 'b1a75244-35b3-4524-b8b8-48fe032030ff'),
('043b6c77-436d-49c9-b01d-5f8f7501c1fb', N'Nhựa PVC', 1, 'b1a75244-35b3-4524-b8b8-48fe032030ff'),
('4206e2b7-d4ca-4575-9f81-60e500deedb6', N'Bông', 0, 'b1a75244-35b3-4524-b8b8-48fe032030ff'),
('ada2520f-f3c6-46f4-9c86-02fdddefaf20', N'Nước', 0, '556969cc-5e6d-44f8-8743-94b2a9089293'),
('a0a2c897-3a03-4170-83fe-edc51527990b', N'Giấm', 0, '556969cc-5e6d-44f8-8743-94b2a9089293'),
('89f69278-002c-445b-98c2-25a89ac5b48b', N'Rượu cồn', 1, '556969cc-5e6d-44f8-8743-94b2a9089293'),
('bb7aac95-4db6-4449-89cc-f2571cb8e644', N'Dầu gội', 0, '556969cc-5e6d-44f8-8743-94b2a9089293'),
('6d37511f-b79c-42c9-a1b1-989e440ec9ff', N'Nước ấm', 0, 'a67a0c56-ea19-4c46-bcb7-4465b2829700'),
('6ff9db30-0852-4146-a0f7-478bf872803f', N'Nước lạnh', 0, 'a67a0c56-ea19-4c46-bcb7-4465b2829700'),
('526d7713-fd7d-4d7d-9b48-1530cc91cd6b', N'Dung dịch rửa bát', 0, 'a67a0c56-ea19-4c46-bcb7-4465b2829700'),
('48cd070e-d58f-482d-a3b8-c30cfe34f844', N'Nước sôi', 1, 'a67a0c56-ea19-4c46-bcb7-4465b2829700'),
('2605e0cc-8082-43c6-a35a-8951ec267b69', N'Hút bụi', 0, '0020852e-2da5-45ba-9533-4e1291434eb9'),
('3b5d1fe0-7a59-4401-b80c-9ff183c37444', N'Sử dụng bàn chải cứng', 1, '0020852e-2da5-45ba-9533-4e1291434eb9'),
('8732df51-5304-4e05-b048-4cce83e21f2a', N'Dùng máy giặt hơi nước', 0, '0020852e-2da5-45ba-9533-4e1291434eb9'),
('500d9721-4492-4bcd-9f82-1e09d1c0bf7b', N'Dùng hóa chất tẩy sạch', 0, '0020852e-2da5-45ba-9533-4e1291434eb9'),
('61d3bf81-c064-4a9d-ab23-a5717c316818', N'Bàn làm việc', 1, 'f37c6f0e-8a55-41d0-9fa9-8c6809f64254'),
('430e1da7-d625-4928-9146-cac08400012f', N'Tủ hồ sơ', 0, 'f37c6f0e-8a55-41d0-9fa9-8c6809f64254'),
('48929e28-5fe2-45c5-a477-ee6df698a856', N'Kệ sách', 0, 'f37c6f0e-8a55-41d0-9fa9-8c6809f64254'),
('524dd9b0-7db1-431a-aa98-7ee20e16f079', N'Ghế sofa', 0, 'f37c6f0e-8a55-41d0-9fa9-8c6809f64254'),
('1a7feb6f-f435-4f6c-a669-631f86f8d097', N'Sử dụng không đúng cách', 0, 'ae992f7d-9df1-4060-9897-bfdca9b0b121'),
('2775727e-85e0-4b56-902f-6a0d828b2f86', N'Sử dụng tay không', 0, 'ae992f7d-9df1-4060-9897-bfdca9b0b121'),
('1b6012fd-a31a-4610-af16-6249e360d5d5', N'Đeo găng tay bảo hộ', 1, 'ae992f7d-9df1-4060-9897-bfdca9b0b121'),
('0184085b-e7b5-40b9-9402-93ce5a56ca49', N'Không cần phải bảo vệ', 0, 'ae992f7d-9df1-4060-9897-bfdca9b0b121'),
('ab57d572-fa89-40ab-9c00-20d0d0e7c7ea', N'Dây điện', 0, '3f3d8145-4d02-48f8-9b00-4480bafe73b3'),
('9273f869-1260-47fd-826a-d603d3cf8645', N'Ổ cắm điện', 0, '3f3d8145-4d02-48f8-9b00-4480bafe73b3'),
('182cca22-b30b-49f4-a2ae-ffa35791f42f', N'Lưới lọc', 1, '3f3d8145-4d02-48f8-9b00-4480bafe73b3'),
('e06dce54-e859-4d3d-ad8d-e719423fc864', N'Dây đeo máy', 0, '3f3d8145-4d02-48f8-9b00-4480bafe73b3'),
('859c2c07-f06a-42b7-9e19-34cc9e586842', N'Dùng nước lau', 0, '72d291c4-07cd-49ea-90f0-b720c64c6237'),
('1961ac1b-46fa-481a-ba8a-52b00961ab16', N'Sử dụng hóa chất tẩy', 1, '72d291c4-07cd-49ea-90f0-b720c64c6237'),
('00812983-c2e9-41c2-9b2c-e876160c00d0', N'Phun nước sạch', 0, '72d291c4-07cd-49ea-90f0-b720c64c6237'),
('ace2a521-3daa-4bfd-97dd-47af121f5a51', N'Dùng quạt để sấy khô', 0, '72d291c4-07cd-49ea-90f0-b720c64c6237'),
('d3f87f58-0dfd-4bd2-9e02-16d9be7d6439', N'Bàn chải cứng', 1, '22d5f400-0658-4a34-8978-52b70b9cb46f'),
('b48f2a70-4e8c-4fc1-b86e-03ca6d980a2c', N'Khăn lau', 0, '22d5f400-0658-4a34-8978-52b70b9cb46f'),
('b4c67b54-33ef-4d93-8b77-4b5c75572583', N'Chổi', 0, '22d5f400-0658-4a34-8978-52b70b9cb46f'),
('8298ced1-a7ac-4fe3-8c56-92cb7f0caa79', N'Máy hút bụi', 0, '22d5f400-0658-4a34-8978-52b70b9cb46f'),
('222f63c0-3971-45bb-b82a-357e162b6107', N'Lau chùi bàn', 0, '34be2a08-08b0-4899-b82f-221183b5094a'),
('8a3694dc-e880-4045-baa1-cf74eee9391d', N'Làm sạch tủ lạnh', 0, '34be2a08-08b0-4899-b82f-221183b5094a'),
('64ea1f0e-0f82-4bb7-aea9-dfe0b55bed79', N'Vệ sinh lò vi sóng', 1, '34be2a08-08b0-4899-b82f-221183b5094a'),
('848675bc-51f1-48af-bf2b-1920f3a1dad7', N'Dọn dẹp sàn nhà', 0, '34be2a08-08b0-4899-b82f-221183b5094a'),
('46e577ec-d50b-48d2-8aca-5c53e74efe93', 'Ammonia', 1, 'e5651c4e-7687-4016-8f13-b7c66cbe3b48'),
('5ad4fd12-a0be-42e9-badd-5a0d68c5cc4f', N'Nước lau kính', 0, 'e5651c4e-7687-4016-8f13-b7c66cbe3b48'),
('d3e90b1f-b635-45a6-af78-9977f4baf94e', N'Dung dịch vệ sinh đa năng', 0, 'e5651c4e-7687-4016-8f13-b7c66cbe3b48'),
('6cf939dc-d78d-42c3-99fd-981cf90bb9a8', N'Nước', 0, 'e5651c4e-7687-4016-8f13-b7c66cbe3b48'),
('3bdc1aa8-7928-4a48-9a15-4c5eeeb70b51', N'Luôn giữ máy ở chế độ cao nhất', 0, '1a58befc-695e-4ecc-929b-92b4682d0803'),
('10c49014-9db0-4ea3-ab3d-74f27654acc0', N'Kiểm tra túi hút bụi thường xuyên', 1, '1a58befc-695e-4ecc-929b-92b4682d0803'),
('af4118bc-a754-48cd-abd4-2dceda084b37', N'Sử dụng máy khi có người xung quanh', 0, '1a58befc-695e-4ecc-929b-92b4682d0803'),
('ce317550-fac5-4f8f-bd73-14be9a5a8248', N'Chỉ hút bụi trên sàn nhà', 0, '1a58befc-695e-4ecc-929b-92b4682d0803'),
('1ebc1866-60b0-4cd7-b06e-8ad5c095cee5', N'Lau bằng nước nóng', 0, 'a4d2c00c-e0a6-4b35-a6b2-aeb8ebef436e'),
('2fd30ee4-9031-49ae-9c62-9baaee99116a', N'Chà xát mạnh bằng bàn chải', 0, 'a4d2c00c-e0a6-4b35-a6b2-aeb8ebef436e'),
('9cdb31bd-ddce-4c04-891a-744887b98276', N'Sử dụng giấm trắng', 1, 'a4d2c00c-e0a6-4b35-a6b2-aeb8ebef436e'),
('d0bc5f51-e068-4a7d-ad3e-34334c194bb9', N'Phơi nắng thảm', 0, 'a4d2c00c-e0a6-4b35-a6b2-aeb8ebef436e'),
('f13cbe3a-77dd-4424-a3ae-bbe373fbe538', N'Dây điện không đủ dài', 0, '547e12a6-66e2-4558-80ff-14e62962206f'),
('a89f8463-9343-4668-901f-16bed59ca9be', N'Bình chứa bụi đầy', 1, '547e12a6-66e2-4558-80ff-14e62962206f'),
('691d58d4-e201-4607-a8de-55121e510003', N'Máy hút bụi quá mới', 0, '547e12a6-66e2-4558-80ff-14e62962206f'),
('a92eef01-2362-4be1-bfff-03d97b0c0830', N'Cần thay túi lọc', 0, '547e12a6-66e2-4558-80ff-14e62962206f'),
('3c4e088c-198b-49f3-b5ed-b6035855be4e', N'Sử dụng máy giặt hơi nước', 0, '1f86371d-dad5-4578-ab4a-9731626d1378'),
('29652215-1ab5-4145-ad07-44893cc0e178', N'Phun nước lên thảm', 0, '1f86371d-dad5-4578-ab4a-9731626d1378'),
('b6e79d1f-4e1d-46e4-9d31-e9208a3934e1', N'Sử dụng quá nhiều hóa chất tẩy', 0, '1f86371d-dad5-4578-ab4a-9731626d1378'),
('cfe92d2e-7ebd-4f6b-969a-3cae1edaf8df', N'Làm khô thảm nhanh bằng quạt', 1, '1f86371d-dad5-4578-ab4a-9731626d1378'),
('9ccef885-5df0-4970-9ce3-4cd340b1bc02', N'Khăn mềm', 0, '632009ac-92d7-4000-b761-96fb17d0e858'),
('945975c6-5751-423e-bd08-edb1038badd1', N'Rổ lau', 0, '632009ac-92d7-4000-b761-96fb17d0e858'),
('30bd9f22-05fd-4617-aac7-c4b348feb166', N'Bàn chải cứng', 0, '632009ac-92d7-4000-b761-96fb17d0e858'),
('72a6ea38-644a-4d12-858b-3b7510f5bbe6', N'Giẻ lau kính', 1, '632009ac-92d7-4000-b761-96fb17d0e858'),
('ddff6e36-c3ae-423f-9eea-7a6afb2ea697', N'Giẻ lau bông', 0, '2a393989-e832-4d66-9f07-bb615453b518'),
('5965a3f3-f940-49c2-8da2-1913fdabb84e', N'Bàn chải cứng', 1, '2a393989-e832-4d66-9f07-bb615453b518'),
('cc3f792b-66c8-4402-871c-4d5c4b671595', N'Khăn cotton', 0, '2a393989-e832-4d66-9f07-bb615453b518'),
('d2b4b43f-cc02-4026-b911-ffed883f908e', N'Bàn chải mềm', 0, '2a393989-e832-4d66-9f07-bb615453b518'),
('c0069216-4525-421a-bb63-e8ff18066b26', N'Kiểm tra nguồn nước', 0, 'ba9928dc-f214-4287-87f7-f27f317cc27c'),
('020875d9-71fe-4f83-8a90-7a55d9aa1aec', N'Sử dụng hóa chất nhiều', 0, 'ba9928dc-f214-4287-87f7-f27f317cc27c'),
('4a110e8b-4ad4-470e-be40-43af48f8aa81', N'Đảm bảo làm khô sàn', 0, 'ba9928dc-f214-4287-87f7-f27f317cc27c'),
('2b3ce474-a1f3-446c-956d-66966629fa87', N'Dọn dẹp vết trượt', 1, 'ba9928dc-f214-4287-87f7-f27f317cc27c'),
('0bf041b0-2212-4db7-859b-ee17bb36f5f9', N'Dọn dẹp nhanh chóng', 0, '272b7b8a-2142-4cfd-a5c4-981003910538'),
('4442373c-a2fd-42d8-8ebb-0e0ea3df550b', N'Không làm phiền người khác', 0, '272b7b8a-2142-4cfd-a5c4-981003910538'),
('1e1b14ff-3e8a-4837-97f1-7dc3155bea55', N'Đảm bảo an toàn cho mọi người', 1, '272b7b8a-2142-4cfd-a5c4-981003910538'),
('3b535d98-49d7-470c-b967-0ab377970ffa', N'Sử dụng nhiều hóa chất', 0, '272b7b8a-2142-4cfd-a5c4-981003910538'),
('6e687f0c-c8ed-4a12-a0ec-517cdcea9b81', N'Dùng nước nóng và xà phòng', 0, 'cafb3bb0-b105-4fdd-904f-00c66c90ed75'),
('7f11d840-8d17-4e07-9023-3639cc4f9d23', N'Sử dụng cồn', 1, 'cafb3bb0-b105-4fdd-904f-00c66c90ed75'),
('6cf73307-0a28-4fd8-989f-4e26422fc467', N'Chà xát mạnh', 0, 'cafb3bb0-b105-4fdd-904f-00c66c90ed75'),
('09e4abf1-f8a5-4685-9eea-a76b3c7b6f15', N'Phun nước áp lực cao', 0, 'cafb3bb0-b105-4fdd-904f-00c66c90ed75'),
('2116fc5b-4990-47d5-b2dd-d9eede05833b', N'Tiết kiệm thời gian', 0, '696963c0-45d8-437b-8b64-882a564276a1'),
('fd715215-1241-477e-a34c-183837c6a00d', N'Loại bỏ vi khuẩn mà không cần hóa chất', 1, '696963c0-45d8-437b-8b64-882a564276a1'),
('b3141871-72fa-468a-8e12-714c66636616', N'Tạo mùi thơm', 0, '696963c0-45d8-437b-8b64-882a564276a1'),
('848f0696-de59-4119-b7b2-07dbe778df27', N'Làm sạch không khí', 0, '696963c0-45d8-437b-8b64-882a564276a1'),
('9605547a-5a65-47e0-8335-3bd9c3d67c62', N'Máy tính', 1, 'bd76f344-b1b0-4a91-b1b8-e6330c635ba1'),
('1ba5a183-2805-4997-a4aa-84ba92a792e3', N'Bàn làm việc', 0, 'bd76f344-b1b0-4a91-b1b8-e6330c635ba1'),
('684c8b91-8c2b-4ce6-b731-108056aac30a', N'Ghế sofa', 0, 'bd76f344-b1b0-4a91-b1b8-e6330c635ba1'),
('38ce705a-8d13-4689-911b-9b8ebab363ee', N'Tủ hồ sơ', 0, 'bd76f344-b1b0-4a91-b1b8-e6330c635ba1'),
('fe40ba5f-c445-4388-a138-8e2d2f8dbac3', N'Sử dụng hóa chất tẩy sạch', 0, '9664356c-0de9-4766-a780-e8b8831f60da'),
('419a3cbe-1d0e-4fd3-ac69-54b7d7fb4c18', N'Lau ngay bằng khăn ẩm', 1, '9664356c-0de9-4766-a780-e8b8831f60da'),
('89a38d99-e913-48bb-8786-1e29b100eb7b', N'Dùng máy hút bụi', 0, '9664356c-0de9-4766-a780-e8b8831f60da'),
('e11e48d5-1d7a-4935-8ab4-2c77d76a0d31', N'Bắn nước sạch', 0, '9664356c-0de9-4766-a780-e8b8831f60da'),
('93fb97a8-e3ab-4bdf-bf4a-b758a15d505f', N'Gỗ', 0, '708f4eed-f76e-441a-9fde-456fef459c8e'),
('ebfd84df-6c5e-47a9-a09d-eb0cd5a5e0e2', N'Nhựa PVC', 1, '708f4eed-f76e-441a-9fde-456fef459c8e'),
('ab028acd-0d6a-46a2-8720-ff17b4eb6554', N'Thép', 0, '708f4eed-f76e-441a-9fde-456fef459c8e'),
('df08de3b-c3fa-48d0-b869-1264dd01b9e1', N'Kính', 0, '708f4eed-f76e-441a-9fde-456fef459c8e'),
('29e50a2f-f18d-4014-b34c-8c5dd17ade44', N'Sử dụng nước lạnh', 0, '9c671536-0c53-4b68-9a26-ec679cf641b1'),
('9c8fec01-b304-4f58-9e62-10103fea3e19', N'Sử dụng giẻ lau ẩm', 0, '9c671536-0c53-4b68-9a26-ec679cf641b1'),
('8b55ae70-9b00-45f8-9530-6d37e37e22b0', N'Chỉ sử dụng nước sôi', 0, '9c671536-0c53-4b68-9a26-ec679cf641b1'),
('5fad49f9-8c6b-4193-abd5-d3601eed8965', N'Tránh áp lực quá mạnh', 1, '9c671536-0c53-4b68-9a26-ec679cf641b1'),
('074cf26e-e9df-4f92-846f-dd9d3cc3bbc8', N'Sử dụng nước ấm', 0, 'ecb34e28-1eeb-43e7-ae8d-12411578cad6'),
('53130b18-3ab8-4c4f-8566-a1841798e45b', N'Dùng nhiều giẻ lau', 0, 'ecb34e28-1eeb-43e7-ae8d-12411578cad6'),
('cffdbad5-78a8-47b5-8615-657ae9358116', N'Đảm bảo cửa kính khô ráo', 0, 'ecb34e28-1eeb-43e7-ae8d-12411578cad6'),
('e1bdb251-3604-4ef7-962c-f1f5c1494a47', N'Chắc chắn cửa kính không rơi', 1, 'ecb34e28-1eeb-43e7-ae8d-12411578cad6'),
('a35a2a0c-a744-4901-bac9-8f9f08fa394c', N'Sử dụng hóa chất tẩy rửa mạnh nhất có thể để đảm bảo hiệu quả', 0, 'b9a76c4f-d949-4c96-b49d-7a11f5f4c2ee'),
('37f6ee15-e08b-482c-a30f-0e77e5382e72', N'Kết hợp hóa chất tẩy rửa với nước theo tỷ lệ được khuyến nghị để đảm bảo an toàn và hiệu quả', 1, 'b9a76c4f-d949-4c96-b49d-7a11f5f4c2ee'),
('5d822110-67ae-446f-b017-6c4a788be1fe', N'Sử dụng hóa chất tẩy rửa mà không cần phải kết hợp với nước', 0, 'b9a76c4f-d949-4c96-b49d-7a11f5f4c2ee'),
('a317eb36-7145-4e2b-b8d3-c3db56a6e3b0', N'Không cần phải sử dụng hóa chất tẩy rửa', 0, 'b9a76c4f-d949-4c96-b49d-7a11f5f4c2ee'),
('7c9cda73-c5f6-4abf-a8a3-4412004c9680', N'Sử dụng máy hút bụi trên mọi loại thảm mà không cần phải điều chỉnh', 0, '8c5ca585-4802-4ad6-bc4c-6ec31d007c23'),
('f3f9dc54-9a75-4541-8e20-da15ef9abd78', N'Điều chỉnh máy hút bụi để phù hợp với loại thảm cụ thể', 1, '8c5ca585-4802-4ad6-bc4c-6ec31d007c23'),
('f20c2403-6be1-49ce-b4e5-25e6f31417fd', N'Sử dụng máy hút bụi chỉ khi thảm bị bẩn nặng', 0, '8c5ca585-4802-4ad6-bc4c-6ec31d007c23'),
('cee77df1-43a2-4725-a610-da3a3580dc51', N'Không cần phải điều chỉnh máy hút bụi', 0, '8c5ca585-4802-4ad6-bc4c-6ec31d007c23'),
('c7c2cc2b-ce33-4a99-a429-cbc93315529a', N'Sử dụng dung dịch rất nhiều để đảm bảo làm sạch hoàn toàn', 0, '6096a3c5-129f-4f13-8205-5b1044c5e336'),
('93fbd591-6eef-4ce3-ab98-49bfb64a91df', N'Sử dụng dung dịch ít nhất cần thiết để tránh tạo ra các vết vón cứng đầu', 1, '6096a3c5-129f-4f13-8205-5b1044c5e336'),
('417db396-f849-4014-85f6-00a6d9bc6e5c', N'Sử dụng dung dịch mạnh hơn để tiết kiệm thời gian', 0, '6096a3c5-129f-4f13-8205-5b1044c5e336'),
('c254446e-6eff-4656-9112-f8e0956337c4', N'Không cần phải sử dụng dung dịch', 0, '6096a3c5-129f-4f13-8205-5b1044c5e336'),
('c0038d59-99ef-43b8-91a3-92a07cafc23d', N'Sử dụng bất kỳ công cụ nào có sẵn mà không cần phải quan tâm đến loại hình công việc cụ thể', 0, '8b1ee900-8c79-4ca4-aa65-fa58583762f7'),
('d8a4abd5-71e1-4c51-a8df-6b71b7e0a221', N'Chọn lựa và sử dụng công cụ phù hợp với từng loại bề mặt và mục đích dọn dẹp cụ thể', 1, '8b1ee900-8c79-4ca4-aa65-fa58583762f7'),
('6325eb9a-9893-4f83-870b-f616fd2843bf', N'Chỉ cần sử dụng một số công cụ cơ bản như chổi và khăn lau', 0, '8b1ee900-8c79-4ca4-aa65-fa58583762f7'),
('e9e8d693-6e23-41f4-980d-83c0ecf2016f', N'Không cần phải quan tâm đến việc sử dụng công cụ', 0, '8b1ee900-8c79-4ca4-aa65-fa58583762f7'),
('29ed9096-a1b2-4f01-997a-be444dc15000', N'Sử dụng bất kỳ loại vật liệu nào có sẵn mà không cần phải quan tâm đến loại cửa sổ cụ thể', 0, '9891f7a4-80f1-4c3d-84a3-99c499f0ee06'),
('e37796fc-fde5-490d-9c53-4a62bffa3b3b', N'Chọn lựa và sử dụng vật liệu lau phù hợp với loại cửa sổ và điều kiện môi trường cụ thể', 1, '9891f7a4-80f1-4c3d-84a3-99c499f0ee06'),
('5e99008f-a5f7-41ab-8752-2b7b368f7ac5', N'Chỉ cần sử dụng giẻ lau thông thường', 0, '9891f7a4-80f1-4c3d-84a3-99c499f0ee06'),
('a12932ab-d876-4d47-b9fa-33976aae0810', N'Không cần phải quan tâm đến việc sử dụng vật liệu lau', 0, '9891f7a4-80f1-4c3d-84a3-99c499f0ee06'),
('011ad0d5-125b-410e-a3d4-e8a00acfd6f5', N'Chỉ sử dụng giẻ lau khô', 0, 'd00120fa-6c0e-4015-b3b6-2a8f31085748'),
('0edbc461-dbad-484c-b8f6-73ba64bcf9fc', N'Sử dụng nước lạnh để lau', 0, 'd00120fa-6c0e-4015-b3b6-2a8f31085748'),
('12a33523-ddcd-4ac4-833e-047fc357908a', N'Tránh lau khi bề mặt cửa kính còn nước', 1, 'd00120fa-6c0e-4015-b3b6-2a8f31085748'),
('89df0a9a-9725-4b90-af8e-c0eb5334346a', N'Dùng nhiều dung dịch rửa bát', 0, 'd00120fa-6c0e-4015-b3b6-2a8f31085748'),
('082e050c-8177-4484-b938-e77f630645cc', N'Sử dụng bàn chải cứng', 0, '2dc2bc20-9502-4439-98fa-8573eb3bbca9'),
('e6648dd4-0e5b-4498-8cd0-7c98131534a5', N'Sử dụng máy hút bụi mạnh', 0, '2dc2bc20-9502-4439-98fa-8573eb3bbca9'),
('4888495d-10e9-4c33-bbb2-7b6698c03ac1', N'Thực hiện kiểm tra trước để xác định loại vết bẩn và chọn loại hóa chất phù hợp', 1, '2dc2bc20-9502-4439-98fa-8573eb3bbca9'),
('bffdac2d-1e50-49c4-bf20-2ce18e675e52', N'Không cần phải kiểm tra trước, chỉ cần sử dụng hóa chất tẩy rửa mạnh nhất có thể', 0, '2dc2bc20-9502-4439-98fa-8573eb3bbca9'),
('cfa3bcb0-5fb5-4616-a18a-44db2854fb7d', N'Sử dụng hóa chất tẩy rửa mạnh', 0, 'da4605fe-1cb4-4596-b693-d3cc3c141bed'),
('2d49f2c5-919a-47b3-b3b0-98baffb12198', N'Làm sạch kệ sách', 0, 'da4605fe-1cb4-4596-b693-d3cc3c141bed'),
('a248ee1a-646a-48fa-b72d-9b088b8f3a7f', N'Đảm bảo sàn nhà khô ráo và không trơn trượt', 1, 'da4605fe-1cb4-4596-b693-d3cc3c141bed'),
('4650ead3-827f-4dd2-b13b-de3b4b86f2ac', N'Sử dụng máy hút bụi liên tục', 0, 'da4605fe-1cb4-4596-b693-d3cc3c141bed'),
('edf7563f-76ce-456a-b1cc-9b6849b8bee9', N'Sử dụng giẻ lau ẩm', 0, '863b484a-751b-460d-bd49-1a12b062cefa'),
('2317a033-e023-46d5-b98e-79e01d68ca31', N'Sử dụng dung dịch rửa chuyên dụng', 0, '863b484a-751b-460d-bd49-1a12b062cefa'),
('9ff2ded8-70ab-4f4e-b5d9-d81fde0f7ae9', N'Lau khi bề mặt cửa sổ nóng', 1, '863b484a-751b-460d-bd49-1a12b062cefa'),
('9fb7032b-7083-4f4d-beef-45e67895bd2a', N'Sử dụng quá nhiều nước khi lau', 0, '863b484a-751b-460d-bd49-1a12b062cefa'),
('ee3baed8-6bfc-4af3-93f1-90846730e1e8', N'Không cần phải đeo găng tay', 0, '5a08721b-1d98-4cce-8117-cee6384e58f1'),
('882a6ea4-332c-4153-933d-89cdb9cf23d6', N'Sử dụng hóa chất tẩy rửa mạnh nhất có thể', 0, '5a08721b-1d98-4cce-8117-cee6384e58f1'),
('491fe177-e89f-4e42-9099-b8918619703b', N'Đeo khẩu trang khi làm việc với hóa chất độc hại', 1, '5a08721b-1d98-4cce-8117-cee6384e58f1'),
('4f56d151-40ae-4b3d-a5de-c1fa1d0c3e59', N'Làm việc trong không gian không thoáng đãng', 0, '5a08721b-1d98-4cce-8117-cee6384e58f1'),
('783369c6-f0ea-4345-891a-bb7c0a779c8d', N'Sử dụng nước lạnh', 0, 'b1939ff0-7d80-48cd-b501-f74e6cc34358'),
('3e34007d-fa48-4e4f-9b43-9f2b9126d526', N'Sử dụng dung dịch tẩy rửa chuyên dụng', 1, 'b1939ff0-7d80-48cd-b501-f74e6cc34358'),
('b30d09f7-81c1-48f8-b011-06b6fa415678', N'Chà xát bằng cồn', 0, 'b1939ff0-7d80-48cd-b501-f74e6cc34358'),
('052c5026-a3fd-4fbe-b5cc-0c0f0791cdb0', N'Để tự khô', 0, 'b1939ff0-7d80-48cd-b501-f74e6cc34358'),
('875b856c-a541-4dbf-a4f1-4f38f5f46477', N'Không quan trọng', 0, '97ef7a15-783d-4aa4-b8a6-db8409b1672d'),
('ae772ed1-5cce-4eb4-bb19-446eef12a7be', N'Chỉ quan trọng với khách hàng', 0, '97ef7a15-783d-4aa4-b8a6-db8409b1672d'),
('5ab8aa6e-03ff-412d-bf65-ead564401690', N'Quan trọng để duy trì trật tự', 1, '97ef7a15-783d-4aa4-b8a6-db8409b1672d'),
('b3f895eb-d667-42d6-bc81-c7418acf4600', N'Chỉ quan trọng khi có yêu cầu', 0, '97ef7a15-783d-4aa4-b8a6-db8409b1672d'),
('8a9f15ad-6199-4c61-b731-9cfa76faa36d', N'Không ảnh hưởng', 0, '5b187a61-1eb6-41a6-9c34-6c4f711d6e1e'),
('abca15dc-06f3-4de6-8b11-81343466f2c7', N'Làm mềm thảm', 0, '5b187a61-1eb6-41a6-9c34-6c4f711d6e1e'),
('88889b78-95c5-46df-afa4-13f11e61ac81', N'Có thể làm hỏng thảm', 1, '5b187a61-1eb6-41a6-9c34-6c4f711d6e1e'),
('d06e0b37-fed0-4a21-a06b-3eb4c4f5c0ec', N'Làm sạch hiệu quả hơn', 0, '5b187a61-1eb6-41a6-9c34-6c4f711d6e1e'),
('09e62f6f-5238-4e36-b89c-0be4695f640c', N'Giữa thảm', 0, '8241db6f-2b30-45c2-8fb6-de965c1c0214'),
('ad2c75f5-a771-49dc-914b-4d539ee3d5c0', N'Góc thảm', 0, '8241db6f-2b30-45c2-8fb6-de965c1c0214'),
('1ba09475-c264-4706-bff5-9891e778201c', N'Cạnh các cửa ra vào', 1, '8241db6f-2b30-45c2-8fb6-de965c1c0214'),
('09a09df6-c074-4593-8437-e5ffb44cd4e2', N'Dưới đồ đạc', 0, '8241db6f-2b30-45c2-8fb6-de965c1c0214'),
('da92d27f-75cf-4fa6-b0ec-c9d1bf781dfe', N'Lau chùi bề mặt', 0, 'cda5a7bd-a910-4a62-b95d-499f9a613d1d'),
('dff3bce6-f8f3-4934-95bd-91e7128afea5', N'Tháo rời đồ đạc để dọn dẹp', 1, 'cda5a7bd-a910-4a62-b95d-499f9a613d1d'),
('b64f47c0-5af8-4b81-838b-67b7fc058956', N'Phun nước rửa', 0, 'cda5a7bd-a910-4a62-b95d-499f9a613d1d'),
('6b845548-7049-4712-bd61-faa2e4f2762e', N'Dọn dẹp mặt sàn', 0, 'cda5a7bd-a910-4a62-b95d-499f9a613d1d'),
('bc4589ba-9855-4a70-b0a4-b28e75c11851', N'Sử dụng hóa chất tẩy mạnh', 1, '3414901e-40f1-4307-b00b-49d85fbb54b4'),
('2ed141cb-d7fa-4cfa-80a8-63df3e08a0ab', N'Sử dụng quá nhiều nước', 0, '3414901e-40f1-4307-b00b-49d85fbb54b4'),
('9a9fceee-50af-4798-a956-47430d8b9296', N'Sử dụng máy hút bụi thường xuyên', 0, '3414901e-40f1-4307-b00b-49d85fbb54b4'),
('427c9309-1f2b-455f-95b2-3b4bc488d1a2', N'Không thực hiện việc dọn dẹp thường xuyên', 0, '3414901e-40f1-4307-b00b-49d85fbb54b4'),
('f3882edb-714a-4bf3-95fd-21640c665507', N'Sử dụng hóa chất tẩy mạnh', 0, '55a24953-7b4a-44e9-b4bd-34318c8a7472'),
('896072f8-6958-4845-8499-f17e1960d8fc', N'Sử dụng máy hút bụi thường xuyên', 1, '55a24953-7b4a-44e9-b4bd-34318c8a7472'),
('cb0cabde-e118-4509-bc2c-ad4f1cc90e78', N'Không thực hiện việc dọn dẹp thường xuyên', 0, '55a24953-7b4a-44e9-b4bd-34318c8a7472'),
('53ccb6cb-699f-4448-9338-68d956cb9476', N'Phơi thảm ngoài nắng nhiều lần', 0, '55a24953-7b4a-44e9-b4bd-34318c8a7472'),
('f23d431a-e36c-43c2-92f8-f2c750a07bb2', N'Kệ sách', 0, '6d1eda2a-1147-4a7d-bede-2be4a84ca0da'),
('7b837d41-0960-4e83-9422-9317d77c7f77', N'Nền nhà', 0, '6d1eda2a-1147-4a7d-bede-2be4a84ca0da'),
('459822bd-beaa-4bd3-80c0-71b07c26c410', N'Cửa sổ', 0, '6d1eda2a-1147-4a7d-bede-2be4a84ca0da'),
('79e1b5e5-bbb5-4ee8-8018-ba5fce0db9bb', N'Khoang góc và các khe hở', 1, '6d1eda2a-1147-4a7d-bede-2be4a84ca0da'),
('fac713b1-16cc-49f0-bc9f-c9728016268a', N'Bàn chải cứng', 0, 'ad92bc1e-5274-496a-ad57-e98d3d1cc266'),
('96e0b68f-b1ab-433a-ba08-f15f3537e7e8', N'Giẻ lau', 1, 'ad92bc1e-5274-496a-ad57-e98d3d1cc266'),
('e3e19d2f-0034-4fca-82a4-912a3ba85424', N'Bình xịt nước', 0, 'ad92bc1e-5274-496a-ad57-e98d3d1cc266'),
('d30f40ea-ae4e-4311-b1c3-a85454cc935d', N'Máy hút bụi', 0, 'ad92bc1e-5274-496a-ad57-e98d3d1cc266'),
('454bf188-9804-490f-b145-ea105fb970a6', N'1 lần', 1, '8fc06ab2-cc73-484f-b36b-d274227df5d3'),
('5747a688-4f8d-4553-a127-321fb2a4ca9f', N'2 lần', 0, '8fc06ab2-cc73-484f-b36b-d274227df5d3'),
('9469d01f-c4ca-4e57-9555-361411de9397', N'3 lần', 0, '8fc06ab2-cc73-484f-b36b-d274227df5d3'),
('65716e3d-2d57-4d16-be6b-b7c46c9bb3eb', N'Không cần hút bụi', 0, '8fc06ab2-cc73-484f-b36b-d274227df5d3'),
('058b425e-5f07-4dcf-9ea5-29e4aa23d3c1', N'Dung dịch vệ sinh', 1, '389b3a2c-aac6-4600-b226-cb4edb775eac'),
('0cc96d69-05cd-4b2c-b0ae-ed98066a0cd8', N'Nước sạch', 0, '389b3a2c-aac6-4600-b226-cb4edb775eac'),
('23552065-4b87-4355-a0fa-dea6e1e25f09', N'Rượu cồn', 0, '389b3a2c-aac6-4600-b226-cb4edb775eac'),
('f6ffc4f3-82a6-4c13-9f94-8f7289ccee0b', N'Dầu gội', 0, '389b3a2c-aac6-4600-b226-cb4edb775eac'),
('dd79dd01-310b-4242-ad59-6ff4f555f116', N'Khăn ướt', 1, 'f9029c71-a1ca-42f7-b94e-59bba922a545'),
('f564f779-64a1-4025-9359-040d211f4fcc', N'Bàn chải cứng', 0, 'f9029c71-a1ca-42f7-b94e-59bba922a545'),
('0dae5250-2062-48f4-b3b0-5d34270195a1', N'Máy hút bụi', 0, 'f9029c71-a1ca-42f7-b94e-59bba922a545'),
('a8c25c38-e1ba-44dc-84b6-5ab505883b3f', N'Bình xịt nước', 0, 'f9029c71-a1ca-42f7-b94e-59bba922a545'),
('fca9d9bd-efb6-47df-b283-68bc856c699e', N'Làm sạch cửa sổ', 0, '8db68726-bba5-42d4-8c07-45083c1ce237'),
('54fda27f-4c2a-492c-9956-05dc91570403', N'Hút bụi', 0, '8db68726-bba5-42d4-8c07-45083c1ce237'),
('1a03bc3d-6147-44aa-97a3-1ff72757ecc5', N'Lau chùi sàn nhà', 1, '8db68726-bba5-42d4-8c07-45083c1ce237'),
('f70616af-2a32-4e1c-aff3-ae28d75d7fdf', N'Làm sạch bàn làm việc', 0, '8db68726-bba5-42d4-8c07-45083c1ce237'),
('903eee7e-66f8-42c9-8418-7fa6880cf96a', N'Loại bỏ vi khuẩn hiệu quả', 1, 'fe5face8-56e0-4385-9589-9fa8b8e7b5bd'),
('71be164e-a7b0-4180-bd17-3af866bfa5cc', N'Gây hại cho bề mặt', 0, 'fe5face8-56e0-4385-9589-9fa8b8e7b5bd'),
('9657d84c-b375-45fd-8a64-6bb0e4a3db27', N'Làm sạch không hiệu quả', 0, 'fe5face8-56e0-4385-9589-9fa8b8e7b5bd'),
('8cf494e8-8b3f-4124-854a-083ee236ad08', N'Tiết kiệm thời gian', 0, 'fe5face8-56e0-4385-9589-9fa8b8e7b5bd'),
('181dfb25-463d-4de1-9bbb-bc70bd5e17f6', N'Làm khô thảm nhanh chóng', 1, '27043273-d4e6-4aa1-a040-656069a7556f'),
('98770f4b-bb3e-4637-80c0-967c50437de1', N'Gây ra vết nhòe trên thảm', 0, '27043273-d4e6-4aa1-a040-656069a7556f'),
('f669c952-0ea2-412e-bad0-d2e237082b7c', N'Tăng cường mùi hóa chất', 0, '27043273-d4e6-4aa1-a040-656069a7556f'),
('5db2bd4c-8468-4a26-a4e9-70fb8caea5ac', N'Không có tác dụng đặc biệt', 0, '27043273-d4e6-4aa1-a040-656069a7556f'),
('ac1c8fa2-51da-4513-8084-70414c697e54', N'Nước lạnh', 0, 'db0cd21f-7634-4498-b14b-8a9d26dcb0a9'),
('2549ab40-d861-48c9-bd30-a43c05b726b8', N'Rượu cồn', 1, 'db0cd21f-7634-4498-b14b-8a9d26dcb0a9'),
('259cb998-b3f3-4988-bb2e-5e149fa29ac4', N'Dầu gội', 0, 'db0cd21f-7634-4498-b14b-8a9d26dcb0a9'),
('bc82a223-cda9-4c98-9ab0-c46302326787', N'Dung dịch rửa bát', 0, 'db0cd21f-7634-4498-b14b-8a9d26dcb0a9'),
('0232eb2c-ea70-4bca-bd03-59ffe5e9e6e3', N'Dùng ít nước nhất có thể', 1, '77c0cf65-e685-4993-9a68-243a1e4756f4'),
('3866d3a8-7453-43f7-b382-c26322b8ab30', N'Sử dụng nước nhiều để làm sạch tốt hơn', 0, '77c0cf65-e685-4993-9a68-243a1e4756f4'),
('18bec245-5f6c-44f9-aa4b-0c897411f0e8', N'Sử dụng hóa chất tẩy rửa mạnh', 0, '77c0cf65-e685-4993-9a68-243a1e4756f4'),
('800ad425-5aed-441d-813e-b777fff473fd', N'Không cần phải hút bụi trước khi làm sạch', 0, '77c0cf65-e685-4993-9a68-243a1e4756f4'),
('f1ad3d17-1e65-4cf7-964c-afbe9fffeef1', N'Tạo ra mùi hóa chất khó chịu', 0, 'aab292de-5033-4f6b-a6bc-588befed2163'),
('1551eb78-c5c3-4ddc-885e-7e0d7adc9023', N'Bảo vệ da tay khỏi các chất tẩy rửa mạnh', 1, 'aab292de-5033-4f6b-a6bc-588befed2163'),
('a422aa74-3c1c-4cf5-92cd-3b7d93312a8e', N'Gây khó khăn khi làm việc', 0, 'aab292de-5033-4f6b-a6bc-588befed2163'),
('ff0f811b-c61f-4ce2-a2cc-5ddd89697684', N'Làm giảm sức mạnh của tay', 0, 'aab292de-5033-4f6b-a6bc-588befed2163'),
('786095d1-2578-4f1a-a0ab-d7503f7f7c9b', N'Dùng nước lau', 0, 'ed741a45-cac4-4e07-84b5-68d7429036d7'),
('7d40f2d8-f29e-4fa8-b519-4c7b115b11f8', N'Sử dụng hóa chất tẩy', 1, 'ed741a45-cac4-4e07-84b5-68d7429036d7'),
('c4112c2d-635f-453e-946e-0be661b94105', N'Phun nước sạch', 0, 'ed741a45-cac4-4e07-84b5-68d7429036d7'),
('60d469b5-335c-41f0-bd50-99538c39b91a', N'Dùng quạt để sấy khô', 0, 'ed741a45-cac4-4e07-84b5-68d7429036d7'),
('83741efa-8be9-4573-b35e-d9191d23a584', N'Vải cotton', 0, 'ac7ca2ee-fbd6-41bc-9b64-a2b9e76db1bc'),
('4ac596e9-6ab6-4ac6-b9e7-f75b7ddcef7d', N'Vải len', 0, 'ac7ca2ee-fbd6-41bc-9b64-a2b9e76db1bc'),
('358255ac-cb12-40d4-83c9-a8199a3e12e6', N'Vải microfiber', 1, 'ac7ca2ee-fbd6-41bc-9b64-a2b9e76db1bc'),
('e2e3ace8-7383-4a1d-9160-c317dc17ebe1', N'Vải polyester', 0, 'ac7ca2ee-fbd6-41bc-9b64-a2b9e76db1bc'),
('63f736fc-c318-4a2c-b84c-66a13cf4e663', N'Làm sạch nhanh chóng và hiệu quả', 1, '9ef27ab9-3d8d-4fee-8f57-4d437b323f58'),
('ea52f53f-ec64-4fd3-b4b7-d480512af3c2', N'Tiết kiệm nước', 0, '9ef27ab9-3d8d-4fee-8f57-4d437b323f58'),
('c2938c09-4e6a-45da-9e57-eb48b86fbf89', N'Không cần sử dụng hóa chất', 0, '9ef27ab9-3d8d-4fee-8f57-4d437b323f58'),
('fbcf921e-2b7a-4e83-a9ff-dad6da912992', N'Làm sạch không khí', 0, '9ef27ab9-3d8d-4fee-8f57-4d437b323f58'),
('69aaaa08-065e-4817-8d53-1674166aad57', N'Đọc hướng dẫn sử dụng', 1, '02b7f0ed-2a05-4368-b90a-42f4d3ca7c45'),
('da88011e-1558-4ef1-939e-a3032ebc2645', N'Sử dụng với số lượng lớn', 0, '02b7f0ed-2a05-4368-b90a-42f4d3ca7c45'),
('4e7a3b53-6649-4cd4-b8c5-674fbb0b5ff1', N'Chỉ sử dụng trong nhà', 0, '02b7f0ed-2a05-4368-b90a-42f4d3ca7c45'),
('13fcdae7-1c47-4404-97ad-6dc54fbc163c', N'Sử dụng nhanh chóng', 0, '02b7f0ed-2a05-4368-b90a-42f4d3ca7c45'),
('16e8697c-391e-41e6-a1de-58c1fc01323c', N'Nước lạnh', 0, '37e8f137-b4b4-4db1-9e26-e052c2d9f919'),
('3268fdc9-d933-43b9-9ef5-b442a4b131a1', N'Nước ấm', 1, '37e8f137-b4b4-4db1-9e26-e052c2d9f919'),
('9a72c8d5-3893-414e-9e37-bc17dd4303ea', N'Nước nóng', 0, '37e8f137-b4b4-4db1-9e26-e052c2d9f919'),
('95d5de33-b160-48e5-8052-90d0956def1d', N'Nhiệt độ phòng', 0, '37e8f137-b4b4-4db1-9e26-e052c2d9f919'),
('549b16d9-c952-4739-8654-0711d7c08549', N'Dễ dàng vệ sinh máy', 1, 'b58eb1e7-6179-4824-890e-6436ccb1affa'),
('1ca8deb1-fa16-4163-8ada-0c65eadb97e2', N'Hút bụi hiệu quả hơn', 0, 'b58eb1e7-6179-4824-890e-6436ccb1affa'),
('b98ae5e7-2953-45ed-a1f8-89faf842ca45', N'Tiết kiệm điện năng', 0, 'b58eb1e7-6179-4824-890e-6436ccb1affa'),
('a3ee37fe-5c2c-4705-a506-54134e08a0cd', N'Không cần thay túi thường xuyên', 0, 'b58eb1e7-6179-4824-890e-6436ccb1affa'),
('76ca52d3-d4ba-4a30-bc08-46e0f76c40e8', N'Nước lạnh và xà phòng', 0, '51a737fc-f9bf-4d85-88cd-42995fbfd86c'),
('f09c8ec5-60c3-4a26-8eef-43f5ddf223f1', N'Nước ấm và giấm', 1, '51a737fc-f9bf-4d85-88cd-42995fbfd86c'),
('e93d6bf7-c78e-42f3-8b6c-f9f375a8f2f4', N'Cồn', 0, '51a737fc-f9bf-4d85-88cd-42995fbfd86c'),
('f924ee5d-476b-4edb-b56c-e44a80905d86', 'Bleach', 0, '51a737fc-f9bf-4d85-88cd-42995fbfd86c'),
('bda61244-54d2-42d7-84c2-3a0ec8193908', N'Lau bằng nước nóng', 0, '68e38e3c-dbe8-4dc4-b469-c30b711041ba'),
('3a5aec7e-0ad7-428c-b573-6a9948f48b78', N'Sử dụng bột giặt', 1, '68e38e3c-dbe8-4dc4-b469-c30b711041ba'),
('83763367-bc6c-4573-99ee-ce4264cf0d27', N'Chà xát mạnh bằng bàn chải', 0, '68e38e3c-dbe8-4dc4-b469-c30b711041ba'),
('c699a21f-976e-43d6-9025-1de0dc85d557', N'Phơi nắng ghế', 0, '68e38e3c-dbe8-4dc4-b469-c30b711041ba'),
('52ee9353-b551-4521-bccc-552bf5f2df7f', N'Tiết kiệm thời gian', 1, 'f5e12f90-6333-48b1-9613-547f507cde8c'),
('aee92465-04f5-4e10-85b0-8bc4e7689f63', N'Tiết kiệm điện', 0, 'f5e12f90-6333-48b1-9613-547f507cde8c'),
('0b66876a-b28d-4153-ba19-92d698ea6bba', N'Không cần sử dụng hóa chất', 0, 'f5e12f90-6333-48b1-9613-547f507cde8c'),
('feed500f-5c3a-49bf-a398-fe016abc777a', N'Làm sạch không khí', 0, 'f5e12f90-6333-48b1-9613-547f507cde8c'),
('bde6586d-5d6e-4ec9-a95d-d2299dbb4c1d', N'Bảo vệ da tay', 1, 'df486517-c181-4ae9-adbe-9391ed2cbea2'),
('883384fe-8bbd-47ac-8e11-21fe431b5b2a', N'Tăng cường hiệu quả làm sạch', 0, 'df486517-c181-4ae9-adbe-9391ed2cbea2'),
('10b0dfa6-5ed6-4088-9022-6ba4082320d5', N'Giữ cho tay khô ráo', 0, 'df486517-c181-4ae9-adbe-9391ed2cbea2'),
('3faed7f0-3f54-4f9d-95a5-998c7865f9c2', N'Tránh mùi hóa chất', 0, 'df486517-c181-4ae9-adbe-9391ed2cbea2'),
('51996a97-e31f-443a-8bbf-377d452930cd', N'Tạo mùi hương dễ chịu', 1, '984b32a7-82e9-45de-823e-055c5889946e'),
('a70ad561-becc-45ef-af4e-e36a2049afba', N'Làm sạch sàn hiệu quả hơn', 0, '984b32a7-82e9-45de-823e-055c5889946e'),
('06bd83b2-f909-4db3-89e2-492646a015ec', N'Diệt khuẩn mạnh mẽ', 0, '984b32a7-82e9-45de-823e-055c5889946e'),
('6c9f281b-4986-488e-acb3-c6c15c556716', N'Chống trơn trượt', 0, '984b32a7-82e9-45de-823e-055c5889946e'),
('5fec8031-256f-48cd-956a-afd8b380837f', N'Làm sạch tự động', 1, '5629b8ee-9245-4cf8-b11d-8be5b8d118cd'),
('d5f5b35b-f96b-497f-94dc-d9d48e90a076', N'Tiết kiệm nước', 0, '5629b8ee-9245-4cf8-b11d-8be5b8d118cd'),
('37c89d3e-7f66-41ab-b774-8e5fb9e3d54a', N'Không cần sử dụng hóa chất', 0, '5629b8ee-9245-4cf8-b11d-8be5b8d118cd'),
('24350648-d285-48b3-82a2-7841c75e7895', N'Làm sạch không khí', 0, '5629b8ee-9245-4cf8-b11d-8be5b8d118cd'),
('9947e879-395c-4597-85f6-15fb32d8fd97', N'Làm sạch và khô nhanh', 1, 'c34dbaeb-727b-4ade-a8f9-352a55e69bb9'),
('64a20c13-333f-495e-a62e-c1ae98764a76', N'Diệt khuẩn', 0, 'c34dbaeb-727b-4ade-a8f9-352a55e69bb9'),
('515d57db-6e25-4240-927f-2729c78d3c06', N'Tạo độ bóng cho thiết bị', 0, 'c34dbaeb-727b-4ade-a8f9-352a55e69bb9'),
('6edfe67b-d1f6-4f6f-a85d-f8e85e58aecb', N'Ngăn chặn bụi bám trở lại', 0, 'c34dbaeb-727b-4ade-a8f9-352a55e69bb9'),
('91878750-e385-4fca-b0d4-c10560adc97c', N'Xà phòng nhẹ', 1, 'e4d4b212-b18a-4a3d-993c-d7443017972e'),
('d5122ce5-c4e2-43e7-889f-a42d54940276', N'Dầu gội', 0, 'e4d4b212-b18a-4a3d-993c-d7443017972e'),
('77f8157e-9c78-4b4e-b09d-883514d7f09d', N'Chất tẩy rửa mạnh', 0, 'e4d4b212-b18a-4a3d-993c-d7443017972e'),
('ed600b01-10d6-4a6f-95f0-ceb36f910d96', N'Nước lau sàn', 0, 'e4d4b212-b18a-4a3d-993c-d7443017972e'),
('29ccb892-333c-41c5-8a37-427f6dacaab0', N'Sử dụng chất tẩy rửa mạnh', 0, '7876de6d-b931-40a8-b900-36bdce71e051'),
('90cedcef-08c1-49c1-a44a-332d50dc5d94', N'Cạo bằng dao', 0, '7876de6d-b931-40a8-b900-36bdce71e051'),
('6c44a648-1a84-4416-b705-be250d0a49be', N'Ngâm nước ấm và chà bằng bàn chải cứng', 1, '7876de6d-b931-40a8-b900-36bdce71e051'),
('7dbf9d63-d106-48a3-bedf-798676e8d4da', N'Để yên vết bẩn', 0, '7876de6d-b931-40a8-b900-36bdce71e051'),
('efdb4b7d-b734-4a2b-974d-51ce1e86886e', N'Bồn tắm - Gương - Bồn vệ sinh - Sàn nhà', 1, '2b7caa18-6263-4e86-9fa6-a0848f9e8fe7'),
('02450009-279e-4d37-9e54-270c01615aae', N'Bồn vệ sinh - Gương - Bồn tắm - Sàn nhà', 0, '2b7caa18-6263-4e86-9fa6-a0848f9e8fe7'),
('ff865023-ba35-4b3b-8748-8e28d650ad93', N'Sàn nhà - Bồn tắm - Gương - Bồn vệ sinh', 0, '2b7caa18-6263-4e86-9fa6-a0848f9e8fe7'),
('23a3378f-e219-43a5-af60-6a4ccc026d12', N'Gương - Bồn tắm - Bồn vệ sinh - Sàn nhà', 0, '2b7caa18-6263-4e86-9fa6-a0848f9e8fe7'),
('e6943f23-61f0-4d89-a400-61c2665a3757', N'Sử dụng chất tẩy rửa chuyên dụng', 1, '4e696270-92dc-4ff1-be71-6d06a22e79b3'),
('7673be1d-a41a-4198-9223-057be8cfbba1', N'Cạo bằng dao', 0, '4e696270-92dc-4ff1-be71-6d06a22e79b3'),
('fa06719e-29f5-44f0-af86-330d89bf7281', N'Sử dụng giấm', 0, '4e696270-92dc-4ff1-be71-6d06a22e79b3'),
('940788ee-dd9c-41ff-87ea-4c4f014a2533', N'Để yên vết bẩn', 0, '4e696270-92dc-4ff1-be71-6d06a22e79b3'),
('13f0652c-67a1-4338-8e69-a94f3adcb72a', N'Tháo ráy nước đông đá, lau dọn bên trong và bên ngoài, vệ sinh dây điện', 1, '3a9b3dff-831a-452b-bcb1-f288c416e5a3'),
('19ea90f8-aed7-4e56-bc1b-3b7a286e5165', N'Chỉ lau dọn bên trong', 0, '3a9b3dff-831a-452b-bcb1-f288c416e5a3'),
('410c2a53-6385-4665-ada2-965e1cfbec7a', N'Chỉ lau dọn bên ngoài', 0, '3a9b3dff-831a-452b-bcb1-f288c416e5a3'),
('516a054f-57ff-40cc-a538-7ec15a4def37', N'Không cần làm gì', 0, '3a9b3dff-831a-452b-bcb1-f288c416e5a3'),
('f12fd93a-8bc9-4bd3-b066-40e3e91c2b81', N'Hút bụi thường xuyên và sử dụng máy giặt thảm định kỳ', 1, '9362097c-3d88-43e3-9c45-527cee23e370'),
('fde7dbf8-f985-45ff-9ac9-d19d53eccaef', N'Quét bằng chổi', 0, '9362097c-3d88-43e3-9c45-527cee23e370'),
('2e5f7ece-cdcd-4bb3-ab09-2397e04e9453', N'Lau bằng khăn ẩm', 0, '9362097c-3d88-43e3-9c45-527cee23e370'),
('9ebb0cc9-0723-416f-b300-a930cb0b48d9', N'Không cần làm gì', 0, '9362097c-3d88-43e3-9c45-527cee23e370'),
('8b0186a5-8ed7-4ecb-9518-003aba142332', N'Sử dụng miếng bọt biển và xà phòng lau nhẹ nhàng', 1, '0de0acc2-2d5a-4300-9d70-5ce2b89f4c3c'),
('91151764-1ed7-4a44-aafc-b7578788e9e8', N'Cạo bằng dao', 0, '0de0acc2-2d5a-4300-9d70-5ce2b89f4c3c'),
('e7a0acc0-c384-48e2-a3f0-8b4e1d7431e3', N'Lau bằng khăn ẩm', 0, '0de0acc2-2d5a-4300-9d70-5ce2b89f4c3c'),
('14ecf974-b0a1-4be4-8bca-feb3f846f29f', N'Để yên vết bẩn', 0, '0de0acc2-2d5a-4300-9d70-5ce2b89f4c3c'),
('46024be3-97fe-42cb-a6eb-f552e8324518', N'Quét và lau bằng dung dịch vệ sinh gỗ nhẹ', 1, 'f975655c-9809-4c12-af3e-848d9353f0f2'),
('2de53e52-1eef-4f42-9bac-98f39ef58010', N'Sử dụng chất tẩy rửa mạnh', 0, 'f975655c-9809-4c12-af3e-848d9353f0f2'),
('fc3e2ad3-a01e-4d1d-82f4-ff990559a464', N'Lau bằng khăn ẩm', 0, 'f975655c-9809-4c12-af3e-848d9353f0f2'),
('ec45d0b4-12c0-4b93-aeeb-b24d17d5653b', N'Không cần làm gì', 0, 'f975655c-9809-4c12-af3e-848d9353f0f2'),
('2520f4be-fb12-498f-b185-5741349b77aa', N'Sử dụng dung dịch lau kính chuyên dụng', 1, '64f11785-cb4e-4ea6-977c-290a0ef5c7c3'),
('3fcea648-3df2-4b74-8867-14463f432e87', N'Lau bằng khăn khô', 0, '64f11785-cb4e-4ea6-977c-290a0ef5c7c3'),
('2948560a-7d24-4966-b691-a78f037a7f53', N'Sử dụng giấm', 0, '64f11785-cb4e-4ea6-977c-290a0ef5c7c3'),
('92a63d9b-342f-45ab-bb1c-28b2fcd9475f', N'Để yên vết bẩn', 0, '64f11785-cb4e-4ea6-977c-290a0ef5c7c3'),
('39d70635-a086-4f43-a5f9-cf2412b60c8a', N'Hút bụi thường xuyên và sử dụng máy giặt ghế định kỳ', 1, 'f3d110c3-b35d-4ca3-a353-124919f82d73'),
('29a17be9-7fcf-4986-9b48-2556909599b3', N'Lau bằng khăn ẩm', 0, 'f3d110c3-b35d-4ca3-a353-124919f82d73'),
('e3f05a91-a292-4d03-b03d-fdee4171b2c8', N'Sử dụng chất tẩy rửa mạnh', 0, 'f3d110c3-b35d-4ca3-a353-124919f82d73'),
('262c8390-89dc-44df-9bd5-0a5bedc7b31f', N'Không cần làm gì', 0, 'f3d110c3-b35d-4ca3-a353-124919f82d73'),
('2dfc0039-9c8e-4b1f-aa65-ce00ee6ec971', N'Sử dụng chất tẩy rửa nhẹ và miếng bọt biển', 1, '2b97a078-9bcd-4d48-8d92-5d9ef2dd20ac'),
('33c2a55c-fc71-4b0f-8d9d-ed5436105103', N'Cạo bằng dao', 0, '2b97a078-9bcd-4d48-8d92-5d9ef2dd20ac'),
('82f10701-eef2-4d84-8b21-7b029f024616', N'Sử dụng chất tẩy rửa mạnh', 0, '2b97a078-9bcd-4d48-8d92-5d9ef2dd20ac'),
('5f32c1ac-2cbf-4575-a9b5-2b1b25c74c2e', N'Để yên vết bẩn', 0, '2b97a078-9bcd-4d48-8d92-5d9ef2dd20ac'),
('cfe0e16c-c58e-4371-8c07-593a56b58ad8', N'Tháo rèm và giặt máy hoặc giặt tay', 1, '258b1739-c0ab-4e0d-83df-9a5743e0e8ee'),
('e70fc204-8d86-4b01-9dd3-caa0017e5a2b', N'Lau bằng khăn ẩm', 0, '258b1739-c0ab-4e0d-83df-9a5743e0e8ee'),
('3ee6a1a5-c581-4121-89a0-57c7cfe77333', N'Sử dụng chất tẩy rửa mạnh', 0, '258b1739-c0ab-4e0d-83df-9a5743e0e8ee'),
('57584900-8a04-4fd0-b4ea-26a918214cfc', N'Không cần làm gì', 0, '258b1739-c0ab-4e0d-83df-9a5743e0e8ee'),
('8332434a-734c-494c-ab88-100bd74ca64c', N'Ngâm trong dung dịch nước nóng và xà phòng', 1, 'de635377-22e7-4018-8337-aeccd6f19d1f'),
('b72c361f-7793-4330-bbc9-39f5111c289c', N'Lau bằng khăn khô', 0, 'de635377-22e7-4018-8337-aeccd6f19d1f'),
('d77a5ed2-49fc-4ee6-81a8-e9d55605a884', N'Sử dụng chất tẩy rửa mạnh', 0, 'de635377-22e7-4018-8337-aeccd6f19d1f'),
('f6ab79b9-c36e-4a16-9dba-fdf8bc8e84cd', N'Không cần làm gì', 0, 'de635377-22e7-4018-8337-aeccd6f19d1f'),
('a40bb718-884b-4e97-ae7c-ca1375c4b09f', N'Sử dụng dung dịch vệ sinh gỗ chuyên dụng', 1, '2faf8452-406d-440d-934f-bdded1ee1403'),
('0da006cc-8a3e-47a3-b50c-49cc9520790f', N'Lau bằng khăn ẩm', 0, '2faf8452-406d-440d-934f-bdded1ee1403'),
('22bd80e0-55ff-41ce-9169-3481098f27fd', N'Sử dụng chất tẩy rửa mạnh', 0, '2faf8452-406d-440d-934f-bdded1ee1403'),
('e1789eb5-17df-4a90-8c28-706a132916b9', N'Không cần làm gì', 0, '2faf8452-406d-440d-934f-bdded1ee1403'),
('7d1f58f4-c6f4-4a1b-bbc2-d1c95564796a', N'Vòi nước', 1, '58392e12-b4cf-4a23-b3da-ec6873fe1894'),
('f489dcf5-ea57-409d-8365-208c337390f8', N'Sàn nhà', 0, '58392e12-b4cf-4a23-b3da-ec6873fe1894'),
('31f0fd7f-6fcb-492c-a05b-522594978fe2', N'Tủ dưới', 0, '58392e12-b4cf-4a23-b3da-ec6873fe1894'),
('f5398e54-c1d7-46ca-a056-b4e484f24105', N'Không quan trọng', 0, '58392e12-b4cf-4a23-b3da-ec6873fe1894'),
('dbb910eb-8ed8-4fbb-8042-8652fb6280ff', N'Sử dụng dung dịch vệ sinh chuyên dụng', 1, '1e8bd8a8-bee2-4758-a105-f3f886943dc4'),
('60616d61-1578-4e89-99c8-89be811a9c59', N'Cạo bằng dao', 0, '1e8bd8a8-bee2-4758-a105-f3f886943dc4'),
('e1cba88f-d9a4-4d72-832a-022bfd880a55', N'Lau bằng khăn ẩm', 0, '1e8bd8a8-bee2-4758-a105-f3f886943dc4'),
('9ee93c09-cf69-4316-a36a-714eea3b99a8', N'Để yên vết bẩn', 0, '1e8bd8a8-bee2-4758-a105-f3f886943dc4'),
('7e0186a1-58f5-4324-8375-193e20f35b2f', N'Sử dụng dung dịch giấm và muối', 1, 'e92c43e3-c7e6-4b09-8ce8-11a62c72ab5b'),
('157bdf85-4a77-42e0-9ed3-f9e6b85949b7', N'Lau bằng khăn ẩm', 0, 'e92c43e3-c7e6-4b09-8ce8-11a62c72ab5b'),
('bd7e9ebd-9ced-456e-a94c-c2e011b534dc', N'Sử dụng chất tẩy rửa mạnh', 0, 'e92c43e3-c7e6-4b09-8ce8-11a62c72ab5b'),
('1018630c-5b47-4bb3-97d5-4d1ef93dcb2b', N'Không cần làm gì', 0, 'e92c43e3-c7e6-4b09-8ce8-11a62c72ab5b'),
('e1219ec4-f728-47e6-961d-a7e32f52c92c', '1:3', 0, '744b4276-a5aa-4ac3-b751-c9ebfd616155'),
('9daf6c0f-def8-4d43-8fcd-e271ee3a30eb', '1:1', 0, '744b4276-a5aa-4ac3-b751-c9ebfd616155'),
('c74bbdc9-4758-4595-b6e3-942a1a47e019', '1:10', 1, '744b4276-a5aa-4ac3-b751-c9ebfd616155'),
('b5fdf9e0-dedb-4f41-8935-409e6493838a', '1:20', 0, '744b4276-a5aa-4ac3-b751-c9ebfd616155'),
('493d83b4-9492-4a59-8d0a-cc6eda507931', N'Sử dụng chất tẩy rửa chuyên dụng', 1, '8f9bf0bc-19f1-4a3d-aaed-ee23b31210df'),
('a4e323b4-0981-4ab6-a2a9-ff4262dc6645', N'Lau bằng khăn ẩm', 0, '8f9bf0bc-19f1-4a3d-aaed-ee23b31210df'),
('7a6fedb9-a98d-4711-9181-cb3bf70c83d9', N'Sử dụng chất tẩy rửa mạnh', 0, '8f9bf0bc-19f1-4a3d-aaed-ee23b31210df'),
('e8cda83e-8bbf-4377-aac6-343b1b16d38c', N'Không cần làm gì', 0, '8f9bf0bc-19f1-4a3d-aaed-ee23b31210df'),
('9211eeb9-4da3-46ae-adfb-52b072732bf3', N'Sử dụng bàn chải cứng và chất tẩy rửa nhẹ', 1, '09ef45e4-02f8-4d5d-ab6d-37b37e41ba90'),
('8b64a094-fa6f-4a84-949b-220216df2000', N'Cạo bằng dao', 0, '09ef45e4-02f8-4d5d-ab6d-37b37e41ba90'),
('650c6480-744c-42ab-a9aa-e7a95818b0f7', N'Lau bằng khăn ẩm', 0, '09ef45e4-02f8-4d5d-ab6d-37b37e41ba90'),
('01eb9f5f-0e35-4f9b-981f-7b9d544e5f0f', N'Để yên vết bẩn', 0, '09ef45e4-02f8-4d5d-ab6d-37b37e41ba90'),
('3ddd8451-08f7-4243-8228-bc43af8b0ef2', N'Sử dụng dung dịch oxy già', 1, '93290e0c-a079-4679-81d9-908b124951a7'),
('f55f82a1-4fc7-412a-9ed1-077eb4ac0325', N'Lau bằng khăn ẩm', 0, '93290e0c-a079-4679-81d9-908b124951a7'),
('80d54084-1257-4e05-8c3e-eb868edf3fa4', N'Sử dụng chất tẩy rửa mạnh', 0, '93290e0c-a079-4679-81d9-908b124951a7'),
('fa4cebaf-8d30-47ec-87a8-12cd1193392c', N'Không cần làm gì', 0, '93290e0c-a079-4679-81d9-908b124951a7'),
('ace7576a-c034-4850-a1c7-1d5045558de4', N'Sử dụng dung dịch giấm và nước ấm', 1, 'a7cb5f19-f664-4076-867e-796339a6f901'),
('8ba1b46d-5219-412f-964b-f05774642efc', N'Lau bằng khăn khô', 0, 'a7cb5f19-f664-4076-867e-796339a6f901'),
('1830006a-0bdb-4ade-84dc-baaff1c28832', N'Sử dụng chất tẩy rửa mạnh', 0, 'a7cb5f19-f664-4076-867e-796339a6f901'),
('957b8617-6504-4604-a7e4-25354edbdef3', N'Không cần làm gì', 0, 'a7cb5f19-f664-4076-867e-796339a6f901'),
('cedca946-b3dc-47c0-b35d-400e5cebd70b', N'Hút bụi thường xuyên và sử dụng máy giặt đệm định kỳ', 1, '3e9b5885-0e08-4f34-9098-fbd5ea5c0930'),
('25821c66-1bd8-4bbe-8d0d-fd408eb8e2b7', N'Lau bằng khăn ẩm', 0, '3e9b5885-0e08-4f34-9098-fbd5ea5c0930'),
('f0b37eab-68ce-4a12-b907-661422eb4bbc', N'Sử dụng chất tẩy rửa mạnh', 0, '3e9b5885-0e08-4f34-9098-fbd5ea5c0930'),
('1c432a1b-fd05-4d55-8bac-bebafaaf2fe4', N'Không cần làm gì', 0, '3e9b5885-0e08-4f34-9098-fbd5ea5c0930'),
('f94654d3-82e2-40b9-946f-b7357defe247', N'Sử dụng dung dịch tẩy rửa chuyên dụng', 1, '86c30229-fd95-43c4-b28a-8343fa599aa2'),
('a2654588-b1f6-4ec9-9bd0-47e89ca890c2', N'Cạo bằng dao', 0, '86c30229-fd95-43c4-b28a-8343fa599aa2'),
('614fb41a-d6e2-4a34-b688-661b1b0966e3', N'Lau bằng khăn ẩm', 0, '86c30229-fd95-43c4-b28a-8343fa599aa2'),
('a18fd198-88c6-43cf-9ee8-41ccab2c8483', N'Để yên vết bẩn', 0, '86c30229-fd95-43c4-b28a-8343fa599aa2'),
('d5f44d60-4424-4bdc-b5f5-53a5bb8a8069', N'Sử dụng dung dịch vệ sinh da chuyên dụng', 1, 'bdc9b65c-8bae-4420-886c-836c750f8274'),
('db6e4a81-96ff-4343-86ba-769ace008e9f', N'Lau bằng khăn ẩm', 0, 'bdc9b65c-8bae-4420-886c-836c750f8274'),
('490f458c-0233-4529-a30f-13f506587d80', N'Sử dụng chất tẩy rửa mạnh', 0, 'bdc9b65c-8bae-4420-886c-836c750f8274'),
('4211f098-ceb3-4542-956c-03f296c9e474', N'Không cần làm gì', 0, 'bdc9b65c-8bae-4420-886c-836c750f8274'),
('10780481-c376-48c9-8677-2e89278350ef', N'Dọn dẹp giường đệm - Lau chùi đồ nội thất - Quét và lau sàn nhà', 1, '14d03fa3-4866-4d90-b212-9a9f31165d6a'),
('cf64e640-8495-46fe-84a2-0363c025bb5e', N'Quét và lau sàn nhà - Dọn dẹp giường đệm - Lau chùi đồ nội thất', 0, '14d03fa3-4866-4d90-b212-9a9f31165d6a'),
('71d9f025-3120-4794-a326-a95a62d94a9d', N'Lau chùi đồ nội thất - Dọn dẹp giường đệm - Quét và lau sàn nhà', 0, '14d03fa3-4866-4d90-b212-9a9f31165d6a'),
('43cd9d7a-c173-477a-9a9b-9c5e258b5c90', N'Không quan trọng', 0, '14d03fa3-4866-4d90-b212-9a9f31165d6a'),
('222cfa74-a145-48a0-8bf9-56c1b602509d', N'Lau chùi bề mặt và dụng cụ bằng dung dịch vệ sinh chuyên dụng', 1, '51d2d799-465d-462f-8eb2-59fcbb201405'),
('76795faa-00e0-4455-8cc5-fba7f91bce9b', N'Quét và lau sàn nhà', 0, '51d2d799-465d-462f-8eb2-59fcbb201405'),
('d69aee19-c4a1-4572-b529-c84be2c70b00', N'Sử dụng chất tẩy rửa mạnh', 0, '51d2d799-465d-462f-8eb2-59fcbb201405'),
('bf9114d6-4aba-42a7-b79a-20b3ec2f24bf', N'Không cần làm gì', 0, '51d2d799-465d-462f-8eb2-59fcbb201405'),
('8368f867-94f8-4baf-ac25-d709b2cd9b86', N'Sử dụng bàn chải mềm và dung dịch xà phòng nhẹ', 1, 'd737f2e7-6205-43ff-9632-8f926974762f'),
('36dd75b8-d12d-420e-86d7-ddbb0f5e9798', N'Lau bằng khăn ẩm', 0, 'd737f2e7-6205-43ff-9632-8f926974762f'),
('1b3147ad-315a-4633-81a1-eac0f09c7ba0', N'Sử dụng chất tẩy rửa mạnh', 0, 'd737f2e7-6205-43ff-9632-8f926974762f'),
('ef658dd8-75fc-4241-affa-815ecc4dc4ce', N'Không cần làm gì', 0, 'd737f2e7-6205-43ff-9632-8f926974762f'),
('03a7ec97-843d-467e-b57e-4933c8ffe653', N'Sử dụng nước ấm và xà phòng nhẹ', 1, '34aacd62-77a3-4d02-847f-7a95e52e6888'),
('481037f9-dc60-4149-a1d5-e62b812b6377', N'Lau bằng khăn khô', 0, '34aacd62-77a3-4d02-847f-7a95e52e6888'),
('f5301cf7-030d-4e3c-93b6-ab38cf827217', N'Sử dụng chất tẩy rửa mạnh', 0, '34aacd62-77a3-4d02-847f-7a95e52e6888'),
('55d459e1-d5f9-496f-9716-1e49648a3cfc', N'Không cần làm gì', 0, '34aacd62-77a3-4d02-847f-7a95e52e6888'),
('682934f0-0a9c-491a-b782-74d23f41d554', N'Sử dụng máy hút bụi và chất tẩy rửa chuyên dụng', 1, 'cd4ccc26-b59a-4be8-a9c6-ed5cb2b7a4c8'),
('20c84226-99d6-489f-af99-41906d4d58a0', N'Lau bằng khăn ẩm', 0, 'cd4ccc26-b59a-4be8-a9c6-ed5cb2b7a4c8'),
('d4b94ef8-0509-4d9b-b09c-edf115e9e94f', N'Sử dụng chất tẩy rửa mạnh', 0, 'cd4ccc26-b59a-4be8-a9c6-ed5cb2b7a4c8'),
('cad77b2d-f04a-486a-8d58-7a76164fc0dd', N'Không cần làm gì', 0, 'cd4ccc26-b59a-4be8-a9c6-ed5cb2b7a4c8'),
('ee318fc6-e797-4426-8320-e9e8c6cbfe1d', N'Sử dụng dung dịch tẩy rửa chuyên dụng', 1, '0780d902-5ac3-43bb-9c74-027db55bb74d'),
('7544119b-b363-4c46-a0c1-08117215639a', N'Cạo bằng dao', 0, '0780d902-5ac3-43bb-9c74-027db55bb74d'),
('11bc087d-5a46-4f40-8d0b-ba28c23402cf', N'Lau bằng khăn ẩm', 0, '0780d902-5ac3-43bb-9c74-027db55bb74d'),
('5e681927-e0a2-4e58-8bab-ba9ffb693018', N'Để yên vết bẩn', 0, '0780d902-5ac3-43bb-9c74-027db55bb74d'),
('14b26e13-1179-489e-b9f4-8bb9158fa21c', N'Sử dụng dung dịch tẩy rửa nhẹ', 1, '03f26cfb-b8c0-44c6-aefd-44a108dd67bc'),
('44a07664-9ce3-40d1-84fa-34cd1ced79f2', N'Lau bằng khăn khô', 0, '03f26cfb-b8c0-44c6-aefd-44a108dd67bc'),
('f5523b0d-5d16-41bc-b295-e9b743707639', N'Sử dụng chất tẩy rửa mạnh', 0, '03f26cfb-b8c0-44c6-aefd-44a108dd67bc'),
('12a60632-d58b-41e1-ae1a-8033ed0812ab', N'Không cần làm gì', 0, '03f26cfb-b8c0-44c6-aefd-44a108dd67bc'),
('2a1ac879-3b2d-4a3a-bbe0-5ee3bccf1b65', N'Dọn dẹp đồ nội thất', 1, '555a1b51-0f29-4712-9b0c-e4a8c883d86f'),
('ad2a4f32-141a-46d6-8f36-64a5d2a2c0dc', N'Quét và lau sàn nhà', 0, '555a1b51-0f29-4712-9b0c-e4a8c883d86f'),
('dcb6fab9-f000-499f-96f9-ce138a68e8fb', N'Lau chùi bàn trà', 0, '555a1b51-0f29-4712-9b0c-e4a8c883d86f'),
('c5a7acbe-4a5a-49d4-b214-735a4eb291b1', N'Không quan trọng', 0, '555a1b51-0f29-4712-9b0c-e4a8c883d86f'),
('36b473f0-bdf7-43e3-8dd3-1d1ca1cb4101', N'Sử dụng dung dịch giấm và nước ấm', 1, '80ae18a4-d4b8-4eca-9f6d-8de9d762162f'),
('4dad3c73-84e2-42e7-b834-3496500cbbd4', N'Lau bằng khăn khô', 0, '80ae18a4-d4b8-4eca-9f6d-8de9d762162f'),
('dd4b35d5-f701-4de1-a742-c59b794af3f0', N'Sử dụng chất tẩy rửa mạnh', 0, '80ae18a4-d4b8-4eca-9f6d-8de9d762162f'),
('c56055b1-bec9-4eb1-beeb-7a42e5c3c90b', N'Không cần làm gì', 0, '80ae18a4-d4b8-4eca-9f6d-8de9d762162f'),
('a9ab3203-ad75-4cff-95c4-97e5acb449f3', N'Dọn dẹp kính trước', 1, '1dbd1f27-0d5e-49bd-8c63-6e823179cfd2'),
('c615e889-3eb0-4fb1-8bb4-db3e23825eee', N'Dọn dẹp khung cửa trước', 0, '1dbd1f27-0d5e-49bd-8c63-6e823179cfd2'),
('777ce01c-664c-4327-8f83-2e61275b73d6', N'Dọn dẹp rèm cửa trước', 0, '1dbd1f27-0d5e-49bd-8c63-6e823179cfd2'),
('20b78a26-67e5-4a4f-99d0-abfc19eb4dfe', N'Dọn dẹp sàn nhà trước', 0, '1dbd1f27-0d5e-49bd-8c63-6e823179cfd2'),
('11fe34fe-ede6-456b-890f-dfe12c052126', N'Giat thảm', 0, '9b18cb7e-d866-4fd3-a258-62513f853ab1'),
('20cf328c-2877-4811-9bfe-a83b88d129a5', N'Hút bụi thảm', 1, '9b18cb7e-d866-4fd3-a258-62513f853ab1'),
('c5e9a74a-46e6-4f1e-8687-006becf65603', N'Lau thảm', 0, '9b18cb7e-d866-4fd3-a258-62513f853ab1'),
('09e31811-7a2d-45b8-976c-a5fa9993afc2', N'Tẩy vết bẩn trên thảm', 0, '9b18cb7e-d866-4fd3-a258-62513f853ab1'),
('b41bf31f-b477-4e00-9643-68f73212f426', N'Phòng làm việc của CEO', 0, '0c47f632-939d-430a-87d0-e2c4477cfad6'),
('b3ff9725-e2a7-4771-b3ab-4799eb9ffbb2', N'Khu vực tiếp khách', 0, '0c47f632-939d-430a-87d0-e2c4477cfad6'),
('90160285-ca05-48e4-87b5-e3542eec2494', N'Khu vực làm việc chung', 1, '0c47f632-939d-430a-87d0-e2c4477cfad6'),
('7dc156b2-ff11-4fc2-9ea3-907768ab003f', N'Khu vực bếp nhỏ', 0, '0c47f632-939d-430a-87d0-e2c4477cfad6'),
('259ee3f2-6822-4b50-9a6e-93eed3ed405e', N'Nước lã', 0, 'fe347c70-4a4e-46ae-a593-52d7867ffe6f'),
('8a6b1c04-0fd3-4381-9a5d-f070885478d1', N'Nước muối', 0, 'fe347c70-4a4e-46ae-a593-52d7867ffe6f'),
('a667baff-805b-411e-a4ee-c9462df2ec64', N'Nước xà phòng', 0, 'fe347c70-4a4e-46ae-a593-52d7867ffe6f'),
('1d3b2fb6-58b2-4634-bf5e-befa876e0202', N'Dung dịch chứa clo', 1, 'fe347c70-4a4e-46ae-a593-52d7867ffe6f'),
('68e3b9c8-ccb1-45ad-b2d3-12bf603e831c', N'Lau chùi sàn nhà', 0, 'd2327ad0-772a-49d6-ad06-87c9d9dc7f1e'),
('6f90ab54-6d4d-4c6b-8b06-cc77e1c8a56b', N'Làm sạch bếp', 0, 'd2327ad0-772a-49d6-ad06-87c9d9dc7f1e'),
('50db14b3-d749-475d-a36f-6400b649589c', N'Gom đồ dơ ra', 1, 'd2327ad0-772a-49d6-ad06-87c9d9dc7f1e'),
('e06e3dd5-7097-4b4d-8920-63719c3c26d6', N'Lau chùi tường', 0, 'd2327ad0-772a-49d6-ad06-87c9d9dc7f1e'),
('19c37687-1b7b-4e89-be68-2b37098faf08', N'Sử dụng nước ấm', 0, 'fc50a1cc-de7b-42b7-a581-6b15aadfba2c'),
('4c5a97e1-5a05-48be-b156-e3c158f369d1', N'Sử dụng bột soda', 1, 'fc50a1cc-de7b-42b7-a581-6b15aadfba2c'),
('7dc64f54-705c-4061-9234-60d71a3725ce', N'Sử dụng nước xà phòng', 0, 'fc50a1cc-de7b-42b7-a581-6b15aadfba2c'),
('ffa6915e-e3a3-42b0-add2-3f40920926d7', N'Sử dụng nước lã', 0, 'fc50a1cc-de7b-42b7-a581-6b15aadfba2c'),
('111cec28-58a0-462a-8686-acaf395c19de', N'Găng tay cao su', 0, '60a6a09d-43ed-4263-a162-ae1d62678d39'),
('2b57a747-0667-4ee7-8d88-ec0b0bef039e', N'Mặt nạ phòng độc', 1, '60a6a09d-43ed-4263-a162-ae1d62678d39'),
('a79e9d65-0c46-4382-b72e-0eb6dab02e25', N'Áo choàng chống nước', 0, '60a6a09d-43ed-4263-a162-ae1d62678d39'),
('7f97524f-fa35-43ed-8241-0fe18634afba', N'Kính bảo hộ', 0, '60a6a09d-43ed-4263-a162-ae1d62678d39'),
('af345869-43a5-40d4-a0ee-e713aa91087f', N'Lau chùi bằng khăn ẩm', 0, 'aa021fc6-5cbc-4064-bc41-cb36ef1b91ba'),
('b643010f-7e42-4766-abc9-a6082346a923', N'Sử dụng dung dịch chứa cồn', 1, 'aa021fc6-5cbc-4064-bc41-cb36ef1b91ba'),
('6f77bfe2-d889-48f9-b6f8-b01d007486ee', N'Sử dụng nước ấm', 0, 'aa021fc6-5cbc-4064-bc41-cb36ef1b91ba'),
('543156ad-eb29-49d0-b1a9-4148eebbd5ac', N'Sử dụng bàn chải cứng', 0, 'aa021fc6-5cbc-4064-bc41-cb36ef1b91ba'),
('a9de4d34-904f-45ab-b308-f18952bad916', N'Đảm bảo đủ lượng hóa chất', 0, '2877011d-abc7-4e7e-b829-d2796f9e8d45'),
('1d4fea16-2012-47ef-8e06-5ea052e39a7c', N'Sử dụng hóa chất theo hướng dẫn', 1, '2877011d-abc7-4e7e-b829-d2796f9e8d45'),
('77aefb69-b12e-4df7-8ba3-3a1b98902748', N'Thoa đều hóa chất lên bề mặt', 0, '2877011d-abc7-4e7e-b829-d2796f9e8d45'),
('7b8cfcca-a00b-4e44-ad32-550a5eac6ebf', N'Sử dụng nhiều hóa chất để làm sạch tốt hơn', 0, '2877011d-abc7-4e7e-b829-d2796f9e8d45'),
('36655563-0b09-4121-bc36-6f34c8b43a5e', N'Lụa', 0, 'b7a86d78-5035-432e-ab2c-85703f9f264f'),
('3cdc973c-db52-44db-859b-5d7f3cf66215', 'Len', 0, 'b7a86d78-5035-432e-ab2c-85703f9f264f'),
('f6452034-23a8-4109-b580-2e168aeb3ca8', N'Nhựa PVC', 1, 'b7a86d78-5035-432e-ab2c-85703f9f264f'),
('be1004bf-7d77-428c-bce1-54c88e474206', N'Bông', 0, 'b7a86d78-5035-432e-ab2c-85703f9f264f'),
('f1b75681-423c-4a8d-b232-1c37bef59b41', N'Nước', 0, 'bde82978-cc5e-427f-b61d-25cb922ff377'),
('6218d7c6-3c1c-4888-b687-0e6df7330e6b', N'Giấm', 0, 'bde82978-cc5e-427f-b61d-25cb922ff377'),
('e26a082d-d77e-4abc-9bea-e72613da5ab6', N'Rượu cồn', 1, 'bde82978-cc5e-427f-b61d-25cb922ff377'),
('9ad0c9c2-b559-4b55-8096-311f87cfcdd5', N'Dầu gội', 0, 'bde82978-cc5e-427f-b61d-25cb922ff377'),
('70a7f726-6069-42e5-891a-a988d46723c7', N'Nước ấm', 0, 'f7bf50cb-638f-4a46-928a-6e5b939ae35b'),
('6a62c75b-9d80-4913-92d9-a01f7f5c91f5', N'Nước lạnh', 0, 'f7bf50cb-638f-4a46-928a-6e5b939ae35b'),
('0d5e319d-c77f-4407-826f-e49d88419e8b', N'Dung dịch rửa bát', 0, 'f7bf50cb-638f-4a46-928a-6e5b939ae35b'),
('02a53484-4988-4fef-a4fa-eae7a2702a71', N'Nước sôi', 1, 'f7bf50cb-638f-4a46-928a-6e5b939ae35b'),
('f5cb32ef-1897-41d5-920b-b8f238163c30', N'Hút bụi', 0, '75d96274-8e83-4e71-8626-947d91c604d0'),
('9fb40b48-aa88-4af0-9f47-a14804196b64', N'Sử dụng bàn chải cứng', 1, '75d96274-8e83-4e71-8626-947d91c604d0'),
('7639bfd2-aea1-43e2-bff3-540499d65917', N'Dùng máy giặt hơi nước', 0, '75d96274-8e83-4e71-8626-947d91c604d0'),
('af823fa1-482f-481c-a0e8-55220c9e20cf', N'Dùng hóa chất tẩy sạch', 0, '75d96274-8e83-4e71-8626-947d91c604d0'),
('150752d6-3e24-4b65-858a-12b4a53cbd4e', N'Bàn làm việc', 1, 'cc84f299-be7e-45f2-8918-f31b5067a3b6'),
('2800804d-38e5-4f56-aedc-f17d01636279', N'Tủ hồ sơ', 0, 'cc84f299-be7e-45f2-8918-f31b5067a3b6'),
('198c7e7f-2146-442e-a619-7b13df9b357f', N'Kệ sách', 0, 'cc84f299-be7e-45f2-8918-f31b5067a3b6'),
('11e179e4-7a10-4407-a16f-d54a0e1027b0', N'Ghế sofa', 0, 'cc84f299-be7e-45f2-8918-f31b5067a3b6'),
('52547409-e2b2-4e2f-b77c-0129fc68e604', N'Sử dụng không đúng cách', 0, '31e2eeaf-51df-4d33-ae07-c7392868139b'),
('cff57396-d26b-4afe-a3de-5f3ded137970', N'Sử dụng tay không', 0, '31e2eeaf-51df-4d33-ae07-c7392868139b'),
('acecb1be-268c-48b9-9c20-d436b997700b', N'Đeo găng tay bảo hộ', 1, '31e2eeaf-51df-4d33-ae07-c7392868139b'),
('53e246dd-1758-42b4-ae74-7f2e5d279ca3', N'Không cần phải bảo vệ', 0, '31e2eeaf-51df-4d33-ae07-c7392868139b'),
('d8dcd2f3-5c3d-4540-bc2b-0ee299b1bfd0', N'Dây điện', 0, '62c84b2a-d758-463d-8433-257f35f2c961'),
('ecd212ca-ac97-4afc-ac5f-58fce6c2b843', N'Ổ cắm điện', 0, '62c84b2a-d758-463d-8433-257f35f2c961'),
('01a2d90e-356e-4a15-918c-55b68e356ac3', N'Lưới lọc', 1, '62c84b2a-d758-463d-8433-257f35f2c961'),
('7fa772ee-f9fa-4846-af5b-8aa7b2ab560e', N'Dây đeo máy', 0, '62c84b2a-d758-463d-8433-257f35f2c961'),
('9bdd1ec7-e10f-4b83-8555-e29485f83ac9', N'Dùng nước lau', 0, '2cfcd1c2-3ac2-4a2f-aa99-ae645788e500'),
('a7e4e85c-8503-4a6f-9085-f10462bf2150', N'Sử dụng hóa chất tẩy', 1, '2cfcd1c2-3ac2-4a2f-aa99-ae645788e500'),
('3a71a91c-4979-482d-829c-e9e2e74e5799', N'Phun nước sạch', 0, '2cfcd1c2-3ac2-4a2f-aa99-ae645788e500'),
('f09767ec-86f7-41f0-87f6-b0b6422d2f87', N'Dùng quạt để sấy khô', 0, '2cfcd1c2-3ac2-4a2f-aa99-ae645788e500'),
('b03cb454-ddaf-4783-96c7-770a7fe3b249', N'Bàn chải cứng', 1, '14e47940-62f7-4b05-8c1b-f876cafde6e2'),
('0694339a-2db4-44d6-a854-dd00e681bb61', N'Khăn lau', 0, '14e47940-62f7-4b05-8c1b-f876cafde6e2'),
('976d4cc3-f2a9-48e5-be63-85f82641567a', N'Chổi', 0, '14e47940-62f7-4b05-8c1b-f876cafde6e2'),
('0e4376c8-14c8-4769-89b4-dcf788cda19f', N'Máy hút bụi', 0, '14e47940-62f7-4b05-8c1b-f876cafde6e2'),
('2820cf32-6777-4454-a7cd-192b165e71d9', N'Lau chùi bàn', 0, '0a7555d5-cf7e-4925-807f-e76b5792baad'),
('bc94ad96-7eb8-448d-8a53-5adc6c5592ce', N'Làm sạch tủ lạnh', 0, '0a7555d5-cf7e-4925-807f-e76b5792baad'),
('14901ac3-16ee-4361-beb1-422648ac5718', N'Vệ sinh lò vi sóng', 1, '0a7555d5-cf7e-4925-807f-e76b5792baad'),
('3a37bbfa-6dc2-4b0d-b0a6-f6bb08303285', N'Dọn dẹp sàn nhà', 0, '0a7555d5-cf7e-4925-807f-e76b5792baad'),
('28cac54b-89cd-41c1-82f5-f0ac668e8ca0', 'Ammonia', 1, '6b897cb9-7355-4eca-b77b-d952d36d4674'),
('0fa6cd8b-1d95-4c82-9703-1624441e47e4', N'Nước lau kính', 0, '6b897cb9-7355-4eca-b77b-d952d36d4674'),
('740d5710-b6fb-4d42-9ec6-da26ba8bd684', N'Dung dịch vệ sinh đa năng', 0, '6b897cb9-7355-4eca-b77b-d952d36d4674'),
('6149e7a0-0925-43ff-990d-ff827b1726cd', N'Nước', 0, '6b897cb9-7355-4eca-b77b-d952d36d4674'),
('95c13a2b-bcdf-4db2-99e1-54971cea5548', N'Luôn giữ máy ở chế độ cao nhất', 0, '0aed92c1-1356-4dac-88f9-671c47b08191'),
('05713083-3fa4-45ff-9bcd-f244f8dc9d82', N'Kiểm tra túi hút bụi thường xuyên', 1, '0aed92c1-1356-4dac-88f9-671c47b08191'),
('b4e1626d-cc8d-4f4a-809b-5e31bca2d4e9', N'Sử dụng máy khi có người xung quanh', 0, '0aed92c1-1356-4dac-88f9-671c47b08191'),
('812f9025-b995-48fc-9212-88e241b1d05d', N'Chỉ hút bụi trên sàn nhà', 0, '0aed92c1-1356-4dac-88f9-671c47b08191');
INSERT INTO [FreelanceQuizAnswers] ([Id], [Answer], [IsCorrect], [QuestionId]) VALUES
('56c92e8d-c80c-4141-ae4d-99f52e05be7b', N'Lau bằng nước nóng', 0, '114927f7-6722-4176-885d-af9fccb0c875'),
('d185bbb1-bdbe-4cf0-b218-68ca60103d6a', N'Chà xát mạnh bằng bàn chải', 0, '114927f7-6722-4176-885d-af9fccb0c875'),
('20a8224e-8f75-4d66-8e26-5445a78d93c7', N'Sử dụng giấm trắng', 1, '114927f7-6722-4176-885d-af9fccb0c875'),
('b863e404-4e98-4849-bf3f-b2698921881d', N'Phơi nắng thảm', 0, '114927f7-6722-4176-885d-af9fccb0c875'),
('a8e15860-d366-4a73-94a2-375632d6deb1', N'Dây điện không đủ dài', 0, '97778b56-5eda-432f-aa68-0340171cf207'),
('3a221a9d-5d6c-4118-b710-450ebba1d9db', N'Bình chứa bụi đầy', 1, '97778b56-5eda-432f-aa68-0340171cf207'),
('fe1fea90-c6ab-4c4f-9253-657fa8f9d1ea', N'Máy hút bụi quá mới', 0, '97778b56-5eda-432f-aa68-0340171cf207'),
('c316f305-0955-441b-a0ed-3a4ce67c590b', N'Cần thay túi lọc', 0, '97778b56-5eda-432f-aa68-0340171cf207'),
('1949427c-83d6-4f75-b21c-65b108738b24', N'Sử dụng máy giặt hơi nước', 0, '295e87a0-51fb-4b80-9c78-498df8cfc26c'),
('97826638-4672-436c-b49e-7f2e14ee6e2a', N'Phun nước lên thảm', 0, '295e87a0-51fb-4b80-9c78-498df8cfc26c'),
('f04f9e9d-f5a0-4da6-b2d3-6af70d7e1d19', N'Sử dụng quá nhiều hóa chất tẩy', 0, '295e87a0-51fb-4b80-9c78-498df8cfc26c'),
('12fdc57f-9224-4316-9074-0bda0102ef95', N'Làm khô thảm nhanh bằng quạt', 1, '295e87a0-51fb-4b80-9c78-498df8cfc26c'),
('99121ff4-e961-4540-a701-523da7890bc4', N'Khăn mềm', 0, '88da397a-50b5-43f2-9a89-8e97a8e8de1c'),
('c96bb7ff-642a-4883-931b-4c18c462fe17', N'Rổ lau', 0, '88da397a-50b5-43f2-9a89-8e97a8e8de1c'),
('36f683e8-57dd-458c-baea-b3402c1b2fc2', N'Bàn chải cứng', 0, '88da397a-50b5-43f2-9a89-8e97a8e8de1c'),
('bac4b0a7-ba27-4423-9b21-c7d7f270aa27', N'Giẻ lau kính', 1, '88da397a-50b5-43f2-9a89-8e97a8e8de1c'),
('2ff4207f-86a4-432c-89cb-d390418bff4b', N'Giẻ lau bông', 0, '63bcecf1-40db-4a93-a090-0e64ae14cb6c'),
('2ea4472a-c6c7-4eb1-baf8-5c84d46e17b9', N'Bàn chải cứng', 1, '63bcecf1-40db-4a93-a090-0e64ae14cb6c'),
('1c0114e5-7f26-477a-9a44-c248ceb43530', N'Khăn cotton', 0, '63bcecf1-40db-4a93-a090-0e64ae14cb6c'),
('842131e5-8def-4f5a-9793-76ee2d31a7e2', N'Bàn chải mềm', 0, '63bcecf1-40db-4a93-a090-0e64ae14cb6c'),
('cd5b9171-0dfb-4fbd-a1f8-2a2151c41749', N'Kiểm tra nguồn nước', 0, '759ced21-ee04-484a-a009-583ad8f24239'),
('e5cb2f0f-b73d-4331-9c31-87c203d59bb5', N'Sử dụng hóa chất nhiều', 0, '759ced21-ee04-484a-a009-583ad8f24239'),
('53b023bd-4137-496a-9e0b-3f639d07a26b', N'Đảm bảo làm khô sàn', 0, '759ced21-ee04-484a-a009-583ad8f24239'),
('8e3cf18f-5082-412f-b6b3-7e99f416a862', N'Dọn dẹp vết trượt', 1, '759ced21-ee04-484a-a009-583ad8f24239'),
('b77bda6a-011a-456e-8c2c-a74298d470f9', N'Dọn dẹp nhanh chóng', 0, '7cd8901e-3154-4741-9e12-a9b43e585391'),
('9de2089b-2f75-4977-859b-73f81cfa6608', N'Không làm phiền người khác', 0, '7cd8901e-3154-4741-9e12-a9b43e585391'),
('43ae4c3c-5709-41c8-9599-206c67740c5e', N'Đảm bảo an toàn cho mọi người', 1, '7cd8901e-3154-4741-9e12-a9b43e585391'),
('e52f37f2-64ca-4f28-a486-83a9f16503c1', N'Sử dụng nhiều hóa chất', 0, '7cd8901e-3154-4741-9e12-a9b43e585391'),
('c25abece-dc27-49f1-baa9-e031dc8fae4a', N'Dùng nước nóng và xà phòng', 0, '0fa71477-465b-4ecb-a7bf-98c8ab981b77'),
('5598cdc7-c03f-403b-93f4-ffec0c9b90f6', N'Sử dụng cồn', 1, '0fa71477-465b-4ecb-a7bf-98c8ab981b77'),
('4fd185e4-b321-4747-8460-1a3ea78acace', N'Chà xát mạnh', 0, '0fa71477-465b-4ecb-a7bf-98c8ab981b77'),
('dd1a8225-8d3b-4c7f-8506-e5350890c26a', N'Phun nước áp lực cao', 0, '0fa71477-465b-4ecb-a7bf-98c8ab981b77'),
('6164d460-5bb7-45bb-8d02-536bc829b1a6', N'Tiết kiệm thời gian', 0, '4a2506ab-0904-444f-84f6-9eaa0efd1c92'),
('d30831b9-f51c-4e66-be96-b3c8284e8f96', N'Loại bỏ vi khuẩn mà không cần hóa chất', 1, '4a2506ab-0904-444f-84f6-9eaa0efd1c92'),
('d1ca43a4-3f2e-4e17-ab7d-ff29aac62dc3', N'Tạo mùi thơm', 0, '4a2506ab-0904-444f-84f6-9eaa0efd1c92'),
('cdec690b-e526-43c5-8bed-e961cb87e8f4', N'Làm sạch không khí', 0, '4a2506ab-0904-444f-84f6-9eaa0efd1c92'),
('1684065a-b900-437c-bc76-25d5d1a8d93d', N'Máy tính', 1, 'cd9c406d-6876-4f94-8df7-af0073486c67'),
('f8b87b0a-e0d7-4c34-af30-2d7f8584b77e', N'Bàn làm việc', 0, 'cd9c406d-6876-4f94-8df7-af0073486c67'),
('b945af77-4cf5-42d0-9064-cd86072082db', N'Ghế sofa', 0, 'cd9c406d-6876-4f94-8df7-af0073486c67'),
('3bee2249-1b50-4713-b5dc-7daf692fb0d8', N'Tủ hồ sơ', 0, 'cd9c406d-6876-4f94-8df7-af0073486c67'),
('21ba08fd-0d20-4acd-bb24-3c4e5f7e2d1e', N'Sử dụng hóa chất tẩy sạch', 0, 'a983485c-1321-420e-9030-e2178a2363f9'),
('463d0a35-2674-421a-9324-b07c427d4371', N'Lau ngay bằng khăn ẩm', 1, 'a983485c-1321-420e-9030-e2178a2363f9'),
('cd646196-d2ad-48ac-9255-2b06b94d027f', N'Dùng máy hút bụi', 0, 'a983485c-1321-420e-9030-e2178a2363f9'),
('54fd9bc7-1a72-475d-ad10-9d5ae877b23a', N'Bắn nước sạch', 0, 'a983485c-1321-420e-9030-e2178a2363f9'),
('19991d65-4b5b-4ea0-a709-870b0329edd1', N'Gỗ', 0, '210f4787-bd20-464a-b90c-f60c381712ae'),
('aa650f97-0252-473f-a018-418c0c0ea6e3', N'Nhựa PVC', 1, '210f4787-bd20-464a-b90c-f60c381712ae'),
('9dfcf215-d9cf-422c-88da-05fb6e86e37d', N'Thép', 0, '210f4787-bd20-464a-b90c-f60c381712ae'),
('a4925528-fbf1-4b42-a8da-dd0f73d1e4a8', N'Kính', 0, '210f4787-bd20-464a-b90c-f60c381712ae'),
('a5e6b1f8-3c62-4033-93ce-ceeeeda3ba62', N'Sử dụng nước lạnh', 0, 'b2d40c8c-496b-4375-98a4-863c352e2d84'),
('106b78f9-3c7e-4573-9f3c-beec55b2d60e', N'Sử dụng giẻ lau ẩm', 0, 'b2d40c8c-496b-4375-98a4-863c352e2d84'),
('7cede92e-e8f7-4a12-bcb3-b8f0795bf34a', N'Chỉ sử dụng nước sôi', 0, 'b2d40c8c-496b-4375-98a4-863c352e2d84'),
('c7e00515-bf72-435c-9a76-d23183dd773f', N'Tránh áp lực quá mạnh', 1, 'b2d40c8c-496b-4375-98a4-863c352e2d84'),
('fe7f3fa5-fad5-4653-bec1-89414675d66a', N'Sử dụng nước ấm', 0, '9efcd266-7820-4a4b-ac4b-ce5e14450592'),
('ad8d7188-f82b-468d-9ff0-41624ce6f15c', N'Dùng nhiều giẻ lau', 0, '9efcd266-7820-4a4b-ac4b-ce5e14450592'),
('d6c04cbd-d697-4f76-a115-6b147039074b', N'Đảm bảo cửa kính khô ráo', 0, '9efcd266-7820-4a4b-ac4b-ce5e14450592'),
('56c96d49-2e3c-4362-a5c9-09e17b886e4c', N'Chắc chắn cửa kính không rơi', 1, '9efcd266-7820-4a4b-ac4b-ce5e14450592'),
('1401d446-fd24-4035-8956-d47a0dbf34b2', N'Sử dụng hóa chất tẩy rửa mạnh nhất có thể để đảm bảo hiệu quả', 0, '94e6059e-aa13-49b6-9d0b-18cd38783e9c'),
('8154578d-ec50-49d2-a3b8-19afab5b5a15', N'Kết hợp hóa chất tẩy rửa với nước theo tỷ lệ được khuyến nghị để đảm bảo an toàn và hiệu quả', 1, '94e6059e-aa13-49b6-9d0b-18cd38783e9c'),
('6b6ecefd-50f2-4da7-9aeb-f2caa984ea06', N'Sử dụng hóa chất tẩy rửa mà không cần phải kết hợp với nước', 0, '94e6059e-aa13-49b6-9d0b-18cd38783e9c'),
('45c25bea-c284-4502-91c3-4bf29abd78bf', N'Không cần phải sử dụng hóa chất tẩy rửa', 0, '94e6059e-aa13-49b6-9d0b-18cd38783e9c'),
('3f713e24-94bf-46c1-845c-c8fdbae8b269', N'Sử dụng máy hút bụi trên mọi loại thảm mà không cần phải điều chỉnh', 0, '8350960c-3b50-4ba0-9f54-961e0d6abc56'),
('4362b357-6009-4687-b23d-11c10461769e', N'Điều chỉnh máy hút bụi để phù hợp với loại thảm cụ thể', 1, '8350960c-3b50-4ba0-9f54-961e0d6abc56'),
('1d92a5b5-7f21-45aa-a21b-1cf8a1e9b29a', N'Sử dụng máy hút bụi chỉ khi thảm bị bẩn nặng', 0, '8350960c-3b50-4ba0-9f54-961e0d6abc56'),
('b63a0374-f05d-4549-b2a7-b9e8a4251dc9', N'Không cần phải điều chỉnh máy hút bụi', 0, '8350960c-3b50-4ba0-9f54-961e0d6abc56'),
('2707b5b2-7879-416d-8ac8-1d0aeea25705', N'Sử dụng dung dịch rất nhiều để đảm bảo làm sạch hoàn toàn', 0, 'ff82c920-e7da-495c-a9fa-3562d00137b4'),
('788d2db2-d42f-410e-9202-a9901d2a00b0', N'Sử dụng dung dịch ít nhất cần thiết để tránh tạo ra các vết vón cứng đầu', 1, 'ff82c920-e7da-495c-a9fa-3562d00137b4'),
('42ef51a6-d404-49cd-88b1-c619a884d5eb', N'Sử dụng dung dịch mạnh hơn để tiết kiệm thời gian', 0, 'ff82c920-e7da-495c-a9fa-3562d00137b4'),
('3e3c1c6c-1a86-4c6a-acb9-3b1cb933ffe7', N'Không cần phải sử dụng dung dịch', 0, 'ff82c920-e7da-495c-a9fa-3562d00137b4'),
('2934a786-b71f-4d51-a841-b71b8fbd6b72', N'Sử dụng bất kỳ công cụ nào có sẵn mà không cần phải quan tâm đến loại hình công việc cụ thể', 0, 'fd113400-dec3-40bb-b951-d8187c0515f2'),
('59e088c2-72f3-415b-bbf4-2e3cd0a8b00b', N'Chọn lựa và sử dụng công cụ phù hợp với từng loại bề mặt và mục đích dọn dẹp cụ thể', 1, 'fd113400-dec3-40bb-b951-d8187c0515f2'),
('53f5aaa4-f118-4de7-a66f-6f1993c36470', N'Chỉ cần sử dụng một số công cụ cơ bản như chổi và khăn lau', 0, 'fd113400-dec3-40bb-b951-d8187c0515f2'),
('5a47eaea-7868-4ea5-b8b2-3ad5f87da122', N'Không cần phải quan tâm đến việc sử dụng công cụ', 0, 'fd113400-dec3-40bb-b951-d8187c0515f2'),
('7e2af032-8759-43a1-a6c3-15e4626d7960', N'Sử dụng bất kỳ loại vật liệu nào có sẵn mà không cần phải quan tâm đến loại cửa sổ cụ thể', 0, '14860362-9c74-45e8-9155-cb0464928ad1'),
('311e5c78-88d8-4345-b52b-d1324925b0a6', N'Chọn lựa và sử dụng vật liệu lau phù hợp với loại cửa sổ và điều kiện môi trường cụ thể', 1, '14860362-9c74-45e8-9155-cb0464928ad1'),
('d3990ab1-e8a4-4756-a8d8-08aeeb69d0f5', N'Chỉ cần sử dụng giẻ lau thông thường', 0, '14860362-9c74-45e8-9155-cb0464928ad1'),
('1b5d0ab0-1fca-4b52-a699-acdda233f579', N'Không cần phải quan tâm đến việc sử dụng vật liệu lau', 0, '14860362-9c74-45e8-9155-cb0464928ad1'),
('34496f96-87d0-4dc3-be76-adc2dd9ad94f', N'Chỉ sử dụng giẻ lau khô', 0, 'd9eaa9e6-58bd-487b-ba5f-f952d218f566'),
('94918412-83f9-4e36-a917-c2f749768460', N'Sử dụng nước lạnh để lau', 0, 'd9eaa9e6-58bd-487b-ba5f-f952d218f566'),
('2c247c5c-67df-4cc1-af07-a77db5e3e767', N'Tránh lau khi bề mặt cửa kính còn nước', 1, 'd9eaa9e6-58bd-487b-ba5f-f952d218f566'),
('2c38efad-f824-4b53-9325-ebb9fb46d671', N'Dùng nhiều dung dịch rửa bát', 0, 'd9eaa9e6-58bd-487b-ba5f-f952d218f566'),
('5242abba-6ddc-4b97-b980-372637ddaf04', N'Sử dụng bàn chải cứng', 0, '4bf576c6-2d2f-478f-9eb4-f37f8058487b'),
('1989b913-c457-452e-a548-d24619016b0c', N'Sử dụng máy hút bụi mạnh', 0, '4bf576c6-2d2f-478f-9eb4-f37f8058487b'),
('6f764747-61ce-4d73-8252-6e4d5808490c', N'Thực hiện kiểm tra trước để xác định loại vết bẩn và chọn loại hóa chất phù hợp', 1, '4bf576c6-2d2f-478f-9eb4-f37f8058487b'),
('8e22d44d-a993-4931-9edd-af06804e9986', N'Không cần phải kiểm tra trước, chỉ cần sử dụng hóa chất tẩy rửa mạnh nhất có thể', 0, '4bf576c6-2d2f-478f-9eb4-f37f8058487b'),
('244b1812-6e0d-40e4-baef-1f430662f83e', N'Sử dụng hóa chất tẩy rửa mạnh', 0, 'dfc5ac74-44ba-4dc7-82ab-b6f84464b151'),
('d1c5f525-1699-4fca-b01d-d96bdff74fa2', N'Làm sạch kệ sách', 0, 'dfc5ac74-44ba-4dc7-82ab-b6f84464b151'),
('e6f1e912-b610-4484-85c4-08820effb67d', N'Đảm bảo sàn nhà khô ráo và không trơn trượt', 1, 'dfc5ac74-44ba-4dc7-82ab-b6f84464b151'),
('8a99de3e-22b4-4111-8a17-4791845f7520', N'Sử dụng máy hút bụi liên tục', 0, 'dfc5ac74-44ba-4dc7-82ab-b6f84464b151'),
('ad2afbf6-23a2-4a0f-a5e4-0c6dce42e847', N'Sử dụng giẻ lau ẩm', 0, 'd8f3d046-52c1-4631-801e-1ef4c9a6b551'),
('8d77d405-b363-497c-b918-5446b8c37757', N'Sử dụng dung dịch rửa chuyên dụng', 0, 'd8f3d046-52c1-4631-801e-1ef4c9a6b551'),
('743ea792-0bdc-4d6b-81f5-967fe7592375', N'Lau khi bề mặt cửa sổ nóng', 1, 'd8f3d046-52c1-4631-801e-1ef4c9a6b551'),
('ee4b9770-5e16-4648-a48d-5b3327648e36', N'Sử dụng quá nhiều nước khi lau', 0, 'd8f3d046-52c1-4631-801e-1ef4c9a6b551'),
('469947c6-8cea-4bc0-b9f4-d469e1d04c6f', N'Không cần phải đeo găng tay', 0, 'c6bfc937-9634-435f-ac74-8b7a2f17daf7'),
('26ba7ecc-ac58-4e91-87e6-69a98a204cc0', N'Sử dụng hóa chất tẩy rửa mạnh nhất có thể', 0, 'c6bfc937-9634-435f-ac74-8b7a2f17daf7'),
('178e9f28-ccdd-4364-b877-06721ccddedd', N'Đeo khẩu trang khi làm việc với hóa chất độc hại', 1, 'c6bfc937-9634-435f-ac74-8b7a2f17daf7'),
('85831e9c-92c1-4c9f-b030-b84e1a27b011', N'Làm việc trong không gian không thoáng đãng', 0, 'c6bfc937-9634-435f-ac74-8b7a2f17daf7'),
('6caaa983-e1d6-43aa-9f8d-828b492a8ac1', N'Sử dụng nước lạnh', 0, '056be797-c25f-4e43-a0ea-92f4892596fc'),
('36a27ba9-2f07-4b33-8e0f-be8e3a72f0aa', N'Sử dụng dung dịch tẩy rửa chuyên dụng', 1, '056be797-c25f-4e43-a0ea-92f4892596fc'),
('e4f266e5-7914-4238-b623-5dc35c70ee9c', N'Chà xát bằng cồn', 0, '056be797-c25f-4e43-a0ea-92f4892596fc'),
('46869c23-2422-440a-b166-8a0e22ad8ee4', N'Để tự khô', 0, '056be797-c25f-4e43-a0ea-92f4892596fc'),
('66ab674a-a8f7-406c-a16d-9513d3bff88b', N'Không quan trọng', 0, '3c2b6e84-4590-4a46-aa43-c26407f32ed1'),
('ddc2ca4b-0546-43ee-8dd8-3ce5217a8dc6', N'Chỉ quan trọng với khách hàng', 0, '3c2b6e84-4590-4a46-aa43-c26407f32ed1'),
('f3a9a168-78ed-4db9-8c58-c97e84c6ddbd', N'Quan trọng để duy trì trật tự', 1, '3c2b6e84-4590-4a46-aa43-c26407f32ed1'),
('02076893-c804-4c6f-a8c8-51ab6296b691', N'Chỉ quan trọng khi có yêu cầu', 0, '3c2b6e84-4590-4a46-aa43-c26407f32ed1'),
('82119cf8-8dd5-45ca-9efc-8da029dc3e05', N'Không ảnh hưởng', 0, 'afd8321a-6a48-477e-a076-ab229eef99c2'),
('b60da936-3846-4110-81f2-e68d65988b76', N'Làm mềm thảm', 0, 'afd8321a-6a48-477e-a076-ab229eef99c2'),
('94bac74d-17ba-462f-82a4-b744a832b709', N'Có thể làm hỏng thảm', 1, 'afd8321a-6a48-477e-a076-ab229eef99c2'),
('1e1c9733-5383-4ac1-b22c-a6429345923e', N'Làm sạch hiệu quả hơn', 0, 'afd8321a-6a48-477e-a076-ab229eef99c2'),
('36f3579a-40bc-4244-9b42-1de904f538ea', N'Giữa thảm', 0, '7b99e5fa-70d1-4ee3-833d-0acace5e2396'),
('3562830d-7fa5-451b-afae-e5e0ec48bf24', N'Góc thảm', 0, '7b99e5fa-70d1-4ee3-833d-0acace5e2396'),
('4c834fcf-f267-485a-b0eb-4d7e060469bb', N'Cạnh các cửa ra vào', 1, '7b99e5fa-70d1-4ee3-833d-0acace5e2396'),
('8d099154-c89d-482f-9e9a-bc73449aecce', N'Dưới đồ đạc', 0, '7b99e5fa-70d1-4ee3-833d-0acace5e2396'),
('b2db2c97-b37d-43d3-b7e7-b2808ff6ee35', N'Lau chùi bề mặt', 0, '8a13bb3e-7f56-4b6b-bfbe-d5f5deb7295e'),
('27b1c255-eded-4b22-85c0-520feb717bdf', N'Tháo rời đồ đạc để dọn dẹp', 1, '8a13bb3e-7f56-4b6b-bfbe-d5f5deb7295e'),
('1b9f2c25-636a-4f66-beb6-dbebab0f8b92', N'Phun nước rửa', 0, '8a13bb3e-7f56-4b6b-bfbe-d5f5deb7295e'),
('c7de9b6d-dd78-4c90-a6e6-2dd3983f6c7a', N'Dọn dẹp mặt sàn', 0, '8a13bb3e-7f56-4b6b-bfbe-d5f5deb7295e'),
('97597470-7728-47be-a74a-a0f05bfa474b', N'Sử dụng hóa chất tẩy mạnh', 1, '8ab0e316-37f6-429c-9ba2-b0b70d4ad7a0'),
('b22ce676-e0b6-478a-a162-3f27c6d15929', N'Sử dụng quá nhiều nước', 0, '8ab0e316-37f6-429c-9ba2-b0b70d4ad7a0'),
('565320ef-885d-49b8-b18f-df71f1959a3c', N'Sử dụng máy hút bụi thường xuyên', 0, '8ab0e316-37f6-429c-9ba2-b0b70d4ad7a0'),
('33e38fd7-294a-4f39-8860-044c398502bc', N'Không thực hiện việc dọn dẹp thường xuyên', 0, '8ab0e316-37f6-429c-9ba2-b0b70d4ad7a0'),
('b632479a-cad2-4b38-864a-18ea0a6bc885', N'Sử dụng hóa chất tẩy mạnh', 0, 'cc976d9c-35ef-4150-a9a9-8bce0f16791f'),
('ab2befbb-b74e-4796-a6ea-6fdd0e04fb05', N'Sử dụng máy hút bụi thường xuyên', 1, 'cc976d9c-35ef-4150-a9a9-8bce0f16791f'),
('36ee61cb-9f26-4053-8751-923db405a3b4', N'Không thực hiện việc dọn dẹp thường xuyên', 0, 'cc976d9c-35ef-4150-a9a9-8bce0f16791f'),
('d838851c-c504-47b9-90f3-9f8c9117f61d', N'Phơi thảm ngoài nắng nhiều lần', 0, 'cc976d9c-35ef-4150-a9a9-8bce0f16791f'),
('baef6d0f-e145-4ac5-a66c-a07c4e263b3f', N'Kệ sách', 0, '2c8c4fd6-6f8e-4b5e-a789-6eecdba4fc13'),
('8165a2f9-acae-4533-9d73-eaf5cb00aee2', N'Nền nhà', 0, '2c8c4fd6-6f8e-4b5e-a789-6eecdba4fc13'),
('6a2b3a27-ed7b-4917-9096-9fa44532cbf3', N'Cửa sổ', 0, '2c8c4fd6-6f8e-4b5e-a789-6eecdba4fc13'),
('48f4544d-0358-45d9-af40-986954dab1e7', N'Khoang góc và các khe hở', 1, '2c8c4fd6-6f8e-4b5e-a789-6eecdba4fc13'),
('67f627fc-e267-4b4a-af55-26cd396714ab', N'Bàn chải cứng', 0, 'b674dbab-a2e9-4836-84e9-6e810d249b2b'),
('5a515c81-bf34-4a6e-acbf-c394cd581ba3', N'Giẻ lau', 1, 'b674dbab-a2e9-4836-84e9-6e810d249b2b'),
('b108e3c4-5d44-4844-bc78-f56abd4c750a', N'Bình xịt nước', 0, 'b674dbab-a2e9-4836-84e9-6e810d249b2b'),
('38cf49d8-6399-4df8-99b6-3cb2dca9bb3a', N'Máy hút bụi', 0, 'b674dbab-a2e9-4836-84e9-6e810d249b2b'),
('45084006-a968-4fbd-8dd1-7241f9b0a6e7', N'1 lần', 1, 'a516aa85-f74d-4124-bb2c-4456827f5035'),
('57efee1c-b718-4a38-ac4c-625af18dc46b', N'2 lần', 0, 'a516aa85-f74d-4124-bb2c-4456827f5035'),
('00ba2314-7da1-4ab1-89e7-7d44c3249cbd', N'3 lần', 0, 'a516aa85-f74d-4124-bb2c-4456827f5035'),
('041aa354-6e2e-4c84-93b4-61fdf8214f88', N'Không cần hút bụi', 0, 'a516aa85-f74d-4124-bb2c-4456827f5035'),
('8f1c4936-29d5-4a59-a445-c38fba8943e0', N'Dung dịch vệ sinh', 1, '77b39095-bb50-47ea-8d92-faa30b0fbe0a'),
('12ea90a4-2b32-4c95-9810-c266b50e0b82', N'Nước sạch', 0, '77b39095-bb50-47ea-8d92-faa30b0fbe0a'),
('ce0ce27a-8661-4822-8830-afb9d9487204', N'Rượu cồn', 0, '77b39095-bb50-47ea-8d92-faa30b0fbe0a'),
('816efb2e-ed40-4156-a7e6-45a907cc36df', N'Dầu gội', 0, '77b39095-bb50-47ea-8d92-faa30b0fbe0a'),
('19a652b2-801f-4a2a-8890-a9a78126f8ca', N'Khăn ướt', 1, 'c64518b8-31fd-42c3-8e5a-287bd1b4170a'),
('dbca855d-70e8-4772-8a36-01414036b0bf', N'Bàn chải cứng', 0, 'c64518b8-31fd-42c3-8e5a-287bd1b4170a'),
('a292b61a-a0bd-4276-b676-a47f7bafa80f', N'Máy hút bụi', 0, 'c64518b8-31fd-42c3-8e5a-287bd1b4170a'),
('3c40fcbf-bc95-4268-8334-3fa0afc892a3', N'Bình xịt nước', 0, 'c64518b8-31fd-42c3-8e5a-287bd1b4170a'),
('98afa2ce-f887-4333-b8d8-ed6d1fedaf22', N'Làm sạch cửa sổ', 0, 'c8b48a6a-04cc-4ca2-8a11-71921de9bff0'),
('a285df87-fd2f-4bd5-bd20-84e654444998', N'Hút bụi', 0, 'c8b48a6a-04cc-4ca2-8a11-71921de9bff0'),
('cc43e00b-0993-431b-a6c2-e0105acfa3f4', N'Lau chùi sàn nhà', 1, 'c8b48a6a-04cc-4ca2-8a11-71921de9bff0'),
('987aa615-832b-4b2f-bec5-f888c9a549f7', N'Làm sạch bàn làm việc', 0, 'c8b48a6a-04cc-4ca2-8a11-71921de9bff0'),
('5d24d011-87c2-42e7-9354-388ebf914753', N'Loại bỏ vi khuẩn hiệu quả', 1, '9a88f581-7795-4e4b-a24a-006c7c48b1ea'),
('9d8624b1-cb45-4ab1-bb55-5767b0ed76d7', N'Gây hại cho bề mặt', 0, '9a88f581-7795-4e4b-a24a-006c7c48b1ea'),
('dc0f79b7-98dc-479c-b013-845c7c2eb13c', N'Làm sạch không hiệu quả', 0, '9a88f581-7795-4e4b-a24a-006c7c48b1ea'),
('1cadc325-8f44-4b9d-bb12-9c8ba1809b10', N'Tiết kiệm thời gian', 0, '9a88f581-7795-4e4b-a24a-006c7c48b1ea'),
('225ac56b-a84d-42da-9a7d-eb65b5d65464', N'Làm khô thảm nhanh chóng', 1, 'b1335c79-d321-4bf9-b977-d19270165ea1'),
('8fbdb38e-2d56-4eb7-aec6-fbdfe3bc40b7', N'Gây ra vết nhòe trên thảm', 0, 'b1335c79-d321-4bf9-b977-d19270165ea1'),
('6266ebcc-4f0f-4be4-a009-8409d965ea57', N'Tăng cường mùi hóa chất', 0, 'b1335c79-d321-4bf9-b977-d19270165ea1'),
('0a0b4c6f-9d2c-46f8-8a76-0ef0339d673c', N'Không có tác dụng đặc biệt', 0, 'b1335c79-d321-4bf9-b977-d19270165ea1'),
('b144d40f-d8b1-4901-9aaf-71a444bbdf92', N'Nước lạnh', 0, '8d49ba5e-c942-4510-b2d8-2963eedfac94'),
('f60719b9-fcba-4615-8e67-57b242cd083e', N'Rượu cồn', 1, '8d49ba5e-c942-4510-b2d8-2963eedfac94'),
('36aa58c0-e016-4d0d-a1f0-9bff297511a4', N'Dầu gội', 0, '8d49ba5e-c942-4510-b2d8-2963eedfac94'),
('c1ffd432-c220-4606-8664-04eb0ec21336', N'Dung dịch rửa bát', 0, '8d49ba5e-c942-4510-b2d8-2963eedfac94'),
('a50943f7-3282-4010-a83b-ef5ade46c53d', N'Dùng ít nước nhất có thể', 1, '02540b74-ecd1-4065-8176-282c897c97d5'),
('304fba8b-cb97-4861-872f-ba33c0812103', N'Sử dụng nước nhiều để làm sạch tốt hơn', 0, '02540b74-ecd1-4065-8176-282c897c97d5'),
('c036f949-5026-4061-8a06-28775c1c0d61', N'Sử dụng hóa chất tẩy rửa mạnh', 0, '02540b74-ecd1-4065-8176-282c897c97d5'),
('502f9121-0fd0-4c66-98c8-2ba04aa2177f', N'Không cần phải hút bụi trước khi làm sạch', 0, '02540b74-ecd1-4065-8176-282c897c97d5'),
('052ebb73-1df1-4baa-bf1f-a335506b8cf2', N'Tạo ra mùi hóa chất khó chịu', 0, '5829d0e0-9336-4334-9845-a0889cb8112d'),
('b4e31f5b-f5ad-4376-9634-8da59ba3722d', N'Bảo vệ da tay khỏi các chất tẩy rửa mạnh', 1, '5829d0e0-9336-4334-9845-a0889cb8112d'),
('a14e998b-aba8-47e1-bab7-7036c764f4ba', N'Gây khó khăn khi làm việc', 0, '5829d0e0-9336-4334-9845-a0889cb8112d'),
('5a1f8b14-78a4-45bb-9ea2-66bfb503f51e', N'Làm giảm sức mạnh của tay', 0, '5829d0e0-9336-4334-9845-a0889cb8112d'),
('4854c157-01f8-4d71-b062-4601edab07d4', N'Dùng nước lau', 0, 'bee2e532-e79e-4120-af3f-84687706117d'),
('a00fdcb1-ccfc-4873-aba2-05906be792ad', N'Sử dụng hóa chất tẩy', 1, 'bee2e532-e79e-4120-af3f-84687706117d'),
('2ed2693e-f978-4754-b367-0967c044c673', N'Phun nước sạch', 0, 'bee2e532-e79e-4120-af3f-84687706117d'),
('63726556-5e23-492f-8650-d9d4ee777a0f', N'Dùng quạt để sấy khô', 0, 'bee2e532-e79e-4120-af3f-84687706117d'),
('3b7a890f-0b94-4962-9060-2ded3cac7cba', N'Vải cotton', 0, '6ec2a99a-ef6b-4f78-8db7-59c8359ac3c1'),
('777f7891-cb37-43e0-8577-5845b22e58a7', N'Vải len', 0, '6ec2a99a-ef6b-4f78-8db7-59c8359ac3c1'),
('6f69e97e-8e7c-4b77-9a7a-d1ecb086bffc', N'Vải microfiber', 1, '6ec2a99a-ef6b-4f78-8db7-59c8359ac3c1'),
('4496feae-1582-40dc-a975-b44a73a4c95d', N'Vải polyester', 0, '6ec2a99a-ef6b-4f78-8db7-59c8359ac3c1'),
('6b749a27-a19c-4c42-bd2f-c7ec29f8eba9', N'Làm sạch nhanh chóng và hiệu quả', 1, '2759ba30-a3ad-4932-b171-302b2f1fad8c'),
('c567d116-40af-4df9-9b74-6cf018ae7ea5', N'Tiết kiệm nước', 0, '2759ba30-a3ad-4932-b171-302b2f1fad8c'),
('1dae9d10-e6e6-4475-ac41-faf83540b641', N'Không cần sử dụng hóa chất', 0, '2759ba30-a3ad-4932-b171-302b2f1fad8c'),
('7f4d45d0-f6ae-4514-b8a7-df0a5ae09829', N'Làm sạch không khí', 0, '2759ba30-a3ad-4932-b171-302b2f1fad8c'),
('3f825b5e-c074-4e1c-8045-b0cdc169527e', N'Đọc hướng dẫn sử dụng', 1, '24b7c10d-2546-41d1-9aa2-d6feef2adb57'),
('0f139908-be9d-45ee-8feb-4aaa9aca4be4', N'Sử dụng với số lượng lớn', 0, '24b7c10d-2546-41d1-9aa2-d6feef2adb57'),
('01984e20-3231-4e04-b2a2-52795c811c0a', N'Chỉ sử dụng trong nhà', 0, '24b7c10d-2546-41d1-9aa2-d6feef2adb57'),
('f81607a2-297c-4042-b5c2-07e9b668add5', N'Sử dụng nhanh chóng', 0, '24b7c10d-2546-41d1-9aa2-d6feef2adb57'),
('b99d414e-34cd-4999-9f38-c9557a7bcbd6', N'Nước lạnh', 0, '24533f16-6d5b-4ae3-a72d-9664175521c0'),
('059b9f21-b3a2-4f58-969e-da1992fd4125', N'Nước ấm', 1, '24533f16-6d5b-4ae3-a72d-9664175521c0'),
('4ad57382-27ca-4598-8f07-132dbd71cdc5', N'Nước nóng', 0, '24533f16-6d5b-4ae3-a72d-9664175521c0'),
('19fb14ef-da1e-4c4e-b5f6-d782f28b0f62', N'Nhiệt độ phòng', 0, '24533f16-6d5b-4ae3-a72d-9664175521c0'),
('e475acd3-2248-4631-999f-5eb7a6e10d04', N'Dễ dàng vệ sinh máy', 1, '65996539-51b7-45e5-86aa-1b84fca4e719'),
('fe68478e-527b-4bb7-ad8e-e73b7774c77b', N'Hút bụi hiệu quả hơn', 0, '65996539-51b7-45e5-86aa-1b84fca4e719'),
('47078d76-07ab-4b6e-8b7e-976f4af8e50d', N'Tiết kiệm điện năng', 0, '65996539-51b7-45e5-86aa-1b84fca4e719'),
('1d8b5094-0601-48ba-bf80-0fec4b5bf036', N'Không cần thay túi thường xuyên', 0, '65996539-51b7-45e5-86aa-1b84fca4e719'),
('081f40e6-cbcc-4691-8c0b-aa7cf8099340', N'Nước lạnh và xà phòng', 0, '46a26368-65a3-4710-87f8-a59a618243c1'),
('00963da0-668e-4801-b113-ccb899b92e55', N'Nước ấm và giấm', 1, '46a26368-65a3-4710-87f8-a59a618243c1'),
('2908612b-a980-480e-aa61-2acb8e5e2320', N'Cồn', 0, '46a26368-65a3-4710-87f8-a59a618243c1'),
('12cbd006-cbc9-4657-a36b-fa48d87f2474', 'Bleach', 0, '46a26368-65a3-4710-87f8-a59a618243c1'),
('d75e017f-a418-4ee8-ac3f-932d76a95ef6', N'Lau bằng nước nóng', 0, 'cd37b023-71fc-4105-b5ab-9c1cc7328e30'),
('27345af2-d46a-44dc-8a6b-e4ee34872fa9', N'Sử dụng bột giặt', 1, 'cd37b023-71fc-4105-b5ab-9c1cc7328e30'),
('1c0a87bd-e07a-4409-87c9-fccc6333b505', N'Chà xát mạnh bằng bàn chải', 0, 'cd37b023-71fc-4105-b5ab-9c1cc7328e30'),
('0522ecb4-ff51-4115-9f95-9deab13eb6f8', N'Phơi nắng ghế', 0, 'cd37b023-71fc-4105-b5ab-9c1cc7328e30'),
('29f5292e-3a44-41c5-9616-896e2d236f5d', N'Tiết kiệm thời gian', 1, '92123f61-16eb-43e0-ae0f-53240a70763c'),
('c70c65c8-67b5-4e28-9374-1e2f71c7983a', N'Tiết kiệm điện', 0, '92123f61-16eb-43e0-ae0f-53240a70763c'),
('eeef2a43-1421-42f6-b634-ae4ecf680ceb', N'Không cần sử dụng hóa chất', 0, '92123f61-16eb-43e0-ae0f-53240a70763c'),
('1d3ee561-ea1e-4485-aded-0e6a514bef4c', N'Làm sạch không khí', 0, '92123f61-16eb-43e0-ae0f-53240a70763c'),
('27cccd40-83d6-430e-ab47-80a54461df64', N'Bảo vệ da tay', 1, 'b1445cc0-538f-43b2-8eb3-7ee38ff24385'),
('b2ec8554-12a1-4c9d-9309-73576f922a01', N'Tăng cường hiệu quả làm sạch', 0, 'b1445cc0-538f-43b2-8eb3-7ee38ff24385'),
('d11f0962-11bf-4233-b302-feb305032356', N'Giữ cho tay khô ráo', 0, 'b1445cc0-538f-43b2-8eb3-7ee38ff24385'),
('76eb5311-3a3f-44d0-90a8-66d2df16a3bf', N'Tránh mùi hóa chất', 0, 'b1445cc0-538f-43b2-8eb3-7ee38ff24385'),
('6e988288-2d57-4589-84f8-b82150fcb7b7', N'Tạo mùi hương dễ chịu', 1, '5f837fc5-ec94-4e92-b421-58df680621eb'),
('1768aede-0c8a-4cad-a8b6-3c679baa4341', N'Làm sạch sàn hiệu quả hơn', 0, '5f837fc5-ec94-4e92-b421-58df680621eb'),
('63b3e39e-2ee7-4c52-a391-3af1fc8663e9', N'Diệt khuẩn mạnh mẽ', 0, '5f837fc5-ec94-4e92-b421-58df680621eb'),
('99ce8991-6a35-41c4-98ee-c65ad3805ca2', N'Chống trơn trượt', 0, '5f837fc5-ec94-4e92-b421-58df680621eb'),
('412f2bcf-d640-48c4-bc44-66a1a1463b13', N'Làm sạch tự động', 1, '2f1ed76b-7aaa-4c00-a820-5abf8ec01f4e'),
('9f9571b4-2a88-4686-9d8e-cac776527d0a', N'Tiết kiệm nước', 0, '2f1ed76b-7aaa-4c00-a820-5abf8ec01f4e'),
('d78d01ae-1b71-43c7-a1d7-418aa97f68d4', N'Không cần sử dụng hóa chất', 0, '2f1ed76b-7aaa-4c00-a820-5abf8ec01f4e'),
('e45f97bd-aa56-4d83-bf05-1770e8ae3d6d', N'Làm sạch không khí', 0, '2f1ed76b-7aaa-4c00-a820-5abf8ec01f4e'),
('6a7d02ae-23ab-4644-99d2-211527718e01', N'Làm sạch và khô nhanh', 1, 'a1255e8c-3c44-484d-b803-1db8cfbdf699'),
('c513d31a-8d7c-49f1-a5b5-a74ae08d2890', N'Diệt khuẩn', 0, 'a1255e8c-3c44-484d-b803-1db8cfbdf699'),
('c1fe5789-1c0c-40bd-8db9-ef987dfccff6', N'Tạo độ bóng cho thiết bị', 0, 'a1255e8c-3c44-484d-b803-1db8cfbdf699'),
('ec12e4ca-f054-45c8-b047-7d77af9ff935', N'Ngăn chặn bụi bám trở lại', 0, 'a1255e8c-3c44-484d-b803-1db8cfbdf699'),
('0e40860f-7439-41cd-8210-4501e16a185d', N'Xà phòng nhẹ', 1, '06b00190-8302-4167-8ceb-482168eeb907'),
('34cc2dcf-8444-4155-85e0-353c9de12b3f', N'Dầu gội', 0, '06b00190-8302-4167-8ceb-482168eeb907'),
('97b60531-7c2b-4d61-81cb-1957b8076db7', N'Chất tẩy rửa mạnh', 0, '06b00190-8302-4167-8ceb-482168eeb907'),
('dc8809ff-50b6-463f-8261-4b30524ab43c', N'Nước lau sàn', 0, '06b00190-8302-4167-8ceb-482168eeb907'),
('d90fe8a1-a1fd-49c0-92b8-6eb6f4db4dd5', N'Sử dụng chất tẩy rửa mạnh', 0, '5676022b-a413-40b2-ba4a-cca922a8aa5b'),
('21958535-3499-43f7-b4f4-b9edd92cc341', N'Cạo bằng dao', 0, '5676022b-a413-40b2-ba4a-cca922a8aa5b'),
('3257f70d-036a-4a8e-a31b-cfe164ed8aca', N'Ngâm nước ấm và chà bằng bàn chải cứng', 1, '5676022b-a413-40b2-ba4a-cca922a8aa5b'),
('c3dc32b0-3ecc-42bc-baa2-8b75d0302488', N'Để yên vết bẩn', 0, '5676022b-a413-40b2-ba4a-cca922a8aa5b'),
('a4cea8ee-8fcf-48a8-a0bc-dc1bb675a225', N'Bồn tắm - Gương - Bồn vệ sinh - Sàn nhà', 1, '9f413874-6239-4857-8eba-ae8e24c407ac'),
('3033ab9f-3760-4ee6-a5bc-24a0d8899ee9', N'Bồn vệ sinh - Gương - Bồn tắm - Sàn nhà', 0, '9f413874-6239-4857-8eba-ae8e24c407ac'),
('1e95e569-f110-40fd-af87-d5a93f675521', N'Sàn nhà - Bồn tắm - Gương - Bồn vệ sinh', 0, '9f413874-6239-4857-8eba-ae8e24c407ac'),
('ca4584a7-3871-41ed-92b6-97283a73dfdd', N'Gương - Bồn tắm - Bồn vệ sinh - Sàn nhà', 0, '9f413874-6239-4857-8eba-ae8e24c407ac'),
('fbff99d8-bc03-41d0-b103-df07855007a6', N'Sử dụng chất tẩy rửa chuyên dụng', 1, 'fca9ed31-5819-4d4c-b790-522b1bcdf467'),
('2d991c21-25c7-4443-a962-ccf3cddb98bf', N'Cạo bằng dao', 0, 'fca9ed31-5819-4d4c-b790-522b1bcdf467'),
('b1f051f8-c93c-4623-9ff1-094e40543abc', N'Sử dụng giấm', 0, 'fca9ed31-5819-4d4c-b790-522b1bcdf467'),
('2645ecf7-a5a2-45e5-a1a5-fa0f65297e1c', N'Để yên vết bẩn', 0, 'fca9ed31-5819-4d4c-b790-522b1bcdf467'),
('fbbd1b5e-2b7d-47b5-9ab1-af85c5fe9356', N'Tháo ráy nước đông đá, lau dọn bên trong và bên ngoài, vệ sinh dây điện', 1, '434e3a3a-2257-485d-95f1-b056577a200f'),
('dc17fda8-57b0-40af-ae57-22ee3162a99a', N'Chỉ lau dọn bên trong', 0, '434e3a3a-2257-485d-95f1-b056577a200f'),
('e0b99cce-428e-49db-91d2-92c132343ea8', N'Chỉ lau dọn bên ngoài', 0, '434e3a3a-2257-485d-95f1-b056577a200f'),
('55da0e2a-c491-4434-8a1b-1d9540d40277', N'Không cần làm gì', 0, '434e3a3a-2257-485d-95f1-b056577a200f'),
('ec3a03b1-b8f6-46bf-90d7-05a49deb9217', N'Hút bụi thường xuyên và sử dụng máy giặt thảm định kỳ', 1, 'c01585a5-692c-45c3-99c5-f94693f47fc8'),
('b6d129ad-084d-45d7-a57c-91e532dd8442', N'Quét bằng chổi', 0, 'c01585a5-692c-45c3-99c5-f94693f47fc8'),
('eb3d4d12-e581-4a36-8b46-9b9166670b5a', N'Lau bằng khăn ẩm', 0, 'c01585a5-692c-45c3-99c5-f94693f47fc8'),
('332dd459-01fd-4a29-9df7-8193bece471c', N'Không cần làm gì', 0, 'c01585a5-692c-45c3-99c5-f94693f47fc8'),
('4f9f16c1-91a1-4137-a10c-a6f41968bcd3', N'Sử dụng miếng bọt biển và xà phòng lau nhẹ nhàng', 1, 'e834a01e-44d7-43d4-8880-911a9039a981'),
('9b841462-c796-4152-8b6c-fda5db0e31de', N'Cạo bằng dao', 0, 'e834a01e-44d7-43d4-8880-911a9039a981'),
('eb068ac0-b95e-49fc-a989-fe66682e5438', N'Lau bằng khăn ẩm', 0, 'e834a01e-44d7-43d4-8880-911a9039a981'),
('d12e8cdc-7dd6-4306-be3c-c75dfc970b8e', N'Để yên vết bẩn', 0, 'e834a01e-44d7-43d4-8880-911a9039a981'),
('3b957341-7879-4d69-aa8f-9cf5ff33cd24', N'Quét và lau bằng dung dịch vệ sinh gỗ nhẹ', 1, '41d18e6f-1e89-4c19-a093-0a1de6a5e691'),
('ac5716c6-82e4-443b-b9bd-718d5475634b', N'Sử dụng chất tẩy rửa mạnh', 0, '41d18e6f-1e89-4c19-a093-0a1de6a5e691'),
('283aa689-ea74-4e61-9f78-b53fe5de3d0e', N'Lau bằng khăn ẩm', 0, '41d18e6f-1e89-4c19-a093-0a1de6a5e691'),
('fa2844b1-e288-416c-8d98-da6ca60911c0', N'Không cần làm gì', 0, '41d18e6f-1e89-4c19-a093-0a1de6a5e691'),
('edfacdb6-29d1-4e1b-a49c-70063e79bc7a', N'Sử dụng dung dịch lau kính chuyên dụng', 1, '1b6a8a6b-6c68-4b73-8496-77cd50e1fa59'),
('8bd7a3f9-8acd-49d6-893a-56d6e8551fd1', N'Lau bằng khăn khô', 0, '1b6a8a6b-6c68-4b73-8496-77cd50e1fa59'),
('15ca2276-4755-4910-af99-a6d14a7cb244', N'Sử dụng giấm', 0, '1b6a8a6b-6c68-4b73-8496-77cd50e1fa59'),
('d3c2e2f8-80f8-45e9-8045-efeb240cc808', N'Để yên vết bẩn', 0, '1b6a8a6b-6c68-4b73-8496-77cd50e1fa59'),
('a17de513-ee59-41a3-bebf-636109d342cc', N'Hút bụi thường xuyên và sử dụng máy giặt ghế định kỳ', 1, '2aac1eca-5eb3-4437-bad5-312bd85ff695'),
('c4d77a90-9bf3-47fa-8223-67177706e808', N'Lau bằng khăn ẩm', 0, '2aac1eca-5eb3-4437-bad5-312bd85ff695'),
('fab43b34-4196-42be-ba72-17e0215aa6b6', N'Sử dụng chất tẩy rửa mạnh', 0, '2aac1eca-5eb3-4437-bad5-312bd85ff695'),
('12d350ec-7e97-4fe7-8265-dfad5206185a', N'Không cần làm gì', 0, '2aac1eca-5eb3-4437-bad5-312bd85ff695'),
('dd8b53ed-4b37-404a-90fc-0bc524102e82', N'Sử dụng chất tẩy rửa nhẹ và miếng bọt biển', 1, '0a91b91c-c40a-4122-9a65-19b33a88a6a3'),
('0571f030-15bb-48c9-b554-85f0004807e3', N'Cạo bằng dao', 0, '0a91b91c-c40a-4122-9a65-19b33a88a6a3'),
('3c6b2584-15f8-4c87-bd2b-df3fd08a4a06', N'Sử dụng chất tẩy rửa mạnh', 0, '0a91b91c-c40a-4122-9a65-19b33a88a6a3'),
('1529a525-b630-4fff-ad3e-996e4825080e', N'Để yên vết bẩn', 0, '0a91b91c-c40a-4122-9a65-19b33a88a6a3'),
('8a60dfd2-6bc3-4bbb-a2b0-501584d5b282', N'Tháo rèm và giặt máy hoặc giặt tay', 1, '940cee15-6c94-4995-864f-2680afc583fb'),
('3c8e4683-010a-4c3c-a1b8-1838e91ef34c', N'Lau bằng khăn ẩm', 0, '940cee15-6c94-4995-864f-2680afc583fb'),
('064498c2-4352-47a9-a7e2-c97c4725f611', N'Sử dụng chất tẩy rửa mạnh', 0, '940cee15-6c94-4995-864f-2680afc583fb'),
('25724d3f-1f48-4e44-8e21-60c81239725d', N'Không cần làm gì', 0, '940cee15-6c94-4995-864f-2680afc583fb'),
('83e2290e-4c7e-4430-82e0-5891b4512e94', N'Ngâm trong dung dịch nước nóng và xà phòng', 1, 'd3605302-df0b-46fa-b0cb-cd3ed1d79814'),
('2603ffc4-928c-4d10-90ae-65cc6c6fa3c4', N'Lau bằng khăn khô', 0, 'd3605302-df0b-46fa-b0cb-cd3ed1d79814'),
('cba5fa07-d3f5-4acb-87ac-c1aed1203106', N'Sử dụng chất tẩy rửa mạnh', 0, 'd3605302-df0b-46fa-b0cb-cd3ed1d79814'),
('4f4ff16e-2c4b-40a8-bada-df7b19d9d816', N'Không cần làm gì', 0, 'd3605302-df0b-46fa-b0cb-cd3ed1d79814'),
('bf49b92b-e4fd-4e71-87e3-23d2cb6513b8', N'Sử dụng dung dịch vệ sinh gỗ chuyên dụng', 1, 'a092cbd3-5a42-4b8f-8c82-88ad6214550b'),
('35e43b35-46b0-4c30-af5a-7ef10ab361f2', N'Lau bằng khăn ẩm', 0, 'a092cbd3-5a42-4b8f-8c82-88ad6214550b'),
('21bc1054-d6ad-43dd-8726-f58fd0fd7a38', N'Sử dụng chất tẩy rửa mạnh', 0, 'a092cbd3-5a42-4b8f-8c82-88ad6214550b'),
('622b968c-2278-4c2f-ba83-a1d6d5c6b7bb', N'Không cần làm gì', 0, 'a092cbd3-5a42-4b8f-8c82-88ad6214550b'),
('4239f3cf-850e-491a-adf1-9220fec38808', N'Vòi nước', 1, 'b097b125-ffc6-43f3-9db8-5b9407b7d45f'),
('9d1bd8ab-e8ba-42ec-ad66-49232454ef90', N'Sàn nhà', 0, 'b097b125-ffc6-43f3-9db8-5b9407b7d45f'),
('bac15aa8-898d-4153-bcd9-569fdaaf2d16', N'Tủ dưới', 0, 'b097b125-ffc6-43f3-9db8-5b9407b7d45f'),
('1dbc5385-25fa-4bcd-a317-b65231381d57', N'Không quan trọng', 0, 'b097b125-ffc6-43f3-9db8-5b9407b7d45f'),
('4b881a5a-41f6-43b1-8de8-dd7ba50d968e', N'Sử dụng dung dịch vệ sinh chuyên dụng', 1, '8bcfa613-f780-45fc-a90c-f0013cc385fe'),
('3106bc1d-041f-48d5-8086-18944645ef88', N'Cạo bằng dao', 0, '8bcfa613-f780-45fc-a90c-f0013cc385fe'),
('8632bb53-47da-49e0-a94e-e365f6031913', N'Lau bằng khăn ẩm', 0, '8bcfa613-f780-45fc-a90c-f0013cc385fe'),
('d05e874c-733c-41ef-b18d-a9fbe4652696', N'Để yên vết bẩn', 0, '8bcfa613-f780-45fc-a90c-f0013cc385fe'),
('de117b8d-9097-4871-808e-5e688e56933f', N'Sử dụng dung dịch giấm và muối', 1, '9bf356a8-0d1d-49fb-87ac-7535add332aa'),
('7c8a6a2b-20c4-4589-86a1-bc12d7cb0a72', N'Lau bằng khăn ẩm', 0, '9bf356a8-0d1d-49fb-87ac-7535add332aa'),
('bef7886c-aa5c-48de-83be-f40d5e044ad3', N'Sử dụng chất tẩy rửa mạnh', 0, '9bf356a8-0d1d-49fb-87ac-7535add332aa'),
('28077218-4407-47d7-8ad8-5515fd67e376', N'Không cần làm gì', 0, '9bf356a8-0d1d-49fb-87ac-7535add332aa'),
('ec8e1972-a46e-48b9-a55b-c2954f51d1cd', '1:3', 0, 'e8972023-b163-4512-a7d7-7b72d0af0a3f'),
('ee2480da-89b1-4798-9621-9d32e9d6ffe6', '1:1', 0, 'e8972023-b163-4512-a7d7-7b72d0af0a3f'),
('6caca95c-78e2-4977-822d-26fd1499df02', '1:10', 1, 'e8972023-b163-4512-a7d7-7b72d0af0a3f'),
('acd3cf6e-202e-4090-941b-d99d85f12b30', '1:20', 0, 'e8972023-b163-4512-a7d7-7b72d0af0a3f'),
('4c9021c7-5bd6-456c-ab0c-a7f538242fe2', N'Sử dụng chất tẩy rửa chuyên dụng', 1, '99e4163c-dbd8-40f2-84d6-73e3abfc4eda'),
('e0cd5d38-2f9c-4e33-a379-658b09baf5df', N'Lau bằng khăn ẩm', 0, '99e4163c-dbd8-40f2-84d6-73e3abfc4eda'),
('c4cabbad-d329-450b-aff4-c41834880078', N'Sử dụng chất tẩy rửa mạnh', 0, '99e4163c-dbd8-40f2-84d6-73e3abfc4eda'),
('611d07ef-a0ac-434b-a6d5-1dcd0da568ff', N'Không cần làm gì', 0, '99e4163c-dbd8-40f2-84d6-73e3abfc4eda'),
('d0a7583c-9a0f-42b4-982b-e30cb50f7d7d', N'Sử dụng bàn chải cứng và chất tẩy rửa nhẹ', 1, '2e937f83-e2f0-4407-8258-9e6748953cf2'),
('18ca4d9d-810b-4e95-8aa5-56df33717bc8', N'Cạo bằng dao', 0, '2e937f83-e2f0-4407-8258-9e6748953cf2'),
('2c319b05-df99-4e21-bfbe-d0da59e81303', N'Lau bằng khăn ẩm', 0, '2e937f83-e2f0-4407-8258-9e6748953cf2'),
('6cf8ffd2-c0fc-44f3-ab0b-9ffa7fa1848a', N'Để yên vết bẩn', 0, '2e937f83-e2f0-4407-8258-9e6748953cf2'),
('3ce7dc25-f56a-4441-92f9-6461406d6000', N'Sử dụng dung dịch oxy già', 1, 'd682cf34-2eb1-434a-adfe-bcda855165af'),
('ca63d4ab-8714-425e-b2b1-9381ba0887f5', N'Lau bằng khăn ẩm', 0, 'd682cf34-2eb1-434a-adfe-bcda855165af'),
('805f7058-ab61-4daf-a37f-2452766b2b86', N'Sử dụng chất tẩy rửa mạnh', 0, 'd682cf34-2eb1-434a-adfe-bcda855165af'),
('a9a38969-39a5-40f1-a1c9-1eca1f2d855c', N'Không cần làm gì', 0, 'd682cf34-2eb1-434a-adfe-bcda855165af'),
('443793d7-eca4-4d4a-b06b-1870703413e7', N'Sử dụng dung dịch giấm và nước ấm', 1, '8cf19fe3-e5a1-46d3-a106-424261215191'),
('d8c3de1b-cd6e-4517-8a0a-1f8fb0860e61', N'Lau bằng khăn khô', 0, '8cf19fe3-e5a1-46d3-a106-424261215191'),
('29baf65e-5acb-43d7-91ae-9a80b315258f', N'Sử dụng chất tẩy rửa mạnh', 0, '8cf19fe3-e5a1-46d3-a106-424261215191'),
('a982cbe9-06a7-4a54-9caa-09e95708c616', N'Không cần làm gì', 0, '8cf19fe3-e5a1-46d3-a106-424261215191'),
('3e601162-7c2a-4f6d-96da-3b9d7a8c7ca8', N'Hút bụi thường xuyên và sử dụng máy giặt đệm định kỳ', 1, '54e739c7-3c5a-4228-8142-1d682476efc1'),
('8488e3a4-77f9-4eb8-8b10-e62d6bb334d5', N'Lau bằng khăn ẩm', 0, '54e739c7-3c5a-4228-8142-1d682476efc1'),
('a0157cb9-4deb-41d1-a56a-2627d8adb863', N'Sử dụng chất tẩy rửa mạnh', 0, '54e739c7-3c5a-4228-8142-1d682476efc1'),
('cd1bac44-b15d-4494-a959-003a1d6298bd', N'Không cần làm gì', 0, '54e739c7-3c5a-4228-8142-1d682476efc1'),
('2d97b950-3bcc-494f-bd09-20596fc0a3a1', N'Sử dụng dung dịch tẩy rửa chuyên dụng', 1, 'f30e132b-970c-480a-9f3f-8b0434d0437e'),
('3c63e6f2-32b0-4ee8-b52b-c23b99cf73f6', N'Cạo bằng dao', 0, 'f30e132b-970c-480a-9f3f-8b0434d0437e'),
('cbc5a5d6-f695-4383-86d7-f359ac97b2b5', N'Lau bằng khăn ẩm', 0, 'f30e132b-970c-480a-9f3f-8b0434d0437e'),
('547b0438-6203-4d3a-af97-be2037029f01', N'Để yên vết bẩn', 0, 'f30e132b-970c-480a-9f3f-8b0434d0437e'),
('44ab25d0-c84b-46ec-b874-9b541f4dc142', N'Sử dụng dung dịch vệ sinh da chuyên dụng', 1, '79b2861f-d31e-4ef5-b739-c6ecce1c9d4b'),
('1f625cdb-05d6-4504-ba27-bb2efbe5ea06', N'Lau bằng khăn ẩm', 0, '79b2861f-d31e-4ef5-b739-c6ecce1c9d4b'),
('50d9b282-2e54-477d-89b7-8e161b85c9a3', N'Sử dụng chất tẩy rửa mạnh', 0, '79b2861f-d31e-4ef5-b739-c6ecce1c9d4b'),
('de959878-f0eb-4b17-a3ea-647776c89114', N'Không cần làm gì', 0, '79b2861f-d31e-4ef5-b739-c6ecce1c9d4b'),
('764e8880-c15f-43c9-a67a-441dada0372a', N'Dọn dẹp giường đệm - Lau chùi đồ nội thất - Quét và lau sàn nhà', 1, '4811dc39-54fb-4257-9be7-f26a2493a84a'),
('a8db437d-763d-41f9-b067-2ff5cd2f7f28', N'Quét và lau sàn nhà - Dọn dẹp giường đệm - Lau chùi đồ nội thất', 0, '4811dc39-54fb-4257-9be7-f26a2493a84a'),
('90f2b906-76be-4694-b3b1-1a2414b43b24', N'Lau chùi đồ nội thất - Dọn dẹp giường đệm - Quét và lau sàn nhà', 0, '4811dc39-54fb-4257-9be7-f26a2493a84a'),
('fdae2c6a-04f8-46e9-9285-3716bc5b723a', N'Không quan trọng', 0, '4811dc39-54fb-4257-9be7-f26a2493a84a'),
('952e00dd-b824-4898-9fdd-f17cba13e489', N'Lau chùi bề mặt và dụng cụ bằng dung dịch vệ sinh chuyên dụng', 1, 'b75f1faa-2903-42af-bfec-2d4f9d90404b'),
('91c942be-9689-4dfe-8ef1-a322dc86844d', N'Quét và lau sàn nhà', 0, 'b75f1faa-2903-42af-bfec-2d4f9d90404b'),
('f09d8042-e570-45dd-ad00-3eeaad6baf17', N'Sử dụng chất tẩy rửa mạnh', 0, 'b75f1faa-2903-42af-bfec-2d4f9d90404b'),
('7877a358-4412-42f7-b6e6-58dbe650cc4c', N'Không cần làm gì', 0, 'b75f1faa-2903-42af-bfec-2d4f9d90404b'),
('c7c9c0f4-f381-4e6b-88af-f959c2b026f6', N'Sử dụng bàn chải mềm và dung dịch xà phòng nhẹ', 1, '757b9d2e-211a-424a-a89c-58434c4b368e'),
('921d89c0-9392-46d8-8651-b13307044980', N'Lau bằng khăn ẩm', 0, '757b9d2e-211a-424a-a89c-58434c4b368e'),
('bac05054-aab8-4905-ba34-369d0cb423a5', N'Sử dụng chất tẩy rửa mạnh', 0, '757b9d2e-211a-424a-a89c-58434c4b368e'),
('674ea3a3-049f-4a48-9e63-a8ecc8408cc7', N'Không cần làm gì', 0, '757b9d2e-211a-424a-a89c-58434c4b368e'),
('281fb1b4-f8f7-4299-a61d-0a1628cc3205', N'Sử dụng nước ấm và xà phòng nhẹ', 1, 'f0b18edc-791b-4004-9b95-fd40eccdf4c0'),
('8676b19b-dd50-4251-87e1-b29090b3e397', N'Lau bằng khăn khô', 0, 'f0b18edc-791b-4004-9b95-fd40eccdf4c0'),
('9a579dd2-d223-4711-a98f-5141ef7c95c8', N'Sử dụng chất tẩy rửa mạnh', 0, 'f0b18edc-791b-4004-9b95-fd40eccdf4c0'),
('8fc8e2d0-9d4a-47dd-9a7d-9dd04bcc5776', N'Không cần làm gì', 0, 'f0b18edc-791b-4004-9b95-fd40eccdf4c0'),
('a68a6ad9-835e-40e5-a1c3-0504930b02d1', N'Sử dụng máy hút bụi và chất tẩy rửa chuyên dụng', 1, 'ed24469b-14e9-45a0-a39f-c7f89ffa5724'),
('0758d3ce-8188-421c-baaf-cc61d2999ecf', N'Lau bằng khăn ẩm', 0, 'ed24469b-14e9-45a0-a39f-c7f89ffa5724'),
('ec9c3980-9337-43e4-9336-0ec213960560', N'Sử dụng chất tẩy rửa mạnh', 0, 'ed24469b-14e9-45a0-a39f-c7f89ffa5724'),
('0c4301bf-9a42-4b14-a7f3-9b9a8e0ea908', N'Không cần làm gì', 0, 'ed24469b-14e9-45a0-a39f-c7f89ffa5724'),
('cd6909fc-717d-4e57-bc6a-139e3f4325b5', N'Sử dụng dung dịch tẩy rửa chuyên dụng', 1, '148bba2d-54dd-43ce-b9c4-73a2b98d9481'),
('95c09810-8235-4456-a834-f43fb4c14f56', N'Cạo bằng dao', 0, '148bba2d-54dd-43ce-b9c4-73a2b98d9481'),
('8fe4dc63-9207-4913-bbb3-e94e83ba2bc1', N'Lau bằng khăn ẩm', 0, '148bba2d-54dd-43ce-b9c4-73a2b98d9481'),
('fd688e21-1312-4bec-9c52-5f6b1dfd4982', N'Để yên vết bẩn', 0, '148bba2d-54dd-43ce-b9c4-73a2b98d9481'),
('e689363b-cd73-428b-a068-ca478d38c2ae', N'Sử dụng dung dịch tẩy rửa nhẹ', 1, '83593c5e-cdb5-409d-b7ea-589991684590'),
('71d6a14d-c0ed-47af-9533-12be86347886', N'Lau bằng khăn khô', 0, '83593c5e-cdb5-409d-b7ea-589991684590'),
('c2abaea1-aced-4a76-8864-265ddb0fe882', N'Sử dụng chất tẩy rửa mạnh', 0, '83593c5e-cdb5-409d-b7ea-589991684590'),
('83924f4a-6cf5-4cbc-9bd5-a367621d838f', N'Không cần làm gì', 0, '83593c5e-cdb5-409d-b7ea-589991684590'),
('cb2b922e-de44-4dfe-83be-d4159a79dc8a', N'Dọn dẹp đồ nội thất', 1, '259b46ae-2d9f-46a6-bd27-ac40428f72fa'),
('d27b23b1-d5d3-45d1-ba5b-73fabec7bcb2', N'Quét và lau sàn nhà', 0, '259b46ae-2d9f-46a6-bd27-ac40428f72fa'),
('d6a91b5c-68a9-4983-b886-be459da8c897', N'Lau chùi bàn trà', 0, '259b46ae-2d9f-46a6-bd27-ac40428f72fa'),
('079b19d7-5297-481c-8f65-95f8f15d7eff', N'Không quan trọng', 0, '259b46ae-2d9f-46a6-bd27-ac40428f72fa'),
('7d3d5630-df52-499e-b09b-6e5339297cf0', N'Sử dụng dung dịch giấm và nước ấm', 1, '52e2a541-15a5-40ed-8dda-df0f70863e78'),
('5b442086-e2b9-4c44-8bd6-981fc14de0c4', N'Lau bằng khăn khô', 0, '52e2a541-15a5-40ed-8dda-df0f70863e78'),
('37e1719d-90ef-455d-b54b-4d9d9b101aa2', N'Sử dụng chất tẩy rửa mạnh', 0, '52e2a541-15a5-40ed-8dda-df0f70863e78'),
('2290d7ca-6b40-4c58-a77f-f706a432aaea', N'Không cần làm gì', 0, '52e2a541-15a5-40ed-8dda-df0f70863e78'),
('e1a23b6b-9459-4f99-8066-f36faf85008f', N'Dọn dẹp kính trước', 1, '500c321b-ab28-4cfa-aad5-35e6d6bffbd7'),
('4a7f3ccf-9169-4e5d-9d67-c95d0bc6b3eb', N'Dọn dẹp khung cửa trước', 0, '500c321b-ab28-4cfa-aad5-35e6d6bffbd7'),
('c1901828-79f3-4ca5-870c-7b6793481579', N'Dọn dẹp rèm cửa trước', 0, '500c321b-ab28-4cfa-aad5-35e6d6bffbd7'),
('37c79284-e03c-498d-b50e-92a7cbe32726', N'Dọn dẹp sàn nhà trước', 0, '500c321b-ab28-4cfa-aad5-35e6d6bffbd7'),
('a7ee94bf-e8bd-4ffc-bbff-0ef9d06b48a3', N'Giat thảm', 0, 'c8a8672f-144b-42ee-8aa1-09a1615ea150'),
('e4090350-9992-4311-9fa7-4074a6b32ac9', N'Hút bụi thảm', 1, 'c8a8672f-144b-42ee-8aa1-09a1615ea150'),
('86ae8bcf-a9c8-4b8a-8a33-07cce8f51936', N'Lau thảm', 0, 'c8a8672f-144b-42ee-8aa1-09a1615ea150'),
('94475cde-e1aa-4d11-b828-7d3f642e64f4', N'Tẩy vết bẩn trên thảm', 0, 'c8a8672f-144b-42ee-8aa1-09a1615ea150'),
('14f20d24-2298-4bfe-85e8-984767a4af38', N'Phòng làm việc của CEO', 0, '70bb2712-d041-454a-bca3-a84380732957'),
('f03c8dae-53fb-4113-99d5-92e347933c30', N'Khu vực tiếp khách', 0, '70bb2712-d041-454a-bca3-a84380732957'),
('65211b95-3877-4c0b-9cf5-aaf88715b4e9', N'Khu vực làm việc chung', 1, '70bb2712-d041-454a-bca3-a84380732957'),
('99b54616-0df7-4b85-9a6d-ca49568609af', N'Khu vực bếp nhỏ', 0, '70bb2712-d041-454a-bca3-a84380732957'),
('3a374e3b-9bc4-4334-be7d-fcbabc3ace97', N'Nước lã', 0, '510a103a-1914-4c49-b4eb-26aa8eddfb8f'),
('27bc1e95-d54b-40ab-ad98-08db499f0c32', N'Nước muối', 0, '510a103a-1914-4c49-b4eb-26aa8eddfb8f'),
('c8fc9974-3982-4c12-9d38-1256c69f5ab7', N'Nước xà phòng', 0, '510a103a-1914-4c49-b4eb-26aa8eddfb8f'),
('97ce100a-125a-43ce-b901-933db8e88a30', N'Dung dịch chứa clo', 1, '510a103a-1914-4c49-b4eb-26aa8eddfb8f'),
('2fdc12a3-661d-447c-b03f-a43d0e0440a2', N'Lau chùi sàn nhà', 0, 'f2fad233-9744-4017-a8d9-b02c770076d1'),
('6a25bdbf-0e83-4a9e-b295-7707c78dc127', N'Làm sạch bếp', 0, 'f2fad233-9744-4017-a8d9-b02c770076d1'),
('17503d27-6360-4b68-9b78-7afdbccab325', N'Gom đồ dơ ra', 1, 'f2fad233-9744-4017-a8d9-b02c770076d1'),
('04defea3-a181-415f-a28f-4fe4c00e6b93', N'Lau chùi tường', 0, 'f2fad233-9744-4017-a8d9-b02c770076d1'),
('148b82ef-2c10-4d31-b40c-a2dd990a4ceb', N'Sử dụng nước ấm', 0, '886b86af-5505-46a5-9210-90e70865ccb4'),
('79cd3b03-ca4f-489f-9786-e88059b032ad', N'Sử dụng bột soda', 1, '886b86af-5505-46a5-9210-90e70865ccb4'),
('96a2d596-273c-46ba-b014-3efc417692f7', N'Sử dụng nước xà phòng', 0, '886b86af-5505-46a5-9210-90e70865ccb4'),
('55a6107d-c9fb-4774-baad-d39b653888db', N'Sử dụng nước lã', 0, '886b86af-5505-46a5-9210-90e70865ccb4'),
('f3c66b99-9575-4443-8a34-a7e58d24e3bc', N'Găng tay cao su', 0, 'c6013f3b-29fe-4b73-815d-75108e2366dc'),
('69622fa3-76c8-40b6-91c7-49022a638aeb', N'Mặt nạ phòng độc', 1, 'c6013f3b-29fe-4b73-815d-75108e2366dc'),
('b0807945-1166-4cd6-89cf-0f09eb228a4b', N'Áo choàng chống nước', 0, 'c6013f3b-29fe-4b73-815d-75108e2366dc'),
('06d20629-a579-46e8-807c-8391beddd88f', N'Kính bảo hộ', 0, 'c6013f3b-29fe-4b73-815d-75108e2366dc'),
('14414a2b-ebad-4821-b45b-b95952c85bf3', N'Lau chùi bằng khăn ẩm', 0, '1b7df255-0ffc-45b8-b846-6c4cc013270e'),
('526e6e48-27f6-4bdc-90aa-db93971c2ddf', N'Sử dụng dung dịch chứa cồn', 1, '1b7df255-0ffc-45b8-b846-6c4cc013270e'),
('4c1f800f-70d9-44f5-8686-204e0e7d7322', N'Sử dụng nước ấm', 0, '1b7df255-0ffc-45b8-b846-6c4cc013270e'),
('6f959d21-7f5c-4dc7-9dd5-842140cad50e', N'Sử dụng bàn chải cứng', 0, '1b7df255-0ffc-45b8-b846-6c4cc013270e'),
('54178fe4-8c11-4568-957d-257db1e955b9', N'Đảm bảo đủ lượng hóa chất', 0, '51ce3817-a7e2-4a55-95e5-4598a7baa834'),
('49beabc0-a404-4095-9e36-c0c14a4853ed', N'Sử dụng hóa chất theo hướng dẫn', 1, '51ce3817-a7e2-4a55-95e5-4598a7baa834'),
('2e8f942a-e28a-4056-b4d9-a818d0331fd3', N'Thoa đều hóa chất lên bề mặt', 0, '51ce3817-a7e2-4a55-95e5-4598a7baa834'),
('b9ce32ca-3a22-4f12-9f82-7f532fb3e8a0', N'Sử dụng nhiều hóa chất để làm sạch tốt hơn', 0, '51ce3817-a7e2-4a55-95e5-4598a7baa834'),
('da100433-2ca2-4413-9aaf-cde9fd29e723', N'Lụa', 0, '1894242b-0bd1-40a7-9f1a-62e287ffb36e'),
('a62692a9-051e-4eea-b5bc-62420982e276', 'Len', 0, '1894242b-0bd1-40a7-9f1a-62e287ffb36e'),
('83b403dd-b1a0-402b-b5a9-6f1296801b2c', N'Nhựa PVC', 1, '1894242b-0bd1-40a7-9f1a-62e287ffb36e'),
('b12b846f-4b3b-4b30-867f-680193d4a82f', N'Bông', 0, '1894242b-0bd1-40a7-9f1a-62e287ffb36e'),
('c9a242d3-ff76-4f74-a2cb-f53a44750114', N'Nước', 0, '920ba478-39d3-44a5-9001-7e8d3306e6db'),
('4b2d829b-2e7d-449b-b5d0-b4d82885c960', N'Giấm', 0, '920ba478-39d3-44a5-9001-7e8d3306e6db'),
('e31304f8-2b9f-4cfa-99c5-b286eb705061', N'Rượu cồn', 1, '920ba478-39d3-44a5-9001-7e8d3306e6db'),
('0a39ca87-4f90-46de-bfef-559778eac005', N'Dầu gội', 0, '920ba478-39d3-44a5-9001-7e8d3306e6db'),
('4b9572f7-22fc-4d47-9444-972291bfcddf', N'Nước ấm', 0, '5d1ff454-d28b-421d-8259-e1ecccd030e2'),
('275cd598-1c54-490b-94fd-92bf06699c85', N'Nước lạnh', 0, '5d1ff454-d28b-421d-8259-e1ecccd030e2'),
('71e71922-9664-4890-8037-dfd4e6794b37', N'Dung dịch rửa bát', 0, '5d1ff454-d28b-421d-8259-e1ecccd030e2'),
('8dfd541c-9b0d-4b64-a973-8be2870cc631', N'Nước sôi', 1, '5d1ff454-d28b-421d-8259-e1ecccd030e2'),
('c493f46d-764b-4c9f-b17b-8e2c892e040d', N'Hút bụi', 0, '06c927b8-a674-4c8b-893e-3d3d1f7b7e14'),
('68bc5c58-208f-4fba-9189-7f87a2c1cfcf', N'Sử dụng bàn chải cứng', 1, '06c927b8-a674-4c8b-893e-3d3d1f7b7e14'),
('6a6a8cc9-b361-4239-8213-929464b1c9ea', N'Dùng máy giặt hơi nước', 0, '06c927b8-a674-4c8b-893e-3d3d1f7b7e14'),
('fe7cb4a3-ddd8-488b-b6f1-3bfd7a580305', N'Dùng hóa chất tẩy sạch', 0, '06c927b8-a674-4c8b-893e-3d3d1f7b7e14'),
('ee0bed74-a5a2-4cab-ad60-928556ea49f9', N'Bàn làm việc', 1, 'a41cc66b-9e6d-4a4e-b790-8141b463dace'),
('1ba2d30b-2a35-480e-9269-0d826c19712d', N'Tủ hồ sơ', 0, 'a41cc66b-9e6d-4a4e-b790-8141b463dace'),
('747e3fc0-8977-4f86-8957-b3a2b883bbda', N'Kệ sách', 0, 'a41cc66b-9e6d-4a4e-b790-8141b463dace'),
('e2deef19-7c59-4508-89be-70357e359ca1', N'Ghế sofa', 0, 'a41cc66b-9e6d-4a4e-b790-8141b463dace'),
('2dd22b29-22f2-46f4-90a8-640a3ccb7111', N'Sử dụng không đúng cách', 0, '2adc6f2e-f348-4b05-912c-437350e6badb'),
('c9960877-d2cd-4c57-9272-bf835c06ada7', N'Sử dụng tay không', 0, '2adc6f2e-f348-4b05-912c-437350e6badb'),
('48557011-c6e4-4559-a82b-9b7421f6dc6c', N'Đeo găng tay bảo hộ', 1, '2adc6f2e-f348-4b05-912c-437350e6badb'),
('49a3cfe0-75c4-4d43-960c-51a385d80c11', N'Không cần phải bảo vệ', 0, '2adc6f2e-f348-4b05-912c-437350e6badb'),
('264f7bc7-9e21-45b7-81fb-d77e8ec08276', N'Dây điện', 0, 'a7802d57-c17b-4ef2-aa27-049528958894'),
('7c2b4c6a-86d5-4ae1-81fa-ae5bcd2ab245', N'Ổ cắm điện', 0, 'a7802d57-c17b-4ef2-aa27-049528958894'),
('bdb8b309-65e5-4755-b090-06e480277c4e', N'Lưới lọc', 1, 'a7802d57-c17b-4ef2-aa27-049528958894'),
('64e16817-150b-481b-a683-ccaf60a60c43', N'Dây đeo máy', 0, 'a7802d57-c17b-4ef2-aa27-049528958894'),
('ee6c822e-019c-4ab0-b846-054ed0c983f3', N'Dùng nước lau', 0, 'e370600a-390c-4614-bbe3-207127826f18'),
('366dfd52-c059-4c4b-ad0d-911d9cfaf04a', N'Sử dụng hóa chất tẩy', 1, 'e370600a-390c-4614-bbe3-207127826f18'),
('7a28010f-9161-456e-ab07-fb224a2d415d', N'Phun nước sạch', 0, 'e370600a-390c-4614-bbe3-207127826f18'),
('fbe404fc-af57-4b5a-8e2e-07354ce09e7d', N'Dùng quạt để sấy khô', 0, 'e370600a-390c-4614-bbe3-207127826f18'),
('b4436ca8-83ec-4a70-87a3-50176e84fbde', N'Bàn chải cứng', 1, 'af8364e4-da4a-4aea-bdba-f2871847dd57'),
('aa806e8f-6489-4811-befd-3809f44b9361', N'Khăn lau', 0, 'af8364e4-da4a-4aea-bdba-f2871847dd57'),
('d020a377-d691-4cc5-ab71-2ad10006e077', N'Chổi', 0, 'af8364e4-da4a-4aea-bdba-f2871847dd57'),
('9ae246ad-81cd-488b-93d0-97b4bccc988f', N'Máy hút bụi', 0, 'af8364e4-da4a-4aea-bdba-f2871847dd57'),
('9428ad9e-5b6b-415a-a65a-fb646d2c83ff', N'Lau chùi bàn', 0, 'cc10f441-5c67-466a-9731-7b138680ec8d'),
('c2a42ce8-7c89-4264-8c63-2734629933f8', N'Làm sạch tủ lạnh', 0, 'cc10f441-5c67-466a-9731-7b138680ec8d'),
('a679ac30-35c6-4857-bfe0-ff33ae8de079', N'Vệ sinh lò vi sóng', 1, 'cc10f441-5c67-466a-9731-7b138680ec8d'),
('d9bd89f5-12a3-402c-acfb-1b28a9edb337', N'Dọn dẹp sàn nhà', 0, 'cc10f441-5c67-466a-9731-7b138680ec8d'),
('e915a84a-962b-4db1-abc5-c0425496a129', 'Ammonia', 1, '17e559c8-bd06-4e74-83ea-14aeefad1814'),
('cadc21e8-e43f-4a48-9f1c-15d267a736de', N'Nước lau kính', 0, '17e559c8-bd06-4e74-83ea-14aeefad1814'),
('0cf52e0d-dbd9-4a5d-a027-3444bdb16aa5', N'Dung dịch vệ sinh đa năng', 0, '17e559c8-bd06-4e74-83ea-14aeefad1814'),
('bf68fedb-2a59-4c84-9075-5c2526ea8bc1', N'Nước', 0, '17e559c8-bd06-4e74-83ea-14aeefad1814'),
('e544ecb1-7c57-4a61-93b1-014c846d3210', N'Luôn giữ máy ở chế độ cao nhất', 0, 'd7d7f62d-50fa-4876-b80f-d675955e4e95'),
('bb530e9a-c6b6-4262-8a43-bc5df23c167e', N'Kiểm tra túi hút bụi thường xuyên', 1, 'd7d7f62d-50fa-4876-b80f-d675955e4e95'),
('d00f0e82-bf14-48b2-a28f-71cb7ada8805', N'Sử dụng máy khi có người xung quanh', 0, 'd7d7f62d-50fa-4876-b80f-d675955e4e95'),
('db7c9154-9404-4ec0-ae56-a9f5e60ebdbd', N'Chỉ hút bụi trên sàn nhà', 0, 'd7d7f62d-50fa-4876-b80f-d675955e4e95'),
('5197f3b5-b683-4b3e-baab-40212149d2f5', N'Lau bằng nước nóng', 0, '7f61fffa-7701-4a44-82f3-a1ef3035dcf5'),
('d690ce55-52f9-4143-8f80-d7a55ae635a3', N'Chà xát mạnh bằng bàn chải', 0, '7f61fffa-7701-4a44-82f3-a1ef3035dcf5'),
('c66e7688-c2d9-4719-b15f-448d7c7a9fbe', N'Sử dụng giấm trắng', 1, '7f61fffa-7701-4a44-82f3-a1ef3035dcf5'),
('5b73f748-f4bf-41af-ab1e-b89000c1aea1', N'Phơi nắng thảm', 0, '7f61fffa-7701-4a44-82f3-a1ef3035dcf5'),
('7e343b47-8808-4573-b8a7-6c4fd600b483', N'Dây điện không đủ dài', 0, '01730f27-f53f-4314-bd6c-0523c1b46908'),
('39a11469-6be9-4692-b22f-d928ed8dbc86', N'Bình chứa bụi đầy', 1, '01730f27-f53f-4314-bd6c-0523c1b46908'),
('75bc0b77-8779-4f7e-a091-37c5e4a7071d', N'Máy hút bụi quá mới', 0, '01730f27-f53f-4314-bd6c-0523c1b46908'),
('083967c3-8f63-4195-b238-4e18e5a6e97b', N'Cần thay túi lọc', 0, '01730f27-f53f-4314-bd6c-0523c1b46908'),
('f54d5f46-f06a-4a89-a000-9ff61d42ad82', N'Sử dụng máy giặt hơi nước', 0, 'db0c774c-823b-4776-b3cb-9aa0740397c5'),
('4b68a6ee-d909-49a5-9987-163216f6668f', N'Phun nước lên thảm', 0, 'db0c774c-823b-4776-b3cb-9aa0740397c5'),
('1b4ab742-b73a-43ed-810a-fb8f5717699d', N'Sử dụng quá nhiều hóa chất tẩy', 0, 'db0c774c-823b-4776-b3cb-9aa0740397c5'),
('5df5d9d1-c1f2-49b3-8d2d-bbbe1f704ed9', N'Làm khô thảm nhanh bằng quạt', 1, 'db0c774c-823b-4776-b3cb-9aa0740397c5'),
('258fb6d7-0256-47a3-a7c2-8c4eb3d0a7f6', N'Khăn mềm', 0, '7f5f6f12-b28c-4446-a75d-c01bd6036c96'),
('4535bb34-4b15-4ad0-a9f0-b861051fcf6e', N'Rổ lau', 0, '7f5f6f12-b28c-4446-a75d-c01bd6036c96'),
('0fb24491-7c3b-4fb9-8a06-56b091ab1012', N'Bàn chải cứng', 0, '7f5f6f12-b28c-4446-a75d-c01bd6036c96'),
('2e54056d-c6f7-4489-8422-0b32ce7acba5', N'Giẻ lau kính', 1, '7f5f6f12-b28c-4446-a75d-c01bd6036c96'),
('98379f01-ffbf-462e-88d2-95cb49a7462d', N'Giẻ lau bông', 0, '5ecb415a-c028-40b4-a9cb-39594e9d1655'),
('138fc48a-5baf-465e-88e4-f36d6dd83399', N'Bàn chải cứng', 1, '5ecb415a-c028-40b4-a9cb-39594e9d1655'),
('27f93ff2-0d00-43ea-91ec-a7979c525ef5', N'Khăn cotton', 0, '5ecb415a-c028-40b4-a9cb-39594e9d1655'),
('faf697fb-23ab-4fd2-a980-8dbcf5289792', N'Bàn chải mềm', 0, '5ecb415a-c028-40b4-a9cb-39594e9d1655'),
('744af36e-e76b-41c8-8fa1-dea5a37cd503', N'Kiểm tra nguồn nước', 0, '5a38ea30-cea3-4474-987f-d3dea42f141e'),
('9cd0dff1-3ffa-4252-a66b-e82a209eda52', N'Sử dụng hóa chất nhiều', 0, '5a38ea30-cea3-4474-987f-d3dea42f141e'),
('506e09eb-fa85-4cdc-8f31-f6d9c6bb0119', N'Đảm bảo làm khô sàn', 0, '5a38ea30-cea3-4474-987f-d3dea42f141e'),
('c718808e-f24a-4e16-b14c-84c572335a65', N'Dọn dẹp vết trượt', 1, '5a38ea30-cea3-4474-987f-d3dea42f141e'),
('bf71c57a-d05c-4f23-a131-78afc792eaff', N'Dọn dẹp nhanh chóng', 0, '96b4254a-ffd2-4a2c-9a2e-5c65f8ac2dcc'),
('215a1493-6b80-4516-9374-e20c121c050f', N'Không làm phiền người khác', 0, '96b4254a-ffd2-4a2c-9a2e-5c65f8ac2dcc'),
('4abe49c8-a36e-4288-a1b9-4bdbe002b5f1', N'Đảm bảo an toàn cho mọi người', 1, '96b4254a-ffd2-4a2c-9a2e-5c65f8ac2dcc'),
('f7afd3a0-6baf-49e7-a25b-c8ce0984693c', N'Sử dụng nhiều hóa chất', 0, '96b4254a-ffd2-4a2c-9a2e-5c65f8ac2dcc'),
('24104647-596f-44b7-8ea2-cc6c8a4d8526', N'Dùng nước nóng và xà phòng', 0, '54f3a463-cc58-4097-8fd6-8630e23d8e33'),
('60d82b65-c6a7-4911-9761-31766bcdfc35', N'Sử dụng cồn', 1, '54f3a463-cc58-4097-8fd6-8630e23d8e33'),
('799a4fbb-cf53-4c45-bc10-8e7b504e33fe', N'Chà xát mạnh', 0, '54f3a463-cc58-4097-8fd6-8630e23d8e33'),
('23daade5-b030-49bd-9ded-bf2fa66c89c5', N'Phun nước áp lực cao', 0, '54f3a463-cc58-4097-8fd6-8630e23d8e33'),
('a73ac446-f64c-4277-93f2-c94832ba79ac', N'Tiết kiệm thời gian', 0, '934df796-b805-45bb-bfc9-455e20ef9d3a'),
('b26c4deb-1182-4a21-8310-9c77fb9d3848', N'Loại bỏ vi khuẩn mà không cần hóa chất', 1, '934df796-b805-45bb-bfc9-455e20ef9d3a'),
('53274a62-2f0b-4335-af5d-2bd85355e1c8', N'Tạo mùi thơm', 0, '934df796-b805-45bb-bfc9-455e20ef9d3a'),
('6c2b5174-88b1-407e-a225-e52741441bd9', N'Làm sạch không khí', 0, '934df796-b805-45bb-bfc9-455e20ef9d3a'),
('1f0fd588-ebc1-4877-a494-f8547ef515f2', N'Máy tính', 1, 'd9879ba5-fc02-40f0-abeb-62eab52e7d4f'),
('d429bec5-8c62-4b03-9213-fe498a3f5349', N'Bàn làm việc', 0, 'd9879ba5-fc02-40f0-abeb-62eab52e7d4f'),
('abd2655f-91a2-464d-9c66-3357d8b31312', N'Ghế sofa', 0, 'd9879ba5-fc02-40f0-abeb-62eab52e7d4f'),
('8bc166fc-c0da-48f9-9b2e-9e5a32a2bb73', N'Tủ hồ sơ', 0, 'd9879ba5-fc02-40f0-abeb-62eab52e7d4f'),
('59229b39-ab25-4be4-9917-c0316d5f6ac6', N'Sử dụng hóa chất tẩy sạch', 0, 'badd3e82-2486-4efc-a6fe-de0b438f970d'),
('a4a6a2ef-b857-49c2-a156-5b159a039e79', N'Lau ngay bằng khăn ẩm', 1, 'badd3e82-2486-4efc-a6fe-de0b438f970d'),
('045c104d-2efb-499b-a40d-bc3339a01f48', N'Dùng máy hút bụi', 0, 'badd3e82-2486-4efc-a6fe-de0b438f970d'),
('93a4ac31-f208-411d-a61d-49ce04141ea6', N'Bắn nước sạch', 0, 'badd3e82-2486-4efc-a6fe-de0b438f970d'),
('3e67f6e8-237b-4866-bcd6-0977970e4165', N'Gỗ', 0, '5b0ae730-e38f-49f8-b325-3739a5b3cbee'),
('09591c29-4828-4f63-b75d-6700f30405de', N'Nhựa PVC', 1, '5b0ae730-e38f-49f8-b325-3739a5b3cbee'),
('2db24b8f-30e3-4b1d-ace3-78c6fa226cc0', N'Thép', 0, '5b0ae730-e38f-49f8-b325-3739a5b3cbee'),
('7cb80962-be4d-49cf-b538-f86de45f3762', N'Kính', 0, '5b0ae730-e38f-49f8-b325-3739a5b3cbee'),
('dd7d9f67-6ee9-455c-993b-7f02e4f3338a', N'Sử dụng nước lạnh', 0, 'bc0912d2-ef0d-45da-aba2-01236aeaed06'),
('67ae9ef2-426c-4d6e-91c1-726a60ba02f7', N'Sử dụng giẻ lau ẩm', 0, 'bc0912d2-ef0d-45da-aba2-01236aeaed06'),
('02981e29-1a3b-4610-aaec-0998e499d53d', N'Chỉ sử dụng nước sôi', 0, 'bc0912d2-ef0d-45da-aba2-01236aeaed06'),
('081da629-f783-47f6-82c4-83d16d7ba188', N'Tránh áp lực quá mạnh', 1, 'bc0912d2-ef0d-45da-aba2-01236aeaed06'),
('770e03fb-befa-4d31-beab-532d14673483', N'Sử dụng nước ấm', 0, 'aaebe611-67d7-4ac6-8307-363d4f86da0f'),
('e4858669-e42e-4221-b65d-e144fbfcc24e', N'Dùng nhiều giẻ lau', 0, 'aaebe611-67d7-4ac6-8307-363d4f86da0f'),
('912cf83a-0031-4c9a-a34d-ab6e71acf633', N'Đảm bảo cửa kính khô ráo', 0, 'aaebe611-67d7-4ac6-8307-363d4f86da0f'),
('2ae39777-0248-47de-9c5f-4126626429f7', N'Chắc chắn cửa kính không rơi', 1, 'aaebe611-67d7-4ac6-8307-363d4f86da0f'),
('18c1df5b-011b-47ae-a40d-8e1884915f39', N'Sử dụng hóa chất tẩy rửa mạnh nhất có thể để đảm bảo hiệu quả', 0, '947a8d1a-fe76-4bfa-81d2-bcad3956e2e4'),
('c6f52a61-40c6-4cd8-88f4-f1a1a2d1c7ba', N'Kết hợp hóa chất tẩy rửa với nước theo tỷ lệ được khuyến nghị để đảm bảo an toàn và hiệu quả', 1, '947a8d1a-fe76-4bfa-81d2-bcad3956e2e4'),
('77a744bd-0a6d-483f-ab37-23f7c278c5e5', N'Sử dụng hóa chất tẩy rửa mà không cần phải kết hợp với nước', 0, '947a8d1a-fe76-4bfa-81d2-bcad3956e2e4'),
('9ddc76e4-da4f-4f22-b7b1-a87f5db54da0', N'Không cần phải sử dụng hóa chất tẩy rửa', 0, '947a8d1a-fe76-4bfa-81d2-bcad3956e2e4'),
('a37815d2-95fc-4329-abc2-8d0e0b214751', N'Sử dụng máy hút bụi trên mọi loại thảm mà không cần phải điều chỉnh', 0, '51ba97d3-a627-4927-aeb6-ec038c3a20e4'),
('47573a41-1a75-4b1d-8d5e-4a43044d1f23', N'Điều chỉnh máy hút bụi để phù hợp với loại thảm cụ thể', 1, '51ba97d3-a627-4927-aeb6-ec038c3a20e4'),
('f3c061f6-ff7c-4694-b8e9-a28e9e2831ba', N'Sử dụng máy hút bụi chỉ khi thảm bị bẩn nặng', 0, '51ba97d3-a627-4927-aeb6-ec038c3a20e4'),
('24428c5f-eca6-49e1-9138-afbe06f2fa9d', N'Không cần phải điều chỉnh máy hút bụi', 0, '51ba97d3-a627-4927-aeb6-ec038c3a20e4'),
('dc895458-ba1f-422e-955e-833787b7a29e', N'Sử dụng dung dịch rất nhiều để đảm bảo làm sạch hoàn toàn', 0, '107f29a6-aaac-4bc9-804b-abe43dba44c8'),
('b2751280-b4e4-4778-9d8e-346be9727008', N'Sử dụng dung dịch ít nhất cần thiết để tránh tạo ra các vết vón cứng đầu', 1, '107f29a6-aaac-4bc9-804b-abe43dba44c8'),
('f0b7314c-e0c6-4456-8c1b-ca9cc9699b01', N'Sử dụng dung dịch mạnh hơn để tiết kiệm thời gian', 0, '107f29a6-aaac-4bc9-804b-abe43dba44c8'),
('5aff07f7-bae4-4847-8f19-7eb52835f4ed', N'Không cần phải sử dụng dung dịch', 0, '107f29a6-aaac-4bc9-804b-abe43dba44c8'),
('ae4a17f1-7813-4d2d-80d5-0a4e1c57d41a', N'Sử dụng bất kỳ công cụ nào có sẵn mà không cần phải quan tâm đến loại hình công việc cụ thể', 0, '19545a91-5291-4c01-9ad9-1936cd950fc0'),
('82408f7b-fca6-41b7-83ef-a3839251ec25', N'Chọn lựa và sử dụng công cụ phù hợp với từng loại bề mặt và mục đích dọn dẹp cụ thể', 1, '19545a91-5291-4c01-9ad9-1936cd950fc0'),
('a9390cf1-9af0-42cb-aa06-864906305215', N'Chỉ cần sử dụng một số công cụ cơ bản như chổi và khăn lau', 0, '19545a91-5291-4c01-9ad9-1936cd950fc0'),
('e81d01c7-7427-426b-927c-064552fb3236', N'Không cần phải quan tâm đến việc sử dụng công cụ', 0, '19545a91-5291-4c01-9ad9-1936cd950fc0'),
('32813d84-8d92-4e3f-a7cf-86c7965e545c', N'Sử dụng bất kỳ loại vật liệu nào có sẵn mà không cần phải quan tâm đến loại cửa sổ cụ thể', 0, '1bff91f3-0797-4f86-a0cc-1da6921fa50a'),
('1dae075b-6ddc-4fab-800e-9c2022508c23', N'Chọn lựa và sử dụng vật liệu lau phù hợp với loại cửa sổ và điều kiện môi trường cụ thể', 1, '1bff91f3-0797-4f86-a0cc-1da6921fa50a'),
('259f52e2-a91d-47b9-8282-c9f82a08be4c', N'Chỉ cần sử dụng giẻ lau thông thường', 0, '1bff91f3-0797-4f86-a0cc-1da6921fa50a'),
('73ceca23-cdc2-4581-8e2a-d90f88f50723', N'Không cần phải quan tâm đến việc sử dụng vật liệu lau', 0, '1bff91f3-0797-4f86-a0cc-1da6921fa50a'),
('c54fb0b0-74c4-4401-a70a-03a4a787be12', N'Chỉ sử dụng giẻ lau khô', 0, '5753fea5-ca69-4b76-8f0e-4178e33a6eb1'),
('f9e5fd47-3aca-491b-9ef9-055af43bdcf8', N'Sử dụng nước lạnh để lau', 0, '5753fea5-ca69-4b76-8f0e-4178e33a6eb1'),
('67779f00-a6b4-4fb2-aa65-18bf9655b4cb', N'Tránh lau khi bề mặt cửa kính còn nước', 1, '5753fea5-ca69-4b76-8f0e-4178e33a6eb1'),
('1ee59af7-3da6-428c-ae2e-c89ce09b3733', N'Dùng nhiều dung dịch rửa bát', 0, '5753fea5-ca69-4b76-8f0e-4178e33a6eb1'),
('6d4a746e-9df6-45e2-b4ab-1fb2837b268d', N'Sử dụng bàn chải cứng', 0, 'd953a6dc-6469-4a8b-b468-a90090c22f34'),
('51498810-9b27-4641-a059-f8d148d93785', N'Sử dụng máy hút bụi mạnh', 0, 'd953a6dc-6469-4a8b-b468-a90090c22f34'),
('96192573-d963-4f3e-97ce-d30613e04cfa', N'Thực hiện kiểm tra trước để xác định loại vết bẩn và chọn loại hóa chất phù hợp', 1, 'd953a6dc-6469-4a8b-b468-a90090c22f34'),
('d6f27761-7f13-4ebf-9680-65d8903ee980', N'Không cần phải kiểm tra trước, chỉ cần sử dụng hóa chất tẩy rửa mạnh nhất có thể', 0, 'd953a6dc-6469-4a8b-b468-a90090c22f34'),
('a00bc4ca-824e-4d5d-af7f-0fb9fb57e102', N'Sử dụng hóa chất tẩy rửa mạnh', 0, 'c26cea98-699d-4368-b896-e7b81bc8d77b'),
('ee2b426a-63c2-4ffa-a066-88c272062f9d', N'Làm sạch kệ sách', 0, 'c26cea98-699d-4368-b896-e7b81bc8d77b'),
('542d17ac-eb49-4aaf-9cab-469f9294dd9b', N'Đảm bảo sàn nhà khô ráo và không trơn trượt', 1, 'c26cea98-699d-4368-b896-e7b81bc8d77b'),
('5b25ca95-d3bf-4a69-9cf8-429f936110ff', N'Sử dụng máy hút bụi liên tục', 0, 'c26cea98-699d-4368-b896-e7b81bc8d77b'),
('df34a2a8-42dc-401c-829c-e22368f5c068', N'Sử dụng giẻ lau ẩm', 0, 'f7a809a6-51fc-4eec-81a5-1fc79f552c33'),
('751411e5-5a4a-47f4-b1f4-7258be7781eb', N'Sử dụng dung dịch rửa chuyên dụng', 0, 'f7a809a6-51fc-4eec-81a5-1fc79f552c33'),
('bbb3e55c-8fe1-4645-ac1c-ce396838874f', N'Lau khi bề mặt cửa sổ nóng', 1, 'f7a809a6-51fc-4eec-81a5-1fc79f552c33'),
('c65ce139-a235-463a-9f64-af52cd5d6fdb', N'Sử dụng quá nhiều nước khi lau', 0, 'f7a809a6-51fc-4eec-81a5-1fc79f552c33'),
('98fb8275-abd5-448b-a107-19e895598792', N'Không cần phải đeo găng tay', 0, 'e2406828-f229-413d-a913-3b1afdc319e3'),
('3d30cbd0-2e7c-4633-bdb7-9a7b1f2418cd', N'Sử dụng hóa chất tẩy rửa mạnh nhất có thể', 0, 'e2406828-f229-413d-a913-3b1afdc319e3'),
('4c4fc890-2efb-40d1-a8de-9792aeaea925', N'Đeo khẩu trang khi làm việc với hóa chất độc hại', 1, 'e2406828-f229-413d-a913-3b1afdc319e3'),
('93305d0d-8b3b-406f-999c-d95797a70d6f', N'Làm việc trong không gian không thoáng đãng', 0, 'e2406828-f229-413d-a913-3b1afdc319e3'),
('7268d0ac-be9d-4e07-8ff9-6eed29b3b708', N'Sử dụng nước lạnh', 0, '2e470e18-8fc8-4d28-9157-36a45c1f7640'),
('d89f19fa-3b97-4521-a87b-82b1dc303821', N'Sử dụng dung dịch tẩy rửa chuyên dụng', 1, '2e470e18-8fc8-4d28-9157-36a45c1f7640'),
('587d618d-8dfe-4cd6-9dc5-ef92f97a2b2e', N'Chà xát bằng cồn', 0, '2e470e18-8fc8-4d28-9157-36a45c1f7640'),
('af43896f-a69c-496e-823d-68da44198d79', N'Để tự khô', 0, '2e470e18-8fc8-4d28-9157-36a45c1f7640'),
('2c243b5b-57b5-4098-b47a-6ec13cf551f9', N'Không quan trọng', 0, '6d9efa3f-2a34-4bcb-a170-22c4403acb72'),
('58f1ee80-182d-4ae8-b2d1-d09fd1837237', N'Chỉ quan trọng với khách hàng', 0, '6d9efa3f-2a34-4bcb-a170-22c4403acb72'),
('1c9b7623-7294-4248-ad1a-70bcf26f3326', N'Quan trọng để duy trì trật tự', 1, '6d9efa3f-2a34-4bcb-a170-22c4403acb72'),
('6df57ee3-5492-4939-8352-47ca474584d3', N'Chỉ quan trọng khi có yêu cầu', 0, '6d9efa3f-2a34-4bcb-a170-22c4403acb72'),
('80207e24-8e52-499f-ba71-8e3cfec4bf33', N'Không ảnh hưởng', 0, '812c1c1e-0357-4ded-a547-678a72d4c2b3'),
('efbd98cf-36bf-4e1c-9e06-0c9f2a012b61', N'Làm mềm thảm', 0, '812c1c1e-0357-4ded-a547-678a72d4c2b3'),
('16b7f330-8f82-4fb3-b968-c6a34dc4aaf0', N'Có thể làm hỏng thảm', 1, '812c1c1e-0357-4ded-a547-678a72d4c2b3'),
('e4a36603-95ff-4941-b0b1-f8be82e8b692', N'Làm sạch hiệu quả hơn', 0, '812c1c1e-0357-4ded-a547-678a72d4c2b3'),
('126d8a51-bd27-4e60-875c-f245d3575e1e', N'Giữa thảm', 0, 'c125a589-1c9d-4557-8cbc-b04e59a28259'),
('73256d42-f8b6-42ef-9738-645e8dd5a86b', N'Góc thảm', 0, 'c125a589-1c9d-4557-8cbc-b04e59a28259'),
('a252789f-e2a6-46e7-a150-9d707f1be6b0', N'Cạnh các cửa ra vào', 1, 'c125a589-1c9d-4557-8cbc-b04e59a28259'),
('8f277353-909a-4b0b-921f-a112e820735f', N'Dưới đồ đạc', 0, 'c125a589-1c9d-4557-8cbc-b04e59a28259'),
('efca87ac-c1f8-4235-8145-98a38eac2e8c', N'Lau chùi bề mặt', 0, 'd30e9185-1c82-4b0d-b39f-fc327fbee2f9'),
('19613e1c-c4e6-468d-a3a9-d8a60a816918', N'Tháo rời đồ đạc để dọn dẹp', 1, 'd30e9185-1c82-4b0d-b39f-fc327fbee2f9'),
('f1dd9ca5-c284-4be9-a6d5-7b0b63688b56', N'Phun nước rửa', 0, 'd30e9185-1c82-4b0d-b39f-fc327fbee2f9'),
('6b1273a0-0c8b-4cf9-a028-660f217bb6a8', N'Dọn dẹp mặt sàn', 0, 'd30e9185-1c82-4b0d-b39f-fc327fbee2f9'),
('cf980de5-5749-46d1-ba20-b128fe591c06', N'Sử dụng hóa chất tẩy mạnh', 1, '2462620b-5914-4b07-a6d8-e0c33f0238ca'),
('510847b2-5f3b-4e2e-9980-d9fbf74f7c29', N'Sử dụng quá nhiều nước', 0, '2462620b-5914-4b07-a6d8-e0c33f0238ca'),
('fbc01a6d-3d43-44a8-bbe3-d826f9e3e672', N'Sử dụng máy hút bụi thường xuyên', 0, '2462620b-5914-4b07-a6d8-e0c33f0238ca'),
('f8b73dc5-3c21-4c59-8c43-9969a23512cb', N'Không thực hiện việc dọn dẹp thường xuyên', 0, '2462620b-5914-4b07-a6d8-e0c33f0238ca'),
('922bebbb-c894-43d4-8b9b-a2941e7e441c', N'Sử dụng hóa chất tẩy mạnh', 0, 'f7e201d5-3d67-4af4-bfc6-2ed3eb5446f7'),
('a0556bfb-b061-44cd-b87a-f33e0319e196', N'Sử dụng máy hút bụi thường xuyên', 1, 'f7e201d5-3d67-4af4-bfc6-2ed3eb5446f7'),
('b57b16e6-5b6a-4888-90ec-669720f7901a', N'Không thực hiện việc dọn dẹp thường xuyên', 0, 'f7e201d5-3d67-4af4-bfc6-2ed3eb5446f7'),
('85828c85-f970-4155-adb7-d27d47b99312', N'Phơi thảm ngoài nắng nhiều lần', 0, 'f7e201d5-3d67-4af4-bfc6-2ed3eb5446f7'),
('b7f7b370-6ecd-4ff9-976c-0ed5b123d9bc', N'Kệ sách', 0, '78377bc3-1903-4116-8571-84c641427c2b'),
('385f5c06-61f7-491d-a0d6-83f6b5de9922', N'Nền nhà', 0, '78377bc3-1903-4116-8571-84c641427c2b'),
('504d9b94-2b4a-4a0b-9380-16a13615e043', N'Cửa sổ', 0, '78377bc3-1903-4116-8571-84c641427c2b'),
('23ee507e-c125-451d-aa32-5545b5d2dfe9', N'Khoang góc và các khe hở', 1, '78377bc3-1903-4116-8571-84c641427c2b'),
('17cf6c58-a037-41bd-aced-f859a924ffa3', N'Bàn chải cứng', 0, '16793f9b-2797-4956-97d4-2c09619cedf5'),
('a5449e4f-ddaf-4e18-9756-a445e08cbfbf', N'Giẻ lau', 1, '16793f9b-2797-4956-97d4-2c09619cedf5'),
('e5888ea7-b37b-4967-9b29-5eebf917be16', N'Bình xịt nước', 0, '16793f9b-2797-4956-97d4-2c09619cedf5'),
('cf66da1d-c5ea-438e-b468-97404d3f93eb', N'Máy hút bụi', 0, '16793f9b-2797-4956-97d4-2c09619cedf5'),
('186cbedb-b98b-408d-9ae7-ef4634439af7', N'1 lần', 1, '60bd313b-8268-4001-8581-e2956aab78fb'),
('1c9ba9de-407f-463b-b123-6ecf9975d66f', N'2 lần', 0, '60bd313b-8268-4001-8581-e2956aab78fb'),
('5dbc6fff-6d1e-45bb-968f-9c09cca47d38', N'3 lần', 0, '60bd313b-8268-4001-8581-e2956aab78fb'),
('70f0231e-1a8e-4223-98bd-61a91fd77619', N'Không cần hút bụi', 0, '60bd313b-8268-4001-8581-e2956aab78fb'),
('8df0679e-df2c-45a4-9a6c-4ef8858c8b94', N'Dung dịch vệ sinh', 1, '8794c09f-b0b8-412e-93eb-83efd4525de0'),
('b1f9da74-7152-49dd-8f76-08789ed850d0', N'Nước sạch', 0, '8794c09f-b0b8-412e-93eb-83efd4525de0'),
('0f30489c-2964-4d6b-b037-dfc67bb4496d', N'Rượu cồn', 0, '8794c09f-b0b8-412e-93eb-83efd4525de0'),
('9bfed3d4-8071-496c-9858-42714a02c7fd', N'Dầu gội', 0, '8794c09f-b0b8-412e-93eb-83efd4525de0'),
('68134b95-cd2c-4aaa-afb3-994602eb3cd6', N'Khăn ướt', 1, '104815b6-f925-4673-b21e-1a85cdf07f99'),
('0805ee8a-9f9e-497f-9f25-9f83cb4af6c1', N'Bàn chải cứng', 0, '104815b6-f925-4673-b21e-1a85cdf07f99'),
('8231af17-f349-4df5-b842-07c69b5a405b', N'Máy hút bụi', 0, '104815b6-f925-4673-b21e-1a85cdf07f99'),
('26fe2818-5051-477f-bf7a-a15f44943ab0', N'Bình xịt nước', 0, '104815b6-f925-4673-b21e-1a85cdf07f99'),
('b76644cb-8fe7-4b13-a6da-b183e9326301', N'Làm sạch cửa sổ', 0, 'ea04f3c0-5433-4ced-881a-772bd17c31d3'),
('65b369a0-a5b5-4eef-bb86-679a54703cf4', N'Hút bụi', 0, 'ea04f3c0-5433-4ced-881a-772bd17c31d3'),
('ab54b947-fb4d-45e5-a430-8c2ff9f6c130', N'Lau chùi sàn nhà', 1, 'ea04f3c0-5433-4ced-881a-772bd17c31d3'),
('097cecc8-e54f-42c1-a7f0-6b3b3b7c1e26', N'Làm sạch bàn làm việc', 0, 'ea04f3c0-5433-4ced-881a-772bd17c31d3'),
('9619dd3e-6b36-44fa-bee2-e523f0d5a93f', N'Loại bỏ vi khuẩn hiệu quả', 1, 'cb497be4-3d86-493b-adf5-2053dbfbceb9'),
('af11c26e-fb19-4eb1-aa0f-d7c8f35f8623', N'Gây hại cho bề mặt', 0, 'cb497be4-3d86-493b-adf5-2053dbfbceb9'),
('bf96af70-b80b-493c-b476-a32a763faf14', N'Làm sạch không hiệu quả', 0, 'cb497be4-3d86-493b-adf5-2053dbfbceb9'),
('779df5da-80d0-4c14-8128-9f0526debb0e', N'Tiết kiệm thời gian', 0, 'cb497be4-3d86-493b-adf5-2053dbfbceb9'),
('08d96d63-34a5-4439-a266-ab28bbf9e0a6', N'Làm khô thảm nhanh chóng', 1, 'a905d358-82ca-47b3-8195-815852956ad0'),
('6e3f9259-571c-4223-9495-77307f5601e7', N'Gây ra vết nhòe trên thảm', 0, 'a905d358-82ca-47b3-8195-815852956ad0'),
('245df123-741e-45da-9ef9-59ee3e073f0e', N'Tăng cường mùi hóa chất', 0, 'a905d358-82ca-47b3-8195-815852956ad0'),
('dbf62e54-c4ab-4264-a984-cac154e3795c', N'Không có tác dụng đặc biệt', 0, 'a905d358-82ca-47b3-8195-815852956ad0'),
('3f9a3395-8b8b-4853-87eb-61436d066e20', N'Nước lạnh', 0, 'cc9243dd-d74f-4155-a4fc-e7a292e8ed48'),
('99c34aa9-0780-4989-8461-404049f679e4', N'Rượu cồn', 1, 'cc9243dd-d74f-4155-a4fc-e7a292e8ed48'),
('8951faec-fdcf-47a4-84bb-ec16281ad8b9', N'Dầu gội', 0, 'cc9243dd-d74f-4155-a4fc-e7a292e8ed48'),
('66902af9-020e-4af3-bf39-3b92e64fc99b', N'Dung dịch rửa bát', 0, 'cc9243dd-d74f-4155-a4fc-e7a292e8ed48'),
('5d624a90-8a00-402a-8732-92b2422778f5', N'Dùng ít nước nhất có thể', 1, 'c5aa590b-a48d-407e-92c2-17285d5f2402'),
('2f277698-3844-4612-8fff-2fe25c2b0877', N'Sử dụng nước nhiều để làm sạch tốt hơn', 0, 'c5aa590b-a48d-407e-92c2-17285d5f2402'),
('58dcabc8-4ba8-4e0b-b2f4-f4b1ffb4de05', N'Sử dụng hóa chất tẩy rửa mạnh', 0, 'c5aa590b-a48d-407e-92c2-17285d5f2402'),
('4446b582-fa9a-447b-8016-ec331cfb456a', N'Không cần phải hút bụi trước khi làm sạch', 0, 'c5aa590b-a48d-407e-92c2-17285d5f2402'),
('28dfcb7c-3a18-4621-ba3f-a7c618c144d0', N'Tạo ra mùi hóa chất khó chịu', 0, 'd2947626-8bb9-4993-a1e4-aa80c7eaea94'),
('812900da-11fe-4354-97b8-c80b390b4674', N'Bảo vệ da tay khỏi các chất tẩy rửa mạnh', 1, 'd2947626-8bb9-4993-a1e4-aa80c7eaea94'),
('f453f5a8-9679-4b1a-8382-bee3e91eac30', N'Gây khó khăn khi làm việc', 0, 'd2947626-8bb9-4993-a1e4-aa80c7eaea94'),
('c0fd5ed8-62a7-43d9-b236-fb1674610ad6', N'Làm giảm sức mạnh của tay', 0, 'd2947626-8bb9-4993-a1e4-aa80c7eaea94'),
('740297a2-b4ad-40e5-9884-e89c2ed5a62d', N'Dùng nước lau', 0, 'db700a91-ada5-40c7-a5b8-9272991e86c1'),
('c088beb4-a0cb-49b7-b4ab-e25b627e3835', N'Sử dụng hóa chất tẩy', 1, 'db700a91-ada5-40c7-a5b8-9272991e86c1'),
('14526459-0f96-4eab-b04b-9c452730ade0', N'Phun nước sạch', 0, 'db700a91-ada5-40c7-a5b8-9272991e86c1'),
('1e39038a-dcfe-43ea-91d2-9761c1ff9dd6', N'Dùng quạt để sấy khô', 0, 'db700a91-ada5-40c7-a5b8-9272991e86c1'),
('46969583-642b-47e5-93ee-aa56d8f8137b', N'Vải cotton', 0, 'bfe66dfd-66ba-494a-af97-e7e26f61c954'),
('ca287248-9984-4578-b45f-d16ba06e2d60', N'Vải len', 0, 'bfe66dfd-66ba-494a-af97-e7e26f61c954'),
('c1698c43-7eb6-4afe-8a03-91df2f74aacf', N'Vải microfiber', 1, 'bfe66dfd-66ba-494a-af97-e7e26f61c954'),
('4bf4fa14-8b01-4125-9992-aac10c8a82df', N'Vải polyester', 0, 'bfe66dfd-66ba-494a-af97-e7e26f61c954'),
('343eae92-ad91-4ed0-b117-5aeefbe0a7cc', N'Làm sạch nhanh chóng và hiệu quả', 1, '80d63e70-db59-46eb-b24a-fb087a136540'),
('d8537a81-8bbc-4394-826b-a299a976adb5', N'Tiết kiệm nước', 0, '80d63e70-db59-46eb-b24a-fb087a136540'),
('df9be4f8-14a6-475a-a423-e9f725e02dd7', N'Không cần sử dụng hóa chất', 0, '80d63e70-db59-46eb-b24a-fb087a136540'),
('bd4ec6fd-960f-4f8e-b12c-45f21d173d4d', N'Làm sạch không khí', 0, '80d63e70-db59-46eb-b24a-fb087a136540'),
('39531248-234b-4976-9365-fecbb0dac88c', N'Đọc hướng dẫn sử dụng', 1, 'ded12ffc-1a16-4d97-b700-3d0da3b2c026'),
('543b8ab2-d8a2-4da5-b4ef-3199f83133d4', N'Sử dụng với số lượng lớn', 0, 'ded12ffc-1a16-4d97-b700-3d0da3b2c026'),
('e91bfca0-31f8-46fe-89f5-f13532dbd72c', N'Chỉ sử dụng trong nhà', 0, 'ded12ffc-1a16-4d97-b700-3d0da3b2c026'),
('0572127d-7da2-4ffd-b9e8-34c4425fdf60', N'Sử dụng nhanh chóng', 0, 'ded12ffc-1a16-4d97-b700-3d0da3b2c026'),
('ee7631f6-4245-4563-87a9-23832343802c', N'Nước lạnh', 0, 'a6303eff-6de2-41e5-8dd8-98f3fe5913c6'),
('4780269b-8b66-47d2-90e5-2c3b49118805', N'Nước ấm', 1, 'a6303eff-6de2-41e5-8dd8-98f3fe5913c6'),
('0103a980-88f7-4d89-b1c3-cbd022708692', N'Nước nóng', 0, 'a6303eff-6de2-41e5-8dd8-98f3fe5913c6'),
('e22e0cc4-b874-48ad-89bf-d21a1282e412', N'Nhiệt độ phòng', 0, 'a6303eff-6de2-41e5-8dd8-98f3fe5913c6'),
('26566a62-f46a-4641-8318-efbc40676703', N'Dễ dàng vệ sinh máy', 1, '6f572c6d-0eb7-4db6-bc8b-300f56aa724d'),
('0479e593-07b9-4718-99c2-219417dd8143', N'Hút bụi hiệu quả hơn', 0, '6f572c6d-0eb7-4db6-bc8b-300f56aa724d'),
('f562e876-a411-4822-aceb-a17565f87454', N'Tiết kiệm điện năng', 0, '6f572c6d-0eb7-4db6-bc8b-300f56aa724d'),
('9970e27f-c110-408b-9e2c-a840cb8d1906', N'Không cần thay túi thường xuyên', 0, '6f572c6d-0eb7-4db6-bc8b-300f56aa724d'),
('04c7d4f8-1891-44d7-a933-81cd3458f2f6', N'Nước lạnh và xà phòng', 0, '0043e18d-42f3-4b7f-9a5b-fb0c1fd09efc'),
('b862ab77-54da-452c-b5a1-9353a5d47e83', N'Nước ấm và giấm', 1, '0043e18d-42f3-4b7f-9a5b-fb0c1fd09efc'),
('f31f824a-b605-43b3-a776-d8cbae735a63', N'Cồn', 0, '0043e18d-42f3-4b7f-9a5b-fb0c1fd09efc'),
('5dd2677a-40f5-4213-81ac-9da8c9cf5fd5', 'Bleach', 0, '0043e18d-42f3-4b7f-9a5b-fb0c1fd09efc'),
('f3af9c36-5007-423c-8a57-b8a769f0fccc', N'Lau bằng nước nóng', 0, 'a847e531-c1b3-4da3-a911-2f275c36065c'),
('d21c8e32-439a-4eb7-83f5-92ebd363d472', N'Sử dụng bột giặt', 1, 'a847e531-c1b3-4da3-a911-2f275c36065c'),
('992e5ef4-6739-44e1-8012-ab3a6c261425', N'Chà xát mạnh bằng bàn chải', 0, 'a847e531-c1b3-4da3-a911-2f275c36065c'),
('9c57bcf3-5744-4d03-b2a3-b84bc77b9c0c', N'Phơi nắng ghế', 0, 'a847e531-c1b3-4da3-a911-2f275c36065c'),
('a3f9852c-612e-4b75-ab68-1f75b18fec42', N'Tiết kiệm thời gian', 1, 'a721b2fe-e35c-454e-b1bc-d73090101e69'),
('574b830d-e84f-4ac2-bf7b-4b2e20d00847', N'Tiết kiệm điện', 0, 'a721b2fe-e35c-454e-b1bc-d73090101e69'),
('f43260bc-fc96-4236-a4c8-fd8ad118f944', N'Không cần sử dụng hóa chất', 0, 'a721b2fe-e35c-454e-b1bc-d73090101e69'),
('645b4d59-e60a-423a-950f-a263b286d819', N'Làm sạch không khí', 0, 'a721b2fe-e35c-454e-b1bc-d73090101e69'),
('908dcae1-ab8b-4a50-8df6-beb855eedfe7', N'Bảo vệ da tay', 1, '39f73747-14a9-4490-9005-603d4e6f0bd6'),
('bdbca737-950c-4df4-932d-7934fc9f54a0', N'Tăng cường hiệu quả làm sạch', 0, '39f73747-14a9-4490-9005-603d4e6f0bd6'),
('8a2a054b-bf6e-4996-a378-b85d36177677', N'Giữ cho tay khô ráo', 0, '39f73747-14a9-4490-9005-603d4e6f0bd6'),
('656a4a48-391a-4972-8abf-0937ea7b7672', N'Tránh mùi hóa chất', 0, '39f73747-14a9-4490-9005-603d4e6f0bd6'),
('89b5350a-a205-41f1-a679-9ff87c019682', N'Tạo mùi hương dễ chịu', 1, 'd87a96d8-9217-4ad4-9bbc-ab2f28ba5362'),
('6c4b16a4-71c1-4cfa-9f37-1d1d9c86b5d3', N'Làm sạch sàn hiệu quả hơn', 0, 'd87a96d8-9217-4ad4-9bbc-ab2f28ba5362'),
('2567fb94-5412-45e2-a608-3ca1c7c2bf75', N'Diệt khuẩn mạnh mẽ', 0, 'd87a96d8-9217-4ad4-9bbc-ab2f28ba5362'),
('634dabf9-a195-4658-99b5-3b824d292210', N'Chống trơn trượt', 0, 'd87a96d8-9217-4ad4-9bbc-ab2f28ba5362'),
('30dbaafe-baa7-41b3-9dfb-e9307d2a5b0e', N'Làm sạch tự động', 1, '1bb0aaac-716d-4faa-989a-1db60ba23555'),
('a36a5075-7287-4863-ad16-f75a19977051', N'Tiết kiệm nước', 0, '1bb0aaac-716d-4faa-989a-1db60ba23555'),
('7a939cf5-380b-4c37-8ca3-aaace6f205c3', N'Không cần sử dụng hóa chất', 0, '1bb0aaac-716d-4faa-989a-1db60ba23555'),
('c1abbe3d-ae60-4113-985b-52f06b0f3c2a', N'Làm sạch không khí', 0, '1bb0aaac-716d-4faa-989a-1db60ba23555'),
('5aac2b09-2201-4485-9e20-a019ba6e266d', N'Làm sạch và khô nhanh', 1, '22201ca2-b19d-43af-bdf4-abcea082ac12'),
('a3cd83ef-46d5-4a6e-9024-ecfd3236139a', N'Diệt khuẩn', 0, '22201ca2-b19d-43af-bdf4-abcea082ac12'),
('0ea1a340-1960-4211-a54d-6e83b4eed84f', N'Tạo độ bóng cho thiết bị', 0, '22201ca2-b19d-43af-bdf4-abcea082ac12'),
('9678358e-fce2-4600-8b58-bf1a8431e351', N'Ngăn chặn bụi bám trở lại', 0, '22201ca2-b19d-43af-bdf4-abcea082ac12'); 

