-- DELETE ALL!!!
Delete from [OrderServiceType];
Delete from [OrderService];
Delete from [Orders];
Delete from [Services];

Delete from [FreelanceSkills];
Delete from [Skills];

Delete from [Addresses];
Delete from [Freelancers];
Delete from [Customers];
Delete from [Accounts];

Delete from [RepairingServices];
Delete from [CleaningServices];
Delete from [ShoppingServices];

DELETE FROM [ServiceTypes];

INSERT INTO [ServiceTypes] ([Id], [Name], [BasePrice], [Description], [ServiceCategoryId], [Image], [Keys]) VALUES
('96D250D4-0C0E-4521-B94E-05F3CAFCA3F3', N'Đi mua giày camping', 300000.0, N'Mua sắm hộ siêu nhanh', '6F57D993-EB26-4B35-8C7D-7871A7FD624F', null, null),
('73BF981F-1CFD-483D-80EE-14AB6D2E55EF', N'Đi mua quần áo', 60000.0, N'Mua sắm hộ siêu nhanh', '6F57D993-EB26-4B35-8C7D-7871A7FD624F', null, null),
('3779D349-ABCB-4DBC-ABF1-25BA9E94A695', N'Đi siêu thị sang trọng', 100000.0, N'Mua sắm hộ siêu nhanh', '6F57D993-EB26-4B35-8C7D-7871A7FD624F', null, null),
('49A42267-D9DC-4E11-87A5-36525D4254D9', N'Biệt thự', 55000.0, N'Dọn dẹp Biệt thự', 'D17AD87C-9F80-4F0E-BFD4-53138D900A6E', 'https://detoivn.sirv.com/services/dondep/bietthu.png', null),
('3B8A2D6A-B0E7-46AF-A688-397CEA642603', N'Phòng trọ', 30000.0, N'Dọn dẹp Phòng trọ', 'D17AD87C-9F80-4F0E-BFD4-53138D900A6E', 'https://detoivn.sirv.com/services/dondep/phongtro.png', null),
('3361BC88-9F58-4BE8-AC37-561606430F8A', N'Đi mua vé xem phim', 20000.0, N'Mua sắm hộ siêu nhanh', '6F57D993-EB26-4B35-8C7D-7871A7FD624F', null, null),
('07CB166A-4B4E-4637-B224-6277A69003D9', N'Đi mua vé concert', 4000000.0, N'Mua sắm hộ siêu nhanh', '6F57D993-EB26-4B35-8C7D-7871A7FD624F', null, null),
('EF2632F0-47BD-4BBE-A46F-628A28F03D8B', N'Nhà / Nhà phố', 50000.0, N'Dọn dẹp Nhà / Nhà phố', 'D17AD87C-9F80-4F0E-BFD4-53138D900A6E', 'https://detoivn.sirv.com/services/dondep/n%C3%A2-nhapho.png', null),
('C82954A1-39D4-4012-86B3-6CAD42C2B399', N'Sửa máy giặt', 200000.0, N'Sửa máy giặt', '8A21B21E-DC31-49C8-8B5B-84B69204DC3A', null, null),
('DBB78597-043D-47C1-8810-93D392FD09BA', N'Căn hộ chung cư', 40000.0, N'Dọn dẹp Căn hộ chung cư', 'D17AD87C-9F80-4F0E-BFD4-53138D900A6E', 'https://detoivn.sirv.com/services/dondep/chungcu.jpg', null),
('63CE2EBF-EF36-4B4A-891E-ABBDE2A75B38', N'Sửa bàn ủi', 200000.0, N'Sửa chữa để tôi lo', '8A21B21E-DC31-49C8-8B5B-84B69204DC3A', null, null),
('F1B832B2-49F3-456F-BACB-B1F8DA766BEA', N'Sửa máy tính laptop', 200000.0, N'Hãy yên tâm không nổ đâu', '8A21B21E-DC31-49C8-8B5B-84B69204DC3A', null, null),
('B9F74F9E-F792-4C48-B1B6-B6F0BC402D07', N'Đi chợ hộ', 40000.0, N'Mua sắm hộ siêu nhanh', '6F57D993-EB26-4B35-8C7D-7871A7FD624F', null, null),
('88006A8C-D757-4B85-8B91-C88E6078FE9C', N'Sửa tivi', 200000.0, N'Sửa chữa để tôi lo', '8A21B21E-DC31-49C8-8B5B-84B69204DC3A', null, null),
('662A64BE-F7EA-4419-8978-DBF8F19159DC', N'Sửa bình gas', 50000000.0, N'Hãy yên tâm không nổ đâu', '8A21B21E-DC31-49C8-8B5B-84B69204DC3A', null, null),
('EF2034C1-7F44-4D07-B9C0-E2A497999A9D', N'Sửa ống nước', 200000.0, N'Sửa chữa để tôi lo', '8A21B21E-DC31-49C8-8B5B-84B69204DC3A', null, null),
('CCA752D4-C17C-4C31-906F-F33CB8A18E48', N'Đi siêu thị hộ', 50000.0, N'Mua sắm hộ siêu nhanh', '6F57D993-EB26-4B35-8C7D-7871A7FD624F', null, null),
('A5677DE0-A6A7-42C0-AB77-F34B75BEB63D', N'Sửa máy lạnh', 200000.0, N'Sửa chữa để tôi lo', '8A21B21E-DC31-49C8-8B5B-84B69204DC3A', null, null); 

INSERT INTO [Accounts] ([Id], [Email], [FullName], [DateOfBirth], [Phone], [Role], [Avatar], [RefreshToken], [LoginToken], [LoginTokenExpires], [TokenCreated], [TokenExpires], [IsActive], [IsVerified]) VALUES
('3ed37ec3-8ce8-487a-bbc8-7aa0a9bda0f7', null, N'Customer Phan Hữu Tường', '1988-08-14', '0985303167', 'Customer', 'https://detoivn.sirv.com/customer_avt/user-avt%20(1).png', 'string', 'default', '2024-03-17T20:33:27.033442', '2024-03-17 20:23:27.033442', '2024-03-17 20:33:27.033442', 1, 1),
('0b4ecb50-612d-4b5f-8119-1c1b803ce968', null, N'Freelancer Hoàng Linh Nhi', '2002-03-03', '0861709636', 'Freelancer', 'https://detoivn.sirv.com/customer_avt/user-avt%20(1).png', 'string', 'default', '2024-03-17T20:33:27.035444', '2024-03-17 20:23:27.035444', '2024-03-17 20:33:27.035444', 1, 1),
('95b66b12-cbc2-45b9-a8d8-90da714df4ef', null, N'Customer Trương Diễm Lệ', '2002-05-14', '0832188881', 'Customer', 'https://detoivn.sirv.com/customer_avt/user-avt%20(2).png', 'string', 'default', '2024-03-17T20:33:27.036445', '2024-03-17 20:23:27.036445', '2024-03-17 20:33:27.036445', 1, 1),
('dabb481f-7ae7-4480-aff5-bcc42b8f8083', null, N'Freelancer Vũ Trần Quang Tuấn', '1989-07-30', '0946655273', 'Freelancer', 'https://detoivn.sirv.com/customer_avt/user-avt%20(2).png', 'string', 'default', '2024-03-17T20:33:27.037956', '2024-03-17 20:23:27.037956', '2024-03-17 20:33:27.037956', 1, 1),
('d97abec0-8d09-43a5-89b1-82673ffd023b', null, N'Customer Vũ Tuấn Khanh', '1978-03-09', '0984321386', 'Customer', 'https://detoivn.sirv.com/customer_avt/user-avt%20(2).png', 'string', 'default', '2024-03-17T20:33:27.039970', '2024-03-17 20:23:27.039970', '2024-03-17 20:33:27.039970', 1, 1),
('1b2c2e16-0cba-4923-9000-6e1f9058af19', null, N'Freelancer Phạm Khắc Vũ', '1993-06-29', '0943489772', 'Freelancer', 'https://detoivn.sirv.com/customer_avt/user-avt%20(3).png', 'string', 'default', '2024-03-17T20:33:27.040985', '2024-03-17 20:23:27.040985', '2024-03-17 20:33:27.040985', 1, 1),
('ac3b3e78-3f1e-45b2-b1d9-69191322252a', null, N'Freelancer Trương Hữu Canh', '2003-11-13', '0939090201', 'Freelancer', 'https://detoivn.sirv.com/customer_avt/user-avt%20(2).png', 'string', 'default', '2024-03-17T20:33:27.041982', '2024-03-17 20:23:27.041982', '2024-03-17 20:33:27.041982', 1, 1),
('601d8428-2a1e-4baa-8e51-774fee642281', null, N'Customer Trương Dương Hoàng Hải', '1977-06-09', '0373132537', 'Customer', 'https://detoivn.sirv.com/customer_avt/user-avt%20(2).png', 'string', 'default', '2024-03-17T20:33:27.042986', '2024-03-17 20:23:27.042986', '2024-03-17 20:33:27.042986', 1, 1),
('b7d72305-d090-4b04-9d26-2e926c9f0cf8', null, N'Customer Trần Khôi Nguyên', '1986-07-18', '0917234105', 'Customer', 'https://detoivn.sirv.com/customer_avt/user-avt%20(1).png', 'string', 'default', '2024-03-17T20:33:27.043979', '2024-03-17 20:23:27.043979', '2024-03-17 20:33:27.043979', 1, 1),
('a5633a6d-9d88-4b1a-b5d1-9da043684ecc', null, N'Freelancer Trần Tuấn Tú', '2004-12-29', '0969156496', 'Freelancer', 'https://detoivn.sirv.com/customer_avt/user-avt%20(2).png', 'string', 'default', '2024-03-17T20:33:27.044981', '2024-03-17 20:23:27.044981', '2024-03-17 20:33:27.044981', 1, 1); 

INSERT INTO [Freelancers] ([Id], [AccountId], [Rating], [TotalReviewCount], [Balance], [OrderCount], [LoveCount], [PositiveReviewCount], [IdentityNumber], [IsTeam], [Description], [TeamMemberCount]) VALUES
('6a984514-3826-43b7-abb1-77daa5aa28c3', '0b4ecb50-612d-4b5f-8119-1c1b803ce968', 0, 0, 0, 0, 0, 0, '051200000011', 1, 'Fire happen nothing support suffer which parent. Republican total policy head Mrs debate onto. Catch even front. Responsibility full per among clearly word.', 4),
('ff053b72-a702-44a7-9d59-1886ac782a27', 'dabb481f-7ae7-4480-aff5-bcc42b8f8083', 0, 0, 0, 0, 0, 0, '051200000012', 1, 'Record interview few same. Turn phone heart window. Assume be seek article. Better news face. Small research describe base detail yourself one. Issue grow ask tell.', 2),
('cbb95b79-4e1c-497e-8ee5-5655db5ba576', '1b2c2e16-0cba-4923-9000-6e1f9058af19', 0, 0, 0, 0, 0, 0, '051200000013', 0, 'Many true follow marriage material prove dark. Use act relationship section five focus modern themselves. Six success on responsibility southern at be than. At candidate feel. Former claim chance prevent why measure too.', 1),
('42a0bd29-ce9b-495b-822d-612f91f2e298', 'ac3b3e78-3f1e-45b2-b1d9-69191322252a', 0, 0, 0, 0, 0, 0, '051200000014', 0, 'Surface something prevent a consider. Now four management energy stay significant his. Artist political camera expert stop area. Loss cell three. Response purpose character would in partner hit another. Sing after our car food record power.', 1),
('f6a9e12f-6a90-4b46-8bcb-5a6e6c683fde', 'a5633a6d-9d88-4b1a-b5d1-9da043684ecc', 0, 0, 0, 0, 0, 0, '051200000015', 1, 'Occur democratic behavior standard thousand single recognize. Medical watch certainly through instead base. Indeed between similar safe. Social issue indicate. Try while reveal bad audience grow ahead. Concern store discover hand others century.', 2); 

INSERT INTO [Customers] ([Id], [AccountId], [CustomerRank], [MemberPoint]) VALUES
('406d333d-f791-4263-bfd1-51c162b01d78', '3ed37ec3-8ce8-487a-bbc8-7aa0a9bda0f7', 'Unranked', 0),
('33dd7ff9-5bc1-46ce-ae28-ddb6b1b6ea16', '95b66b12-cbc2-45b9-a8d8-90da714df4ef', 'Unranked', 0),
('829665c0-07da-436c-aaa0-d30580ccbf4b', 'd97abec0-8d09-43a5-89b1-82673ffd023b', 'Unranked', 0),
('f1433783-3f66-4f71-bcdf-4416b9b73752', '601d8428-2a1e-4baa-8e51-774fee642281', 'Unranked', 0),
('3dab1eb3-f1d7-445b-9923-a5092f073f8e', 'b7d72305-d090-4b04-9d26-2e926c9f0cf8', 'Unranked', 0); 

INSERT INTO [Addresses] ([Id], [Lat], [Lon], [CustomerAccountId], [FreelanceAccountId], [AddressLine], [Ward], [District], [Province], [Country]) VALUES
('f6967207-ae22-4551-8318-e64a00da127e', 10.78615828364886, 106.65881178689783, '406d333d-f791-4263-bfd1-51c162b01d78', null, 'test address', N'Phường 13', N'Quận Tân Bình', N'Thành phố Hồ Chí Minh', N'Việt Nam'),
('4c9ee7a8-ba1e-4f1f-868b-3620ea7f411d', 10.69329925009694, 106.77473742157709, null, '6a984514-3826-43b7-abb1-77daa5aa28c3', 'test address', N'Phường An Lạc', N'Quận Bình Tân', N'Thành phố Hồ Chí Minh', N'Việt Nam'),
('f8d94ade-f7f2-4a6f-bcc9-8d3d941369f2', 10.65681019639959, 106.71334906683845, '33dd7ff9-5bc1-46ce-ae28-ddb6b1b6ea16', null, 'test address', N'Phường 1', N'Quận 10', N'Thành phố Hồ Chí Minh', N'Việt Nam'),
('ad7c3a65-b8f5-4cbd-a857-add39d582d7b', 10.5465540556641, 106.96913894183947, null, 'ff053b72-a702-44a7-9d59-1886ac782a27', 'test address', N'Phường 15', N'Quận Bình Thạnh', N'Thành phố Hồ Chí Minh', N'Việt Nam'),
('32e7d1be-9298-44c7-b224-c8d97613b913', 10.558008571723526, 106.886240896071, '829665c0-07da-436c-aaa0-d30580ccbf4b', null, 'test address', N'Phường 4', N'Quận 8', N'Thành phố Hồ Chí Minh', N'Việt Nam'),
('e91ffe9d-d06f-4ec0-8c0e-18b46cdf8f06', 10.852685669025762, 106.8801980153416, null, 'cbb95b79-4e1c-497e-8ee5-5655db5ba576', 'test address', N'Phường 15', N'Quận 5', N'Thành phố Hồ Chí Minh', N'Việt Nam'),
('371decb3-9b36-4703-ab86-feea8fe3e60a', 10.755316419873267, 106.9720555114244, null, '42a0bd29-ce9b-495b-822d-612f91f2e298', 'test address', N'Phường Phước Bình', N'Quận 9', N'Thành phố Hồ Chí Minh', N'Việt Nam'),
('6a2a5bb9-25eb-42f0-8b25-8c437e503bdd', 10.619693747051137, 106.93105959512009, 'f1433783-3f66-4f71-bcdf-4416b9b73752', null, 'test address', N'Xã Lê Minh Xuân', N'Huyện Bình Chánh', N'Thành phố Hồ Chí Minh', N'Việt Nam'),
('22eb3e02-9ca4-4a9e-a589-36ba3eaebffc', 10.753726214175947, 106.81714901404915, '3dab1eb3-f1d7-445b-9923-a5092f073f8e', null, 'test address', N'Phường Bình Thọ', N'Thành phố Thủ Đức', N'Thành phố Hồ Chí Minh', N'Việt Nam'),
('8c4ba620-f508-475e-93fc-defec5ef1586', 10.704198617334544, 106.80850344416484, null, 'f6a9e12f-6a90-4b46-8bcb-5a6e6c683fde', 'test address', N'Phường Cầu Kho', N'Quận 1', N'Thành phố Hồ Chí Minh', N'Việt Nam'); 

INSERT INTO [Skills] (Id, Name, Description, SkillCategory) VALUES
('e3ff44d2-7905-429b-ab24-6381bf97e4c6', 'House Cleaning', 'American whole magazine truth stop whose.', 'CleaningService'),
('b478cef3-015a-437d-ba14-89a9f3b89d27', 'Office Cleaning', 'Through despite cause cause believe son would mouth.', 'CleaningService'),
('e65a29a2-6da1-4618-9178-b0a0453671a2', 'Deep Cleaning', 'Financial role together range.', 'CleaningService'),
('be2ca7e8-9164-4d22-b90b-b5375bd7f906', 'Carpet Cleaning', 'Beyond its particularly tree whom local tend.', 'CleaningService'),
('4d4e5936-762c-4f31-9e95-426943daafd6', 'Window Cleaning', 'Source nature add rest.', 'CleaningService'),
('36d1f80a-78a2-4d6b-ace8-614e1e26c794', 'Maid Service', 'Ability management test during foot that course nothing.', 'CleaningService'),
('6c7c2906-e6b4-48cd-9957-6d5cedca0cc7', 'Janitorial Service', 'Sort language ball floor.', 'CleaningService'),
('e818e822-98bb-4e06-b825-e16ee76cd378', 'Disinfection Service', 'Board necessary religious natural sport music white.', 'CleaningService'),
('fde516ea-c847-43a2-b0e6-1259ef1a25d1', 'Eco-friendly Cleaning', 'Onto knowledge other his offer face country.', 'CleaningService'),
('6318af58-74e6-478b-b6d9-74828a27207a', 'Move-in/Move-out Cleaning', 'Party prevent live.', 'CleaningService'),
('20a35007-033d-4831-bf41-bed8e0e3b986', 'Appliance Repair', 'Theory type successful together.', 'RepairingService'),
('40337cd7-3920-4be5-8ebf-271b833d9697', 'Refrigerator Repair', 'Study modern miss dog Democrat quickly.', 'RepairingService'),
('7b191d7c-2df9-4255-ae6b-dcef333b53b4', 'Washer/Dryer Repair', 'Every manage political record word group food break.', 'RepairingService'),
('859fe301-0c36-462e-bab8-a3d5107f769b', 'Oven/Range Repair', 'Friend couple administration even relate head color international.', 'RepairingService'),
('aaef085f-bd14-4f29-8dde-e76a41bc37f8', 'Dishwasher Repair', 'Situation talk despite stage.', 'RepairingService'),
('31ebd381-229d-4223-a430-5c1759f4d497', 'HVAC Repair', 'Quite ago play paper office hospital have wonder.', 'RepairingService'),
('db1f6d4a-10e7-4a42-9b33-0fa732e23a78', 'Plumbing Repair', 'Against which continue buy decision song view age.', 'RepairingService'),
('30989764-8d64-4bd1-b47e-4bffacee68ec', 'Electrical Repair', 'Big employee determine positive go Congress mean always.', 'RepairingService'),
('64b7c745-b31b-4862-ae9c-9476adcaee92', 'Small Appliance Repair', 'Current grow rule stuff truth college.', 'RepairingService'),
('ddf8f7bd-a07e-409b-aa6a-a99cfdec1091', 'Garbage Disposal Repair', 'Small citizen class morning.', 'RepairingService'),
('4c628a0f-8ff5-4a1b-8bb8-c860cbfa431e', 'Personal Shopping', 'Tv program actually race tonight themselves true power.', 'ShoppingService'),
('b977057f-7be1-4c43-9572-4fefc9d8b96f', 'Grocery Shopping', 'Check real leader bad school.', 'ShoppingService'),
('6c66b5b6-4c07-4880-a241-75bd2cd21eca', 'Errand Service', 'Care several loss particular pull.', 'ShoppingService'),
('9eba6196-5b30-4e57-8fb7-9914c362ba40', 'Shopping Assistance', 'Car financial security stock ball organization recognize civil.', 'ShoppingService'),
('48b90fc5-923a-4711-880b-86eda2c1f160', 'Gift Shopping', 'Her then nothing increase I reduce industry.', 'ShoppingService'),
('0b83d5c8-6291-4d64-a534-d83e72c88b76', 'Online Shopping', 'Knowledge else citizen month.', 'ShoppingService'),
('ad67005b-e5ce-40d0-8be5-05b510ab4c9c', 'Bulk Shopping', 'Page a although for study anyone state.', 'ShoppingService'),
('fdf5a584-5ed4-4ad3-9942-f9cc12c7e256', 'Specialty Store Shopping', 'Nature white without study candidate.', 'ShoppingService'),
('d67c5677-9ac7-4b37-bddb-c15c51444857', 'Holiday Shopping', 'Wear individual about add senior woman.', 'ShoppingService'),
('abe5c77a-c3a2-46c7-9e91-1716f80a8dc9', 'Fashion Styling', 'Best budget power them evidence without beyond take.', 'ShoppingService'); 

INSERT INTO [FreelanceSkills] ([FreelancerId], [SkillId]) VALUES
('6a984514-3826-43b7-abb1-77daa5aa28c3', '7b191d7c-2df9-4255-ae6b-dcef333b53b4'),
('6a984514-3826-43b7-abb1-77daa5aa28c3', '30989764-8d64-4bd1-b47e-4bffacee68ec'),
('6a984514-3826-43b7-abb1-77daa5aa28c3', '4d4e5936-762c-4f31-9e95-426943daafd6'),
('6a984514-3826-43b7-abb1-77daa5aa28c3', '6318af58-74e6-478b-b6d9-74828a27207a'),
('6a984514-3826-43b7-abb1-77daa5aa28c3', 'be2ca7e8-9164-4d22-b90b-b5375bd7f906'),
('ff053b72-a702-44a7-9d59-1886ac782a27', 'aaef085f-bd14-4f29-8dde-e76a41bc37f8'),
('ff053b72-a702-44a7-9d59-1886ac782a27', '48b90fc5-923a-4711-880b-86eda2c1f160'),
('ff053b72-a702-44a7-9d59-1886ac782a27', 'b977057f-7be1-4c43-9572-4fefc9d8b96f'),
('ff053b72-a702-44a7-9d59-1886ac782a27', '6c7c2906-e6b4-48cd-9957-6d5cedca0cc7'),
('ff053b72-a702-44a7-9d59-1886ac782a27', 'be2ca7e8-9164-4d22-b90b-b5375bd7f906'),
('ff053b72-a702-44a7-9d59-1886ac782a27', '31ebd381-229d-4223-a430-5c1759f4d497'),
('ff053b72-a702-44a7-9d59-1886ac782a27', '7b191d7c-2df9-4255-ae6b-dcef333b53b4'),
('cbb95b79-4e1c-497e-8ee5-5655db5ba576', 'b478cef3-015a-437d-ba14-89a9f3b89d27'),
('cbb95b79-4e1c-497e-8ee5-5655db5ba576', '64b7c745-b31b-4862-ae9c-9476adcaee92'),
('cbb95b79-4e1c-497e-8ee5-5655db5ba576', 'e65a29a2-6da1-4618-9178-b0a0453671a2'),
('cbb95b79-4e1c-497e-8ee5-5655db5ba576', 'b977057f-7be1-4c43-9572-4fefc9d8b96f'),
('cbb95b79-4e1c-497e-8ee5-5655db5ba576', '0b83d5c8-6291-4d64-a534-d83e72c88b76'),
('cbb95b79-4e1c-497e-8ee5-5655db5ba576', 'db1f6d4a-10e7-4a42-9b33-0fa732e23a78'),
('cbb95b79-4e1c-497e-8ee5-5655db5ba576', 'ddf8f7bd-a07e-409b-aa6a-a99cfdec1091'),
('42a0bd29-ce9b-495b-822d-612f91f2e298', '7b191d7c-2df9-4255-ae6b-dcef333b53b4'),
('42a0bd29-ce9b-495b-822d-612f91f2e298', '0b83d5c8-6291-4d64-a534-d83e72c88b76'),
('42a0bd29-ce9b-495b-822d-612f91f2e298', '48b90fc5-923a-4711-880b-86eda2c1f160'),
('42a0bd29-ce9b-495b-822d-612f91f2e298', '31ebd381-229d-4223-a430-5c1759f4d497'),
('f6a9e12f-6a90-4b46-8bcb-5a6e6c683fde', 'b977057f-7be1-4c43-9572-4fefc9d8b96f'),
('f6a9e12f-6a90-4b46-8bcb-5a6e6c683fde', '9eba6196-5b30-4e57-8fb7-9914c362ba40'),
('f6a9e12f-6a90-4b46-8bcb-5a6e6c683fde', 'd67c5677-9ac7-4b37-bddb-c15c51444857'),
('f6a9e12f-6a90-4b46-8bcb-5a6e6c683fde', 'be2ca7e8-9164-4d22-b90b-b5375bd7f906'); 

INSERT INTO [Orders] ([Id], [AddressId], [EstimatedPrice], [StartTime], [FinishTime], [CreatedTime], [FreelancerId], [CustomerId], [Rating], [Comment], [ServiceStatusId]) VALUES
('07a129d5-76df-4444-8ba7-24b2391e8447', '32e7d1be-9298-44c7-b224-c8d97613b913', 300000, '2024-02-28T00:00:00.000000', '2024-02-28T00:00:00.000000', '2024-02-27T00:00:00.000000', '6a984514-3826-43b7-abb1-77daa5aa28c3', '829665c0-07da-436c-aaa0-d30580ccbf4b', 4.5, 'Live religious election agreement decade.', '8a9f22f1-3c67-49f7-bd84-ec290e4a37fd'),
('59dddd8d-e9af-46d5-8e21-20301a2a9917', '32e7d1be-9298-44c7-b224-c8d97613b913', 0, '2024-02-15T00:00:00.000000', null, '2024-02-13T00:00:00.000000', null, '829665c0-07da-436c-aaa0-d30580ccbf4b', 0, null, '8a9f22f1-3c67-49f7-bd84-ec290e4a37fd'),
('1d6faa83-1467-496d-b579-a0b6997bd693', '6a2a5bb9-25eb-42f0-8b25-8c437e503bdd', 0, '2024-02-27T00:00:00.000000', null, '2024-02-25T00:00:00.000000', null, 'f1433783-3f66-4f71-bcdf-4416b9b73752', 0, null, '8a9f22f1-3c67-49f7-bd84-ec290e4a37fd'),
('51ff5ae1-806a-4c3d-a1ab-5ace3c2b75ef', '6a2a5bb9-25eb-42f0-8b25-8c437e503bdd', 0, '2024-03-02T00:00:00.000000', null, '2024-02-29T00:00:00.000000', null, 'f1433783-3f66-4f71-bcdf-4416b9b73752', 0, null, '8a9f22f1-3c67-49f7-bd84-ec290e4a37fd'),
('bd811984-d9b9-436e-9b2a-0145a22e620d', '6a2a5bb9-25eb-42f0-8b25-8c437e503bdd', 0, '2024-01-25T00:00:00.000000', null, '2024-01-23T00:00:00.000000', null, 'f1433783-3f66-4f71-bcdf-4416b9b73752', 0, null, '8a9f22f1-3c67-49f7-bd84-ec290e4a37fd'),
('82574c2a-bd08-4f37-a019-5a3c669e352e', '6a2a5bb9-25eb-42f0-8b25-8c437e503bdd', 0, '2024-01-01T00:00:00.000000', null, '2023-12-29T00:00:00.000000', null, 'f1433783-3f66-4f71-bcdf-4416b9b73752', 0, null, '8a9f22f1-3c67-49f7-bd84-ec290e4a37fd'),
('37cd0d44-d9e6-4e88-9ec1-be730748646d', 'f8d94ade-f7f2-4a6f-bcc9-8d3d941369f2', 100000, '2024-01-28T00:00:00.000000', '2024-01-28T00:00:00.000000', '2024-01-25T00:00:00.000000', '42a0bd29-ce9b-495b-822d-612f91f2e298', '33dd7ff9-5bc1-46ce-ae28-ddb6b1b6ea16', 4.5, 'A huge three report know.', '8a9f22f1-3c67-49f7-bd84-ec290e4a37fd'),
('e3aed742-81ec-4079-b98c-10d6c80e7d3b', 'f8d94ade-f7f2-4a6f-bcc9-8d3d941369f2', 400000, '2024-02-04T00:00:00.000000', '2024-02-04T00:00:00.000000', '2024-02-02T00:00:00.000000', 'cbb95b79-4e1c-497e-8ee5-5655db5ba576', '33dd7ff9-5bc1-46ce-ae28-ddb6b1b6ea16', 0, 'Along society figure future morning.', '8a9f22f1-3c67-49f7-bd84-ec290e4a37fd'),
('702dd90e-11df-4fe0-9d71-3e60c367e607', 'f8d94ade-f7f2-4a6f-bcc9-8d3d941369f2', 0, '2024-03-14T00:00:00.000000', null, '2024-03-13T00:00:00.000000', null, '33dd7ff9-5bc1-46ce-ae28-ddb6b1b6ea16', 0, null, '8a9f22f1-3c67-49f7-bd84-ec290e4a37fd'),
('10ca3f37-3e01-4eaf-8336-f29d58802a94', '6a2a5bb9-25eb-42f0-8b25-8c437e503bdd', 0, '2024-01-04T00:00:00.000000', null, '2024-01-03T00:00:00.000000', null, 'f1433783-3f66-4f71-bcdf-4416b9b73752', 0, null, '8a9f22f1-3c67-49f7-bd84-ec290e4a37fd'),
('83edf766-c1d8-455f-baa7-cd719688fb6e', 'f8d94ade-f7f2-4a6f-bcc9-8d3d941369f2', 0, '2024-02-07T00:00:00.000000', null, '2024-02-05T00:00:00.000000', null, '33dd7ff9-5bc1-46ce-ae28-ddb6b1b6ea16', 0, null, '8a9f22f1-3c67-49f7-bd84-ec290e4a37fd'),
('ae96a1d5-fa38-45f3-bf22-da037f433246', 'f8d94ade-f7f2-4a6f-bcc9-8d3d941369f2', 400000, '2024-03-11T00:00:00.000000', '2024-03-11T00:00:00.000000', '2024-03-10T00:00:00.000000', '42a0bd29-ce9b-495b-822d-612f91f2e298', '33dd7ff9-5bc1-46ce-ae28-ddb6b1b6ea16', 0, 'Only anyone home doctor be cost.', '8a9f22f1-3c67-49f7-bd84-ec290e4a37fd'),
('1b0e5e1c-8fe9-422e-b20b-74f3821ffa04', 'f8d94ade-f7f2-4a6f-bcc9-8d3d941369f2', 900000, '2024-02-29T00:00:00.000000', '2024-02-29T00:00:00.000000', '2024-02-27T00:00:00.000000', 'ff053b72-a702-44a7-9d59-1886ac782a27', '33dd7ff9-5bc1-46ce-ae28-ddb6b1b6ea16', 4.5, 'Fund bill third some follow lay.', '8a9f22f1-3c67-49f7-bd84-ec290e4a37fd'),
('f22ad178-edb8-4a45-a07d-3cf219f736c6', 'f8d94ade-f7f2-4a6f-bcc9-8d3d941369f2', 700000, '2024-01-31T00:00:00.000000', '2024-01-31T00:00:00.000000', '2024-01-28T00:00:00.000000', 'cbb95b79-4e1c-497e-8ee5-5655db5ba576', '33dd7ff9-5bc1-46ce-ae28-ddb6b1b6ea16', 4.5, 'The drive figure necessary across manager just true.', '8a9f22f1-3c67-49f7-bd84-ec290e4a37fd'),
('e3c1f8a6-537e-4265-a2ee-71bd3b00037f', 'f8d94ade-f7f2-4a6f-bcc9-8d3d941369f2', 200000, '2024-02-14T00:00:00.000000', '2024-02-14T00:00:00.000000', '2024-02-12T00:00:00.000000', '42a0bd29-ce9b-495b-822d-612f91f2e298', '33dd7ff9-5bc1-46ce-ae28-ddb6b1b6ea16', 3.5, 'Better she increase try key baby interview.', '8a9f22f1-3c67-49f7-bd84-ec290e4a37fd'),
('d5dab51d-3a3d-482a-8d0d-ff9f7ea13f49', '32e7d1be-9298-44c7-b224-c8d97613b913', 900000, '2024-03-13T00:00:00.000000', '2024-03-13T00:00:00.000000', '2024-03-10T00:00:00.000000', '6a984514-3826-43b7-abb1-77daa5aa28c3', '829665c0-07da-436c-aaa0-d30580ccbf4b', 0, 'Business population brother say grow.', '8a9f22f1-3c67-49f7-bd84-ec290e4a37fd'),
('1c76f816-a482-4bc0-beee-b8c10509a761', '32e7d1be-9298-44c7-b224-c8d97613b913', 400000, '2024-03-05T00:00:00.000000', '2024-03-05T00:00:00.000000', '2024-03-03T00:00:00.000000', 'f6a9e12f-6a90-4b46-8bcb-5a6e6c683fde', '829665c0-07da-436c-aaa0-d30580ccbf4b', 0, 'Ask film force health lose old case.', '8a9f22f1-3c67-49f7-bd84-ec290e4a37fd'),
('c2f95753-d8b8-485c-8963-f23346a01884', '32e7d1be-9298-44c7-b224-c8d97613b913', 0, '2024-02-23T00:00:00.000000', null, '2024-02-20T00:00:00.000000', null, '829665c0-07da-436c-aaa0-d30580ccbf4b', 0, null, '8a9f22f1-3c67-49f7-bd84-ec290e4a37fd'),
('bbd42e87-2df6-4131-934c-8fc2d06e1a59', 'f6967207-ae22-4551-8318-e64a00da127e', 400000, '2024-02-03T00:00:00.000000', '2024-02-03T00:00:00.000000', '2024-02-01T00:00:00.000000', 'ff053b72-a702-44a7-9d59-1886ac782a27', '406d333d-f791-4263-bfd1-51c162b01d78', 4.5, 'Figure ground much run character against.', '8a9f22f1-3c67-49f7-bd84-ec290e4a37fd'),
('5f3f780c-cbf6-4304-9b03-ef716750fad2', 'f6967207-ae22-4551-8318-e64a00da127e', 100000, '2024-01-03T00:00:00.000000', '2024-01-03T00:00:00.000000', '2024-01-02T00:00:00.000000', '6a984514-3826-43b7-abb1-77daa5aa28c3', '406d333d-f791-4263-bfd1-51c162b01d78', 3.5, 'At artist will institution throughout describe itself group.', '8a9f22f1-3c67-49f7-bd84-ec290e4a37fd'),
('acf21735-2f67-42a5-b94c-f03717743463', '22eb3e02-9ca4-4a9e-a589-36ba3eaebffc', 1000000, '2024-03-09T00:00:00.000000', '2024-03-09T00:00:00.000000', '2024-03-08T00:00:00.000000', '42a0bd29-ce9b-495b-822d-612f91f2e298', '3dab1eb3-f1d7-445b-9923-a5092f073f8e', 0, 'Education south run agree usually.', '8a9f22f1-3c67-49f7-bd84-ec290e4a37fd'),
('ca9bb14e-a35c-46b3-88c6-5d365989ef14', '32e7d1be-9298-44c7-b224-c8d97613b913', 0, '2024-02-23T00:00:00.000000', null, '2024-02-21T00:00:00.000000', null, '829665c0-07da-436c-aaa0-d30580ccbf4b', 0, null, '8a9f22f1-3c67-49f7-bd84-ec290e4a37fd'),
('4062ac7f-d52f-4aaa-952a-7b76476b5079', '32e7d1be-9298-44c7-b224-c8d97613b913', 0, '2024-03-16T00:00:00.000000', null, '2024-03-13T00:00:00.000000', null, '829665c0-07da-436c-aaa0-d30580ccbf4b', 0, null, '8a9f22f1-3c67-49f7-bd84-ec290e4a37fd'),
('9588474f-d57b-4c5a-b65d-b203c8ee5dd4', '32e7d1be-9298-44c7-b224-c8d97613b913', 100000, '2024-01-26T00:00:00.000000', '2024-01-26T00:00:00.000000', '2024-01-23T00:00:00.000000', 'f6a9e12f-6a90-4b46-8bcb-5a6e6c683fde', '829665c0-07da-436c-aaa0-d30580ccbf4b', 0, 'Return identify many again science alone quite old.', '8a9f22f1-3c67-49f7-bd84-ec290e4a37fd'),
('fdec7e5d-8b74-41b7-b742-2a8d516ab72b', '32e7d1be-9298-44c7-b224-c8d97613b913', 700000, '2024-01-07T00:00:00.000000', '2024-01-07T00:00:00.000000', '2024-01-04T00:00:00.000000', 'ff053b72-a702-44a7-9d59-1886ac782a27', '829665c0-07da-436c-aaa0-d30580ccbf4b', 3.5, 'College probably church body mean someone painting senior entire expect.', '8a9f22f1-3c67-49f7-bd84-ec290e4a37fd'),
('b9b14573-dadb-446e-b8a5-116e9652d21f', '32e7d1be-9298-44c7-b224-c8d97613b913', 900000, '2024-01-26T00:00:00.000000', '2024-01-26T00:00:00.000000', '2024-01-23T00:00:00.000000', 'cbb95b79-4e1c-497e-8ee5-5655db5ba576', '829665c0-07da-436c-aaa0-d30580ccbf4b', 0, 'Wrong couple site social suddenly seek choice produce.', '8a9f22f1-3c67-49f7-bd84-ec290e4a37fd'),
('8d2febbc-70bf-4155-a219-d90a11eb15fb', '32e7d1be-9298-44c7-b224-c8d97613b913', 100000, '2024-02-05T00:00:00.000000', '2024-02-05T00:00:00.000000', '2024-02-03T00:00:00.000000', '42a0bd29-ce9b-495b-822d-612f91f2e298', '829665c0-07da-436c-aaa0-d30580ccbf4b', 0, 'Pm sometimes set tonight gun word citizen create.', '8a9f22f1-3c67-49f7-bd84-ec290e4a37fd'),
('42f59d89-3587-49c5-8aa0-44bc69fa99d1', 'f6967207-ae22-4551-8318-e64a00da127e', 1000000, '2024-02-25T00:00:00.000000', '2024-02-25T00:00:00.000000', '2024-02-24T00:00:00.000000', 'cbb95b79-4e1c-497e-8ee5-5655db5ba576', '406d333d-f791-4263-bfd1-51c162b01d78', 0, 'Foreign agency list miss among not girl.', '8a9f22f1-3c67-49f7-bd84-ec290e4a37fd'),
('d2945b97-2030-4942-8be7-592b06b0cc5d', 'f6967207-ae22-4551-8318-e64a00da127e', 0, '2024-01-07T00:00:00.000000', null, '2024-01-06T00:00:00.000000', null, '406d333d-f791-4263-bfd1-51c162b01d78', 0, null, '8a9f22f1-3c67-49f7-bd84-ec290e4a37fd'),
('1bcdf186-1898-4bd2-8a1e-ecac0d97ad06', 'f6967207-ae22-4551-8318-e64a00da127e', 800000, '2024-03-06T00:00:00.000000', '2024-03-06T00:00:00.000000', '2024-03-03T00:00:00.000000', '6a984514-3826-43b7-abb1-77daa5aa28c3', '406d333d-f791-4263-bfd1-51c162b01d78', 4.5, 'Fire town worker share every.', '8a9f22f1-3c67-49f7-bd84-ec290e4a37fd'),
('a37141c9-b403-4079-86cb-d59290a71e99', '32e7d1be-9298-44c7-b224-c8d97613b913', 0, '2024-03-03T00:00:00.000000', null, '2024-03-01T00:00:00.000000', null, '829665c0-07da-436c-aaa0-d30580ccbf4b', 0, null, '8a9f22f1-3c67-49f7-bd84-ec290e4a37fd'),
('629212f0-79ec-4502-b547-ffa57ec14f2c', '6a2a5bb9-25eb-42f0-8b25-8c437e503bdd', 0, '2024-02-25T00:00:00.000000', null, '2024-02-23T00:00:00.000000', null, 'f1433783-3f66-4f71-bcdf-4416b9b73752', 0, null, '8a9f22f1-3c67-49f7-bd84-ec290e4a37fd'),
('6fc56f2d-133d-40eb-8378-4f17a2fb2bc7', '6a2a5bb9-25eb-42f0-8b25-8c437e503bdd', 0, '2024-02-06T00:00:00.000000', null, '2024-02-03T00:00:00.000000', null, 'f1433783-3f66-4f71-bcdf-4416b9b73752', 0, null, '8a9f22f1-3c67-49f7-bd84-ec290e4a37fd'),
('19f4ce1d-8ef6-4cea-ab28-9441c709f20e', '6a2a5bb9-25eb-42f0-8b25-8c437e503bdd', 0, '2024-03-02T00:00:00.000000', null, '2024-03-01T00:00:00.000000', null, 'f1433783-3f66-4f71-bcdf-4416b9b73752', 0, null, '8a9f22f1-3c67-49f7-bd84-ec290e4a37fd'),
('bff6eb78-4202-4f65-883c-d7f415a40510', '32e7d1be-9298-44c7-b224-c8d97613b913', 0, '2024-02-09T00:00:00.000000', null, '2024-02-06T00:00:00.000000', null, '829665c0-07da-436c-aaa0-d30580ccbf4b', 0, null, '8a9f22f1-3c67-49f7-bd84-ec290e4a37fd'),
('520c6278-c801-41d8-9028-460f58589d02', 'f8d94ade-f7f2-4a6f-bcc9-8d3d941369f2', 700000, '2024-01-04T00:00:00.000000', '2024-01-04T00:00:00.000000', '2024-01-03T00:00:00.000000', 'cbb95b79-4e1c-497e-8ee5-5655db5ba576', '33dd7ff9-5bc1-46ce-ae28-ddb6b1b6ea16', 3.5, 'Receive civil single city quite wall various foreign agency when.', '8a9f22f1-3c67-49f7-bd84-ec290e4a37fd'),
('cbe63f3e-8e54-4784-a563-9d60aa4b9f67', 'f8d94ade-f7f2-4a6f-bcc9-8d3d941369f2', 400000, '2024-01-05T00:00:00.000000', '2024-01-05T00:00:00.000000', '2024-01-04T00:00:00.000000', '42a0bd29-ce9b-495b-822d-612f91f2e298', '33dd7ff9-5bc1-46ce-ae28-ddb6b1b6ea16', 0, 'Forget whom goal clear inside guy north.', '8a9f22f1-3c67-49f7-bd84-ec290e4a37fd'),
('6a52fc4a-68fc-40fe-8041-ae7d3d10b6a4', 'f8d94ade-f7f2-4a6f-bcc9-8d3d941369f2', 0, '2024-02-24T00:00:00.000000', null, '2024-02-23T00:00:00.000000', null, '33dd7ff9-5bc1-46ce-ae28-ddb6b1b6ea16', 0, null, '8a9f22f1-3c67-49f7-bd84-ec290e4a37fd'),
('e6cd96c1-f4eb-4bfb-a666-93ffd01d927f', '22eb3e02-9ca4-4a9e-a589-36ba3eaebffc', 800000, '2024-02-28T00:00:00.000000', '2024-02-28T00:00:00.000000', '2024-02-25T00:00:00.000000', '6a984514-3826-43b7-abb1-77daa5aa28c3', '3dab1eb3-f1d7-445b-9923-a5092f073f8e', 4.5, 'Particularly test hospital personal move.', '8a9f22f1-3c67-49f7-bd84-ec290e4a37fd'),
('08c7279a-0cea-4034-aefb-6c04f52e48c7', '22eb3e02-9ca4-4a9e-a589-36ba3eaebffc', 0, '2024-01-15T00:00:00.000000', null, '2024-01-12T00:00:00.000000', null, '3dab1eb3-f1d7-445b-9923-a5092f073f8e', 0, null, '8a9f22f1-3c67-49f7-bd84-ec290e4a37fd'),
('094b14c8-fa64-4bf0-a971-0a722688cc70', '32e7d1be-9298-44c7-b224-c8d97613b913', 300000, '2024-02-03T00:00:00.000000', '2024-02-03T00:00:00.000000', '2024-02-02T00:00:00.000000', 'ff053b72-a702-44a7-9d59-1886ac782a27', '829665c0-07da-436c-aaa0-d30580ccbf4b', 5.5, 'Close issue huge away represent race sing nation.', '8a9f22f1-3c67-49f7-bd84-ec290e4a37fd'),
('7b27c26e-f6d2-464f-b203-39ab0a57311a', '32e7d1be-9298-44c7-b224-c8d97613b913', 400000, '2024-01-17T00:00:00.000000', '2024-01-17T00:00:00.000000', '2024-01-16T00:00:00.000000', 'ff053b72-a702-44a7-9d59-1886ac782a27', '829665c0-07da-436c-aaa0-d30580ccbf4b', 3.5, 'Moment standard ground think save.', '8a9f22f1-3c67-49f7-bd84-ec290e4a37fd'),
('c40a060a-1d97-42fc-b8cd-ebd60bfceb71', '22eb3e02-9ca4-4a9e-a589-36ba3eaebffc', 1000000, '2024-02-27T00:00:00.000000', '2024-02-27T00:00:00.000000', '2024-02-24T00:00:00.000000', 'ff053b72-a702-44a7-9d59-1886ac782a27', '3dab1eb3-f1d7-445b-9923-a5092f073f8e', 0, 'Entire rule collection be along.', '8a9f22f1-3c67-49f7-bd84-ec290e4a37fd'),
('b487ff02-302c-477a-ae9d-99dea0b1b05f', '22eb3e02-9ca4-4a9e-a589-36ba3eaebffc', 0, '2024-03-03T00:00:00.000000', null, '2024-03-02T00:00:00.000000', null, '3dab1eb3-f1d7-445b-9923-a5092f073f8e', 0, null, '8a9f22f1-3c67-49f7-bd84-ec290e4a37fd'),
('91d6836f-a85d-4e1d-a4af-ba26f23a21f0', '22eb3e02-9ca4-4a9e-a589-36ba3eaebffc', 0, '2024-01-23T00:00:00.000000', null, '2024-01-20T00:00:00.000000', null, '3dab1eb3-f1d7-445b-9923-a5092f073f8e', 0, null, '8a9f22f1-3c67-49f7-bd84-ec290e4a37fd'),
('85375214-57f7-4741-8c6f-21c79454db2c', '22eb3e02-9ca4-4a9e-a589-36ba3eaebffc', 200000, '2024-02-16T00:00:00.000000', '2024-02-16T00:00:00.000000', '2024-02-13T00:00:00.000000', '6a984514-3826-43b7-abb1-77daa5aa28c3', '3dab1eb3-f1d7-445b-9923-a5092f073f8e', 5.5, 'Nearly hour enter discover hair few participant true lead.', '8a9f22f1-3c67-49f7-bd84-ec290e4a37fd'),
('67f5119f-176f-4765-9c54-24fcc6b115b8', '32e7d1be-9298-44c7-b224-c8d97613b913', 0, '2024-01-01T00:00:00.000000', null, '2023-12-30T00:00:00.000000', null, '829665c0-07da-436c-aaa0-d30580ccbf4b', 0, null, '8a9f22f1-3c67-49f7-bd84-ec290e4a37fd'),
('c037ff9a-d73c-42b5-98f4-3762acb3bec2', '32e7d1be-9298-44c7-b224-c8d97613b913', 0, '2024-02-19T00:00:00.000000', null, '2024-02-17T00:00:00.000000', null, '829665c0-07da-436c-aaa0-d30580ccbf4b', 0, null, '8a9f22f1-3c67-49f7-bd84-ec290e4a37fd'),
('ec989ff9-223e-4c13-a03a-6fef8ca369a3', '32e7d1be-9298-44c7-b224-c8d97613b913', 300000, '2024-01-12T00:00:00.000000', '2024-01-12T00:00:00.000000', '2024-01-10T00:00:00.000000', 'cbb95b79-4e1c-497e-8ee5-5655db5ba576', '829665c0-07da-436c-aaa0-d30580ccbf4b', 3.5, 'Upon full director race wish let.', '8a9f22f1-3c67-49f7-bd84-ec290e4a37fd'),
('5951a01a-077e-4463-af2f-60d625a73a55', '22eb3e02-9ca4-4a9e-a589-36ba3eaebffc', 600000, '2024-01-26T00:00:00.000000', '2024-01-26T00:00:00.000000', '2024-01-25T00:00:00.000000', '6a984514-3826-43b7-abb1-77daa5aa28c3', '3dab1eb3-f1d7-445b-9923-a5092f073f8e', 3.5, 'Something hair do analysis him above.', '8a9f22f1-3c67-49f7-bd84-ec290e4a37fd'),
('21b93417-8260-4ef7-b148-2b079dd1ba26', '6a2a5bb9-25eb-42f0-8b25-8c437e503bdd', 1000000, '2024-02-07T00:00:00.000000', '2024-02-07T00:00:00.000000', '2024-02-06T00:00:00.000000', 'ff053b72-a702-44a7-9d59-1886ac782a27', 'f1433783-3f66-4f71-bcdf-4416b9b73752', 3.5, 'Girl happen front law care military edge billion billion agency.', '8a9f22f1-3c67-49f7-bd84-ec290e4a37fd'),
('16b70449-c767-43a5-a88e-449c2fbdbb8f', 'f6967207-ae22-4551-8318-e64a00da127e', 900000, '2024-01-18T00:00:00.000000', '2024-01-18T00:00:00.000000', '2024-01-16T00:00:00.000000', '42a0bd29-ce9b-495b-822d-612f91f2e298', '406d333d-f791-4263-bfd1-51c162b01d78', 3.5, 'Effort bad measure star tell law go simple improve.', '8a9f22f1-3c67-49f7-bd84-ec290e4a37fd'),
('90497536-f801-4994-a2e2-f51218484ca8', 'f6967207-ae22-4551-8318-e64a00da127e', 800000, '2024-02-23T00:00:00.000000', '2024-02-23T00:00:00.000000', '2024-02-21T00:00:00.000000', '6a984514-3826-43b7-abb1-77daa5aa28c3', '406d333d-f791-4263-bfd1-51c162b01d78', 4.5, 'Education little direction exist president outside upon.', '8a9f22f1-3c67-49f7-bd84-ec290e4a37fd'),
('442ba17a-a1dc-4c7a-8e83-0f67937fd201', 'f6967207-ae22-4551-8318-e64a00da127e', 900000, '2024-01-19T00:00:00.000000', '2024-01-19T00:00:00.000000', '2024-01-17T00:00:00.000000', '6a984514-3826-43b7-abb1-77daa5aa28c3', '406d333d-f791-4263-bfd1-51c162b01d78', 0, 'Watch choice already thank source she.', '8a9f22f1-3c67-49f7-bd84-ec290e4a37fd'),
('4dc245af-f361-4af5-86f8-0cafe28d2d2d', '6a2a5bb9-25eb-42f0-8b25-8c437e503bdd', 200000, '2024-03-05T00:00:00.000000', '2024-03-05T00:00:00.000000', '2024-03-02T00:00:00.000000', 'ff053b72-a702-44a7-9d59-1886ac782a27', 'f1433783-3f66-4f71-bcdf-4416b9b73752', 0, 'International position write those full rate clear newspaper ground just.', '8a9f22f1-3c67-49f7-bd84-ec290e4a37fd'),
('1bc2ac06-c194-416a-a853-8dbca191d9f1', '6a2a5bb9-25eb-42f0-8b25-8c437e503bdd', 300000, '2024-02-15T00:00:00.000000', '2024-02-15T00:00:00.000000', '2024-02-14T00:00:00.000000', 'cbb95b79-4e1c-497e-8ee5-5655db5ba576', 'f1433783-3f66-4f71-bcdf-4416b9b73752', 3.5, 'West hour less music throughout region.', '8a9f22f1-3c67-49f7-bd84-ec290e4a37fd'),
('96e313e1-c29d-4016-8d98-d816f4d6fa27', '6a2a5bb9-25eb-42f0-8b25-8c437e503bdd', 0, '2024-02-09T00:00:00.000000', null, '2024-02-08T00:00:00.000000', null, 'f1433783-3f66-4f71-bcdf-4416b9b73752', 0, null, '8a9f22f1-3c67-49f7-bd84-ec290e4a37fd'),
('99eded88-7749-41d6-a9b6-758b9bd226d8', '32e7d1be-9298-44c7-b224-c8d97613b913', 0, '2024-01-16T00:00:00.000000', null, '2024-01-14T00:00:00.000000', null, '829665c0-07da-436c-aaa0-d30580ccbf4b', 0, null, '8a9f22f1-3c67-49f7-bd84-ec290e4a37fd'),
('477bf37c-c6ce-4fab-956d-f4e6d6ef66b4', 'f6967207-ae22-4551-8318-e64a00da127e', 500000, '2024-01-04T00:00:00.000000', '2024-01-04T00:00:00.000000', '2024-01-01T00:00:00.000000', 'ff053b72-a702-44a7-9d59-1886ac782a27', '406d333d-f791-4263-bfd1-51c162b01d78', 4.5, 'Gas health sort couple station.', '8a9f22f1-3c67-49f7-bd84-ec290e4a37fd'),
('7bfda5fa-4f9e-4612-afb0-8d060fb7c770', 'f6967207-ae22-4551-8318-e64a00da127e', 900000, '2024-02-02T00:00:00.000000', '2024-02-02T00:00:00.000000', '2024-01-30T00:00:00.000000', '6a984514-3826-43b7-abb1-77daa5aa28c3', '406d333d-f791-4263-bfd1-51c162b01d78', 3.5, 'Standard PM election case yet between night western serious.', '8a9f22f1-3c67-49f7-bd84-ec290e4a37fd'),
('f1b1a4c2-5716-4f29-a60e-5621c57dcc7a', 'f6967207-ae22-4551-8318-e64a00da127e', 0, '2024-02-25T00:00:00.000000', null, '2024-02-24T00:00:00.000000', null, '406d333d-f791-4263-bfd1-51c162b01d78', 0, null, '8a9f22f1-3c67-49f7-bd84-ec290e4a37fd'),
('2b4a1ffd-8706-4ffa-83d8-90b3351f6b66', '6a2a5bb9-25eb-42f0-8b25-8c437e503bdd', 200000, '2024-02-21T00:00:00.000000', '2024-02-21T00:00:00.000000', '2024-02-19T00:00:00.000000', 'f6a9e12f-6a90-4b46-8bcb-5a6e6c683fde', 'f1433783-3f66-4f71-bcdf-4416b9b73752', 5.5, 'You company drop join recognize all structure point especially.', '8a9f22f1-3c67-49f7-bd84-ec290e4a37fd'),
('a265bf16-f35d-40b6-8e3e-b45cd1e24ca2', '32e7d1be-9298-44c7-b224-c8d97613b913', 0, '2024-01-25T00:00:00.000000', null, '2024-01-23T00:00:00.000000', null, '829665c0-07da-436c-aaa0-d30580ccbf4b', 0, null, '8a9f22f1-3c67-49f7-bd84-ec290e4a37fd'),
('eca1defa-af8b-432b-9aa1-f4054c3e1c21', '32e7d1be-9298-44c7-b224-c8d97613b913', 200000, '2024-02-13T00:00:00.000000', '2024-02-13T00:00:00.000000', '2024-02-10T00:00:00.000000', '42a0bd29-ce9b-495b-822d-612f91f2e298', '829665c0-07da-436c-aaa0-d30580ccbf4b', 0, 'College anything relationship local air ball better consumer.', '8a9f22f1-3c67-49f7-bd84-ec290e4a37fd'),
('77f9eb91-4034-441e-bef5-4efe1c7052b2', '32e7d1be-9298-44c7-b224-c8d97613b913', 0, '2024-02-12T00:00:00.000000', null, '2024-02-11T00:00:00.000000', null, '829665c0-07da-436c-aaa0-d30580ccbf4b', 0, null, '8a9f22f1-3c67-49f7-bd84-ec290e4a37fd'),
('d01a571f-3571-49be-98b7-1c50409fb76c', 'f6967207-ae22-4551-8318-e64a00da127e', 300000, '2024-01-07T00:00:00.000000', '2024-01-07T00:00:00.000000', '2024-01-05T00:00:00.000000', 'ff053b72-a702-44a7-9d59-1886ac782a27', '406d333d-f791-4263-bfd1-51c162b01d78', 5.5, 'Defense mouth manage camera beat activity stay bank.', '8a9f22f1-3c67-49f7-bd84-ec290e4a37fd'),
('1051dfe4-bb9e-4bfc-9d62-0462ca9a7bbf', 'f6967207-ae22-4551-8318-e64a00da127e', 800000, '2024-03-13T00:00:00.000000', '2024-03-13T00:00:00.000000', '2024-03-11T00:00:00.000000', 'ff053b72-a702-44a7-9d59-1886ac782a27', '406d333d-f791-4263-bfd1-51c162b01d78', 0, 'World win product election baby seven only.', '8a9f22f1-3c67-49f7-bd84-ec290e4a37fd'),
('bc62ba63-df1f-4b75-ab08-ff446b6651e4', 'f6967207-ae22-4551-8318-e64a00da127e', 900000, '2024-01-05T00:00:00.000000', '2024-01-05T00:00:00.000000', '2024-01-04T00:00:00.000000', 'ff053b72-a702-44a7-9d59-1886ac782a27', '406d333d-f791-4263-bfd1-51c162b01d78', 5.5, 'Eat report to product outside they eye out goal.', '8a9f22f1-3c67-49f7-bd84-ec290e4a37fd'),
('c769f275-6644-430b-b505-ae72cfdeb146', '22eb3e02-9ca4-4a9e-a589-36ba3eaebffc', 500000, '2024-01-26T00:00:00.000000', '2024-01-26T00:00:00.000000', '2024-01-24T00:00:00.000000', 'cbb95b79-4e1c-497e-8ee5-5655db5ba576', '3dab1eb3-f1d7-445b-9923-a5092f073f8e', 0, 'Appear role why learn attention cut billion eight soldier ability.', '8a9f22f1-3c67-49f7-bd84-ec290e4a37fd'),
('375a6c3f-af8b-4b27-b987-1147aa230e0a', '22eb3e02-9ca4-4a9e-a589-36ba3eaebffc', 0, '2024-01-18T00:00:00.000000', null, '2024-01-15T00:00:00.000000', null, '3dab1eb3-f1d7-445b-9923-a5092f073f8e', 0, null, '8a9f22f1-3c67-49f7-bd84-ec290e4a37fd'),
('74063736-2d5d-430a-9dc6-6d6d84b63de4', '22eb3e02-9ca4-4a9e-a589-36ba3eaebffc', 0, '2024-03-05T00:00:00.000000', null, '2024-03-03T00:00:00.000000', null, '3dab1eb3-f1d7-445b-9923-a5092f073f8e', 0, null, '8a9f22f1-3c67-49f7-bd84-ec290e4a37fd'),
('90d2ed3c-1246-44a7-99b9-895c14d9919e', '22eb3e02-9ca4-4a9e-a589-36ba3eaebffc', 1000000, '2024-02-02T00:00:00.000000', '2024-02-02T00:00:00.000000', '2024-01-30T00:00:00.000000', 'cbb95b79-4e1c-497e-8ee5-5655db5ba576', '3dab1eb3-f1d7-445b-9923-a5092f073f8e', 5.5, 'Fund catch without prevent ever.', '8a9f22f1-3c67-49f7-bd84-ec290e4a37fd'),
('bcdfb40a-0ec0-4bd1-9a92-b2894016bc58', '22eb3e02-9ca4-4a9e-a589-36ba3eaebffc', 300000, '2024-02-28T00:00:00.000000', '2024-02-28T00:00:00.000000', '2024-02-26T00:00:00.000000', 'ff053b72-a702-44a7-9d59-1886ac782a27', '3dab1eb3-f1d7-445b-9923-a5092f073f8e', 0, 'Once born control white family.', '8a9f22f1-3c67-49f7-bd84-ec290e4a37fd'),
('035a19a7-fa4b-4190-8d78-b5a0599876ed', '22eb3e02-9ca4-4a9e-a589-36ba3eaebffc', 500000, '2024-03-07T00:00:00.000000', '2024-03-07T00:00:00.000000', '2024-03-05T00:00:00.000000', '6a984514-3826-43b7-abb1-77daa5aa28c3', '3dab1eb3-f1d7-445b-9923-a5092f073f8e', 3.5, 'Meeting movie avoid American address simply catch but.', '8a9f22f1-3c67-49f7-bd84-ec290e4a37fd'),
('f177090c-e483-47b4-8049-267cd322fe7a', '22eb3e02-9ca4-4a9e-a589-36ba3eaebffc', 0, '2024-02-25T00:00:00.000000', null, '2024-02-23T00:00:00.000000', null, '3dab1eb3-f1d7-445b-9923-a5092f073f8e', 0, null, '8a9f22f1-3c67-49f7-bd84-ec290e4a37fd'),
('af88e4a6-0f54-4c70-b6b5-d290a78b9d5c', 'f8d94ade-f7f2-4a6f-bcc9-8d3d941369f2', 0, '2024-01-12T00:00:00.000000', null, '2024-01-10T00:00:00.000000', null, '33dd7ff9-5bc1-46ce-ae28-ddb6b1b6ea16', 0, null, '8a9f22f1-3c67-49f7-bd84-ec290e4a37fd'),
('26202489-2cc4-45be-90b8-71516136e862', 'f8d94ade-f7f2-4a6f-bcc9-8d3d941369f2', 0, '2024-03-12T00:00:00.000000', null, '2024-03-10T00:00:00.000000', null, '33dd7ff9-5bc1-46ce-ae28-ddb6b1b6ea16', 0, null, '8a9f22f1-3c67-49f7-bd84-ec290e4a37fd'),
('79e36b75-8df7-4265-9f9b-619e5690bb6e', 'f8d94ade-f7f2-4a6f-bcc9-8d3d941369f2', 0, '2024-02-02T00:00:00.000000', null, '2024-01-30T00:00:00.000000', null, '33dd7ff9-5bc1-46ce-ae28-ddb6b1b6ea16', 0, null, '8a9f22f1-3c67-49f7-bd84-ec290e4a37fd'),
('e888e512-c77a-4c28-8c27-7bd96f48b681', 'f6967207-ae22-4551-8318-e64a00da127e', 0, '2024-02-05T00:00:00.000000', null, '2024-02-03T00:00:00.000000', null, '406d333d-f791-4263-bfd1-51c162b01d78', 0, null, '8a9f22f1-3c67-49f7-bd84-ec290e4a37fd'),
('161b1c4b-2ad4-4e6e-a024-716ad87a74b2', 'f6967207-ae22-4551-8318-e64a00da127e', 100000, '2024-01-24T00:00:00.000000', '2024-01-24T00:00:00.000000', '2024-01-21T00:00:00.000000', 'f6a9e12f-6a90-4b46-8bcb-5a6e6c683fde', '406d333d-f791-4263-bfd1-51c162b01d78', 0, 'Born American grow wall conference especially low trial water.', '8a9f22f1-3c67-49f7-bd84-ec290e4a37fd'),
('66274b65-68b7-4a62-9a44-4292c27cb779', 'f8d94ade-f7f2-4a6f-bcc9-8d3d941369f2', 0, '2024-03-01T00:00:00.000000', null, '2024-02-27T00:00:00.000000', null, '33dd7ff9-5bc1-46ce-ae28-ddb6b1b6ea16', 0, null, '8a9f22f1-3c67-49f7-bd84-ec290e4a37fd'),
('ae6e9609-1494-4ebf-8699-72a95c443bb4', 'f8d94ade-f7f2-4a6f-bcc9-8d3d941369f2', 0, '2024-02-01T00:00:00.000000', null, '2024-01-31T00:00:00.000000', null, '33dd7ff9-5bc1-46ce-ae28-ddb6b1b6ea16', 0, null, '8a9f22f1-3c67-49f7-bd84-ec290e4a37fd'),
('faa4dbd3-3e6f-4f33-b392-72a4453b0860', 'f8d94ade-f7f2-4a6f-bcc9-8d3d941369f2', 0, '2024-03-14T00:00:00.000000', null, '2024-03-12T00:00:00.000000', null, '33dd7ff9-5bc1-46ce-ae28-ddb6b1b6ea16', 0, null, '8a9f22f1-3c67-49f7-bd84-ec290e4a37fd'),
('c3a2f4dc-f93c-4bb7-9e7a-e58b9ffbab74', '32e7d1be-9298-44c7-b224-c8d97613b913', 900000, '2024-02-12T00:00:00.000000', '2024-02-12T00:00:00.000000', '2024-02-10T00:00:00.000000', 'f6a9e12f-6a90-4b46-8bcb-5a6e6c683fde', '829665c0-07da-436c-aaa0-d30580ccbf4b', 0, 'Heart watch bed bag wind physical media adult process.', '8a9f22f1-3c67-49f7-bd84-ec290e4a37fd'),
('64f1b976-3fec-4a37-8a8b-97634d36d1c8', '32e7d1be-9298-44c7-b224-c8d97613b913', 200000, '2024-03-12T00:00:00.000000', '2024-03-12T00:00:00.000000', '2024-03-09T00:00:00.000000', 'cbb95b79-4e1c-497e-8ee5-5655db5ba576', '829665c0-07da-436c-aaa0-d30580ccbf4b', 0, 'After small statement role before open hot.', '8a9f22f1-3c67-49f7-bd84-ec290e4a37fd'),
('8a90cef6-534b-4391-a46d-1c9cf0bcbfe5', '32e7d1be-9298-44c7-b224-c8d97613b913', 0, '2024-03-15T00:00:00.000000', null, '2024-03-12T00:00:00.000000', null, '829665c0-07da-436c-aaa0-d30580ccbf4b', 0, null, '8a9f22f1-3c67-49f7-bd84-ec290e4a37fd'),
('814f589f-f1a2-473f-afac-857041c77578', '22eb3e02-9ca4-4a9e-a589-36ba3eaebffc', 300000, '2024-01-22T00:00:00.000000', '2024-01-22T00:00:00.000000', '2024-01-19T00:00:00.000000', 'cbb95b79-4e1c-497e-8ee5-5655db5ba576', '3dab1eb3-f1d7-445b-9923-a5092f073f8e', 0, 'Professional kind wait PM every religious beyond majority.', '8a9f22f1-3c67-49f7-bd84-ec290e4a37fd'),
('d5f9aac0-145c-453c-8d60-4a5b272536f6', 'f8d94ade-f7f2-4a6f-bcc9-8d3d941369f2', 0, '2024-03-12T00:00:00.000000', null, '2024-03-09T00:00:00.000000', null, '33dd7ff9-5bc1-46ce-ae28-ddb6b1b6ea16', 0, null, '8a9f22f1-3c67-49f7-bd84-ec290e4a37fd'),
('f76172e4-bf7f-4490-a9a9-a0d47fcdb918', 'f8d94ade-f7f2-4a6f-bcc9-8d3d941369f2', 0, '2024-03-14T00:00:00.000000', null, '2024-03-13T00:00:00.000000', null, '33dd7ff9-5bc1-46ce-ae28-ddb6b1b6ea16', 0, null, '8a9f22f1-3c67-49f7-bd84-ec290e4a37fd'),
('7407608b-0f94-420b-9941-26a2c99c3473', 'f6967207-ae22-4551-8318-e64a00da127e', 0, '2024-01-24T00:00:00.000000', null, '2024-01-23T00:00:00.000000', null, '406d333d-f791-4263-bfd1-51c162b01d78', 0, null, '8a9f22f1-3c67-49f7-bd84-ec290e4a37fd'),
('7ca73732-cd8b-431a-bb4d-9910e536d841', '22eb3e02-9ca4-4a9e-a589-36ba3eaebffc', 700000, '2024-02-11T00:00:00.000000', '2024-02-11T00:00:00.000000', '2024-02-08T00:00:00.000000', 'f6a9e12f-6a90-4b46-8bcb-5a6e6c683fde', '3dab1eb3-f1d7-445b-9923-a5092f073f8e', 0, 'Pull likely piece small go woman small.', '8a9f22f1-3c67-49f7-bd84-ec290e4a37fd'),
('5df4ca2c-16b6-4322-8068-4f00e3a0fd6b', '22eb3e02-9ca4-4a9e-a589-36ba3eaebffc', 400000, '2024-01-20T00:00:00.000000', '2024-01-20T00:00:00.000000', '2024-01-18T00:00:00.000000', '6a984514-3826-43b7-abb1-77daa5aa28c3', '3dab1eb3-f1d7-445b-9923-a5092f073f8e', 0, 'Stay century law before everybody power.', '8a9f22f1-3c67-49f7-bd84-ec290e4a37fd'),
('145189cf-63b5-40f3-86c9-c20f61c7c7a0', '22eb3e02-9ca4-4a9e-a589-36ba3eaebffc', 500000, '2024-03-12T00:00:00.000000', '2024-03-12T00:00:00.000000', '2024-03-09T00:00:00.000000', 'cbb95b79-4e1c-497e-8ee5-5655db5ba576', '3dab1eb3-f1d7-445b-9923-a5092f073f8e', 0, 'Pass step have perform because.', '8a9f22f1-3c67-49f7-bd84-ec290e4a37fd'),
('d80f6275-9a0b-4331-a288-a118b3811cf5', '6a2a5bb9-25eb-42f0-8b25-8c437e503bdd', 0, '2024-03-07T00:00:00.000000', null, '2024-03-05T00:00:00.000000', null, 'f1433783-3f66-4f71-bcdf-4416b9b73752', 0, null, '8a9f22f1-3c67-49f7-bd84-ec290e4a37fd'),
('91b21b98-8bd8-42fb-ac14-f7963d9ff66f', '6a2a5bb9-25eb-42f0-8b25-8c437e503bdd', 400000, '2024-01-10T00:00:00.000000', '2024-01-10T00:00:00.000000', '2024-01-08T00:00:00.000000', '6a984514-3826-43b7-abb1-77daa5aa28c3', 'f1433783-3f66-4f71-bcdf-4416b9b73752', 0, 'Air represent sound beat start.', '8a9f22f1-3c67-49f7-bd84-ec290e4a37fd'),
('e0643284-4575-4bea-a1cc-6afe7c73a74b', '6a2a5bb9-25eb-42f0-8b25-8c437e503bdd', 900000, '2024-01-25T00:00:00.000000', '2024-01-25T00:00:00.000000', '2024-01-22T00:00:00.000000', 'f6a9e12f-6a90-4b46-8bcb-5a6e6c683fde', 'f1433783-3f66-4f71-bcdf-4416b9b73752', 3.5, 'Personal quickly ok road military west practice.', '8a9f22f1-3c67-49f7-bd84-ec290e4a37fd'),
('0ddb6667-3cf4-4eb0-93e0-14d0e2ec89d1', 'f8d94ade-f7f2-4a6f-bcc9-8d3d941369f2', 100000, '2024-02-13T00:00:00.000000', '2024-02-13T00:00:00.000000', '2024-02-11T00:00:00.000000', 'ff053b72-a702-44a7-9d59-1886ac782a27', '33dd7ff9-5bc1-46ce-ae28-ddb6b1b6ea16', 0, 'Inside mind without represent resource pretty write.', '8a9f22f1-3c67-49f7-bd84-ec290e4a37fd'),
('24969544-c337-4886-bf31-5dce13954ca7', '22eb3e02-9ca4-4a9e-a589-36ba3eaebffc', 1000000, '2024-02-15T00:00:00.000000', '2024-02-15T00:00:00.000000', '2024-02-12T00:00:00.000000', '42a0bd29-ce9b-495b-822d-612f91f2e298', '3dab1eb3-f1d7-445b-9923-a5092f073f8e', 0, 'Crime study environment style remain cup they enter identify participant.', '8a9f22f1-3c67-49f7-bd84-ec290e4a37fd'),
('7df4d1dd-6a86-4562-98e8-e706b3728bc1', '22eb3e02-9ca4-4a9e-a589-36ba3eaebffc', 0, '2024-01-17T00:00:00.000000', null, '2024-01-14T00:00:00.000000', null, '3dab1eb3-f1d7-445b-9923-a5092f073f8e', 0, null, '8a9f22f1-3c67-49f7-bd84-ec290e4a37fd'),
('ce09c5e6-b752-4ba3-8bc5-8799b3bf5f7a', '22eb3e02-9ca4-4a9e-a589-36ba3eaebffc', 0, '2024-01-21T00:00:00.000000', null, '2024-01-19T00:00:00.000000', null, '3dab1eb3-f1d7-445b-9923-a5092f073f8e', 0, null, '8a9f22f1-3c67-49f7-bd84-ec290e4a37fd'),
('7ce3ddcb-72a7-451b-8b83-65be828b5a62', '32e7d1be-9298-44c7-b224-c8d97613b913', 0, '2024-01-30T00:00:00.000000', null, '2024-01-28T00:00:00.000000', null, '829665c0-07da-436c-aaa0-d30580ccbf4b', 0, null, '8a9f22f1-3c67-49f7-bd84-ec290e4a37fd'),
('4e126591-d3d1-4bd9-bbc7-6f4c6a5da543', '32e7d1be-9298-44c7-b224-c8d97613b913', 600000, '2024-02-24T00:00:00.000000', '2024-02-24T00:00:00.000000', '2024-02-21T00:00:00.000000', '6a984514-3826-43b7-abb1-77daa5aa28c3', '829665c0-07da-436c-aaa0-d30580ccbf4b', 3.5, 'Behavior send laugh cup.', '8a9f22f1-3c67-49f7-bd84-ec290e4a37fd'),
('8724cb5c-97d7-45d1-b8d2-906659dfdd1b', '32e7d1be-9298-44c7-b224-c8d97613b913', 0, '2024-03-05T00:00:00.000000', null, '2024-03-02T00:00:00.000000', null, '829665c0-07da-436c-aaa0-d30580ccbf4b', 0, null, '8a9f22f1-3c67-49f7-bd84-ec290e4a37fd'),
('144603d8-c5ae-43e9-8e2c-4f47adc8b03c', '32e7d1be-9298-44c7-b224-c8d97613b913', 0, '2024-01-23T00:00:00.000000', null, '2024-01-21T00:00:00.000000', null, '829665c0-07da-436c-aaa0-d30580ccbf4b', 0, null, '8a9f22f1-3c67-49f7-bd84-ec290e4a37fd'),
('d2a62c78-9449-424b-8b57-a9f3eccf5143', '32e7d1be-9298-44c7-b224-c8d97613b913', 600000, '2024-02-18T00:00:00.000000', '2024-02-18T00:00:00.000000', '2024-02-15T00:00:00.000000', 'f6a9e12f-6a90-4b46-8bcb-5a6e6c683fde', '829665c0-07da-436c-aaa0-d30580ccbf4b', 4.5, 'Open wife owner exist.', '8a9f22f1-3c67-49f7-bd84-ec290e4a37fd'),
('7679b515-3f2e-4efd-92e6-e4c4868a730b', '32e7d1be-9298-44c7-b224-c8d97613b913', 800000, '2024-02-15T00:00:00.000000', '2024-02-15T00:00:00.000000', '2024-02-12T00:00:00.000000', 'cbb95b79-4e1c-497e-8ee5-5655db5ba576', '829665c0-07da-436c-aaa0-d30580ccbf4b', 0, 'General simple cost develop left poor head.', '8a9f22f1-3c67-49f7-bd84-ec290e4a37fd'),
('a63215ba-c7f9-493b-9933-259113a88195', '6a2a5bb9-25eb-42f0-8b25-8c437e503bdd', 200000, '2024-03-09T00:00:00.000000', '2024-03-09T00:00:00.000000', '2024-03-07T00:00:00.000000', 'f6a9e12f-6a90-4b46-8bcb-5a6e6c683fde', 'f1433783-3f66-4f71-bcdf-4416b9b73752', 3.5, 'Her include sit receive policy discussion machine hundred.', '8a9f22f1-3c67-49f7-bd84-ec290e4a37fd'),
('0b5bdf89-dce7-49b8-9fd5-5eee6235d0f1', '6a2a5bb9-25eb-42f0-8b25-8c437e503bdd', 0, '2024-03-01T00:00:00.000000', null, '2024-02-28T00:00:00.000000', null, 'f1433783-3f66-4f71-bcdf-4416b9b73752', 0, null, '8a9f22f1-3c67-49f7-bd84-ec290e4a37fd'),
('90774632-f288-4ca5-a26a-8b7c972421e4', 'f8d94ade-f7f2-4a6f-bcc9-8d3d941369f2', 0, '2024-03-01T00:00:00.000000', null, '2024-02-28T00:00:00.000000', null, '33dd7ff9-5bc1-46ce-ae28-ddb6b1b6ea16', 0, null, '8a9f22f1-3c67-49f7-bd84-ec290e4a37fd'),
('32d777c5-3b83-460e-b611-43c1980ea022', 'f8d94ade-f7f2-4a6f-bcc9-8d3d941369f2', 0, '2024-01-18T00:00:00.000000', null, '2024-01-16T00:00:00.000000', null, '33dd7ff9-5bc1-46ce-ae28-ddb6b1b6ea16', 0, null, '8a9f22f1-3c67-49f7-bd84-ec290e4a37fd'),
('f3de855c-7e3c-4dc4-bcd5-eabd2c6f2922', 'f8d94ade-f7f2-4a6f-bcc9-8d3d941369f2', 700000, '2024-02-23T00:00:00.000000', '2024-02-23T00:00:00.000000', '2024-02-22T00:00:00.000000', 'cbb95b79-4e1c-497e-8ee5-5655db5ba576', '33dd7ff9-5bc1-46ce-ae28-ddb6b1b6ea16', 4.5, 'Amount understand hard far around.', '8a9f22f1-3c67-49f7-bd84-ec290e4a37fd'),
('97cb733d-f504-489d-8ca3-b433bf9a48ba', 'f8d94ade-f7f2-4a6f-bcc9-8d3d941369f2', 0, '2024-03-01T00:00:00.000000', null, '2024-02-29T00:00:00.000000', null, '33dd7ff9-5bc1-46ce-ae28-ddb6b1b6ea16', 0, null, '8a9f22f1-3c67-49f7-bd84-ec290e4a37fd'),
('f0be722d-d40c-4ce5-b25c-3d537131d7c5', 'f6967207-ae22-4551-8318-e64a00da127e', 0, '2024-03-11T00:00:00.000000', null, '2024-03-09T00:00:00.000000', null, '406d333d-f791-4263-bfd1-51c162b01d78', 0, null, '8a9f22f1-3c67-49f7-bd84-ec290e4a37fd'),
('d12287f3-75ea-45f8-97c4-7f71a5b73ec3', '32e7d1be-9298-44c7-b224-c8d97613b913', 500000, '2024-02-23T00:00:00.000000', '2024-02-23T00:00:00.000000', '2024-02-21T00:00:00.000000', 'f6a9e12f-6a90-4b46-8bcb-5a6e6c683fde', '829665c0-07da-436c-aaa0-d30580ccbf4b', 5.5, 'Check if since hair exist.', '8a9f22f1-3c67-49f7-bd84-ec290e4a37fd'),
('bc8b99d9-92c9-4c70-9c5e-4d48a347f4d1', '32e7d1be-9298-44c7-b224-c8d97613b913', 0, '2024-02-19T00:00:00.000000', null, '2024-02-17T00:00:00.000000', null, '829665c0-07da-436c-aaa0-d30580ccbf4b', 0, null, '8a9f22f1-3c67-49f7-bd84-ec290e4a37fd'),
('1983d969-fe48-426c-a2a9-6b89ea971cd5', '32e7d1be-9298-44c7-b224-c8d97613b913', 0, '2024-01-01T00:00:00.000000', null, '2023-12-31T00:00:00.000000', null, '829665c0-07da-436c-aaa0-d30580ccbf4b', 0, null, '8a9f22f1-3c67-49f7-bd84-ec290e4a37fd'),
('6db4c609-7c42-4e47-8f71-61e95fae3fa3', '32e7d1be-9298-44c7-b224-c8d97613b913', 0, '2024-02-02T00:00:00.000000', null, '2024-01-30T00:00:00.000000', null, '829665c0-07da-436c-aaa0-d30580ccbf4b', 0, null, '8a9f22f1-3c67-49f7-bd84-ec290e4a37fd'),
('b3329d67-e398-4b39-a23a-2febf1d8ee44', '32e7d1be-9298-44c7-b224-c8d97613b913', 500000, '2024-03-16T00:00:00.000000', '2024-03-16T00:00:00.000000', '2024-03-13T00:00:00.000000', '6a984514-3826-43b7-abb1-77daa5aa28c3', '829665c0-07da-436c-aaa0-d30580ccbf4b', 5.5, 'Effect unit state plant color current.', '8a9f22f1-3c67-49f7-bd84-ec290e4a37fd'),
('a9c9df57-aef1-4255-8b4c-ece22c39b20e', '32e7d1be-9298-44c7-b224-c8d97613b913', 700000, '2024-02-27T00:00:00.000000', '2024-02-27T00:00:00.000000', '2024-02-26T00:00:00.000000', 'f6a9e12f-6a90-4b46-8bcb-5a6e6c683fde', '829665c0-07da-436c-aaa0-d30580ccbf4b', 5.5, 'Election air parent forget three.', '8a9f22f1-3c67-49f7-bd84-ec290e4a37fd'),
('5872c9c5-4f5d-420f-b75b-b8c3941406d6', 'f8d94ade-f7f2-4a6f-bcc9-8d3d941369f2', 0, '2024-01-25T00:00:00.000000', null, '2024-01-24T00:00:00.000000', null, '33dd7ff9-5bc1-46ce-ae28-ddb6b1b6ea16', 0, null, '8a9f22f1-3c67-49f7-bd84-ec290e4a37fd'),
('b133018d-8fb3-47d4-8526-2f311fd05206', '32e7d1be-9298-44c7-b224-c8d97613b913', 100000, '2024-03-11T00:00:00.000000', '2024-03-11T00:00:00.000000', '2024-03-10T00:00:00.000000', '42a0bd29-ce9b-495b-822d-612f91f2e298', '829665c0-07da-436c-aaa0-d30580ccbf4b', 0, 'Beat sometimes Republican agent manage special way glass line knowledge.', '8a9f22f1-3c67-49f7-bd84-ec290e4a37fd'),
('7ebdc1c3-762c-4c6e-a7b5-d7c1e9211329', '32e7d1be-9298-44c7-b224-c8d97613b913', 1000000, '2024-02-26T00:00:00.000000', '2024-02-26T00:00:00.000000', '2024-02-25T00:00:00.000000', '42a0bd29-ce9b-495b-822d-612f91f2e298', '829665c0-07da-436c-aaa0-d30580ccbf4b', 0, 'Parent decision involve despite close.', '8a9f22f1-3c67-49f7-bd84-ec290e4a37fd'),
('479d88b5-8f98-40a3-a420-63dd01cb7857', '32e7d1be-9298-44c7-b224-c8d97613b913', 800000, '2024-03-02T00:00:00.000000', '2024-03-02T00:00:00.000000', '2024-03-01T00:00:00.000000', '42a0bd29-ce9b-495b-822d-612f91f2e298', '829665c0-07da-436c-aaa0-d30580ccbf4b', 4.5, 'Major western education game modern song.', '8a9f22f1-3c67-49f7-bd84-ec290e4a37fd'),
('9d4d9f5f-9e63-4b26-82e7-ce0490287702', 'f6967207-ae22-4551-8318-e64a00da127e', 300000, '2024-02-26T00:00:00.000000', '2024-02-26T00:00:00.000000', '2024-02-24T00:00:00.000000', 'cbb95b79-4e1c-497e-8ee5-5655db5ba576', '406d333d-f791-4263-bfd1-51c162b01d78', 0, 'Price little identify degree.', '8a9f22f1-3c67-49f7-bd84-ec290e4a37fd'),
('d0e90b40-8147-4cb0-a88d-877019f28272', 'f6967207-ae22-4551-8318-e64a00da127e', 800000, '2024-02-17T00:00:00.000000', '2024-02-17T00:00:00.000000', '2024-02-15T00:00:00.000000', 'cbb95b79-4e1c-497e-8ee5-5655db5ba576', '406d333d-f791-4263-bfd1-51c162b01d78', 3.5, 'Special seven physical court author carry focus fact special.', '8a9f22f1-3c67-49f7-bd84-ec290e4a37fd'); 

INSERT INTO [Services] ([Id], [Note], [AdditionalNote], [ServiceTypeId]) VALUES
('19ca45cf-21ee-4df0-9122-02bf8cbea2e5', 'Contain year bill ok choose today.', 'none', 'DBB78597-043D-47C1-8810-93D392FD09BA'),
('33e7e47a-ab61-4385-814d-fa02c9b4f39c', 'Head production technology over hour.', 'none', 'EF2632F0-47BD-4BBE-A46F-628A28F03D8B'),
('75c29b29-7050-4989-ae99-d6f2834253e3', 'Heavy across while top.', 'none', 'F1B832B2-49F3-456F-BACB-B1F8DA766BEA'),
('67b66f7c-aca6-4d9f-95dd-05a0f6b7c5fb', 'Wear someone everybody newspaper.', 'none', 'DBB78597-043D-47C1-8810-93D392FD09BA'),
('512dfabc-3825-47d8-9c35-ea133bf66ffe', 'Easy law view central.', 'none', '88006A8C-D757-4B85-8B91-C88E6078FE9C'),
('958fbf9c-cb34-4b6d-98ba-f5a5069676af', 'Account fear shoulder pick nation choose relationship.', 'none', '662A64BE-F7EA-4419-8978-DBF8F19159DC'),
('be0ecdd7-b161-4e95-96ae-34f522f7d946', 'Executive care mission decision black.', 'none', '3779D349-ABCB-4DBC-ABF1-25BA9E94A695'),
('13b59648-3f5c-4707-8953-6af2e2c16c91', 'Property government line indeed live reason five.', 'none', '662A64BE-F7EA-4419-8978-DBF8F19159DC'),
('53b8673e-a748-42c2-b2cf-bd155902371b', 'Appear perform agent likely thousand act money.', 'none', 'DBB78597-043D-47C1-8810-93D392FD09BA'),
('90672344-f22a-47e4-b416-aab8b0798537', 'Road dinner seem explain black.', 'none', '96D250D4-0C0E-4521-B94E-05F3CAFCA3F3'),
('7ceede5d-1fa4-45c0-bb87-eef904628899', 'Particularly partner relate mention expect.', 'none', '73BF981F-1CFD-483D-80EE-14AB6D2E55EF'),
('52fc335c-a9cc-40ea-b917-bae19a74c864', 'Region democratic entire analysis clear.', 'none', '662A64BE-F7EA-4419-8978-DBF8F19159DC'),
('ea779349-a63f-4c3e-a7aa-3aa27d76eff0', 'Miss couple bag.', 'none', '63CE2EBF-EF36-4B4A-891E-ABBDE2A75B38'),
('cc711899-cd86-4f59-ab2a-424142e7d075', 'Economic detail subject everything.', 'none', 'B9F74F9E-F792-4C48-B1B6-B6F0BC402D07'),
('3c222cde-4c23-4de2-bc4f-9f105af09203', 'Evening admit past Republican common.', 'none', '662A64BE-F7EA-4419-8978-DBF8F19159DC'),
('a8288300-a30e-4c77-be6a-ead0badc5bac', 'Play speech theory choice computer yard career deal.', 'none', '63CE2EBF-EF36-4B4A-891E-ABBDE2A75B38'),
('2f0f9a57-e06f-4af6-aca5-6ce279263043', 'Staff service government opportunity.', 'none', '07CB166A-4B4E-4637-B224-6277A69003D9'),
('04e0fe3e-cb87-447a-9d6b-cab1b13926a4', 'Finish summer else page region start size.', 'none', 'EF2034C1-7F44-4D07-B9C0-E2A497999A9D'),
('b8d36a78-bf2b-4422-8142-a069bc741703', 'Him important enough most save rather.', 'none', '3361BC88-9F58-4BE8-AC37-561606430F8A'),
('fd323db9-c0b1-4350-8381-77972573fc07', 'Style star east against southern.', 'none', '3779D349-ABCB-4DBC-ABF1-25BA9E94A695'),
('782420af-76d8-4c8b-aa39-58d934b9e790', 'Group public leader medical.', 'none', '73BF981F-1CFD-483D-80EE-14AB6D2E55EF'),
('c8a7a8a8-bf18-4fba-b95c-bab01797a6a1', 'Might history strong economy break word source.', 'none', 'DBB78597-043D-47C1-8810-93D392FD09BA'),
('52475276-8b46-48a1-add3-44047abb4336', 'Former section across staff.', 'none', 'F1B832B2-49F3-456F-BACB-B1F8DA766BEA'),
('56b8adc2-a50b-4d00-9634-4cd1437902a4', 'Fall manager idea issue color small notice kind.', 'none', 'F1B832B2-49F3-456F-BACB-B1F8DA766BEA'),
('0b5c93b1-0d27-4d4d-a47a-7909ed821e9d', 'Affect same number drug continue serve information.', 'none', 'F1B832B2-49F3-456F-BACB-B1F8DA766BEA'),
('4bc89851-48e5-4104-8a94-9dd1ea456bd7', 'When clearly type up.', 'none', '662A64BE-F7EA-4419-8978-DBF8F19159DC'),
('cf55cf36-d61d-4735-a93d-f43b8ed71df6', 'Particular before air action economy several.', 'none', 'C82954A1-39D4-4012-86B3-6CAD42C2B399'),
('049d29d3-2831-4525-b4f5-1cb507426c60', 'Identify fill art by.', 'none', '3B8A2D6A-B0E7-46AF-A688-397CEA642603'),
('ba2a261a-67be-41af-ab27-1d0d871f6753', 'Statement reality recently.', 'none', '73BF981F-1CFD-483D-80EE-14AB6D2E55EF'),
('827ea945-38d4-4685-aacd-6644d7497a88', 'Very your choice too need although one.', 'none', 'C82954A1-39D4-4012-86B3-6CAD42C2B399'),
('e3d859cf-5d67-4c5c-9974-47bb8def9520', 'City four pretty live new myself star.', 'none', 'EF2632F0-47BD-4BBE-A46F-628A28F03D8B'),
('1b3c2bac-70c5-4aa8-bb8f-331d31cee44d', 'Consumer by full.', 'none', '3B8A2D6A-B0E7-46AF-A688-397CEA642603'),
('e6007de1-1dd6-4baf-b5a6-f503cc98f4a1', 'Over some collection.', 'none', 'DBB78597-043D-47C1-8810-93D392FD09BA'),
('e2fd96b6-d69b-403c-8734-fa5867f5fb6f', 'Support law Congress law enough we ask.', 'none', 'C82954A1-39D4-4012-86B3-6CAD42C2B399'),
('785851df-104a-4148-8dd4-f08b66fb43b8', 'So second reason live teach movie I.', 'none', '96D250D4-0C0E-4521-B94E-05F3CAFCA3F3'),
('fd220fc0-b8dd-4830-bac8-2da1b6695c2e', 'Reach responsibility commercial.', 'none', '3361BC88-9F58-4BE8-AC37-561606430F8A'),
('31240cab-ac51-4a23-adec-8cb4762fc5cd', 'Challenge check skin skin industry nothing rather represent.', 'none', '49A42267-D9DC-4E11-87A5-36525D4254D9'),
('90a7b90d-5db9-42e5-9ec9-04e164ca62ba', 'Imagine probably whom it.', 'none', 'B9F74F9E-F792-4C48-B1B6-B6F0BC402D07'),
('0108a823-b102-4405-a753-ab0bc9a299d7', 'Room with item bit leave left.', 'none', 'B9F74F9E-F792-4C48-B1B6-B6F0BC402D07'),
('638c6f92-d761-49a6-8928-adc25ad2d8a5', 'Generation pick she picture send cultural.', 'none', 'CCA752D4-C17C-4C31-906F-F33CB8A18E48'),
('7bb9c995-02f3-4bc7-8f19-4426086dee16', 'Significant energy citizen physical why mouth.', 'none', '63CE2EBF-EF36-4B4A-891E-ABBDE2A75B38'),
('8127874d-ff38-41d8-8355-eee6c69d167f', 'Get we memory who yet spend.', 'none', 'DBB78597-043D-47C1-8810-93D392FD09BA'),
('24a02186-0efe-4b3d-8e21-6cf7b5c1da02', 'Five put hard recent project speech director.', 'none', '49A42267-D9DC-4E11-87A5-36525D4254D9'),
('a4ae8d01-148f-42ae-922d-c3ebba2ab2b3', 'Produce just raise enough onto try commercial kid.', 'none', 'CCA752D4-C17C-4C31-906F-F33CB8A18E48'),
('aed9d8f3-3e85-4db6-85b9-237c8db5c5d1', 'Not improve begin lot sport father.', 'none', '3779D349-ABCB-4DBC-ABF1-25BA9E94A695'),
('009a8e65-2676-45c4-972d-7eb525acd49b', 'Research blood list girl sister their rate.', 'none', 'A5677DE0-A6A7-42C0-AB77-F34B75BEB63D'),
('a0b47e32-99e2-4aec-9c16-df728c730b6e', 'Off difficult happen high serve.', 'none', '3779D349-ABCB-4DBC-ABF1-25BA9E94A695'),
('7827ef99-17e3-42e6-ab31-81c2eebbc619', 'Great than director remember place grow.', 'none', '3B8A2D6A-B0E7-46AF-A688-397CEA642603'),
('b7e695e2-d170-4a87-ad58-fe8a6f4969d2', 'Determine human find discussion military ability line hour.', 'none', '662A64BE-F7EA-4419-8978-DBF8F19159DC'),
('19582907-7f51-4d1c-bf54-427aae6647c5', 'Various current scientist culture ability to suffer at.', 'none', '49A42267-D9DC-4E11-87A5-36525D4254D9'),
('6c4c6ab8-2fe2-42a4-adf2-ae4fb26af968', 'Her of process cut.', 'none', '3B8A2D6A-B0E7-46AF-A688-397CEA642603'),
('058395de-5433-4717-b7d5-ce435335af2d', 'In court hospital skin soon.', 'none', '662A64BE-F7EA-4419-8978-DBF8F19159DC'),
('2944dc47-ab5e-4db3-b26a-77a94120f51a', 'Mind myself surface old.', 'none', '07CB166A-4B4E-4637-B224-6277A69003D9'),
('50c017b1-e79b-4f40-85f1-4e291e01647c', 'Maintain page fish room a.', 'none', '662A64BE-F7EA-4419-8978-DBF8F19159DC'),
('06667b09-af66-4a7e-9df7-13971bd446e0', 'Now so must plant whether protect most trade.', 'none', '3779D349-ABCB-4DBC-ABF1-25BA9E94A695'),
('9275ffaf-fef3-42a1-a64c-4472ed298e6b', 'Seat should dream whose.', 'none', 'F1B832B2-49F3-456F-BACB-B1F8DA766BEA'),
('65980059-6b1f-4728-b229-a99502bc9328', 'Election order everything stuff detail himself medical.', 'none', 'F1B832B2-49F3-456F-BACB-B1F8DA766BEA'),
('3a63ec18-d366-490e-8aae-394b67ef19ae', 'Look floor role agency its professor while.', 'none', 'EF2034C1-7F44-4D07-B9C0-E2A497999A9D'),
('d226c0c9-2c30-49ed-83db-08c9c5273e40', 'Campaign alone subject development best student describe concern.', 'none', 'CCA752D4-C17C-4C31-906F-F33CB8A18E48'),
('5236e3c0-41c1-42ab-8fc6-dcb90a31b61d', 'Democratic stock worker everybody professor.', 'none', 'F1B832B2-49F3-456F-BACB-B1F8DA766BEA'),
('1807835d-4ef4-4900-8ab1-9caa08f00048', 'Along particularly factor boy Republican without.', 'none', '63CE2EBF-EF36-4B4A-891E-ABBDE2A75B38'),
('c8a978f0-cf8c-4aaf-827c-f02b4fc2ed26', 'President explain situation eat thousand might employee.', 'none', '63CE2EBF-EF36-4B4A-891E-ABBDE2A75B38'),
('81d28372-0511-443c-bae3-0139a696aa95', 'Buy east example identify likely view.', 'none', 'F1B832B2-49F3-456F-BACB-B1F8DA766BEA'),
('41391e74-47aa-47bc-965e-575b591778a0', 'Character sometimes small control work.', 'none', 'F1B832B2-49F3-456F-BACB-B1F8DA766BEA'),
('f7cd4829-cdb4-4060-9d04-445f9578f09d', 'During nice thing ok.', 'none', 'EF2632F0-47BD-4BBE-A46F-628A28F03D8B'),
('a65eee23-f586-4b37-8c3d-1c8449994289', 'Maybe read card look safe.', 'none', 'F1B832B2-49F3-456F-BACB-B1F8DA766BEA'),
('fe634c5a-15a8-4122-beb0-0190f15e614a', 'Key little fast speak tree.', 'none', '63CE2EBF-EF36-4B4A-891E-ABBDE2A75B38'),
('b270db83-3fe0-4673-90d8-1db34df64c75', 'Husband time fear spring north dog issue enter.', 'none', 'B9F74F9E-F792-4C48-B1B6-B6F0BC402D07'),
('3837f3f5-c448-4c93-9571-fb95bdf98a6d', 'Again trouble cold.', 'none', 'C82954A1-39D4-4012-86B3-6CAD42C2B399'),
('6ea74825-3ad0-43f0-8343-2cbfbc0b77bf', 'Because it boy agent common order.', 'none', 'EF2034C1-7F44-4D07-B9C0-E2A497999A9D'),
('7b5b3a3f-6555-4033-91ab-ff3372e992f1', 'Continue condition probably particularly measure only.', 'none', 'B9F74F9E-F792-4C48-B1B6-B6F0BC402D07'),
('7e8d641d-f83c-4141-af29-a55a179512dd', 'Especially position learn senior today mention.', 'none', 'EF2034C1-7F44-4D07-B9C0-E2A497999A9D'),
('4de0682a-ae5c-475a-b524-87dd3c463e89', 'Finish star be.', 'none', 'B9F74F9E-F792-4C48-B1B6-B6F0BC402D07'),
('710fead6-646f-459e-8fac-ef086b7a8921', 'Throughout western world area student there.', 'none', 'DBB78597-043D-47C1-8810-93D392FD09BA'),
('23d15923-e5fb-47cf-9caf-8fc986579995', 'Deep range ten television model.', 'none', 'DBB78597-043D-47C1-8810-93D392FD09BA'),
('522b7a28-7219-4104-84f6-6d3e7fca681a', 'Debate late radio like money ball.', 'none', '3779D349-ABCB-4DBC-ABF1-25BA9E94A695'),
('6ca16e7c-9c9c-446f-aa62-1fe7f5aff1fc', 'Alone popular break attention.', 'none', '3779D349-ABCB-4DBC-ABF1-25BA9E94A695'),
('88a72e50-ef25-4f7b-a75c-c199bfde3673', 'Discussion maybe rise sit hand society.', 'none', '662A64BE-F7EA-4419-8978-DBF8F19159DC'),
('7c37f991-f340-4911-ae13-11b06ef82b7b', 'Sea thought raise suggest six claim analysis.', 'none', '96D250D4-0C0E-4521-B94E-05F3CAFCA3F3'),
('0d6e50d7-d5ba-4b74-970e-01ef20bb3799', 'Firm foreign involve show ten century.', 'none', '3361BC88-9F58-4BE8-AC37-561606430F8A'),
('017a97bd-c0af-45e7-9933-6d3ca33cd753', 'Relate others throw land daughter consider group.', 'none', 'A5677DE0-A6A7-42C0-AB77-F34B75BEB63D'),
('a8bb46e4-e55e-49d3-adec-209f9b9ef13d', 'Family event dark such firm.', 'none', 'A5677DE0-A6A7-42C0-AB77-F34B75BEB63D'),
('6f0f4118-a3ff-4a17-9ade-6d327a1d872d', 'Suggest learn economy explain.', 'none', '07CB166A-4B4E-4637-B224-6277A69003D9'),
('7adaf7eb-d2d7-4010-83be-4bbb78c6fbe0', 'Far training opportunity difficult candidate.', 'none', 'CCA752D4-C17C-4C31-906F-F33CB8A18E48'),
('fb6e39c2-0120-4163-bbb0-56aa189161cc', 'That admit Mrs look call.', 'none', '88006A8C-D757-4B85-8B91-C88E6078FE9C'),
('fa7be1b5-1972-4f24-96b8-24b496dd0a70', 'About century debate officer about.', 'none', 'C82954A1-39D4-4012-86B3-6CAD42C2B399'),
('e07ef796-be45-4201-acc2-b5bb9e9f5a2c', 'Why design need assume heart west training believe.', 'none', 'F1B832B2-49F3-456F-BACB-B1F8DA766BEA'),
('b4d30d1d-2a31-4f54-9b33-18b493ec2f53', 'Wind heavy anything strategy hope return.', 'none', '3779D349-ABCB-4DBC-ABF1-25BA9E94A695'),
('1cd6848d-c7c0-45c3-b0dc-44535f9a3dd1', 'Write decision data wrong best I medical.', 'none', '662A64BE-F7EA-4419-8978-DBF8F19159DC'),
('3c9dbfef-9724-4ff5-ba98-6e31364679a9', 'Thought nature moment despite.', 'none', 'B9F74F9E-F792-4C48-B1B6-B6F0BC402D07'),
('c791cba3-03b4-4771-88f3-c2b1137212cd', 'Tax machine century suddenly have.', 'none', '3B8A2D6A-B0E7-46AF-A688-397CEA642603'),
('3039333b-b013-40a8-b646-226f7696d061', 'Customer far recently prepare scene.', 'none', '3779D349-ABCB-4DBC-ABF1-25BA9E94A695'),
('92e67b0b-89d1-40cc-a479-cde3790fa84d', 'Bring citizen kid support interest.', 'none', '88006A8C-D757-4B85-8B91-C88E6078FE9C'),
('45b2c913-a9f0-42b5-94be-be4588519368', 'Century over short certain PM.', 'none', 'EF2632F0-47BD-4BBE-A46F-628A28F03D8B'),
('ba31506b-6617-4fb6-a25b-46b3da52d5fe', 'Especially life sister official.', 'none', '49A42267-D9DC-4E11-87A5-36525D4254D9'),
('d3b30f18-fa6e-43f7-b853-60b4720e6ba9', 'Pm hospital against fast drop.', 'none', 'F1B832B2-49F3-456F-BACB-B1F8DA766BEA'),
('5bbdfeb4-cf14-4d8d-8e67-56bef9179f80', 'Knowledge player down positive.', 'none', '07CB166A-4B4E-4637-B224-6277A69003D9'),
('6b228308-093c-48de-a28b-4b0755415af8', 'Job follow result.', 'none', 'C82954A1-39D4-4012-86B3-6CAD42C2B399'),
('5de70c07-8b96-43fa-bdc7-17bc72f81e0d', 'Group return line community study.', 'none', '3B8A2D6A-B0E7-46AF-A688-397CEA642603'),
('b36c13d0-7ab4-4dce-a774-a56cf1436549', 'Song capital administration sound teach hit lose.', 'none', '49A42267-D9DC-4E11-87A5-36525D4254D9'),
('4e322d32-21df-432a-9570-c537c99d8415', 'Commercial last address above form debate name.', 'none', '662A64BE-F7EA-4419-8978-DBF8F19159DC'),
('b1629641-2ac6-423f-b545-fc92107ad024', 'Eye article TV born clearly close let toward.', 'none', '49A42267-D9DC-4E11-87A5-36525D4254D9'),
('f5877de8-3f59-413d-a839-bf8915fdf24e', 'Whether beyond bar.', 'none', 'A5677DE0-A6A7-42C0-AB77-F34B75BEB63D'),
('f8681052-ac5d-432b-a165-9dfe31a1b349', 'Word learn military.', 'none', 'DBB78597-043D-47C1-8810-93D392FD09BA'),
('2fa2388a-0783-44c3-9716-2b8fb5e48855', 'Allow including level well.', 'none', '63CE2EBF-EF36-4B4A-891E-ABBDE2A75B38'),
('aa214dd3-b1ec-41d0-9a70-016d8a84f8b5', 'Attention yeah process rest really.', 'none', '07CB166A-4B4E-4637-B224-6277A69003D9'),
('ab417ac8-7547-436e-8d64-3b346ecc908e', 'Human station truth house.', 'none', 'DBB78597-043D-47C1-8810-93D392FD09BA'),
('ccdb9d6f-0491-4b36-a026-482384e766d0', 'Get interesting when financial.', 'none', '88006A8C-D757-4B85-8B91-C88E6078FE9C'),
('68b3f6d8-d4f1-4c17-bbcd-b1c16ba7b43a', 'Wall allow power condition.', 'none', '3779D349-ABCB-4DBC-ABF1-25BA9E94A695'),
('7d487b0a-a392-4d4a-b367-a80d787c91e3', 'Few allow star forward leave.', 'none', 'EF2034C1-7F44-4D07-B9C0-E2A497999A9D'),
('4635ab87-2290-4e71-8864-aa9f09fc1fd8', 'Like ball cause way.', 'none', '3B8A2D6A-B0E7-46AF-A688-397CEA642603'),
('6e4fed3d-13ff-49e9-b010-166d7789e6d7', 'Various item boy response.', 'none', '49A42267-D9DC-4E11-87A5-36525D4254D9'),
('cb1a57f5-ae36-4121-bd64-010d42e7e622', 'Phone when room network.', 'none', 'CCA752D4-C17C-4C31-906F-F33CB8A18E48'),
('3c080c72-6018-49f0-a18d-5b9993909110', 'Present carry break majority low.', 'none', '3B8A2D6A-B0E7-46AF-A688-397CEA642603'),
('dab97e4a-4ccd-4d29-ac60-d4b421253d25', 'Customer plan maybe manager place fly.', 'none', '3361BC88-9F58-4BE8-AC37-561606430F8A'),
('19e1699d-7d9c-4526-b11c-d092a354823b', 'Newspaper allow forward hour whom inside.', 'none', '49A42267-D9DC-4E11-87A5-36525D4254D9'),
('20c28079-21ff-480b-81df-78bf05fa09d0', 'Stand trip all myself tax country then.', 'none', 'EF2632F0-47BD-4BBE-A46F-628A28F03D8B'),
('12090e64-4d47-41bd-93d1-0ea6d5b2b953', 'Industry control thank.', 'none', 'F1B832B2-49F3-456F-BACB-B1F8DA766BEA'),
('b2c11d33-75a4-49e4-9989-0b9ca835e63e', 'Security including hot child investment yourself still say.', 'none', '96D250D4-0C0E-4521-B94E-05F3CAFCA3F3'),
('478a5246-2bc8-4e64-9b82-1abcde4a747e', 'Total inside Mrs interesting less economy fire.', 'none', 'B9F74F9E-F792-4C48-B1B6-B6F0BC402D07'),
('26867c7a-3aef-4e06-885a-c79dd19c310e', 'Two enough spend practice organization fill.', 'none', 'EF2632F0-47BD-4BBE-A46F-628A28F03D8B'),
('f2ac3f7e-aea9-42ef-aacb-dd7fa16316b1', 'Agree likely off.', 'none', '63CE2EBF-EF36-4B4A-891E-ABBDE2A75B38'),
('96738ba4-713f-4fa0-8d5d-86ae1d5e0c81', 'Ball ground candidate life have.', 'none', '3B8A2D6A-B0E7-46AF-A688-397CEA642603'),
('2525d240-71e8-4475-831f-db0aac587a14', 'Leave camera future despite.', 'none', '63CE2EBF-EF36-4B4A-891E-ABBDE2A75B38'),
('522764c2-6f93-4ffb-8fc9-82f4431a05f0', 'Beautiful firm evening green.', 'none', '662A64BE-F7EA-4419-8978-DBF8F19159DC'); 

INSERT INTO [OrderService] ([OrderId], [ServiceId]) VALUES
('07a129d5-76df-4444-8ba7-24b2391e8447', '19ca45cf-21ee-4df0-9122-02bf8cbea2e5'),
('59dddd8d-e9af-46d5-8e21-20301a2a9917', '33e7e47a-ab61-4385-814d-fa02c9b4f39c'),
('1d6faa83-1467-496d-b579-a0b6997bd693', '75c29b29-7050-4989-ae99-d6f2834253e3'),
('51ff5ae1-806a-4c3d-a1ab-5ace3c2b75ef', '67b66f7c-aca6-4d9f-95dd-05a0f6b7c5fb'),
('bd811984-d9b9-436e-9b2a-0145a22e620d', '512dfabc-3825-47d8-9c35-ea133bf66ffe'),
('82574c2a-bd08-4f37-a019-5a3c669e352e', '958fbf9c-cb34-4b6d-98ba-f5a5069676af'),
('37cd0d44-d9e6-4e88-9ec1-be730748646d', 'be0ecdd7-b161-4e95-96ae-34f522f7d946'),
('e3aed742-81ec-4079-b98c-10d6c80e7d3b', '13b59648-3f5c-4707-8953-6af2e2c16c91'),
('702dd90e-11df-4fe0-9d71-3e60c367e607', '53b8673e-a748-42c2-b2cf-bd155902371b'),
('10ca3f37-3e01-4eaf-8336-f29d58802a94', '90672344-f22a-47e4-b416-aab8b0798537'),
('83edf766-c1d8-455f-baa7-cd719688fb6e', '7ceede5d-1fa4-45c0-bb87-eef904628899'),
('ae96a1d5-fa38-45f3-bf22-da037f433246', '52fc335c-a9cc-40ea-b917-bae19a74c864'),
('1b0e5e1c-8fe9-422e-b20b-74f3821ffa04', 'ea779349-a63f-4c3e-a7aa-3aa27d76eff0'),
('f22ad178-edb8-4a45-a07d-3cf219f736c6', 'cc711899-cd86-4f59-ab2a-424142e7d075'),
('e3c1f8a6-537e-4265-a2ee-71bd3b00037f', '3c222cde-4c23-4de2-bc4f-9f105af09203'),
('d5dab51d-3a3d-482a-8d0d-ff9f7ea13f49', 'a8288300-a30e-4c77-be6a-ead0badc5bac'),
('1c76f816-a482-4bc0-beee-b8c10509a761', '2f0f9a57-e06f-4af6-aca5-6ce279263043'),
('c2f95753-d8b8-485c-8963-f23346a01884', '04e0fe3e-cb87-447a-9d6b-cab1b13926a4'),
('bbd42e87-2df6-4131-934c-8fc2d06e1a59', 'b8d36a78-bf2b-4422-8142-a069bc741703'),
('5f3f780c-cbf6-4304-9b03-ef716750fad2', 'fd323db9-c0b1-4350-8381-77972573fc07'),
('acf21735-2f67-42a5-b94c-f03717743463', '782420af-76d8-4c8b-aa39-58d934b9e790'),
('ca9bb14e-a35c-46b3-88c6-5d365989ef14', 'c8a7a8a8-bf18-4fba-b95c-bab01797a6a1'),
('4062ac7f-d52f-4aaa-952a-7b76476b5079', '52475276-8b46-48a1-add3-44047abb4336'),
('9588474f-d57b-4c5a-b65d-b203c8ee5dd4', '56b8adc2-a50b-4d00-9634-4cd1437902a4'),
('fdec7e5d-8b74-41b7-b742-2a8d516ab72b', '0b5c93b1-0d27-4d4d-a47a-7909ed821e9d'),
('b9b14573-dadb-446e-b8a5-116e9652d21f', '4bc89851-48e5-4104-8a94-9dd1ea456bd7'),
('8d2febbc-70bf-4155-a219-d90a11eb15fb', 'cf55cf36-d61d-4735-a93d-f43b8ed71df6'),
('42f59d89-3587-49c5-8aa0-44bc69fa99d1', '049d29d3-2831-4525-b4f5-1cb507426c60'),
('d2945b97-2030-4942-8be7-592b06b0cc5d', 'ba2a261a-67be-41af-ab27-1d0d871f6753'),
('1bcdf186-1898-4bd2-8a1e-ecac0d97ad06', '827ea945-38d4-4685-aacd-6644d7497a88'),
('a37141c9-b403-4079-86cb-d59290a71e99', 'e3d859cf-5d67-4c5c-9974-47bb8def9520'),
('629212f0-79ec-4502-b547-ffa57ec14f2c', '1b3c2bac-70c5-4aa8-bb8f-331d31cee44d'),
('6fc56f2d-133d-40eb-8378-4f17a2fb2bc7', 'e6007de1-1dd6-4baf-b5a6-f503cc98f4a1'),
('19f4ce1d-8ef6-4cea-ab28-9441c709f20e', 'e2fd96b6-d69b-403c-8734-fa5867f5fb6f'),
('bff6eb78-4202-4f65-883c-d7f415a40510', '785851df-104a-4148-8dd4-f08b66fb43b8'),
('520c6278-c801-41d8-9028-460f58589d02', 'fd220fc0-b8dd-4830-bac8-2da1b6695c2e'),
('cbe63f3e-8e54-4784-a563-9d60aa4b9f67', '31240cab-ac51-4a23-adec-8cb4762fc5cd'),
('6a52fc4a-68fc-40fe-8041-ae7d3d10b6a4', '90a7b90d-5db9-42e5-9ec9-04e164ca62ba'),
('e6cd96c1-f4eb-4bfb-a666-93ffd01d927f', '0108a823-b102-4405-a753-ab0bc9a299d7'),
('08c7279a-0cea-4034-aefb-6c04f52e48c7', '638c6f92-d761-49a6-8928-adc25ad2d8a5'),
('094b14c8-fa64-4bf0-a971-0a722688cc70', '7bb9c995-02f3-4bc7-8f19-4426086dee16'),
('7b27c26e-f6d2-464f-b203-39ab0a57311a', '8127874d-ff38-41d8-8355-eee6c69d167f'),
('c40a060a-1d97-42fc-b8cd-ebd60bfceb71', '24a02186-0efe-4b3d-8e21-6cf7b5c1da02'),
('b487ff02-302c-477a-ae9d-99dea0b1b05f', 'a4ae8d01-148f-42ae-922d-c3ebba2ab2b3'),
('91d6836f-a85d-4e1d-a4af-ba26f23a21f0', 'aed9d8f3-3e85-4db6-85b9-237c8db5c5d1'),
('85375214-57f7-4741-8c6f-21c79454db2c', '009a8e65-2676-45c4-972d-7eb525acd49b'),
('67f5119f-176f-4765-9c54-24fcc6b115b8', 'a0b47e32-99e2-4aec-9c16-df728c730b6e'),
('c037ff9a-d73c-42b5-98f4-3762acb3bec2', '7827ef99-17e3-42e6-ab31-81c2eebbc619'),
('ec989ff9-223e-4c13-a03a-6fef8ca369a3', 'b7e695e2-d170-4a87-ad58-fe8a6f4969d2'),
('5951a01a-077e-4463-af2f-60d625a73a55', '19582907-7f51-4d1c-bf54-427aae6647c5'),
('21b93417-8260-4ef7-b148-2b079dd1ba26', '6c4c6ab8-2fe2-42a4-adf2-ae4fb26af968'),
('16b70449-c767-43a5-a88e-449c2fbdbb8f', '058395de-5433-4717-b7d5-ce435335af2d'),
('90497536-f801-4994-a2e2-f51218484ca8', '2944dc47-ab5e-4db3-b26a-77a94120f51a'),
('442ba17a-a1dc-4c7a-8e83-0f67937fd201', '50c017b1-e79b-4f40-85f1-4e291e01647c'),
('4dc245af-f361-4af5-86f8-0cafe28d2d2d', '06667b09-af66-4a7e-9df7-13971bd446e0'),
('1bc2ac06-c194-416a-a853-8dbca191d9f1', '9275ffaf-fef3-42a1-a64c-4472ed298e6b'),
('96e313e1-c29d-4016-8d98-d816f4d6fa27', '65980059-6b1f-4728-b229-a99502bc9328'),
('99eded88-7749-41d6-a9b6-758b9bd226d8', '3a63ec18-d366-490e-8aae-394b67ef19ae'),
('477bf37c-c6ce-4fab-956d-f4e6d6ef66b4', 'd226c0c9-2c30-49ed-83db-08c9c5273e40'),
('7bfda5fa-4f9e-4612-afb0-8d060fb7c770', '5236e3c0-41c1-42ab-8fc6-dcb90a31b61d'),
('f1b1a4c2-5716-4f29-a60e-5621c57dcc7a', '1807835d-4ef4-4900-8ab1-9caa08f00048'),
('2b4a1ffd-8706-4ffa-83d8-90b3351f6b66', 'c8a978f0-cf8c-4aaf-827c-f02b4fc2ed26'),
('a265bf16-f35d-40b6-8e3e-b45cd1e24ca2', '81d28372-0511-443c-bae3-0139a696aa95'),
('eca1defa-af8b-432b-9aa1-f4054c3e1c21', '41391e74-47aa-47bc-965e-575b591778a0'),
('77f9eb91-4034-441e-bef5-4efe1c7052b2', 'f7cd4829-cdb4-4060-9d04-445f9578f09d'),
('d01a571f-3571-49be-98b7-1c50409fb76c', 'a65eee23-f586-4b37-8c3d-1c8449994289'),
('1051dfe4-bb9e-4bfc-9d62-0462ca9a7bbf', 'fe634c5a-15a8-4122-beb0-0190f15e614a'),
('bc62ba63-df1f-4b75-ab08-ff446b6651e4', 'b270db83-3fe0-4673-90d8-1db34df64c75'),
('c769f275-6644-430b-b505-ae72cfdeb146', '3837f3f5-c448-4c93-9571-fb95bdf98a6d'),
('375a6c3f-af8b-4b27-b987-1147aa230e0a', '6ea74825-3ad0-43f0-8343-2cbfbc0b77bf'),
('74063736-2d5d-430a-9dc6-6d6d84b63de4', '7b5b3a3f-6555-4033-91ab-ff3372e992f1'),
('90d2ed3c-1246-44a7-99b9-895c14d9919e', '7e8d641d-f83c-4141-af29-a55a179512dd'),
('bcdfb40a-0ec0-4bd1-9a92-b2894016bc58', '4de0682a-ae5c-475a-b524-87dd3c463e89'),
('035a19a7-fa4b-4190-8d78-b5a0599876ed', '710fead6-646f-459e-8fac-ef086b7a8921'),
('f177090c-e483-47b4-8049-267cd322fe7a', '23d15923-e5fb-47cf-9caf-8fc986579995'),
('af88e4a6-0f54-4c70-b6b5-d290a78b9d5c', '522b7a28-7219-4104-84f6-6d3e7fca681a'),
('26202489-2cc4-45be-90b8-71516136e862', '6ca16e7c-9c9c-446f-aa62-1fe7f5aff1fc'),
('79e36b75-8df7-4265-9f9b-619e5690bb6e', '88a72e50-ef25-4f7b-a75c-c199bfde3673'),
('e888e512-c77a-4c28-8c27-7bd96f48b681', '7c37f991-f340-4911-ae13-11b06ef82b7b'),
('161b1c4b-2ad4-4e6e-a024-716ad87a74b2', '0d6e50d7-d5ba-4b74-970e-01ef20bb3799'),
('66274b65-68b7-4a62-9a44-4292c27cb779', '017a97bd-c0af-45e7-9933-6d3ca33cd753'),
('ae6e9609-1494-4ebf-8699-72a95c443bb4', 'a8bb46e4-e55e-49d3-adec-209f9b9ef13d'),
('faa4dbd3-3e6f-4f33-b392-72a4453b0860', '6f0f4118-a3ff-4a17-9ade-6d327a1d872d'),
('c3a2f4dc-f93c-4bb7-9e7a-e58b9ffbab74', '7adaf7eb-d2d7-4010-83be-4bbb78c6fbe0'),
('64f1b976-3fec-4a37-8a8b-97634d36d1c8', 'fb6e39c2-0120-4163-bbb0-56aa189161cc'),
('8a90cef6-534b-4391-a46d-1c9cf0bcbfe5', 'fa7be1b5-1972-4f24-96b8-24b496dd0a70'),
('814f589f-f1a2-473f-afac-857041c77578', 'e07ef796-be45-4201-acc2-b5bb9e9f5a2c'),
('d5f9aac0-145c-453c-8d60-4a5b272536f6', 'b4d30d1d-2a31-4f54-9b33-18b493ec2f53'),
('f76172e4-bf7f-4490-a9a9-a0d47fcdb918', '1cd6848d-c7c0-45c3-b0dc-44535f9a3dd1'),
('7407608b-0f94-420b-9941-26a2c99c3473', '3c9dbfef-9724-4ff5-ba98-6e31364679a9'),
('7ca73732-cd8b-431a-bb4d-9910e536d841', 'c791cba3-03b4-4771-88f3-c2b1137212cd'),
('5df4ca2c-16b6-4322-8068-4f00e3a0fd6b', '3039333b-b013-40a8-b646-226f7696d061'),
('145189cf-63b5-40f3-86c9-c20f61c7c7a0', '92e67b0b-89d1-40cc-a479-cde3790fa84d'),
('d80f6275-9a0b-4331-a288-a118b3811cf5', '45b2c913-a9f0-42b5-94be-be4588519368'),
('91b21b98-8bd8-42fb-ac14-f7963d9ff66f', 'ba31506b-6617-4fb6-a25b-46b3da52d5fe'),
('e0643284-4575-4bea-a1cc-6afe7c73a74b', 'd3b30f18-fa6e-43f7-b853-60b4720e6ba9'),
('0ddb6667-3cf4-4eb0-93e0-14d0e2ec89d1', '5bbdfeb4-cf14-4d8d-8e67-56bef9179f80'),
('24969544-c337-4886-bf31-5dce13954ca7', '6b228308-093c-48de-a28b-4b0755415af8'),
('7df4d1dd-6a86-4562-98e8-e706b3728bc1', '5de70c07-8b96-43fa-bdc7-17bc72f81e0d'),
('ce09c5e6-b752-4ba3-8bc5-8799b3bf5f7a', 'b36c13d0-7ab4-4dce-a774-a56cf1436549'),
('7ce3ddcb-72a7-451b-8b83-65be828b5a62', '4e322d32-21df-432a-9570-c537c99d8415'),
('4e126591-d3d1-4bd9-bbc7-6f4c6a5da543', 'b1629641-2ac6-423f-b545-fc92107ad024'),
('8724cb5c-97d7-45d1-b8d2-906659dfdd1b', 'f5877de8-3f59-413d-a839-bf8915fdf24e'),
('144603d8-c5ae-43e9-8e2c-4f47adc8b03c', 'f8681052-ac5d-432b-a165-9dfe31a1b349'),
('d2a62c78-9449-424b-8b57-a9f3eccf5143', '2fa2388a-0783-44c3-9716-2b8fb5e48855'),
('7679b515-3f2e-4efd-92e6-e4c4868a730b', 'aa214dd3-b1ec-41d0-9a70-016d8a84f8b5'),
('a63215ba-c7f9-493b-9933-259113a88195', 'ab417ac8-7547-436e-8d64-3b346ecc908e'),
('0b5bdf89-dce7-49b8-9fd5-5eee6235d0f1', 'ccdb9d6f-0491-4b36-a026-482384e766d0'),
('90774632-f288-4ca5-a26a-8b7c972421e4', '68b3f6d8-d4f1-4c17-bbcd-b1c16ba7b43a'),
('32d777c5-3b83-460e-b611-43c1980ea022', '7d487b0a-a392-4d4a-b367-a80d787c91e3'),
('f3de855c-7e3c-4dc4-bcd5-eabd2c6f2922', '4635ab87-2290-4e71-8864-aa9f09fc1fd8'),
('97cb733d-f504-489d-8ca3-b433bf9a48ba', '6e4fed3d-13ff-49e9-b010-166d7789e6d7'),
('f0be722d-d40c-4ce5-b25c-3d537131d7c5', 'cb1a57f5-ae36-4121-bd64-010d42e7e622'),
('d12287f3-75ea-45f8-97c4-7f71a5b73ec3', '3c080c72-6018-49f0-a18d-5b9993909110'),
('bc8b99d9-92c9-4c70-9c5e-4d48a347f4d1', 'dab97e4a-4ccd-4d29-ac60-d4b421253d25'),
('1983d969-fe48-426c-a2a9-6b89ea971cd5', '19e1699d-7d9c-4526-b11c-d092a354823b'),
('6db4c609-7c42-4e47-8f71-61e95fae3fa3', '20c28079-21ff-480b-81df-78bf05fa09d0'),
('b3329d67-e398-4b39-a23a-2febf1d8ee44', '12090e64-4d47-41bd-93d1-0ea6d5b2b953'),
('a9c9df57-aef1-4255-8b4c-ece22c39b20e', 'b2c11d33-75a4-49e4-9989-0b9ca835e63e'),
('5872c9c5-4f5d-420f-b75b-b8c3941406d6', '478a5246-2bc8-4e64-9b82-1abcde4a747e'),
('b133018d-8fb3-47d4-8526-2f311fd05206', '26867c7a-3aef-4e06-885a-c79dd19c310e'),
('7ebdc1c3-762c-4c6e-a7b5-d7c1e9211329', 'f2ac3f7e-aea9-42ef-aacb-dd7fa16316b1'),
('479d88b5-8f98-40a3-a420-63dd01cb7857', '96738ba4-713f-4fa0-8d5d-86ae1d5e0c81'),
('9d4d9f5f-9e63-4b26-82e7-ce0490287702', '2525d240-71e8-4475-831f-db0aac587a14'),
('d0e90b40-8147-4cb0-a88d-877019f28272', '522764c2-6f93-4ffb-8fc9-82f4431a05f0'); 

INSERT INTO [OrderServiceType] ([OrderId], [ServiceTypeId]) VALUES
('07a129d5-76df-4444-8ba7-24b2391e8447', 'DBB78597-043D-47C1-8810-93D392FD09BA'),
('59dddd8d-e9af-46d5-8e21-20301a2a9917', 'EF2632F0-47BD-4BBE-A46F-628A28F03D8B'),
('1d6faa83-1467-496d-b579-a0b6997bd693', 'F1B832B2-49F3-456F-BACB-B1F8DA766BEA'),
('51ff5ae1-806a-4c3d-a1ab-5ace3c2b75ef', 'DBB78597-043D-47C1-8810-93D392FD09BA'),
('bd811984-d9b9-436e-9b2a-0145a22e620d', '88006A8C-D757-4B85-8B91-C88E6078FE9C'),
('82574c2a-bd08-4f37-a019-5a3c669e352e', '662A64BE-F7EA-4419-8978-DBF8F19159DC'),
('37cd0d44-d9e6-4e88-9ec1-be730748646d', '3779D349-ABCB-4DBC-ABF1-25BA9E94A695'),
('e3aed742-81ec-4079-b98c-10d6c80e7d3b', '662A64BE-F7EA-4419-8978-DBF8F19159DC'),
('702dd90e-11df-4fe0-9d71-3e60c367e607', 'DBB78597-043D-47C1-8810-93D392FD09BA'),
('10ca3f37-3e01-4eaf-8336-f29d58802a94', '96D250D4-0C0E-4521-B94E-05F3CAFCA3F3'),
('83edf766-c1d8-455f-baa7-cd719688fb6e', '73BF981F-1CFD-483D-80EE-14AB6D2E55EF'),
('ae96a1d5-fa38-45f3-bf22-da037f433246', '662A64BE-F7EA-4419-8978-DBF8F19159DC'),
('1b0e5e1c-8fe9-422e-b20b-74f3821ffa04', '63CE2EBF-EF36-4B4A-891E-ABBDE2A75B38'),
('f22ad178-edb8-4a45-a07d-3cf219f736c6', 'B9F74F9E-F792-4C48-B1B6-B6F0BC402D07'),
('e3c1f8a6-537e-4265-a2ee-71bd3b00037f', '662A64BE-F7EA-4419-8978-DBF8F19159DC'),
('d5dab51d-3a3d-482a-8d0d-ff9f7ea13f49', '63CE2EBF-EF36-4B4A-891E-ABBDE2A75B38'),
('1c76f816-a482-4bc0-beee-b8c10509a761', '07CB166A-4B4E-4637-B224-6277A69003D9'),
('c2f95753-d8b8-485c-8963-f23346a01884', 'EF2034C1-7F44-4D07-B9C0-E2A497999A9D'),
('bbd42e87-2df6-4131-934c-8fc2d06e1a59', '3361BC88-9F58-4BE8-AC37-561606430F8A'),
('5f3f780c-cbf6-4304-9b03-ef716750fad2', '3779D349-ABCB-4DBC-ABF1-25BA9E94A695'),
('acf21735-2f67-42a5-b94c-f03717743463', '73BF981F-1CFD-483D-80EE-14AB6D2E55EF'),
('ca9bb14e-a35c-46b3-88c6-5d365989ef14', 'DBB78597-043D-47C1-8810-93D392FD09BA'),
('4062ac7f-d52f-4aaa-952a-7b76476b5079', 'F1B832B2-49F3-456F-BACB-B1F8DA766BEA'),
('9588474f-d57b-4c5a-b65d-b203c8ee5dd4', 'F1B832B2-49F3-456F-BACB-B1F8DA766BEA'),
('fdec7e5d-8b74-41b7-b742-2a8d516ab72b', 'F1B832B2-49F3-456F-BACB-B1F8DA766BEA'),
('b9b14573-dadb-446e-b8a5-116e9652d21f', '662A64BE-F7EA-4419-8978-DBF8F19159DC'),
('8d2febbc-70bf-4155-a219-d90a11eb15fb', 'C82954A1-39D4-4012-86B3-6CAD42C2B399'),
('42f59d89-3587-49c5-8aa0-44bc69fa99d1', '3B8A2D6A-B0E7-46AF-A688-397CEA642603'),
('d2945b97-2030-4942-8be7-592b06b0cc5d', '73BF981F-1CFD-483D-80EE-14AB6D2E55EF'),
('1bcdf186-1898-4bd2-8a1e-ecac0d97ad06', 'C82954A1-39D4-4012-86B3-6CAD42C2B399'),
('a37141c9-b403-4079-86cb-d59290a71e99', 'EF2632F0-47BD-4BBE-A46F-628A28F03D8B'),
('629212f0-79ec-4502-b547-ffa57ec14f2c', '3B8A2D6A-B0E7-46AF-A688-397CEA642603'),
('6fc56f2d-133d-40eb-8378-4f17a2fb2bc7', 'DBB78597-043D-47C1-8810-93D392FD09BA'),
('19f4ce1d-8ef6-4cea-ab28-9441c709f20e', 'C82954A1-39D4-4012-86B3-6CAD42C2B399'),
('bff6eb78-4202-4f65-883c-d7f415a40510', '96D250D4-0C0E-4521-B94E-05F3CAFCA3F3'),
('520c6278-c801-41d8-9028-460f58589d02', '3361BC88-9F58-4BE8-AC37-561606430F8A'),
('cbe63f3e-8e54-4784-a563-9d60aa4b9f67', '49A42267-D9DC-4E11-87A5-36525D4254D9'),
('6a52fc4a-68fc-40fe-8041-ae7d3d10b6a4', 'B9F74F9E-F792-4C48-B1B6-B6F0BC402D07'),
('e6cd96c1-f4eb-4bfb-a666-93ffd01d927f', 'B9F74F9E-F792-4C48-B1B6-B6F0BC402D07'),
('08c7279a-0cea-4034-aefb-6c04f52e48c7', 'CCA752D4-C17C-4C31-906F-F33CB8A18E48'),
('094b14c8-fa64-4bf0-a971-0a722688cc70', '63CE2EBF-EF36-4B4A-891E-ABBDE2A75B38'),
('7b27c26e-f6d2-464f-b203-39ab0a57311a', 'DBB78597-043D-47C1-8810-93D392FD09BA'),
('c40a060a-1d97-42fc-b8cd-ebd60bfceb71', '49A42267-D9DC-4E11-87A5-36525D4254D9'),
('b487ff02-302c-477a-ae9d-99dea0b1b05f', 'CCA752D4-C17C-4C31-906F-F33CB8A18E48'),
('91d6836f-a85d-4e1d-a4af-ba26f23a21f0', '3779D349-ABCB-4DBC-ABF1-25BA9E94A695'),
('85375214-57f7-4741-8c6f-21c79454db2c', 'A5677DE0-A6A7-42C0-AB77-F34B75BEB63D'),
('67f5119f-176f-4765-9c54-24fcc6b115b8', '3779D349-ABCB-4DBC-ABF1-25BA9E94A695'),
('c037ff9a-d73c-42b5-98f4-3762acb3bec2', '3B8A2D6A-B0E7-46AF-A688-397CEA642603'),
('ec989ff9-223e-4c13-a03a-6fef8ca369a3', '662A64BE-F7EA-4419-8978-DBF8F19159DC'),
('5951a01a-077e-4463-af2f-60d625a73a55', '49A42267-D9DC-4E11-87A5-36525D4254D9'),
('21b93417-8260-4ef7-b148-2b079dd1ba26', '3B8A2D6A-B0E7-46AF-A688-397CEA642603'),
('16b70449-c767-43a5-a88e-449c2fbdbb8f', '662A64BE-F7EA-4419-8978-DBF8F19159DC'),
('90497536-f801-4994-a2e2-f51218484ca8', '07CB166A-4B4E-4637-B224-6277A69003D9'),
('442ba17a-a1dc-4c7a-8e83-0f67937fd201', '662A64BE-F7EA-4419-8978-DBF8F19159DC'),
('4dc245af-f361-4af5-86f8-0cafe28d2d2d', '3779D349-ABCB-4DBC-ABF1-25BA9E94A695'),
('1bc2ac06-c194-416a-a853-8dbca191d9f1', 'F1B832B2-49F3-456F-BACB-B1F8DA766BEA'),
('96e313e1-c29d-4016-8d98-d816f4d6fa27', 'F1B832B2-49F3-456F-BACB-B1F8DA766BEA'),
('99eded88-7749-41d6-a9b6-758b9bd226d8', 'EF2034C1-7F44-4D07-B9C0-E2A497999A9D'),
('477bf37c-c6ce-4fab-956d-f4e6d6ef66b4', 'CCA752D4-C17C-4C31-906F-F33CB8A18E48'),
('7bfda5fa-4f9e-4612-afb0-8d060fb7c770', 'F1B832B2-49F3-456F-BACB-B1F8DA766BEA'),
('f1b1a4c2-5716-4f29-a60e-5621c57dcc7a', '63CE2EBF-EF36-4B4A-891E-ABBDE2A75B38'),
('2b4a1ffd-8706-4ffa-83d8-90b3351f6b66', '63CE2EBF-EF36-4B4A-891E-ABBDE2A75B38'),
('a265bf16-f35d-40b6-8e3e-b45cd1e24ca2', 'F1B832B2-49F3-456F-BACB-B1F8DA766BEA'),
('eca1defa-af8b-432b-9aa1-f4054c3e1c21', 'F1B832B2-49F3-456F-BACB-B1F8DA766BEA'),
('77f9eb91-4034-441e-bef5-4efe1c7052b2', 'EF2632F0-47BD-4BBE-A46F-628A28F03D8B'),
('d01a571f-3571-49be-98b7-1c50409fb76c', 'F1B832B2-49F3-456F-BACB-B1F8DA766BEA'),
('1051dfe4-bb9e-4bfc-9d62-0462ca9a7bbf', '63CE2EBF-EF36-4B4A-891E-ABBDE2A75B38'),
('bc62ba63-df1f-4b75-ab08-ff446b6651e4', 'B9F74F9E-F792-4C48-B1B6-B6F0BC402D07'),
('c769f275-6644-430b-b505-ae72cfdeb146', 'C82954A1-39D4-4012-86B3-6CAD42C2B399'),
('375a6c3f-af8b-4b27-b987-1147aa230e0a', 'EF2034C1-7F44-4D07-B9C0-E2A497999A9D'),
('74063736-2d5d-430a-9dc6-6d6d84b63de4', 'B9F74F9E-F792-4C48-B1B6-B6F0BC402D07'),
('90d2ed3c-1246-44a7-99b9-895c14d9919e', 'EF2034C1-7F44-4D07-B9C0-E2A497999A9D'),
('bcdfb40a-0ec0-4bd1-9a92-b2894016bc58', 'B9F74F9E-F792-4C48-B1B6-B6F0BC402D07'),
('035a19a7-fa4b-4190-8d78-b5a0599876ed', 'DBB78597-043D-47C1-8810-93D392FD09BA'),
('f177090c-e483-47b4-8049-267cd322fe7a', 'DBB78597-043D-47C1-8810-93D392FD09BA'),
('af88e4a6-0f54-4c70-b6b5-d290a78b9d5c', '3779D349-ABCB-4DBC-ABF1-25BA9E94A695'),
('26202489-2cc4-45be-90b8-71516136e862', '3779D349-ABCB-4DBC-ABF1-25BA9E94A695'),
('79e36b75-8df7-4265-9f9b-619e5690bb6e', '662A64BE-F7EA-4419-8978-DBF8F19159DC'),
('e888e512-c77a-4c28-8c27-7bd96f48b681', '96D250D4-0C0E-4521-B94E-05F3CAFCA3F3'),
('161b1c4b-2ad4-4e6e-a024-716ad87a74b2', '3361BC88-9F58-4BE8-AC37-561606430F8A'),
('66274b65-68b7-4a62-9a44-4292c27cb779', 'A5677DE0-A6A7-42C0-AB77-F34B75BEB63D'),
('ae6e9609-1494-4ebf-8699-72a95c443bb4', 'A5677DE0-A6A7-42C0-AB77-F34B75BEB63D'),
('faa4dbd3-3e6f-4f33-b392-72a4453b0860', '07CB166A-4B4E-4637-B224-6277A69003D9'),
('c3a2f4dc-f93c-4bb7-9e7a-e58b9ffbab74', 'CCA752D4-C17C-4C31-906F-F33CB8A18E48'),
('64f1b976-3fec-4a37-8a8b-97634d36d1c8', '88006A8C-D757-4B85-8B91-C88E6078FE9C'),
('8a90cef6-534b-4391-a46d-1c9cf0bcbfe5', 'C82954A1-39D4-4012-86B3-6CAD42C2B399'),
('814f589f-f1a2-473f-afac-857041c77578', 'F1B832B2-49F3-456F-BACB-B1F8DA766BEA'),
('d5f9aac0-145c-453c-8d60-4a5b272536f6', '3779D349-ABCB-4DBC-ABF1-25BA9E94A695'),
('f76172e4-bf7f-4490-a9a9-a0d47fcdb918', '662A64BE-F7EA-4419-8978-DBF8F19159DC'),
('7407608b-0f94-420b-9941-26a2c99c3473', 'B9F74F9E-F792-4C48-B1B6-B6F0BC402D07'),
('7ca73732-cd8b-431a-bb4d-9910e536d841', '3B8A2D6A-B0E7-46AF-A688-397CEA642603'),
('5df4ca2c-16b6-4322-8068-4f00e3a0fd6b', '3779D349-ABCB-4DBC-ABF1-25BA9E94A695'),
('145189cf-63b5-40f3-86c9-c20f61c7c7a0', '88006A8C-D757-4B85-8B91-C88E6078FE9C'),
('d80f6275-9a0b-4331-a288-a118b3811cf5', 'EF2632F0-47BD-4BBE-A46F-628A28F03D8B'),
('91b21b98-8bd8-42fb-ac14-f7963d9ff66f', '49A42267-D9DC-4E11-87A5-36525D4254D9'),
('e0643284-4575-4bea-a1cc-6afe7c73a74b', 'F1B832B2-49F3-456F-BACB-B1F8DA766BEA'),
('0ddb6667-3cf4-4eb0-93e0-14d0e2ec89d1', '07CB166A-4B4E-4637-B224-6277A69003D9'),
('24969544-c337-4886-bf31-5dce13954ca7', 'C82954A1-39D4-4012-86B3-6CAD42C2B399'),
('7df4d1dd-6a86-4562-98e8-e706b3728bc1', '3B8A2D6A-B0E7-46AF-A688-397CEA642603'),
('ce09c5e6-b752-4ba3-8bc5-8799b3bf5f7a', '49A42267-D9DC-4E11-87A5-36525D4254D9'),
('7ce3ddcb-72a7-451b-8b83-65be828b5a62', '662A64BE-F7EA-4419-8978-DBF8F19159DC'),
('4e126591-d3d1-4bd9-bbc7-6f4c6a5da543', '49A42267-D9DC-4E11-87A5-36525D4254D9'),
('8724cb5c-97d7-45d1-b8d2-906659dfdd1b', 'A5677DE0-A6A7-42C0-AB77-F34B75BEB63D'),
('144603d8-c5ae-43e9-8e2c-4f47adc8b03c', 'DBB78597-043D-47C1-8810-93D392FD09BA'),
('d2a62c78-9449-424b-8b57-a9f3eccf5143', '63CE2EBF-EF36-4B4A-891E-ABBDE2A75B38'),
('7679b515-3f2e-4efd-92e6-e4c4868a730b', '07CB166A-4B4E-4637-B224-6277A69003D9'),
('a63215ba-c7f9-493b-9933-259113a88195', 'DBB78597-043D-47C1-8810-93D392FD09BA'),
('0b5bdf89-dce7-49b8-9fd5-5eee6235d0f1', '88006A8C-D757-4B85-8B91-C88E6078FE9C'),
('90774632-f288-4ca5-a26a-8b7c972421e4', '3779D349-ABCB-4DBC-ABF1-25BA9E94A695'),
('32d777c5-3b83-460e-b611-43c1980ea022', 'EF2034C1-7F44-4D07-B9C0-E2A497999A9D'),
('f3de855c-7e3c-4dc4-bcd5-eabd2c6f2922', '3B8A2D6A-B0E7-46AF-A688-397CEA642603'),
('97cb733d-f504-489d-8ca3-b433bf9a48ba', '49A42267-D9DC-4E11-87A5-36525D4254D9'),
('f0be722d-d40c-4ce5-b25c-3d537131d7c5', 'CCA752D4-C17C-4C31-906F-F33CB8A18E48'),
('d12287f3-75ea-45f8-97c4-7f71a5b73ec3', '3B8A2D6A-B0E7-46AF-A688-397CEA642603'),
('bc8b99d9-92c9-4c70-9c5e-4d48a347f4d1', '3361BC88-9F58-4BE8-AC37-561606430F8A'),
('1983d969-fe48-426c-a2a9-6b89ea971cd5', '49A42267-D9DC-4E11-87A5-36525D4254D9'),
('6db4c609-7c42-4e47-8f71-61e95fae3fa3', 'EF2632F0-47BD-4BBE-A46F-628A28F03D8B'),
('b3329d67-e398-4b39-a23a-2febf1d8ee44', 'F1B832B2-49F3-456F-BACB-B1F8DA766BEA'),
('a9c9df57-aef1-4255-8b4c-ece22c39b20e', '96D250D4-0C0E-4521-B94E-05F3CAFCA3F3'),
('5872c9c5-4f5d-420f-b75b-b8c3941406d6', 'B9F74F9E-F792-4C48-B1B6-B6F0BC402D07'),
('b133018d-8fb3-47d4-8526-2f311fd05206', 'EF2632F0-47BD-4BBE-A46F-628A28F03D8B'),
('7ebdc1c3-762c-4c6e-a7b5-d7c1e9211329', '63CE2EBF-EF36-4B4A-891E-ABBDE2A75B38'),
('479d88b5-8f98-40a3-a420-63dd01cb7857', '3B8A2D6A-B0E7-46AF-A688-397CEA642603'),
('9d4d9f5f-9e63-4b26-82e7-ce0490287702', '63CE2EBF-EF36-4B4A-891E-ABBDE2A75B38'),
('d0e90b40-8147-4cb0-a88d-877019f28272', '662A64BE-F7EA-4419-8978-DBF8F19159DC'); 

INSERT INTO [CleaningServices] ([Id], [AddressLine], [CleanningType], [RoomNumber], [HasPets], [HasElectronics], [FreelancerBringTools]) VALUES
('19ca45cf-21ee-4df0-9122-02bf8cbea2e5', N'Địa chỉ 123', N'Dọn trọn gói', 4, 0, 1, 1),
('33e7e47a-ab61-4385-814d-fa02c9b4f39c', N'Địa chỉ 123', N'Dọn trọn gói', 3, 0, 1, 0),
('67b66f7c-aca6-4d9f-95dd-05a0f6b7c5fb', N'Địa chỉ 123', N'Dọn trọn gói', 8, 0, 1, 0),
('53b8673e-a748-42c2-b2cf-bd155902371b', N'Địa chỉ 123', N'Dọn trọn gói', 2, 0, 0, 0),
('c8a7a8a8-bf18-4fba-b95c-bab01797a6a1', N'Địa chỉ 123', N'Dọn trọn gói', 10, 0, 0, 0),
('049d29d3-2831-4525-b4f5-1cb507426c60', N'Địa chỉ 123', N'Dọn trọn gói', 8, 0, 0, 0),
('e3d859cf-5d67-4c5c-9974-47bb8def9520', N'Địa chỉ 123', N'Dọn theo phòng', 1, 0, 1, 1),
('1b3c2bac-70c5-4aa8-bb8f-331d31cee44d', N'Địa chỉ 123', N'Dọn trọn gói', 1, 0, 0, 1),
('e6007de1-1dd6-4baf-b5a6-f503cc98f4a1', N'Địa chỉ 123', N'Dọn trọn gói', 7, 1, 1, 1),
('31240cab-ac51-4a23-adec-8cb4762fc5cd', N'Địa chỉ 123', N'Dọn trọn gói', 6, 0, 1, 0),
('8127874d-ff38-41d8-8355-eee6c69d167f', N'Địa chỉ 123', N'Dọn trọn gói', 3, 1, 1, 0),
('24a02186-0efe-4b3d-8e21-6cf7b5c1da02', N'Địa chỉ 123', N'Dọn trọn gói', 9, 0, 1, 0),
('7827ef99-17e3-42e6-ab31-81c2eebbc619', N'Địa chỉ 123', N'Dọn theo phòng', 6, 0, 0, 0),
('19582907-7f51-4d1c-bf54-427aae6647c5', N'Địa chỉ 123', N'Dọn trọn gói', 4, 1, 1, 1),
('6c4c6ab8-2fe2-42a4-adf2-ae4fb26af968', N'Địa chỉ 123', N'Dọn trọn gói', 9, 1, 0, 0),
('f7cd4829-cdb4-4060-9d04-445f9578f09d', N'Địa chỉ 123', N'Dọn trọn gói', 4, 0, 0, 1),
('710fead6-646f-459e-8fac-ef086b7a8921', N'Địa chỉ 123', N'Dọn trọn gói', 9, 1, 0, 1),
('23d15923-e5fb-47cf-9caf-8fc986579995', N'Địa chỉ 123', N'Dọn trọn gói', 1, 0, 1, 1),
('c791cba3-03b4-4771-88f3-c2b1137212cd', N'Địa chỉ 123', N'Dọn trọn gói', 2, 0, 1, 1),
('45b2c913-a9f0-42b5-94be-be4588519368', N'Địa chỉ 123', N'Dọn trọn gói', 10, 0, 1, 1),
('ba31506b-6617-4fb6-a25b-46b3da52d5fe', N'Địa chỉ 123', N'Dọn trọn gói', 2, 1, 1, 1),
('5de70c07-8b96-43fa-bdc7-17bc72f81e0d', N'Địa chỉ 123', N'Dọn theo phòng', 7, 0, 1, 0),
('b36c13d0-7ab4-4dce-a774-a56cf1436549', N'Địa chỉ 123', N'Dọn theo phòng', 2, 0, 1, 0),
('b1629641-2ac6-423f-b545-fc92107ad024', N'Địa chỉ 123', N'Dọn trọn gói', 8, 0, 1, 1),
('f8681052-ac5d-432b-a165-9dfe31a1b349', N'Địa chỉ 123', N'Dọn trọn gói', 4, 0, 0, 0),
('ab417ac8-7547-436e-8d64-3b346ecc908e', N'Địa chỉ 123', N'Dọn theo phòng', 8, 0, 1, 1),
('4635ab87-2290-4e71-8864-aa9f09fc1fd8', N'Địa chỉ 123', N'Dọn trọn gói', 2, 1, 0, 1),
('6e4fed3d-13ff-49e9-b010-166d7789e6d7', N'Địa chỉ 123', N'Dọn theo phòng', 9, 0, 1, 0),
('3c080c72-6018-49f0-a18d-5b9993909110', N'Địa chỉ 123', N'Dọn trọn gói', 5, 0, 1, 1),
('19e1699d-7d9c-4526-b11c-d092a354823b', N'Địa chỉ 123', N'Dọn theo phòng', 3, 0, 1, 0),
('20c28079-21ff-480b-81df-78bf05fa09d0', N'Địa chỉ 123', N'Dọn theo phòng', 10, 0, 1, 1),
('26867c7a-3aef-4e06-885a-c79dd19c310e', N'Địa chỉ 123', N'Dọn trọn gói', 9, 1, 1, 1),
('96738ba4-713f-4fa0-8d5d-86ae1d5e0c81', N'Địa chỉ 123', N'Dọn theo phòng', 2, 1, 1, 0);
INSERT INTO [RepairingServices] ([Id], [Name], [Size], [Quantity], [Price]) VALUES
('75c29b29-7050-4989-ae99-d6f2834253e3', 'Loa', N'Nhỏ', 3, 0),
('512dfabc-3825-47d8-9c35-ea133bf66ffe', N'Máy fax', 'To', 1, 0),
('958fbf9c-cb34-4b6d-98ba-f5a5069676af', N'Máy scan', N'Nhỏ', 4, 0),
('13b59648-3f5c-4707-8953-6af2e2c16c91', N'Quạt hút bụi', N'Nhỏ', 4, 0),
('52fc335c-a9cc-40ea-b917-bae19a74c864', 'Tivi', N'Vừa', 1, 0),
('ea779349-a63f-4c3e-a7aa-3aa27d76eff0', N'Sạc pin', N'Vừa', 2, 0),
('3c222cde-4c23-4de2-bc4f-9f105af09203', N'Điện thoại', N'Nhỏ', 2, 0),
('a8288300-a30e-4c77-be6a-ead0badc5bac', N'Quạt thông gió cắm điện', N'Vừa', 5, 0),
('04e0fe3e-cb87-447a-9d6b-cab1b13926a4', N'Máy chiếu', N'Nhỏ', 2, 0),
('52475276-8b46-48a1-add3-44047abb4336', N'Quạt hơi nước', N'Nhỏ', 3, 0),
('56b8adc2-a50b-4d00-9634-4cd1437902a4', N'Máy phun thuốc', N'Nhỏ', 4, 0),
('0b5c93b1-0d27-4d4d-a47a-7909ed821e9d', N'Quạt công nghiệp', N'Vừa', 2, 0),
('4bc89851-48e5-4104-8a94-9dd1ea456bd7', N'Quạt đứng cao cấp', N'Vừa', 3, 0),
('cf55cf36-d61d-4735-a93d-f43b8ed71df6', N'Máy chiếu', N'Vừa', 4, 0),
('827ea945-38d4-4685-aacd-6644d7497a88', N'Quạt hâm', 'To', 1, 0),
('e2fd96b6-d69b-403c-8734-fa5867f5fb6f', N'Lò nướng', N'Nhỏ', 1, 0),
('7bb9c995-02f3-4bc7-8f19-4426086dee16', N'Máy sấy tóc', N'Vừa', 5, 0),
('009a8e65-2676-45c4-972d-7eb525acd49b', N'Đèn bàn', N'Nhỏ', 4, 0),
('b7e695e2-d170-4a87-ad58-fe8a6f4969d2', N'Máy đánh trứng', N'Vừa', 1, 0),
('058395de-5433-4717-b7d5-ce435335af2d', N'Máy phun thuốc', 'To', 5, 0),
('50c017b1-e79b-4f40-85f1-4e291e01647c', N'Bếp gas', N'Nhỏ', 2, 0),
('9275ffaf-fef3-42a1-a64c-4472ed298e6b', N'Máy sấy', 'To', 5, 0),
('65980059-6b1f-4728-b229-a99502bc9328', N'Máy phun thuốc', N'Nhỏ', 5, 0),
('3a63ec18-d366-490e-8aae-394b67ef19ae', N'Quạt hút bụi cắm điện', N'Nhỏ', 1, 0),
('5236e3c0-41c1-42ab-8fc6-dcb90a31b61d', N'Quạt sưởi cắm điện', N'Nhỏ', 1, 0),
('1807835d-4ef4-4900-8ab1-9caa08f00048', N'Sạc điện thoại', 'To', 3, 0),
('c8a978f0-cf8c-4aaf-827c-f02b4fc2ed26', N'Bếp gas', N'Vừa', 4, 0),
('81d28372-0511-443c-bae3-0139a696aa95', N'Bếp gas', N'Nhỏ', 5, 0),
('41391e74-47aa-47bc-965e-575b591778a0', N'Quạt cây', N'Nhỏ', 2, 0),
('a65eee23-f586-4b37-8c3d-1c8449994289', N'Máy ép trái cây', 'To', 4, 0),
('fe634c5a-15a8-4122-beb0-0190f15e614a', N'Máy bơm nước', 'To', 5, 0),
('3837f3f5-c448-4c93-9571-fb95bdf98a6d', N'Máy hàn', N'Nhỏ', 4, 0),
('6ea74825-3ad0-43f0-8343-2cbfbc0b77bf', N'Bình chữa cháy', N'Vừa', 2, 0),
('7e8d641d-f83c-4141-af29-a55a179512dd', N'Quạt treo tường', 'To', 4, 0),
('88a72e50-ef25-4f7b-a75c-c199bfde3673', 'Tivi', N'Nhỏ', 5, 0),
('017a97bd-c0af-45e7-9933-6d3ca33cd753', N'Đèn trần', 'To', 1, 0),
('a8bb46e4-e55e-49d3-adec-209f9b9ef13d', N'Máy giặt', N'Nhỏ', 2, 0),
('fb6e39c2-0120-4163-bbb0-56aa189161cc', N'Quạt bàn cắm điện', N'Vừa', 1, 0),
('fa7be1b5-1972-4f24-96b8-24b496dd0a70', N'Máy là', N'Nhỏ', 4, 0),
('e07ef796-be45-4201-acc2-b5bb9e9f5a2c', N'Máy xay sinh tố', 'To', 4, 0),
('1cd6848d-c7c0-45c3-b0dc-44535f9a3dd1', N'Máy fax', 'To', 2, 0),
('92e67b0b-89d1-40cc-a479-cde3790fa84d', N'Nồi', N'Nhỏ', 3, 0),
('d3b30f18-fa6e-43f7-b853-60b4720e6ba9', N'Quạt thông gió cắm điện', N'Nhỏ', 5, 0),
('6b228308-093c-48de-a28b-4b0755415af8', N'Nồi áp suất', N'Vừa', 4, 0),
('4e322d32-21df-432a-9570-c537c99d8415', N'Bình điện', N'Vừa', 1, 0),
('f5877de8-3f59-413d-a839-bf8915fdf24e', N'Quạt sưởi cắm điện', N'Vừa', 2, 0),
('2fa2388a-0783-44c3-9716-2b8fb5e48855', 'Loa', N'Vừa', 1, 0),
('ccdb9d6f-0491-4b36-a026-482384e766d0', N'Quạt cắm điện', N'Nhỏ', 3, 0),
('7d487b0a-a392-4d4a-b367-a80d787c91e3', N'Bếp gas', 'To', 3, 0),
('12090e64-4d47-41bd-93d1-0ea6d5b2b953', N'Máy đánh trứng', 'To', 4, 0),
('f2ac3f7e-aea9-42ef-aacb-dd7fa16316b1', N'Lò vi sóng', N'Nhỏ', 4, 0),
('2525d240-71e8-4475-831f-db0aac587a14', N'Máy massage', N'Nhỏ', 5, 0),
('522764c2-6f93-4ffb-8fc9-82f4431a05f0', N'Quạt đứng cắm điện', N'Nhỏ', 1, 0);
INSERT INTO [ShoppingServices] ([Id], [Name], [Image], [Price], [ShoppingItems]) VALUES
('be0ecdd7-b161-4e95-96ae-34f522f7d946', 'Mua', 'test.png', 0, N'[Ngao, Thịt dê, Cá diêu hồng, Cải thảo baby, Dưa hấu ruột đỏ, Cà chua dẻo, Cà chua bi, Cà chua, Cá trê]'),
('90672344-f22a-47e4-b416-aab8b0798537', 'Mua', 'test.png', 0, N'[Măng tây, Cá sứa, Cá lưỡi, Hành tây, Khoai tây nghiền, Cà chua rời, Tôm, Cà chua rời, Cá lóc, Cá]'),
('7ceede5d-1fa4-45c0-bb87-eef904628899', 'Mua', 'test.png', 0, N'[Cá trích, Bầu, Khoai tây tươi, Khoai lang tím, Khoai lang, Dưa hấu ruột trắng, Mực, Cải thảo]'),
('cc711899-cd86-4f59-ab2a-424142e7d075', 'Mua', 'test.png', 0, N'[Cá lóc, Cải thảo, Dưa hấu ruột vàng, Cá dạ cá, Dưa hấu ruột nâu, Cà tím tươi, Cá dằm, Cải thảo baby]'),
('2f0f9a57-e06f-4af6-aca5-6ce279263043', 'Mua', 'test.png', 0, N'[Thịt cừu, Bột năng, Rau muống bạch, Dưa hấu hạt, Cá ngừ, Củ cải, Bí đỏ, Cá bóc tôm, Khoai lang, Khoai lang tím]'),
('b8d36a78-bf2b-4422-8142-a069bc741703', 'Mua', 'test.png', 0, N'[Rau cải, Dưa hấu ruột đỏ, Cà chua bi, Tôm càng vàng, Cà rốt lát, Dưa gang, Dầu ăn, Khoai lang tím, Rau muống xanh, Muối]'),
('fd323db9-c0b1-4350-8381-77972573fc07', 'Mua', 'test.png', 0, N'[Ngao, Rau muống xanh, Dưa hấu ruột đen, Măng tây, Cải bắp]'),
('782420af-76d8-4c8b-aa39-58d934b9e790', 'Mua', 'test.png', 0, N'[Mực, Cá trê, Cá chẽo, Dưa cà, Cá thu]'),
('ba2a261a-67be-41af-ab27-1d0d871f6753', 'Mua', 'test.png', 0, N'[Tôm càng to, Cá mòi, Dầu dừa, Bột khoai mì, Dưa hấu ruột đen, Rau dền xanh, Cà tím tươi, Cá chẽm, Muối]'),
('785851df-104a-4148-8dd4-f08b66fb43b8', 'Mua', 'test.png', 0, N'[Bí đỏ lát, Dưa hấu dừa, Rau muống xanh, Bột khoai mì, Cá ngừ, Bột ngô, Đường]'),
('fd220fc0-b8dd-4830-bac8-2da1b6695c2e', 'Mua', 'test.png', 0, N'[Bí đỏ hột, Rau húng, Dưa hấu chín, Bún, Rau cải bắp]'),
('90a7b90d-5db9-42e5-9ec9-04e164ca62ba', 'Mua', 'test.png', 0, N'[Cá chim, Cá sặc, Thịt heo, Cá bớp, Dưa bắp, Thịt heo, Bắp non, Cá chép, Cá diêu hồng]'),
('0108a823-b102-4405-a753-ab0bc9a299d7', 'Mua', 'test.png', 0, N'[Cá mòi, Cá trích, Dầu hào, Ớt sừng, Cá dìa]'),
('638c6f92-d761-49a6-8928-adc25ad2d8a5', 'Mua', 'test.png', 0, N'[Cà rốt tươi, Dầu dừa, Cá dằm, Gia vị, Cá dằm, Cải thảo, Khoai tây lát]'),
('a4ae8d01-148f-42ae-922d-c3ebba2ab2b3', 'Mua', 'test.png', 0, N'[Thịt heo, Tôm, Bột mì]'),
('aed9d8f3-3e85-4db6-85b9-237c8db5c5d1', 'Mua', 'test.png', 0, N'[Rau dền, Cà chua dẻo, Rau ngò gai, Rau húng, Cà chua dẻo, Dưa hấu ruột đen, Bí đao, Rau ngò gai]'),
('a0b47e32-99e2-4aec-9c16-df728c730b6e', 'Mua', 'test.png', 0, N'[Cá dạ cá, Cà tím lát, Rau cải bắp, Khoai lang mật, Rau cải bắp, Cá dìa]'),
('2944dc47-ab5e-4db3-b26a-77a94120f51a', 'Mua', 'test.png', 0, N'[Gia vị, Dầu olive, Thịt cừu, Dưa leo, Cá basa]'),
('06667b09-af66-4a7e-9df7-13971bd446e0', 'Mua', 'test.png', 0, N'[Cá sặc, Dưa hấu ruột hồng, Bắp trưởng thành, Đậu, Dưa cà, Bí đỏ, Cá đuối]'),
('d226c0c9-2c30-49ed-83db-08c9c5273e40', 'Mua', 'test.png', 0, N'[Cá tra, Dầu mỡ, Ngao, Cá mú, Cá chẽo, Đậu]'),
('b270db83-3fe0-4673-90d8-1db34df64c75', 'Mua', 'test.png', 0, N'[Dưa hấu chín, Rau dền, Dưa hấu dừa, Thịt cừu, Rau cải bắp]'),
('7b5b3a3f-6555-4033-91ab-ff3372e992f1', 'Mua', 'test.png', 0, N'[Thịt dê, Bầu, Thịt cừu, Bí đỏ tươi, Hành tây, Tôm]'),
('4de0682a-ae5c-475a-b524-87dd3c463e89', 'Mua', 'test.png', 0, N'[Hành tây, Nấm, Cá bơn, Cá, Thịt gà, Thịt cừu, Bạch tuộc, Rau cải ngọt, Cà chua cà chua]'),
('522b7a28-7219-4104-84f6-6d3e7fca681a', 'Mua', 'test.png', 0, N'[Cá sứa, Cá trê, Dưa bắp, Cải bắp, Bắp trưởng thành, Cá bóc tôm, Hành tây, Rau muống, Dưa hấu chín, Cà chua rời]'),
('6ca16e7c-9c9c-446f-aa62-1fe7f5aff1fc', 'Mua', 'test.png', 0, N'[Dưa hấu ruột đỏ, Cá mập, Khoai lang tím, Mướp, Cá trê, Rau dền xanh, Ngao]'),
('7c37f991-f340-4911-ae13-11b06ef82b7b', 'Mua', 'test.png', 0, N'[Dưa hấu hạt, Ớt sừng, Cà rốt hột, Cá sứa, Cá dạ cá, Rau răm, Dưa bắp, Thịt gà, Mì, Ớt sừng]'),
('0d6e50d7-d5ba-4b74-970e-01ef20bb3799', 'Mua', 'test.png', 0, N'[Cá thu, Cá nục, Cá dằm, Cá, Tôm càng xanh, Dưa hấu ruột hồng, Rau ngò gai, Sò, Tôm càng nhỏ]'),
('6f0f4118-a3ff-4a17-9ade-6d327a1d872d', 'Mua', 'test.png', 0, N'[Cá đuối, Cá hồi, Khoai tây bi, Tôm bỏ vỏ, Rau răm, Cá sứa, Rau ngò gai, Cua, Bắp cải, Ớt]'),
('7adaf7eb-d2d7-4010-83be-4bbb78c6fbe0', 'Mua', 'test.png', 0, N'[Cá chình, Rau cần tây, Cà chua hạt, Dầu olive, Cà tím tươi, Cà chua dẻo]'),
('b4d30d1d-2a31-4f54-9b33-18b493ec2f53', 'Mua', 'test.png', 0, N'[Rau cải bó xôi, Măng, Dưa hấu ruột đỏ, Khoai lang mật, Cá gai]'),
('3c9dbfef-9724-4ff5-ba98-6e31364679a9', 'Mua', 'test.png', 0, N'[Cà tím hột, Rau mầm, Dưa hấu chín, Dầu mè]'),
('3039333b-b013-40a8-b646-226f7696d061', 'Mua', 'test.png', 0, N'[Bí đỏ tươi, Cải thảo baby, Cá dạ cá, Khoai lang tím, Dưa hấu hạt, Rau muống, Dưa chuột, Cà rốt, Cà chua rời]'),
('5bbdfeb4-cf14-4d8d-8e67-56bef9179f80', 'Mua', 'test.png', 0, N'[Bột khoai mì, Cà chua hạt, Bí đỏ lát, Đường, Cần tây, Gia vị, Rau cải bó xôi]'),
('aa214dd3-b1ec-41d0-9a70-016d8a84f8b5', 'Mua', 'test.png', 0, N'[Dầu olive, Cá, Cải bắp, Dưa hấu ruột nâu, Măng tây, Cá mòi, Thịt gà, Cà tím lát, Cá dằm]'),
('68b3f6d8-d4f1-4c17-bbcd-b1c16ba7b43a', 'Mua', 'test.png', 0, N'[Khoai tây bi, Cà rốt tươi, Cá tra, Cá hồi, Dưa hấu không hạt, Cà rốt baby, Cà rốt baby, Thịt bò, Khoai lang tím]'),
('cb1a57f5-ae36-4121-bd64-010d42e7e622', 'Mua', 'test.png', 0, N'[Mướp đắng, Ớt sừng, Thịt bò, Dưa hấu không hạt]'),
('dab97e4a-4ccd-4d29-ac60-d4b421253d25', 'Mua', 'test.png', 0, N'[Dầu olive, Khoai tây nghiền, Cá mập, Cá tra]'),
('b2c11d33-75a4-49e4-9989-0b9ca835e63e', 'Mua', 'test.png', 0, N'[Cá chép, Muối, Cà rốt baby, Dưa hấu ruột đỏ, Cá dứa, Ớt chuông]'),
('478a5246-2bc8-4e64-9b82-1abcde4a747e', 'Mua', 'test.png', 0, N'[Mướp, Cá rô, Dưa hấu chín, Dưa gang, Hành tây, Tôm càng to, Cà tím tươi]');

