--INSERT INTO [ServiceCategories] ([Id], [Name], [Image], [Description], [ServiceClassName], [Keys]) VALUES
--('6f57d993-eb26-4b35-8c7d-7871a7fd624f', N'Học tập', 'services/hoctap/category.jpg', '', 'Learning', N'["học tập","giáo dục","đào tạo","trường học","sinh viên","học sinh","giáo viên","thầy cô","bài vở","học hành","đọc sách","viết văn","làm bài tập","nghiên cứu","thi cử","kiến thức","kỹ năng","trí tuệ","thông minh","hiểu biết","siêng năng","chăm chỉ","cần cù","nỗ lực","tinh thần học tập"]'),
--('d17ad87c-9f80-4f0e-bfd4-53138d900a6e', N'Đi chợ & Mua đồ hộ', 'services/dichomuadoho/category.jpg', '', 'Market', N'["đi chợ","mua sắm","mua đồ","mua hàng","siêu thị","cửa hàng","gian hàng","chợ truyền thống","chợ đầu mối","mua đồ hộ","đi lẻ","gom hàng","gói hàng","thanh toán","tiền mặt","thẻ ngân hàng","giỏ hàng","danh sách mua sắm","hàng tươi sống","hàng khô","rau củ quả","thịt cá","gia vị","đồ dùng","đồ gia đình","ăn uống","thực phẩm","nhu yếu phẩm","mặc cả","giảm giá"]'),
--('8a21b21e-dc31-49c8-8b5b-84b69204dc3a', N'Giải trí', 'services/giaitri/category.jpg', '', 'Entertainment', N'["giải trí","vui chơi","thư giãn","giải trí","nghệ thuật","âm nhạc","ca hát","nhảy múa","điện ảnh","phim ảnh","truyền hình","thể thao","du lịch","du ngoạn","đọc sách","chơi game","câu lạc bộ","sân khấu","rạp hát","công viên","vui vẻ","hài hước","tiếu lâm","sân khấu kịch","xiếc","lễ hội","sự kiện","hoạt náo","karaoke","bar","câu lạc bộ đêm","thư viện","bảo tàng","triển lãm","tọa đàm","hội thảo"]'),
--('1b1a6ebd-2838-4b3d-a1f1-1818305df2d6', N'Vận Chuyển', 'services/vanchuyen/category.jpg', N'Dịch vụ Vận Chuyển giúp bạn chuyển đồ đạc, hàng hóa từ một địa điểm này đến địa điểm khác một cách thuận tiện và nhanh chóng', 'Moving', N'["vận chuyển","giao thông","vận tải","di chuyển","đi lại","xe cộ","ô tô","xe máy","xe buýt","xe tải","xe khách","tàu hỏa","máy bay","tàu thuyền","hàng không","đường bộ","đường sắt","đường thuỷ","đường hàng không","logistics","chuyển phát nhanh","giao hàng","vận chuyển hàng hóa","chuyên chở","kho bãi","container","cảng biển","sân bay","ga tàu","bến xe","đường cao tốc","giao thông công cộng","phương tiện giao thông","hệ thống giao thông","giao thông thông minh"]'),
--('a4676a9d-7dfb-4d23-8cb5-8e2678c4c611', N'Tư vấn & Hỏi đáp', 'services/tuvanhoidap/category.jpg', '', 'AskAway', N'["tư vấn","hỏi đáp","giải đáp","trả lời","thắc mắc","câu hỏi","yêu cầu","tư vấn miễn phí","tư vấn trực tuyến","tư vấn chuyên gia","tư vấn pháp lý","tư vấn tài chính","tư vấn sức khỏe","tư vấn giáo dục","tư vấn tâm lý","tư vấn du học","tư vấn nghề nghiệp","tư vấn kinh doanh","tư vấn công nghệ","hỗ trợ khách hàng","dịch vụ khách hàng","trung tâm hỗ trợ","hỏi đáp nhanh","giải đáp thắc mắc","tìm kiếm thông tin","tra cứu thông tin","tư vấn trực tiếp","tương tác trực tiếp","đối thoại trực tiếp","giải đáp trực tuyến"]'); 

-- INSERT INTO [ServiceTypes] ([Id], [Name], [Description], [BasePrice], [Image], [AddressRequireOption], [ServiceCategoryId], [Keys]) VALUES
-- ('8b1f70d8-f765-4cff-8f70-e0b3407abcc2', N'Giải bài tập bậc đại học online', '', 0, 'services/hoctap/daihoctructiep.jpg', 'none', '6f57d993-eb26-4b35-8c7d-7871a7fd624f', N'["giải bài tập","bậc đại học","online","dịch vụ học tập","gia sư","dạy kèm","giải đáp bài tập","bài tập đại học","dịch vụ giảng dạy","gia sư đại học","dạy kèm đại học","giải bài tập đại học","giải bài tập đại học online","dịch vụ giải bài tập đại học","dịch vụ gia sư đại học"]'),
-- ('1fd6800d-d81f-4f73-945a-3fee4e076331', N'Giải bài tập bậc đại học gặp mặt trực tiếp', '', 0, 'services/hoctap/daihoconline.jpg', 'destination', '6f57d993-eb26-4b35-8c7d-7871a7fd624f', N'["giải bài tập","bậc đại học","gặp mặt trực tiếp","dịch vụ học tập","gia sư","dạy kèm","giải đáp bài tập","bài tập đại học","gặp gỡ trực tiếp","dịch vụ giảng dạy","gia sư đại học","dạy kèm đại học","giải bài tập đại học","giảng dạy trực tiếp","hướng dẫn bài tập","giải đáp bài tập đại học","dịch vụ giải bài tập đại học","dịch vụ gia sư đại học"]'),
-- ('8b8565e4-3629-45fa-8a02-2a3cc223189f', N'Giải bài tập THCS online', '', 0, 'services/hoctap/thcsonline.jpg', 'none', '6f57d993-eb26-4b35-8c7d-7871a7fd624f', N'["giải bài tập","trung học cơ sở","THCS","online","dịch vụ học tập","hỗ trợ học tập","làm bài tập online","giải đáp bài tập","học trực tuyến","học online","trợ giúp học tập","tham khảo bài tập","tài liệu học tập online","hướng dẫn làm bài tập","bài tập trực tuyến","giải bài tập trung học cơ sở","dịch vụ hỗ trợ học tập online"]'),
-- ('fdb466e5-a983-43d2-bc98-b2d890148907', N'Giải bài tập THCS gặp mặt trực tiếp', '', 0, 'services/hoctap/thcstructiep.jpg', 'destination', '6f57d993-eb26-4b35-8c7d-7871a7fd624f', N'["giải bài tập","thcs","gặp mặt trực tiếp","dịch vụ học tập","gia sư","dạy kèm","giải đáp bài tập","bài tập trung học cơ sở","dịch vụ giảng dạy","gia sư thcs","dạy kèm thcs","giải bài tập thcs","giải bài tập thcs trực tiếp","dịch vụ giải bài tập thcs","dịch vụ gia sư thcs"]'),
-- ('39ee46a3-77bf-43fb-8fac-82d8ca2fc4f9', N'Giải bài tập THPT online', '', 0, 'services/hoctap/thptonline.jpg', 'none', '6f57d993-eb26-4b35-8c7d-7871a7fd624f', N'["giải bài tập","thpt","online","dịch vụ học tập","gia sư","dạy kèm","giải đáp bài tập","bài tập trung học phổ thông","dịch vụ giảng dạy","gia sư thpt","dạy kèm thpt","giải bài tập thpt","giải bài tập thpt online","dịch vụ giải bài tập thpt","dịch vụ gia sư thpt"]'),
-- ('eb765dba-ccb7-49f7-b43d-04ea15558ed4', N'Giải bài tập THPT gặp mặt trực tiếp', '', 0, 'services/hoctap/thpttructiep.jpg', 'destination', '6f57d993-eb26-4b35-8c7d-7871a7fd624f', N'["Giải bài tập THPT","Gặp mặt trực tiếp","Dịch vụ hỗ trợ học tập","Gia sư","Dạy kèm","Hỗ trợ học tập","Gia sư trực tiếp","Dạy kèm trực tiếp","Hỗ trợ học tập trực tiếp","Giải bài tập trực tiếp","Làm bài tập THPT","Hỗ trợ học THPT","Gia sư THPT","Dạy kèm THPT","Giải bài tập THPT online","Gặp mặt trực tuyến","Dịch vụ hỗ trợ học tập online","Gia sư online","Dạy kèm online","Hỗ trợ học tập online","Gia sư trực tuyến","Dạy kèm trực tuyến","Hỗ trợ học tập trực tuyến","Giải bài tập trực tuyến","Làm bài tập THPT online","Hỗ trợ học THPT online","Gia sư THPT online","Dạy kèm THPT online"]'),
-- --('d44290b5-9fa0-42c0-b5cf-f2e9980721b8', N'Đi chợ truyền thống', '', 0, 'services/dichomuadoho/market.jpg', 'destination', 'd17ad87c-9f80-4f0e-bfd4-53138d900a6e', N'["đi chợ","chợ truyền thống","dịch vụ đi chợ","dịch vụ mua đồ hộ","đi chợ hộ","mua hàng tại chợ","mua đồ tại chợ truyền thống","dịch vụ mua sắm tại chợ","dịch vụ mua hàng tại chợ truyền thống"]'),
-- --('1b1587c7-13d1-4606-a8b1-76cc1f05093a', N'Đi siêu thị / siêu thị mini', '', 0, 'services/dichomuadoho/supermarket.jpg', 'destination', 'd17ad87c-9f80-4f0e-bfd4-53138d900a6e', N'["đi siêu thị","siêu thị mini","dịch vụ đi chợ","dịch vụ mua đồ hộ","mua hàng siêu thị","mua đồ siêu thị mini","dịch vụ mua sắm siêu thị","dịch vụ mua hàng tạp hóa","đi chợ hộ","mua đồ hộ","mua sắm hộ","mua hàng tạp hóa","đi siêu thị hộ","đi siêu thị mini hộ","dịch vụ mua sắm tại siêu thị","dịch vụ mua sắm tại siêu thị mini","mua hàng tại siêu thị","mua hàng tại siêu thị mini"]'),
-- --('f3d729cb-0a23-4369-aad5-2c2cb9e94ebf', N'Ngon và rẻ', '', 0, 'services/dichomuadoho/market.jpg', 'destination', 'd17ad87c-9f80-4f0e-bfd4-53138d900a6e', N'["Ngon và rẻ","Dịch vụ Đi chợ","Mua đồ hộ","Dịch vụ mua sắm","Dịch vụ mua hàng","Dịch vụ mua đồ","Dịch vụ mua đồ tiêu dùng","Mua sắm trực tuyến","Đi chợ trực tuyến","Dịch vụ giao hàng","Dịch vụ mua đồ tại nhà","Dịch vụ mua hàng tại nhà","Dịch vụ đặt mua hàng","Dịch vụ đặt mua đồ","Đi chợ online","Mua đồ tiện lợi","Mua hàng online","Dịch vụ mua sắm online","Dịch vụ giao hàng nhanh","Mua đồ hàng ngày","Dịch vụ tiện ích mua sắm"]'),
-- --('95e967ae-68f4-4a40-8fc7-8073014430ed', N'Mua sắm hộ', '', 0, 'services/dichomuadoho/market.jpg', 'shipping', 'd17ad87c-9f80-4f0e-bfd4-53138d900a6e', N'["mua sắm","mua hàng","mua hộ","dịch vụ đi chợ","dịch vụ mua đồ hộ","mua sắm hộ","mua hàng hộ","đi chợ hộ","mua đồ hộ"]'),
-- --('7f00c28b-87cd-47fe-a736-157118091675', N'Mua thuốc hộ', '', 0, 'services/dichomuadoho/market.jpg', 'shipping', 'd17ad87c-9f80-4f0e-bfd4-53138d900a6e', N'["mua thuốc","dịch vụ mua thuốc","đi chợ","mua đồ","mua đồ hộ","dịch vụ đi chợ","mua thuốc online","dịch vụ mua sắm","mua sắm hộ","dịch vụ giao hàng thuốc","mua thuốc cho người khác","dịch vụ mua thuốc online","giao thuốc tận nhà","dịch vụ mua sắm tận nhà","dịch vụ mua thuốc tận nhà"]'),
-- --('25c9c567-5119-4140-a70b-5c3a1d1c3250', N'Chơi game chung theo giờ', '', 0, 'services/dichomuadoho/market.jpg', 'none', '8a21b21e-dc31-49c8-8b5b-84b69204dc3a', N'["chơi game","chung","theo giờ","dịch vụ giải trí","game online","chơi game cùng nhau","chơi game theo giờ","dịch vụ chơi game","dịch vụ game trực tuyến","chơi game theo số giờ","dịch vụ chơi game chung","dịch vụ chơi game theo giờ","game giải trí","chơi game giải trí","chơi game cùng nhau theo giờ","dịch vụ chơi game giải trí theo giờ"]'),
-- --('6ee8adfe-323c-4648-aa94-37f6ece6083f', N'Chơi game chung theo số trận', '', 0, 'services/dichomuadoho/market.jpg', 'none', '8a21b21e-dc31-49c8-8b5b-84b69204dc3a', N'["chơi game","chung","số trận","dịch vụ giải trí","game online","chơi game cùng nhau","chơi game theo trận","dịch vụ chơi game","dịch vụ game trực tuyến","chơi game theo số lượng trận","dịch vụ chơi game chung","dịch vụ chơi game theo trận","dịch vụ chơi game theo số trận","game giải trí","chơi game giải trí","chơi game cùng nhau theo trận","chơi game cùng nhau theo số trận","dịch vụ chơi game giải trí theo trận","dịch vụ chơi game giải trí theo số trận"]'),
-- --('cb217b7f-f921-4568-8d1c-bf891f6b38f0', N'Gửi đồ hộ', '', 0, 'services/vanchuyen/guidoho.jpg', 'shipping', '1b1a6ebd-2838-4b3d-a1f1-1818305df2d6', N'["gửi đồ","gửi hàng","gửi hộ","dịch vụ vận chuyển","dịch vụ giao hàng","gửi đồ hộ","gửi hàng hộ","vận chuyển đồ","vận chuyển hàng hóa"]'),
-- ('96a7c6f2-73c2-4330-9629-c3441598ab94', N'Chuyển nhà trọn gói', '', 0, 'services/vanchuyen/chuyennhatrongoi.jpg', 'shipping', '1b1a6ebd-2838-4b3d-a1f1-1818305df2d6', N'["chuyển nhà","trọn gói","dịch vụ vận chuyển","dịch vụ giao hàng","chuyển nhà trọn gói","dịch vụ chuyển nhà","dịch vụ chuyển nhà trọn gói","vận chuyển đồ đạc","vận chuyển nhà cửa"]');
-- --('5a47d275-cd05-4521-9fe4-3aebbc8af90d', N'Chuyển phòng trọ trọn gói', '', 0, 'services/vanchuyen/chuyenphongtrotrongoi.jpg', 'shipping', '1b1a6ebd-2838-4b3d-a1f1-1818305df2d6', N'["chuyển","phòng trọ","trọn gói","dịch vụ","vận chuyển","chuyển nhà","chuyển đồ","dọn nhà","dịch vụ dọn nhà","dịch vụ chuyển nhà","chuyển phòng","chuyển phòng trọ","chuyển đồ đạc","vận chuyển đồ đạc","dịch vụ vận chuyển đồ","dịch vụ vận chuyển đồ đạc","dịch vụ chuyển phòng trọ","dịch vụ chuyển phòng trọ trọn gói"]'),
-- --('20393b46-1f86-48ee-90e5-f8c20b90ff7a', N'Tư vấn tâm lý', '', 0, 'services/tuvanhoidap/tuvantamly.jpg', 'none', 'a4676a9d-7dfb-4d23-8cb5-8e2678c4c611', N'["tư vấn tâm lý","dịch vụ tư vấn","dịch vụ hỏi đáp","dịch vụ giải đáp thắc mắc","tư vấn tâm lý trực tuyến","tư vấn sức khỏe tâm thần","dịch vụ tư vấn tâm lý","dịch vụ tư vấn sức khỏe tâm thần"]'),
-- --('c2523753-a16d-4839-910f-03b224019649', N'Giải đáp thắc mắc', '', 0, 'services/tuvanhoidap/giaidapthacmac.jpg', 'none', 'a4676a9d-7dfb-4d23-8cb5-8e2678c4c611', N'["Tư vấn","Dịch vụ","Giải đáp","Thắc mắc","Hỗ trợ","Tư vấn viên","Chuyên gia","Tư vấn trực tuyến","Tư vấn cá nhân","Tư vấn doanh nghiệp","Tư vấn tài chính","Tư vấn pháp lý","Tư vấn sức khỏe","Tư vấn hôn nhân","Tư vấn giáo dục","Tư vấn nghề nghiệp","Tư vấn kinh doanh","Tư vấn du lịch","Tư vấn công nghệ","Tư vấn sản phẩm"]'); 



INSERT INTO [Accounts] ([Id], [Email], [FullName], [DateOfBirth], [Gender], [CountryCode], [Phone], [CombinedPhone], [Role], [Avatar], [RefreshToken], [LoginToken], [LoginTokenExpires], [TokenCreated], [TokenExpires], [IsActive], [IsVerified], [EncriptingToken]) VALUES
('d466c2a7-44e7-457d-a1ff-40646c4cf2c4', '', N'2Et4dcEjOkGxCdoLEV50X4jUisg3gtoRCw8ozV/Hf+0=', '1978-01-13', 'Female', 'c8zdyqXKZlW+g0/5lkMo7Q==', 'kGKT99p/NdqJrN47OuaVVg==', '4GjxLTvIQTViYk5GsNfzIw==', 'Freelancer', 'customer_avt/default_customer_2.jpg', 'string', 'default', '2024-04-13T20:27:27.285403', '2024-04-13 20:17:27.285403', '2024-04-13 20:27:27.285403', 1, 1, '7a3a664e3a810d1e488c56c991ad876c'),
('2695c848-8144-4a94-8d4d-763c5e768233', '', N'jM0LEIth166pwI1UxsVPhw4ghAFoZG80j84snk8oLTk=', '2006-02-17', 'Female', 'c8zdyqXKZlW+g0/5lkMo7Q==', 'KNJdAPl7d+rITGgP1dpU6w==', 'mX0fTv1KB3o261JPunP4ag==', 'Freelancer', 'customer_avt/default_customer_2.jpg', 'string', 'default', '2024-04-13T20:27:27.242395', '2024-04-13 20:17:27.242395', '2024-04-13 20:27:27.242395', 1, 1, '46cd742eb4cbe8f6db524248fa47b40a'),
('a7a76113-1a12-46c5-abec-01b0cccd1dde', '', N'yq2qdoGhFeI8dUXwWWtm8FygI5dcSzPjTBdavl8jXBk=', '1989-06-30', 'Male', 'c8zdyqXKZlW+g0/5lkMo7Q==', 'lKYXWT0BPQwjA5gZeLqUTQ==', '1VL92fpPQAJROjvbGZgBNw==', 'Freelancer', 'customer_avt/default_customer_2.jpg', 'string', 'default', '2024-04-13T20:27:27.283402', '2024-04-13 20:17:27.283402', '2024-04-13 20:27:27.283402', 1, 1, 'ef2779ff11e181454c53c4ded7981053'),
-- --('95be2640-b5ec-416b-9153-09cbc7ec60f8', '', N'Lê Nhất Duy', '2002-04-09', 'Male', '84', '373344123', '84373344123', 'Admin', 'customer_avt/default_customer_2.jpg', 'string', 'default', '2024-05-07T17:25:40.825617', '2024-04-07 17:15:40.825617', '2024-05-07 17:25:40.825617', 1, 1),
('44baa879-e243-4593-93ea-bb3fd0f0aa44', '', N'ABshIQYQhRk6YITbGgJ40gV67atOJUanPePkKN/gEW0=', '1999-01-19', 'Male', 'c8zdyqXKZlW+g0/5lkMo7Q==', 'pnZk7NirVFPwyN+eC7lT9w==', 'cXktqgGxla+hU3rXJx7Z/w==', 'Customer', 'customer_avt/default_customer_2.jpg', 'string', 'default', '2024-05-03T14:11:26.884131', '2024-05-03 14:01:26.884131', '2024-05-03 14:11:26.884131', 1, 1, '463f47f36803bc1dad9574c21b2ebdd7'),
('9a9ffdf1-0cc7-4efc-80b7-d34524010af5', '', N'vRtS6S9mO8Tw8KbvqcQhGHKZB6Y50Lfa+yu6tPPuQ4g=', '1998-02-11', 'Male', 'c8zdyqXKZlW+g0/5lkMo7Q==', '7Pj1v/qf+bRNVL9UsTJIMw==', '92UFUWSMMpQIFk9ibG6GbA==', 'Customer', 'customer_avt/default_customer_1.jpg', 'string', 'default', '2024-04-13T20:27:27.323945', '2024-04-13 20:17:27.323945', '2024-04-13 20:27:27.323945', 1, 1, 'f693e22efce946df6e9a48975f656bef');

-- INSERT INTO [Accounts] ([Id], [Email], [FullName], [DateOfBirth], [Gender], [CountryCode], [Phone], [CombinedPhone], [Role], [Avatar], [RefreshToken], [LoginToken], [LoginTokenExpires], [TokenCreated], [TokenExpires], [IsActive], [IsVerified], [EncriptingToken]) VALUES
-- ('d466c2a7-44e7-457d-a1ff-40646c4cf2c4', '', N'Hoàng Quỳnh Nhi', '1978-01-13', 'Female', '84', '123456789', '84123456789', 'Freelancer', 'customer_avt/default_customer_2.jpg', 'string', 'default', '2024-04-13T20:27:27.285403', '2024-04-13 20:17:27.285403', '2024-04-13 20:27:27.285403', 1, 1),
-- ('2695c848-8144-4a94-8d4d-763c5e768233', '', N'Ngô Vũ Lan Ngọc', '2006-02-17', 'Female', '84', '337839146', '84337839146', 'Freelancer', 'customer_avt/default_customer_2.jpg', 'string', 'default', '2024-04-13T20:27:27.242395', '2024-04-13 20:17:27.242395', '2024-04-13 20:27:27.242395', 1, 1),
-- ('a7a76113-1a12-46c5-abec-01b0cccd1dde', '', N'Dương Hồ Gia Uy', '1989-06-30', 'Male', '84', '914510313', '84914510313', 'Freelancer', 'customer_avt/default_customer_2.jpg', 'string', 'default', '2024-04-13T20:27:27.283402', '2024-04-13 20:17:27.283402', '2024-04-13 20:27:27.283402', 1, 1),
-- --('95be2640-b5ec-416b-9153-09cbc7ec60f8', '', N'Lê Nhất Duy', '2002-04-09', 'Male', '84', '373344123', '84373344123', 'Admin', 'customer_avt/default_customer_2.jpg', 'string', 'default', '2024-05-07T17:25:40.825617', '2024-04-07 17:15:40.825617', '2024-05-07 17:25:40.825617', 1, 1),
-- ('44baa879-e243-4593-93ea-bb3fd0f0aa44', '', N'Trương Ðan Khanh', '1999-01-19', 'Male', '84', '708662390', '84708662390', 'Customer', 'customer_avt/default_customer_2.jpg', 'string', 'default', '2024-05-03T14:11:26.884131', '2024-05-03 14:01:26.884131', '2024-05-03 14:11:26.884131', 1, 1),
-- ('9a9ffdf1-0cc7-4efc-80b7-d34524010af5', '', N'Trương Xuân Hiền', '1998-02-11', 'Male', '84', '795202798', '84795202798', 'Customer', 'customer_avt/default_customer_1.jpg', 'string', 'default', '2024-04-13T20:27:27.323945', '2024-04-13 20:17:27.323945', '2024-04-13 20:27:27.323945', 1, 1);

-- 'Detoi CEO' 

-- Insert [Admin]
INSERT INTO [Accounts] ([Id], [Email], [FullName], [DateOfBirth], [Gender], [CountryCode], [Phone], [CombinedPhone], [Role], [Avatar], [RefreshToken], [LoginToken], [LoginTokenExpires], [TokenCreated], [TokenExpires], [IsActive], [IsVerified], [EncriptingToken]) VALUES
('bcb27918-266c-4fc3-a65e-5860393c2f6d', 'detoi.ceo@gmail.com', N'7DGaYxZUyqEmT9XKHaXfkQ==', '1999-04-12', 'Male', 'c8zdyqXKZlW+g0/5lkMo7Q==', '', 'c8zdyqXKZlW+g0/5lkMo7Q==', 'Admin', 'customer_avt/default_customer_1.jpg', 'string', 'default', '2024-04-13T20:27:27.285403', '2024-04-13 20:17:27.285403', '2024-04-13 20:27:27.285403', 1, 1, 'b3a097d2793fbdbbeb406f71eec79b7a');
INSERT INTO [Admins] ([Id], [AccountId], [PasswordHash], [PasswordSalt], [PasswordResetToken], [ResetTokenExpires]) VALUES
('c3ef4ecc-475c-44a4-9175-d020ebb78fa9',
'bcb27918-266c-4fc3-a65e-5860393c2f6d',
'fd6638c319e0d30406b1d2026f79387128e3ff7f6b2a585fa219b44d80b9179e4b7e1f515dbe31d0b2ebb4e8727782fd968da000d200b55a8181544e9316eda0',
'e8d45b6f98ca524406ccef8cbc2e406fe2cb1254ee52ca2226b2c642bf31749d4981c5f328399ec56c6955aca9e0156984f2032f2778e9ee6061e21a1577c15db74dc82f024cf4f6fa2c36b0ed2233eef07cf97483b6217622e31a3e61aaf44bee4ee2ea0b81a1ceb38c4976338354e2b48f562de7b7828c8a7d253e9b3ef6b0',
'2014',
'2024-06-01T20:27:27.285403');


INSERT INTO [Freelancers] ([Id], [AccountId], [Rating], [TotalReviewCount], [Balance], [SystemBalance], [OrderCount], [LoveCount], [PositiveReviewCount], [IdentityNumber], [IsTeam], [Description], [TeamMemberCount], [EncriptingToken]) VALUES
('89291984-3389-4fe8-8f58-9ec54f17b5bc', 'd466c2a7-44e7-457d-a1ff-40646c4cf2c4', 0, 0, '8nVJhfQdbjek0hMQ8fUl2w==', '8nVJhfQdbjek0hMQ8fUl2w==', 0, 0, 0, 'RwjwLaE9F9H78JgNp9KCqA==', 0, 'Beyond its particularly tree whom local tend. Artist truth trouble behavior style. Ability management test during foot that course nothing. Sound central myself before year. Your majority feeling fact by four two. White owner onto knowledge other.', 1, 'edaed910e11adb6e90fdf0213cb43d6a'),
('75968ca3-4984-41ac-bbcd-dc899e4215b6', '2695c848-8144-4a94-8d4d-763c5e768233', 0, 0, 'Wx1hrlxDrEvdJ+PBcePu6g==', 'Wx1hrlxDrEvdJ+PBcePu6g==', 0, 0, 0, '1gL8F/m/F0abVYt35CO2bA==', 1, 'Party prevent live. Quickly candidate change although. Together type music hospital. Every speech support time operation wear often.', 5, 'e89827082b676bc6d3e2b8c342f726b8'),
('e7784f3c-b89c-4d7f-a2b6-4cc66e917535', 'a7a76113-1a12-46c5-abec-01b0cccd1dde', 0, 0, 'P2GvJL9FUPRyqRKV8rQRNA==', 'P2GvJL9FUPRyqRKV8rQRNA==', 0, 0, 0, 'xuk4GFWttAIGfjvFDDQq3A==', 1, 'Picture suddenly drug rule bring determine some forward. Beyond chair recently and. Plant view own available buy country store. Hospital have wonder already. Create wife responsibility. Decision song view age international big employee.', 3, '6a5f56e77cad1e4da5f7be38c82bb43f');

INSERT INTO [Customers] ([Id], [AccountId], [CustomerRank], [MemberPoint]) VALUES
('37dc6a4f-2544-4467-ac60-fd6dfbd99f8a', '44baa879-e243-4593-93ea-bb3fd0f0aa44', 'Unranked', 0),
('badc9643-88e7-4f4d-997a-c31229ac9816', '9a9ffdf1-0cc7-4efc-80b7-d34524010af5', 'Unranked', 0); 

INSERT INTO [Addresses] ([Id], [Lat], [Lon], [CustomerAccountId], [FreelanceAccountId], [AddressLine], [Ward], [District], [Province], [Country]) VALUES
('27e60c9b-36ff-45cb-a0cf-553f0e502d6d', 10.537583154037922, 106.9838823422087, null, '89291984-3389-4fe8-8f58-9ec54f17b5bc', N'227 Nguyễn Văn Cừ, phường 4, Quận 5, Thành phố Hồ Chí Minh, Việt Nam', N'Phường 17', N'Quận Gò Vấp', N'Thành phố Hồ Chí Minh', N'Việt Nam'),
('bcf08d5a-8f96-403c-8279-523556893198', 10.849538203300169, 106.97146741421668, '37dc6a4f-2544-4467-ac60-fd6dfbd99f8a', null, N'227 Nguyễn Văn Cừ, phường 4, Quận 5, Thành phố Hồ Chí Minh, Việt Nam', N'Phường 10', N'Quận Gò Vấp', N'Thành phố Hồ Chí Minh', N'Việt Nam'),
('83e38f4d-707d-4f01-bd47-df02eb095dbc', 10.67563583577821, 106.73320667367813, null, '75968ca3-4984-41ac-bbcd-dc899e4215b6', N'227 Nguyễn Văn Cừ, phường 4, Quận 5, Thành phố Hồ Chí Minh, Việt Nam', N'Phường 6', N'Quận 4', N'Thành phố Hồ Chí Minh', N'Việt Nam'),
('505fe2c8-403b-499a-8925-f7ce984b23c6', 10.666776428111056, 106.95662047595832, null, 'e7784f3c-b89c-4d7f-a2b6-4cc66e917535', N'227 Nguyễn Văn Cừ, phường 4, Quận 5, Thành phố Hồ Chí Minh, Việt Nam', N'Phường 15', N'Quận Gò Vấp', N'Thành phố Hồ Chí Minh', N'Việt Nam'),
('9dd88994-8e5d-445e-83cb-9ff64014a833', 10.578521824021678, 106.61148366903966, 'badc9643-88e7-4f4d-997a-c31229ac9816', null, N'227 Nguyễn Văn Cừ, phường 4, Quận 5, Thành phố Hồ Chí Minh, Việt Nam', N'Phường 7', N'Quận 5', N'Thành phố Hồ Chí Minh', N'Việt Nam'); 

INSERT INTO [Messages] ([Id], [Content], [Time], [IsSystem], [Image], [SenderId], [ReceiverId]) VALUES
('6ea872e2-8300-4f2c-be5b-f12e3d5e8dc2', N'Chào em', '2024-05-03 08:06:04.170', 0, null, '2695c848-8144-4a94-8d4d-763c5e768233', '44baa879-e243-4593-93ea-bb3fd0f0aa44'),
('f7554752-e3ec-4e77-b8e9-9be9afaa47cd', N'Anh đứng đây từ tối', '2024-05-03 08:06:05.170', 0, null, '2695c848-8144-4a94-8d4d-763c5e768233', '44baa879-e243-4593-93ea-bb3fd0f0aa44'),
('918abbf3-6ce6-40ae-b4f7-7bc1f8ab068d', N'Chơi Minecraft không', '2024-05-03 08:06:06.170', 0, null, '2695c848-8144-4a94-8d4d-763c5e768233', '44baa879-e243-4593-93ea-bb3fd0f0aa44'),
('02f4ebb6-584f-46a1-be09-c1f25843d870', N'Chơi cái cc j', '2024-05-03 08:06:07.170', 0, null, '44baa879-e243-4593-93ea-bb3fd0f0aa44', '2695c848-8144-4a94-8d4d-763c5e768233'),
('43ea7884-bd16-4693-ae5f-44807f5ce6d2', N'T fan Ngọt 30 năm', '2024-05-03 08:06:08.170', 0, null, '44baa879-e243-4593-93ea-bb3fd0f0aa44', '2695c848-8144-4a94-8d4d-763c5e768233');

-- INSERT INTO [Skills] ([Id], [Name], [Description]) VALUES
-- ('d4c95511-492f-46aa-8326-84299acbe8fd', N'Vận chuyển hàng hóa', N'Xếp dỡ hàng hóa một cách an toàn và chuyên nghiệp'),
-- ('510acfa4-eddb-4d08-b4ce-30ebf132922f', N'Quản lý lộ trình vận chuyển', N'Lập kế hoạch và điều chỉnh lộ trình vận chuyển hiệu quả'),
-- ('28c41f96-ad80-457f-b59b-e948d1bd9135', N'Xử lý hàng hóa nhạy cảm', N'Chăm sóc và vận chuyển hàng hóa nhạy cảm một cách cẩn thận và đúng cách'),
-- ('92fd24e8-abeb-45d3-a33c-02d24224b78d', N'Sử dụng các phương tiện vận chuyển đa dạng', N'Sử dụng xe tải, container và các phương tiện vận tải khác để vận chuyển hàng hóa một cách linh hoạt'),
-- ('e7978b8d-a546-4133-a576-778f34985d06', N'Đóng gói hàng hóa chuyên nghiệp', N'Đóng gói hàng hóa bằng cách an toàn và chuyên nghiệp để đảm bảo an toàn trong quá trình vận chuyển'),
-- ('d9b6ce05-94a3-4781-976d-707579d6fe5f', N'Giao hàng nhanh', N'Giao hàng nhanh chóng và chính xác đến địa chỉ chỉ định'),
-- ('657fabfe-88db-46b4-ba2c-947f36b0ea45', N'Quản lý lịch trình giao hàng', N'Quản lý lịch trình giao hàng để đảm bảo giao hàng đúng thời hạn'),
-- ('db42a4fc-a790-4706-bd0b-c263dbbc2522', N'Sử dụng phương tiện giao hàng nhỏ', N'Sử dụng xe máy, xe đạp hoặc phương tiện giao hàng nhỏ khác để giao hàng một cách nhanh chóng và linh hoạt'),
-- ('562bb844-3fe4-486c-94a6-28876cdb287d', N'Xử lý hàng hóa đặc biệt', N'Xử lý và vận chuyển hàng hóa đặc biệt một cách chuyên nghiệp và cẩn thận'),
-- ('126d9bee-996a-4880-b54e-a2ee84b5e822', N'Giao hàng theo yêu cầu', N'Giao hàng dựa trên yêu cầu cụ thể của khách hàng'),
-- ('44c2a6e0-9437-4bee-b150-ffe0dc1b1c37', N'Chăm sóc người già', N'Cung cấp chăm sóc toàn diện cho người già trong gia đình'),
-- ('049657d4-138c-4d0b-8d56-245e7f0a841d', N'Chăm sóc trẻ em', N'Đảm bảo sự an toàn và sự phát triển của trẻ em trong môi trường gia đình'),
-- ('a9b4b60a-999d-463e-9d75-5ba249c3c91f', N'Xây dựng mối quan hệ với trẻ em', N'Xây dựng mối quan hệ tốt đẹp và trách nhiệm với trẻ em để tạo ra một môi trường hòa thuận và an toàn'),
-- ('8837d38a-d219-40f5-9bc7-b439e69d17d2', N'Giáo dục về dinh dưỡng', N'Cung cấp kiến thức và hướng dẫn về dinh dưỡng cho trẻ em để hỗ trợ sự phát triển của họ'),
-- ('b6f8ae11-db74-4c55-a9d7-f8904d4d5825', N'Tạo ra hoạt động giáo dục', N'Phát triển và tổ chức các hoạt động giáo dục thú vị và phù hợp với lứa tuổi của trẻ em'),
-- ('59a05b2f-2857-49e0-a5dc-7e1746480dce', N'Lập danh sách mua sắm', N'Tạo danh sách mua sắm chi tiết và hiệu quả để tiết kiệm thời gian và tiền bạc'),
-- ('e9d1a4d9-053f-4a60-a67e-3d59a11feeeb', N'Tư vấn lựa chọn sản phẩm', N'Tư vấn và hướng dẫn khách hàng trong việc lựa chọn sản phẩm phù hợp với nhu cầu và ngân sách của họ'),
-- ('3eda0312-2f58-4f02-852d-bec6e4bc344b', N'Quản lý ngân sách mua sắm', N'Quản lý ngân sách mua sắm của khách hàng để đảm bảo mua sắm hiệu quả và không lãng phí'),
-- ('d2fa3f68-6d70-4707-adda-0268312c25ee', N'Xử lý việc đổi trả hàng', N'Hỗ trợ khách hàng trong việc đổi trả hàng hoặc xử lý các vấn đề liên quan đến sản phẩm sau khi mua'),
-- ('34698e8c-7ba7-4f52-851b-e2bf6c10426b', N'Kiểm tra sản phẩm', N'Kiểm tra sản phẩm để đảm bảo chất lượng và đầy đủ các thành phần trước khi mua'),
-- ('7a5066e5-c755-4f49-9afa-0813626afb04', N'Xếp dỡ đồ đạc một cách chuyên nghiệp', N'Thực hiện việc xếp dỡ các đồ đạc như hành lý cá nhân và đồ dùng gia đình một cách chuyên nghiệp và an toàn'),
-- ('fc77b33f-5f6e-4495-9837-14d8a049882d', N'Đóng gói hàng hóa cá nhân', N'Thực hiện việc đóng gói hàng hóa cá nhân như hành lý cá nhân và các vật phẩm cá nhân một cách cẩn thận và chuyên nghiệp'),
-- ('8953f6d9-1e51-4907-b8ee-44cb5b4787d0', N'Quản lý kho hàng', N'Thực hiện việc quản lý và tổ chức kho hàng cho đồ đạc cá nhân một cách hiệu quả và chuyên nghiệp'),
-- ('43bcbdaf-3cd6-44e4-add3-aec51dcf2c7d', N'Đóng gói và vận chuyển hàng hóa quốc tế', N'Thực hiện việc đóng gói và vận chuyển hàng hóa cá nhân qua các biên giới quốc tế một cách chuyên nghiệp và an toàn'),
-- ('919b1e17-6392-42e7-93da-8ebb9b7b5381', N'Phân loại sản phẩm', N'Sắp xếp và phân loại sản phẩm một cách hiệu quả khi mua sắm tại các cửa hàng và siêu thị'),
-- ('9932d1a2-1ad1-414a-9b75-64efbfc16183', N'Đàm phán giá cả', N'Kỹ năng đàm phán giá cả với người bán hàng để đảm bảo bạn có được giá ưu đãi nhất cho sản phẩm'),
-- ('ae58cea3-240a-4ae1-969d-bd79a3ae812d', N'Tìm kiếm sản phẩm phù hợp', N'Nắm bắt nhu cầu và tìm kiếm các sản phẩm phù hợp nhất với yêu cầu của khách hàng'),
-- ('a632afda-89b8-46eb-9077-360263230ac3', N'Kiểm tra chất lượng sản phẩm', N'Kiểm tra và đánh giá chất lượng của sản phẩm để đảm bảo bạn mua được hàng chất lượng nhất'),
-- ('850d7b5d-5176-4c42-b2e5-c4c7d5870dce', N'Hiểu biết về giá cả và thị trường', N'Có kiến thức vững về giá cả và thị trường để có thể chọn lựa và mua sắm một cách thông minh'),
-- ('b344f38a-e727-4ee9-8788-fe2b86930ae1', N'Chuẩn bị thực đơn đa dạng', N'Tạo ra thực đơn đa dạng và phong phú phục vụ nhu cầu ẩm thực của khách hàng'),
-- ('cf707aab-5949-4a44-9312-e65ef934f088', N'Kỹ năng nấu ăn chuyên nghiệp', N'Sử dụng kỹ thuật nấu ăn chuyên nghiệp để tạo ra các món ăn ngon miệng và hấp dẫn'),
-- ('54fbabe9-2b70-430f-bb47-da0ef1bf7ed9', N'Quản lý thời gian và nguyên liệu', N'Quản lý thời gian và nguyên liệu một cách hiệu quả để chuẩn bị và nấu các bữa ăn đúng thời hạn và chất lượng'),
-- ('1018f7d5-d4ef-47a1-873d-085588426c72', N'Sáng tạo trong việc nấu ăn', N'Phát triển và áp dụng ý tưởng sáng tạo để tạo ra các món ăn mới và độc đáo'),
-- ('536af6c4-fc9a-4fd5-89bb-cb592ed316af', N'Kỹ năng trình bày món ăn', N'Biến các món ăn trở nên hấp dẫn và bắt mắt thông qua kỹ năng trình bày món ăn sáng tạo'),
-- ('11b3ca41-d04f-43b4-8f2b-a7dec67d9c61', N'Phân loại và sắp xếp quần áo', N'Hiểu biết về cách phân loại và sắp xếp quần áo một cách hiệu quả để tiện cho quá trình giặt ủi'),
-- ('b07a9fc1-c869-4e35-adbe-b2e2627eed68', N'Xử lý quần áo nhạy cảm', N'Xử lý và giặt ủi quần áo có chất liệu nhạy cảm một cách cẩn thận và chuyên nghiệp'),
-- ('0040bf7b-b8d9-46a2-b0d1-54d5e3a6aa76', N'Sử dụng máy giặt và máy sấy hiệu quả', N'Hiểu biết và sử dụng các thiết bị giặt ủi hiện đại một cách hiệu quả và tiết kiệm thời gian'),
-- ('0e3c1e2b-f67e-4581-90c6-c9190c33f31f', N'Biết cách ủi quần áo một cách chuyên nghiệp', N'Hiểu biết về kỹ thuật và phương pháp ủi quần áo một cách chuyên nghiệp và linh hoạt'),
-- ('b5a7fe43-e952-442a-a15a-8e8d89367462', N'Xử lý vết bẩn cứng đầu', N'Xử lý và loại bỏ các vết bẩn cứng đầu trên quần áo một cách hiệu quả và an toàn'),
-- ('6666ca1d-2d5d-4764-b1bc-ad3fd3740058', N'Kiểm tra và chẩn đoán sự cố máy lạnh', N'Thực hiện kiểm tra kỹ thuật và chẩn đoán sự cố của máy lạnh để xác định nguyên nhân gây ra vấn đề'),
-- ('2ef9de7c-98e7-4cf9-9258-ad1ae383a55e', N'Tháo lắp và lắp đặt máy lạnh', N'Thực hiện tháo lắp và lắp đặt máy lạnh một cách chuyên nghiệp và an toàn'),
-- ('44adce9b-bbf2-4838-99bb-070ab14d3919', N'Bảo dưỡng định kỳ máy lạnh', N'Thực hiện bảo dưỡng định kỳ để đảm bảo máy lạnh hoạt động ổn định và hiệu quả'),
-- ('0c5d44bc-db1c-4848-8d41-6788a7cfd0c5', N'Sửa chữa và thay thế linh kiện máy lạnh', N'Thực hiện sửa chữa và thay thế linh kiện máy lạnh hỏng hóc để khôi phục hoạt động của máy'),
-- ('9491bccd-37b3-4796-a25d-be30a08c3541', N'Kiểm tra hiệu suất làm việc của máy lạnh', N'Đánh giá và kiểm tra hiệu suất làm việc của máy lạnh để đảm bảo hoạt động hiệu quả và tiết kiệm năng lượng'),
-- ('c300ad2d-661e-4c0c-bd81-14e95c2d48a8', N'Phát hiện và sửa chữa rò rỉ', N'Phát hiện và khắc phục các vấn đề liên quan đến rò rỉ trong hệ thống ống nước'),
-- ('423d0985-2f02-4e2a-bf23-1a37fcc3e4be', N'Thay thế ống nước hỏng', N'Tháo dỡ và thay thế các ống nước bị hỏng bằng các vật liệu chất lượng cao'),
-- ('e9061193-6885-4e80-8539-24edabba06a3', N'Kiểm tra và bảo dưỡng hệ thống ống nước', N'Kiểm tra và thực hiện bảo dưỡng định kỳ cho hệ thống ống nước để đảm bảo hoạt động ổn định'),
-- ('a825708a-a9e0-405e-86ae-2ac123a109ec', N'Sửa chữa vòi sen và bồn cầu', N'Sửa chữa và bảo dưỡng các vòi sen và bồn cầu để đảm bảo hoạt động hiệu quả'),
-- ('9a9c5c0d-66b8-477d-a64d-c3d951848b29', N'Lắp đặt hệ thống ống nước mới', N'Lắp đặt hệ thống ống nước mới hoặc mở rộng hệ thống hiện có theo yêu cầu của khách hàng'),
-- ('6615fcb9-deb5-4c89-9f75-b3f1cb77e477', N'Sửa chữa sàn gỗ', N'Chuyên sửa chữa và bảo dưỡng sàn gỗ một cách chuyên nghiệp và hiệu quả'),
-- ('2b1e2526-ad8d-458f-84e9-48268d3a8bc6', N'Làm mới sàn gạch', N'Tạo ra sự mới mẻ và đẹp mắt cho sàn gạch bằng các phương pháp làm mới chuyên nghiệp'),
-- ('4eea13e9-ee0a-4cd3-aa06-674eee41ba15', N'Bảo dưỡng sàn đá', N'Bảo dưỡng và làm sạch sàn đá để giữ cho nó luôn bền đẹp và bền vững'),
-- ('3cde8b05-8857-4095-ae34-2388546c5b76', N'Sửa chữa sàn nhựa', N'Thực hiện các công việc sửa chữa và bảo dưỡng cho sàn nhựa để tăng tuổi thọ và độ bền của nó'),
-- ('4c64db45-bdfe-4931-b9c8-305f30b1cc50', N'Làm mới sàn gỗ', N'Tạo ra sự mới mẻ và đẹp mắt cho sàn gỗ bằng các phương pháp làm mới chuyên nghiệp'),
-- ('18305470-b98f-4c23-9ca4-86e6c7dbeac3', N'Dọn dẹp phòng khách', N'Dọn dẹp và sắp xếp lại không gian phòng khách của căn nhà một cách sạch sẽ và gọn gàng'),
-- ('486b0bb3-5ad8-46f8-b299-3e79a9f0009a', N'Lau chùi bếp', N'Lau sạch bếp và các bề mặt liên quan để đảm bảo sự sạch sẽ và an toàn trong quá trình nấu nướng'),
-- ('2c6a5f4e-ecab-4fe6-9035-bb33dc270708', N'Dọn dẹp phòng ngủ', N'Dọn dẹp và sắp xếp lại không gian phòng ngủ để tạo cảm giác thoải mái và thư giãn'),
-- ('09630a6b-1cef-4a43-9755-ca42ec41d6c9', N'Lau dọn nhà tắm', N'Lau sạch và vệ sinh nhà tắm để đảm bảo vệ sinh cá nhân và sự thoải mái khi sử dụng'),
-- ('cd06292a-e708-4c38-89f0-716041b77623', N'Dọn dẹp sân vườn', N'Dọn dẹp và bảo quản sân vườn để tạo một không gian ngoại thất sạch sẽ và thú vị'),
-- ('0d394998-765f-45c5-ad29-c83aca9aed63', N'Lau chùi sàn nhà', N'Làm sạch và lau chùi các loại sàn nhà một cách kỹ lưỡng và hiệu quả'),
-- ('9a9ef12b-04bd-4767-8bd7-4542c324ceda', N'Vệ sinh bề mặt', N'Sử dụng các phương pháp vệ sinh chuyên nghiệp để làm sạch bề mặt của căn nhà'),
-- ('ec7c0211-b574-494f-b3bf-0425dfa9f8a8', N'Đánh bóng sàn nhà', N'Sử dụng các kỹ thuật đánh bóng chuyên nghiệp để làm cho sàn nhà trở nên sáng bóng'),
-- ('42634124-88ef-4bb5-a40c-d7202c8289df', N'Vệ sinh nội thất', N'Lau chùi và vệ sinh các bề mặt nội thất như bàn ghế, kệ sách và đồ nội thất khác'),
-- ('af4ff758-c07f-4d08-8a58-78af1dc0ca1c', N'Sơn phủ bề mặt', N'Sử dụng kỹ thuật sơn phủ chuyên nghiệp để làm mới và bảo vệ các bề mặt cần thiết'),
-- ('7c244170-3402-41d8-8101-e162192e66c9', N'Quản lý lịch trình dọn dẹp', N'Lập kế hoạch và quản lý lịch trình dọn dẹp văn phòng hiệu quả'),
-- ('9b5474fc-710e-4c94-943f-5bb84d075eb7', N'Xử lý và tái chế rác thải văn phòng', N'Xử lý và tái chế rác thải văn phòng một cách bền vững và hiệu quả'),
-- ('66ba19f3-eb18-48e3-a95e-92e2146f886e', N'Sử dụng thiết bị dọn dẹp hiện đại', N'Sử dụng và vận hành các thiết bị dọn dẹp hiện đại để tăng hiệu suất và chất lượng dọn dẹp'),
-- ('e5576d0a-1a33-4f62-bbe2-e870b29bdd71', N'Bố trí không gian văn phòng hợp lý', N'Bố trí không gian văn phòng một cách hợp lý để tối ưu hóa không gian làm việc'),
-- ('56a8aa43-eb9a-4fd2-bf4f-3508a5e83c95', N'Xử lý và bảo quản tài liệu văn phòng', N'Xử lý và bảo quản tài liệu văn phòng một cách cẩn thận và tổ chức'),
-- ('36fdb857-9e01-4c1c-b42c-ad9ff4f180a2', N'Làm sạch cửa sổ cẩn thận', N'Thực hiện việc làm sạch cửa sổ một cách cẩn thận và kỹ lưỡng để loại bỏ mọi vết bẩn và bụi bẩn'),
-- ('a5d0a653-403d-4895-87e5-94cfafa8c974', N'Làm sạch kính trong suốt', N'Đảm bảo việc làm sạch kính một cách hoàn hảo để giữ cho cửa sổ luôn trong suốt'),
-- ('5faa940a-9183-4885-907d-8f344f65a150', N'Lau chùi khung cửa chính xác', N'Thực hiện việc lau chùi khung cửa một cách chính xác và cẩn thận để đảm bảo sự sạch sẽ và bền bỉ'),
-- ('dd04e3ae-8117-4540-ae3a-78e737ba351c', N'Sử dụng sản phẩm làm sạch chuyên nghiệp', N'Sử dụng các sản phẩm làm sạch chuyên nghiệp và hiệu quả để đạt được kết quả tốt nhất khi làm sạch cửa sổ'),
-- ('6feffc0d-41ba-4e09-bbd8-2653f62dfffe', N'Xử lý các vết bẩn cứng đầu', N'Xử lý các vết bẩn khó chịu và cứng đầu trên cửa sổ một cách hiệu quả và nhanh chóng'),
-- ('502d31b8-d89b-4946-a11d-14fbdb3909b4', N'Sử dụng thiết bị làm sạch chuyên nghiệp', N'Sử dụng các thiết bị và hóa chất làm sạch chuyên nghiệp để đảm bảo hiệu quả cao trong việc vệ sinh thảm văn phòng'),
-- ('4b5bdfb7-5747-4d13-976a-c75a04ed0cbd', N'Thực hiện phương pháp làm sạch đa dạng', N'Áp dụng nhiều phương pháp làm sạch khác nhau tùy thuộc vào loại thảm và mức độ bẩn để đạt được kết quả tối ưu'),
-- ('901b1065-716e-4551-aaa7-10022e81a8bb', N'Kiểm tra và loại bỏ vi khuẩn', N'Kiểm tra và áp dụng các biện pháp để loại bỏ vi khuẩn và vi sinh vật gây hại khác trong thảm văn phòng'),
-- ('ed55b369-3f91-4b95-9ee6-36fdbba84550', N'Bảo dưỡng thảm vệ sinh định kỳ', N'Thực hiện các biện pháp bảo dưỡng định kỳ để giữ cho thảm văn phòng luôn sạch và tránh tình trạng bám bụi, bẩn'),
-- ('dd3ed168-3f96-4c74-b508-94d620804779', N'Kiểm tra và làm sạch lọc khí', N'Kiểm tra và làm sạch lọc khí của máy lạnh để cải thiện chất lượng không khí'),
-- ('bf45b2db-80ef-4fe4-80ec-e20f9b143bd4', N'Kiểm tra và nạp gas làm lạnh', N'Kiểm tra và nạp gas làm lạnh cho hệ thống máy lạnh để duy trì hiệu suất làm việc tốt nhất'),
-- ('5c28ddbb-358e-45e6-b1d1-b451dc504a94', N'Vệ sinh và xử lý rò rỉ nước', N'Vệ sinh và xử lý rò rỉ nước trong hệ thống máy lạnh để đảm bảo hoạt động hiệu quả'),
-- ('a82e981e-5df8-496b-9985-12cd638d1a13', N'Kiểm tra và điều chỉnh áp suất', N'Kiểm tra và điều chỉnh áp suất của hệ thống máy lạnh để đảm bảo hoạt động ổn định'),
-- ('735a7f99-bc24-48a7-b2f8-140957b0b9eb', N'Kiểm tra và làm sạch cánh quạt', N'Kiểm tra và làm sạch cánh quạt của máy lạnh để đảm bảo tuổi thọ và hiệu suất của máy'); 

-- --INSERT INTO [FreelanceSkills] ([FreelancerId], [SkillId]) VALUES
-- --('89291984-3389-4fe8-8f58-9ec54f17b5bc', 'd4c95511-492f-46aa-8326-84299acbe8fd'),
-- --('89291984-3389-4fe8-8f58-9ec54f17b5bc', '510acfa4-eddb-4d08-b4ce-30ebf132922f'),
-- --('89291984-3389-4fe8-8f58-9ec54f17b5bc', '28c41f96-ad80-457f-b59b-e948d1bd9135'),
-- --('89291984-3389-4fe8-8f58-9ec54f17b5bc', '92fd24e8-abeb-45d3-a33c-02d24224b78d'),
-- --('89291984-3389-4fe8-8f58-9ec54f17b5bc', 'e7978b8d-a546-4133-a576-778f34985d06'),
-- --('89291984-3389-4fe8-8f58-9ec54f17b5bc', 'd9b6ce05-94a3-4781-976d-707579d6fe5f'),
-- --('89291984-3389-4fe8-8f58-9ec54f17b5bc', '657fabfe-88db-46b4-ba2c-947f36b0ea45'),
-- --('89291984-3389-4fe8-8f58-9ec54f17b5bc', 'db42a4fc-a790-4706-bd0b-c263dbbc2522'),
-- --('89291984-3389-4fe8-8f58-9ec54f17b5bc', '562bb844-3fe4-486c-94a6-28876cdb287d'),
-- --('89291984-3389-4fe8-8f58-9ec54f17b5bc', '126d9bee-996a-4880-b54e-a2ee84b5e822'),
-- --('89291984-3389-4fe8-8f58-9ec54f17b5bc', '44c2a6e0-9437-4bee-b150-ffe0dc1b1c37'),
-- --('89291984-3389-4fe8-8f58-9ec54f17b5bc', '049657d4-138c-4d0b-8d56-245e7f0a841d'),
-- --('89291984-3389-4fe8-8f58-9ec54f17b5bc', 'a9b4b60a-999d-463e-9d75-5ba249c3c91f'),
-- --('89291984-3389-4fe8-8f58-9ec54f17b5bc', '8837d38a-d219-40f5-9bc7-b439e69d17d2'),
-- --('89291984-3389-4fe8-8f58-9ec54f17b5bc', 'b6f8ae11-db74-4c55-a9d7-f8904d4d5825'),
-- --('89291984-3389-4fe8-8f58-9ec54f17b5bc', '59a05b2f-2857-49e0-a5dc-7e1746480dce'),
-- --('89291984-3389-4fe8-8f58-9ec54f17b5bc', 'e9d1a4d9-053f-4a60-a67e-3d59a11feeeb'),
-- --('89291984-3389-4fe8-8f58-9ec54f17b5bc', '3eda0312-2f58-4f02-852d-bec6e4bc344b'),
-- --('89291984-3389-4fe8-8f58-9ec54f17b5bc', 'd2fa3f68-6d70-4707-adda-0268312c25ee'),
-- --('89291984-3389-4fe8-8f58-9ec54f17b5bc', '34698e8c-7ba7-4f52-851b-e2bf6c10426b'),
-- --('89291984-3389-4fe8-8f58-9ec54f17b5bc', '7a5066e5-c755-4f49-9afa-0813626afb04'),
-- --('89291984-3389-4fe8-8f58-9ec54f17b5bc', 'fc77b33f-5f6e-4495-9837-14d8a049882d'),
-- --('89291984-3389-4fe8-8f58-9ec54f17b5bc', '8953f6d9-1e51-4907-b8ee-44cb5b4787d0'),
-- --('89291984-3389-4fe8-8f58-9ec54f17b5bc', '43bcbdaf-3cd6-44e4-add3-aec51dcf2c7d'),
-- --('89291984-3389-4fe8-8f58-9ec54f17b5bc', '919b1e17-6392-42e7-93da-8ebb9b7b5381'),
-- --('89291984-3389-4fe8-8f58-9ec54f17b5bc', '9932d1a2-1ad1-414a-9b75-64efbfc16183'),
-- --('89291984-3389-4fe8-8f58-9ec54f17b5bc', 'ae58cea3-240a-4ae1-969d-bd79a3ae812d'),
-- --('89291984-3389-4fe8-8f58-9ec54f17b5bc', 'a632afda-89b8-46eb-9077-360263230ac3'),
-- --('89291984-3389-4fe8-8f58-9ec54f17b5bc', '850d7b5d-5176-4c42-b2e5-c4c7d5870dce'),
-- --('89291984-3389-4fe8-8f58-9ec54f17b5bc', 'b344f38a-e727-4ee9-8788-fe2b86930ae1'),
-- --('89291984-3389-4fe8-8f58-9ec54f17b5bc', 'cf707aab-5949-4a44-9312-e65ef934f088'),
-- --('89291984-3389-4fe8-8f58-9ec54f17b5bc', '54fbabe9-2b70-430f-bb47-da0ef1bf7ed9'),
-- --('89291984-3389-4fe8-8f58-9ec54f17b5bc', '1018f7d5-d4ef-47a1-873d-085588426c72'),
-- --('89291984-3389-4fe8-8f58-9ec54f17b5bc', '536af6c4-fc9a-4fd5-89bb-cb592ed316af'),
-- --('89291984-3389-4fe8-8f58-9ec54f17b5bc', '11b3ca41-d04f-43b4-8f2b-a7dec67d9c61'),
-- --('89291984-3389-4fe8-8f58-9ec54f17b5bc', 'b07a9fc1-c869-4e35-adbe-b2e2627eed68'),
-- --('89291984-3389-4fe8-8f58-9ec54f17b5bc', '0040bf7b-b8d9-46a2-b0d1-54d5e3a6aa76'),
-- --('89291984-3389-4fe8-8f58-9ec54f17b5bc', '0e3c1e2b-f67e-4581-90c6-c9190c33f31f'),
-- --('89291984-3389-4fe8-8f58-9ec54f17b5bc', 'b5a7fe43-e952-442a-a15a-8e8d89367462'),
-- --('89291984-3389-4fe8-8f58-9ec54f17b5bc', '6666ca1d-2d5d-4764-b1bc-ad3fd3740058'),
-- --('89291984-3389-4fe8-8f58-9ec54f17b5bc', '2ef9de7c-98e7-4cf9-9258-ad1ae383a55e'),
-- --('89291984-3389-4fe8-8f58-9ec54f17b5bc', '44adce9b-bbf2-4838-99bb-070ab14d3919'),
-- --('89291984-3389-4fe8-8f58-9ec54f17b5bc', '0c5d44bc-db1c-4848-8d41-6788a7cfd0c5'),
-- --('89291984-3389-4fe8-8f58-9ec54f17b5bc', '9491bccd-37b3-4796-a25d-be30a08c3541'),
-- --('89291984-3389-4fe8-8f58-9ec54f17b5bc', 'c300ad2d-661e-4c0c-bd81-14e95c2d48a8'),
-- --('89291984-3389-4fe8-8f58-9ec54f17b5bc', '423d0985-2f02-4e2a-bf23-1a37fcc3e4be'),
-- --('89291984-3389-4fe8-8f58-9ec54f17b5bc', 'e9061193-6885-4e80-8539-24edabba06a3'),
-- --('89291984-3389-4fe8-8f58-9ec54f17b5bc', 'a825708a-a9e0-405e-86ae-2ac123a109ec'),
-- --('89291984-3389-4fe8-8f58-9ec54f17b5bc', '9a9c5c0d-66b8-477d-a64d-c3d951848b29'),
-- --('89291984-3389-4fe8-8f58-9ec54f17b5bc', '6615fcb9-deb5-4c89-9f75-b3f1cb77e477'),
-- --('89291984-3389-4fe8-8f58-9ec54f17b5bc', '2b1e2526-ad8d-458f-84e9-48268d3a8bc6'),
-- --('89291984-3389-4fe8-8f58-9ec54f17b5bc', '4eea13e9-ee0a-4cd3-aa06-674eee41ba15'),
-- --('89291984-3389-4fe8-8f58-9ec54f17b5bc', '3cde8b05-8857-4095-ae34-2388546c5b76'),
-- --('89291984-3389-4fe8-8f58-9ec54f17b5bc', '4c64db45-bdfe-4931-b9c8-305f30b1cc50'),
-- --('89291984-3389-4fe8-8f58-9ec54f17b5bc', '18305470-b98f-4c23-9ca4-86e6c7dbeac3'),
-- --('89291984-3389-4fe8-8f58-9ec54f17b5bc', '486b0bb3-5ad8-46f8-b299-3e79a9f0009a'),
-- --('89291984-3389-4fe8-8f58-9ec54f17b5bc', '2c6a5f4e-ecab-4fe6-9035-bb33dc270708'),
-- --('89291984-3389-4fe8-8f58-9ec54f17b5bc', '09630a6b-1cef-4a43-9755-ca42ec41d6c9'),
-- --('89291984-3389-4fe8-8f58-9ec54f17b5bc', 'cd06292a-e708-4c38-89f0-716041b77623'),
-- --('89291984-3389-4fe8-8f58-9ec54f17b5bc', '0d394998-765f-45c5-ad29-c83aca9aed63'),
-- --('89291984-3389-4fe8-8f58-9ec54f17b5bc', '9a9ef12b-04bd-4767-8bd7-4542c324ceda'),
-- --('89291984-3389-4fe8-8f58-9ec54f17b5bc', 'ec7c0211-b574-494f-b3bf-0425dfa9f8a8'),
-- --('89291984-3389-4fe8-8f58-9ec54f17b5bc', '42634124-88ef-4bb5-a40c-d7202c8289df'),
-- --('89291984-3389-4fe8-8f58-9ec54f17b5bc', 'af4ff758-c07f-4d08-8a58-78af1dc0ca1c'),
-- --('89291984-3389-4fe8-8f58-9ec54f17b5bc', '7c244170-3402-41d8-8101-e162192e66c9'),
-- --('89291984-3389-4fe8-8f58-9ec54f17b5bc', '9b5474fc-710e-4c94-943f-5bb84d075eb7'),
-- --('89291984-3389-4fe8-8f58-9ec54f17b5bc', '66ba19f3-eb18-48e3-a95e-92e2146f886e'),
-- --('89291984-3389-4fe8-8f58-9ec54f17b5bc', 'e5576d0a-1a33-4f62-bbe2-e870b29bdd71'),
-- --('89291984-3389-4fe8-8f58-9ec54f17b5bc', '56a8aa43-eb9a-4fd2-bf4f-3508a5e83c95'),
-- --('89291984-3389-4fe8-8f58-9ec54f17b5bc', '36fdb857-9e01-4c1c-b42c-ad9ff4f180a2'),
-- --('89291984-3389-4fe8-8f58-9ec54f17b5bc', 'a5d0a653-403d-4895-87e5-94cfafa8c974'),
-- --('89291984-3389-4fe8-8f58-9ec54f17b5bc', '5faa940a-9183-4885-907d-8f344f65a150'),
-- --('89291984-3389-4fe8-8f58-9ec54f17b5bc', 'dd04e3ae-8117-4540-ae3a-78e737ba351c'),
-- --('89291984-3389-4fe8-8f58-9ec54f17b5bc', '6feffc0d-41ba-4e09-bbd8-2653f62dfffe'),
-- --('89291984-3389-4fe8-8f58-9ec54f17b5bc', '502d31b8-d89b-4946-a11d-14fbdb3909b4'),
-- --('89291984-3389-4fe8-8f58-9ec54f17b5bc', '4b5bdfb7-5747-4d13-976a-c75a04ed0cbd'),
-- --('89291984-3389-4fe8-8f58-9ec54f17b5bc', '901b1065-716e-4551-aaa7-10022e81a8bb'),
-- --('89291984-3389-4fe8-8f58-9ec54f17b5bc', 'ed55b369-3f91-4b95-9ee6-36fdbba84550'),
-- --('89291984-3389-4fe8-8f58-9ec54f17b5bc', 'dd3ed168-3f96-4c74-b508-94d620804779'),
-- --('89291984-3389-4fe8-8f58-9ec54f17b5bc', 'bf45b2db-80ef-4fe4-80ec-e20f9b143bd4'),
-- --('89291984-3389-4fe8-8f58-9ec54f17b5bc', '5c28ddbb-358e-45e6-b1d1-b451dc504a94'),
-- --('89291984-3389-4fe8-8f58-9ec54f17b5bc', 'a82e981e-5df8-496b-9985-12cd638d1a13'),
-- --('89291984-3389-4fe8-8f58-9ec54f17b5bc', '735a7f99-bc24-48a7-b2f8-140957b0b9eb'),
-- --('75968ca3-4984-41ac-bbcd-dc899e4215b6', 'd4c95511-492f-46aa-8326-84299acbe8fd'),
-- --('75968ca3-4984-41ac-bbcd-dc899e4215b6', '510acfa4-eddb-4d08-b4ce-30ebf132922f'),
-- --('75968ca3-4984-41ac-bbcd-dc899e4215b6', '28c41f96-ad80-457f-b59b-e948d1bd9135'),
-- --('75968ca3-4984-41ac-bbcd-dc899e4215b6', '92fd24e8-abeb-45d3-a33c-02d24224b78d'),
-- --('75968ca3-4984-41ac-bbcd-dc899e4215b6', 'e7978b8d-a546-4133-a576-778f34985d06'),
-- --('75968ca3-4984-41ac-bbcd-dc899e4215b6', 'd9b6ce05-94a3-4781-976d-707579d6fe5f'),
-- --('75968ca3-4984-41ac-bbcd-dc899e4215b6', '657fabfe-88db-46b4-ba2c-947f36b0ea45'),
-- --('75968ca3-4984-41ac-bbcd-dc899e4215b6', 'db42a4fc-a790-4706-bd0b-c263dbbc2522'),
-- --('75968ca3-4984-41ac-bbcd-dc899e4215b6', '562bb844-3fe4-486c-94a6-28876cdb287d'),
-- --('75968ca3-4984-41ac-bbcd-dc899e4215b6', '126d9bee-996a-4880-b54e-a2ee84b5e822'),
-- --('75968ca3-4984-41ac-bbcd-dc899e4215b6', '44c2a6e0-9437-4bee-b150-ffe0dc1b1c37'),
-- --('75968ca3-4984-41ac-bbcd-dc899e4215b6', '049657d4-138c-4d0b-8d56-245e7f0a841d'),
-- --('75968ca3-4984-41ac-bbcd-dc899e4215b6', 'a9b4b60a-999d-463e-9d75-5ba249c3c91f'),
-- --('75968ca3-4984-41ac-bbcd-dc899e4215b6', '8837d38a-d219-40f5-9bc7-b439e69d17d2'),
-- --('75968ca3-4984-41ac-bbcd-dc899e4215b6', 'b6f8ae11-db74-4c55-a9d7-f8904d4d5825'),
-- --('75968ca3-4984-41ac-bbcd-dc899e4215b6', '59a05b2f-2857-49e0-a5dc-7e1746480dce'),
-- --('75968ca3-4984-41ac-bbcd-dc899e4215b6', 'e9d1a4d9-053f-4a60-a67e-3d59a11feeeb'),
-- --('75968ca3-4984-41ac-bbcd-dc899e4215b6', '3eda0312-2f58-4f02-852d-bec6e4bc344b'),
-- --('75968ca3-4984-41ac-bbcd-dc899e4215b6', 'd2fa3f68-6d70-4707-adda-0268312c25ee'),
-- --('75968ca3-4984-41ac-bbcd-dc899e4215b6', '34698e8c-7ba7-4f52-851b-e2bf6c10426b'),
-- --('75968ca3-4984-41ac-bbcd-dc899e4215b6', '7a5066e5-c755-4f49-9afa-0813626afb04'),
-- --('75968ca3-4984-41ac-bbcd-dc899e4215b6', 'fc77b33f-5f6e-4495-9837-14d8a049882d'),
-- --('75968ca3-4984-41ac-bbcd-dc899e4215b6', '8953f6d9-1e51-4907-b8ee-44cb5b4787d0'),
-- --('75968ca3-4984-41ac-bbcd-dc899e4215b6', '43bcbdaf-3cd6-44e4-add3-aec51dcf2c7d'),
-- --('75968ca3-4984-41ac-bbcd-dc899e4215b6', '919b1e17-6392-42e7-93da-8ebb9b7b5381'),
-- --('75968ca3-4984-41ac-bbcd-dc899e4215b6', '9932d1a2-1ad1-414a-9b75-64efbfc16183'),
-- --('75968ca3-4984-41ac-bbcd-dc899e4215b6', 'ae58cea3-240a-4ae1-969d-bd79a3ae812d'),
-- --('75968ca3-4984-41ac-bbcd-dc899e4215b6', 'a632afda-89b8-46eb-9077-360263230ac3'),
-- --('75968ca3-4984-41ac-bbcd-dc899e4215b6', '850d7b5d-5176-4c42-b2e5-c4c7d5870dce'),
-- --('75968ca3-4984-41ac-bbcd-dc899e4215b6', 'b344f38a-e727-4ee9-8788-fe2b86930ae1'),
-- --('75968ca3-4984-41ac-bbcd-dc899e4215b6', 'cf707aab-5949-4a44-9312-e65ef934f088'),
-- --('75968ca3-4984-41ac-bbcd-dc899e4215b6', '54fbabe9-2b70-430f-bb47-da0ef1bf7ed9'),
-- --('75968ca3-4984-41ac-bbcd-dc899e4215b6', '1018f7d5-d4ef-47a1-873d-085588426c72'),
-- --('75968ca3-4984-41ac-bbcd-dc899e4215b6', '536af6c4-fc9a-4fd5-89bb-cb592ed316af'),
-- --('75968ca3-4984-41ac-bbcd-dc899e4215b6', '11b3ca41-d04f-43b4-8f2b-a7dec67d9c61'),
-- --('75968ca3-4984-41ac-bbcd-dc899e4215b6', 'b07a9fc1-c869-4e35-adbe-b2e2627eed68'),
-- --('75968ca3-4984-41ac-bbcd-dc899e4215b6', '0040bf7b-b8d9-46a2-b0d1-54d5e3a6aa76'),
-- --('75968ca3-4984-41ac-bbcd-dc899e4215b6', '0e3c1e2b-f67e-4581-90c6-c9190c33f31f'),
-- --('75968ca3-4984-41ac-bbcd-dc899e4215b6', 'b5a7fe43-e952-442a-a15a-8e8d89367462'),
-- --('75968ca3-4984-41ac-bbcd-dc899e4215b6', '6666ca1d-2d5d-4764-b1bc-ad3fd3740058'),
-- --('75968ca3-4984-41ac-bbcd-dc899e4215b6', '2ef9de7c-98e7-4cf9-9258-ad1ae383a55e'),
-- --('75968ca3-4984-41ac-bbcd-dc899e4215b6', '44adce9b-bbf2-4838-99bb-070ab14d3919'),
-- --('75968ca3-4984-41ac-bbcd-dc899e4215b6', '0c5d44bc-db1c-4848-8d41-6788a7cfd0c5'),
-- --('75968ca3-4984-41ac-bbcd-dc899e4215b6', '9491bccd-37b3-4796-a25d-be30a08c3541'),
-- --('75968ca3-4984-41ac-bbcd-dc899e4215b6', 'c300ad2d-661e-4c0c-bd81-14e95c2d48a8'),
-- --('75968ca3-4984-41ac-bbcd-dc899e4215b6', '423d0985-2f02-4e2a-bf23-1a37fcc3e4be'),
-- --('75968ca3-4984-41ac-bbcd-dc899e4215b6', 'e9061193-6885-4e80-8539-24edabba06a3'),
-- --('75968ca3-4984-41ac-bbcd-dc899e4215b6', 'a825708a-a9e0-405e-86ae-2ac123a109ec'),
-- --('75968ca3-4984-41ac-bbcd-dc899e4215b6', '9a9c5c0d-66b8-477d-a64d-c3d951848b29'),
-- --('75968ca3-4984-41ac-bbcd-dc899e4215b6', '6615fcb9-deb5-4c89-9f75-b3f1cb77e477'),
-- --('75968ca3-4984-41ac-bbcd-dc899e4215b6', '2b1e2526-ad8d-458f-84e9-48268d3a8bc6'),
-- --('75968ca3-4984-41ac-bbcd-dc899e4215b6', '4eea13e9-ee0a-4cd3-aa06-674eee41ba15'),
-- --('75968ca3-4984-41ac-bbcd-dc899e4215b6', '3cde8b05-8857-4095-ae34-2388546c5b76'),
-- --('75968ca3-4984-41ac-bbcd-dc899e4215b6', '4c64db45-bdfe-4931-b9c8-305f30b1cc50'),
-- --('75968ca3-4984-41ac-bbcd-dc899e4215b6', '18305470-b98f-4c23-9ca4-86e6c7dbeac3'),
-- --('75968ca3-4984-41ac-bbcd-dc899e4215b6', '486b0bb3-5ad8-46f8-b299-3e79a9f0009a'),
-- --('75968ca3-4984-41ac-bbcd-dc899e4215b6', '2c6a5f4e-ecab-4fe6-9035-bb33dc270708'),
-- --('75968ca3-4984-41ac-bbcd-dc899e4215b6', '09630a6b-1cef-4a43-9755-ca42ec41d6c9'),
-- --('75968ca3-4984-41ac-bbcd-dc899e4215b6', 'cd06292a-e708-4c38-89f0-716041b77623'),
-- --('75968ca3-4984-41ac-bbcd-dc899e4215b6', '0d394998-765f-45c5-ad29-c83aca9aed63'),
-- --('75968ca3-4984-41ac-bbcd-dc899e4215b6', '9a9ef12b-04bd-4767-8bd7-4542c324ceda'),
-- --('75968ca3-4984-41ac-bbcd-dc899e4215b6', 'ec7c0211-b574-494f-b3bf-0425dfa9f8a8'),
-- --('75968ca3-4984-41ac-bbcd-dc899e4215b6', '42634124-88ef-4bb5-a40c-d7202c8289df'),
-- --('75968ca3-4984-41ac-bbcd-dc899e4215b6', 'af4ff758-c07f-4d08-8a58-78af1dc0ca1c'),
-- --('75968ca3-4984-41ac-bbcd-dc899e4215b6', '7c244170-3402-41d8-8101-e162192e66c9'),
-- --('75968ca3-4984-41ac-bbcd-dc899e4215b6', '9b5474fc-710e-4c94-943f-5bb84d075eb7'),
-- --('75968ca3-4984-41ac-bbcd-dc899e4215b6', '66ba19f3-eb18-48e3-a95e-92e2146f886e'),
-- --('75968ca3-4984-41ac-bbcd-dc899e4215b6', 'e5576d0a-1a33-4f62-bbe2-e870b29bdd71'),
-- --('75968ca3-4984-41ac-bbcd-dc899e4215b6', '56a8aa43-eb9a-4fd2-bf4f-3508a5e83c95'),
-- --('75968ca3-4984-41ac-bbcd-dc899e4215b6', '36fdb857-9e01-4c1c-b42c-ad9ff4f180a2'),
-- --('75968ca3-4984-41ac-bbcd-dc899e4215b6', 'a5d0a653-403d-4895-87e5-94cfafa8c974'),
-- --('75968ca3-4984-41ac-bbcd-dc899e4215b6', '5faa940a-9183-4885-907d-8f344f65a150'),
-- --('75968ca3-4984-41ac-bbcd-dc899e4215b6', 'dd04e3ae-8117-4540-ae3a-78e737ba351c'),
-- --('75968ca3-4984-41ac-bbcd-dc899e4215b6', '6feffc0d-41ba-4e09-bbd8-2653f62dfffe'),
-- --('75968ca3-4984-41ac-bbcd-dc899e4215b6', '502d31b8-d89b-4946-a11d-14fbdb3909b4'),
-- --('75968ca3-4984-41ac-bbcd-dc899e4215b6', '4b5bdfb7-5747-4d13-976a-c75a04ed0cbd'),
-- --('75968ca3-4984-41ac-bbcd-dc899e4215b6', '901b1065-716e-4551-aaa7-10022e81a8bb'),
-- --('75968ca3-4984-41ac-bbcd-dc899e4215b6', 'ed55b369-3f91-4b95-9ee6-36fdbba84550'),
-- --('75968ca3-4984-41ac-bbcd-dc899e4215b6', 'dd3ed168-3f96-4c74-b508-94d620804779'),
-- --('75968ca3-4984-41ac-bbcd-dc899e4215b6', 'bf45b2db-80ef-4fe4-80ec-e20f9b143bd4'),
-- --('75968ca3-4984-41ac-bbcd-dc899e4215b6', '5c28ddbb-358e-45e6-b1d1-b451dc504a94'),
-- --('75968ca3-4984-41ac-bbcd-dc899e4215b6', 'a82e981e-5df8-496b-9985-12cd638d1a13'),
-- --('75968ca3-4984-41ac-bbcd-dc899e4215b6', '735a7f99-bc24-48a7-b2f8-140957b0b9eb'),
-- --('e7784f3c-b89c-4d7f-a2b6-4cc66e917535', 'd4c95511-492f-46aa-8326-84299acbe8fd'),
-- --('e7784f3c-b89c-4d7f-a2b6-4cc66e917535', '510acfa4-eddb-4d08-b4ce-30ebf132922f'),
-- --('e7784f3c-b89c-4d7f-a2b6-4cc66e917535', '28c41f96-ad80-457f-b59b-e948d1bd9135'),
-- --('e7784f3c-b89c-4d7f-a2b6-4cc66e917535', '92fd24e8-abeb-45d3-a33c-02d24224b78d'),
-- --('e7784f3c-b89c-4d7f-a2b6-4cc66e917535', 'e7978b8d-a546-4133-a576-778f34985d06'),
-- --('e7784f3c-b89c-4d7f-a2b6-4cc66e917535', 'd9b6ce05-94a3-4781-976d-707579d6fe5f'),
-- --('e7784f3c-b89c-4d7f-a2b6-4cc66e917535', '657fabfe-88db-46b4-ba2c-947f36b0ea45'),
-- --('e7784f3c-b89c-4d7f-a2b6-4cc66e917535', 'db42a4fc-a790-4706-bd0b-c263dbbc2522'),
-- --('e7784f3c-b89c-4d7f-a2b6-4cc66e917535', '562bb844-3fe4-486c-94a6-28876cdb287d'),
-- --('e7784f3c-b89c-4d7f-a2b6-4cc66e917535', '126d9bee-996a-4880-b54e-a2ee84b5e822'),
-- --('e7784f3c-b89c-4d7f-a2b6-4cc66e917535', '44c2a6e0-9437-4bee-b150-ffe0dc1b1c37'),
-- --('e7784f3c-b89c-4d7f-a2b6-4cc66e917535', '049657d4-138c-4d0b-8d56-245e7f0a841d'),
-- --('e7784f3c-b89c-4d7f-a2b6-4cc66e917535', 'a9b4b60a-999d-463e-9d75-5ba249c3c91f'),
-- --('e7784f3c-b89c-4d7f-a2b6-4cc66e917535', '8837d38a-d219-40f5-9bc7-b439e69d17d2'),
-- --('e7784f3c-b89c-4d7f-a2b6-4cc66e917535', 'b6f8ae11-db74-4c55-a9d7-f8904d4d5825'),
-- --('e7784f3c-b89c-4d7f-a2b6-4cc66e917535', '59a05b2f-2857-49e0-a5dc-7e1746480dce'),
-- --('e7784f3c-b89c-4d7f-a2b6-4cc66e917535', 'e9d1a4d9-053f-4a60-a67e-3d59a11feeeb'),
-- --('e7784f3c-b89c-4d7f-a2b6-4cc66e917535', '3eda0312-2f58-4f02-852d-bec6e4bc344b'),
-- --('e7784f3c-b89c-4d7f-a2b6-4cc66e917535', 'd2fa3f68-6d70-4707-adda-0268312c25ee'),
-- --('e7784f3c-b89c-4d7f-a2b6-4cc66e917535', '34698e8c-7ba7-4f52-851b-e2bf6c10426b'),
-- --('e7784f3c-b89c-4d7f-a2b6-4cc66e917535', '7a5066e5-c755-4f49-9afa-0813626afb04'),
-- --('e7784f3c-b89c-4d7f-a2b6-4cc66e917535', 'fc77b33f-5f6e-4495-9837-14d8a049882d'),
-- --('e7784f3c-b89c-4d7f-a2b6-4cc66e917535', '8953f6d9-1e51-4907-b8ee-44cb5b4787d0'),
-- --('e7784f3c-b89c-4d7f-a2b6-4cc66e917535', '43bcbdaf-3cd6-44e4-add3-aec51dcf2c7d'),
-- --('e7784f3c-b89c-4d7f-a2b6-4cc66e917535', '919b1e17-6392-42e7-93da-8ebb9b7b5381'),
-- --('e7784f3c-b89c-4d7f-a2b6-4cc66e917535', '9932d1a2-1ad1-414a-9b75-64efbfc16183'),
-- --('e7784f3c-b89c-4d7f-a2b6-4cc66e917535', 'ae58cea3-240a-4ae1-969d-bd79a3ae812d'),
-- --('e7784f3c-b89c-4d7f-a2b6-4cc66e917535', 'a632afda-89b8-46eb-9077-360263230ac3'),
-- --('e7784f3c-b89c-4d7f-a2b6-4cc66e917535', '850d7b5d-5176-4c42-b2e5-c4c7d5870dce'),
-- --('e7784f3c-b89c-4d7f-a2b6-4cc66e917535', 'b344f38a-e727-4ee9-8788-fe2b86930ae1'),
-- --('e7784f3c-b89c-4d7f-a2b6-4cc66e917535', 'cf707aab-5949-4a44-9312-e65ef934f088'),
-- --('e7784f3c-b89c-4d7f-a2b6-4cc66e917535', '54fbabe9-2b70-430f-bb47-da0ef1bf7ed9'),
-- --('e7784f3c-b89c-4d7f-a2b6-4cc66e917535', '1018f7d5-d4ef-47a1-873d-085588426c72'),
-- --('e7784f3c-b89c-4d7f-a2b6-4cc66e917535', '536af6c4-fc9a-4fd5-89bb-cb592ed316af'),
-- --('e7784f3c-b89c-4d7f-a2b6-4cc66e917535', '11b3ca41-d04f-43b4-8f2b-a7dec67d9c61'),
-- --('e7784f3c-b89c-4d7f-a2b6-4cc66e917535', 'b07a9fc1-c869-4e35-adbe-b2e2627eed68'),
-- --('e7784f3c-b89c-4d7f-a2b6-4cc66e917535', '0040bf7b-b8d9-46a2-b0d1-54d5e3a6aa76'),
-- --('e7784f3c-b89c-4d7f-a2b6-4cc66e917535', '0e3c1e2b-f67e-4581-90c6-c9190c33f31f'),
-- --('e7784f3c-b89c-4d7f-a2b6-4cc66e917535', 'b5a7fe43-e952-442a-a15a-8e8d89367462'),
-- --('e7784f3c-b89c-4d7f-a2b6-4cc66e917535', '6666ca1d-2d5d-4764-b1bc-ad3fd3740058'),
-- --('e7784f3c-b89c-4d7f-a2b6-4cc66e917535', '2ef9de7c-98e7-4cf9-9258-ad1ae383a55e'),
-- --('e7784f3c-b89c-4d7f-a2b6-4cc66e917535', '44adce9b-bbf2-4838-99bb-070ab14d3919'),
-- --('e7784f3c-b89c-4d7f-a2b6-4cc66e917535', '0c5d44bc-db1c-4848-8d41-6788a7cfd0c5'),
-- --('e7784f3c-b89c-4d7f-a2b6-4cc66e917535', '9491bccd-37b3-4796-a25d-be30a08c3541'),
-- --('e7784f3c-b89c-4d7f-a2b6-4cc66e917535', 'c300ad2d-661e-4c0c-bd81-14e95c2d48a8'),
-- --('e7784f3c-b89c-4d7f-a2b6-4cc66e917535', '423d0985-2f02-4e2a-bf23-1a37fcc3e4be'),
-- --('e7784f3c-b89c-4d7f-a2b6-4cc66e917535', 'e9061193-6885-4e80-8539-24edabba06a3'),
-- --('e7784f3c-b89c-4d7f-a2b6-4cc66e917535', 'a825708a-a9e0-405e-86ae-2ac123a109ec'),
-- --('e7784f3c-b89c-4d7f-a2b6-4cc66e917535', '9a9c5c0d-66b8-477d-a64d-c3d951848b29'),
-- --('e7784f3c-b89c-4d7f-a2b6-4cc66e917535', '6615fcb9-deb5-4c89-9f75-b3f1cb77e477'),
-- --('e7784f3c-b89c-4d7f-a2b6-4cc66e917535', '2b1e2526-ad8d-458f-84e9-48268d3a8bc6'),
-- --('e7784f3c-b89c-4d7f-a2b6-4cc66e917535', '4eea13e9-ee0a-4cd3-aa06-674eee41ba15'),
-- --('e7784f3c-b89c-4d7f-a2b6-4cc66e917535', '3cde8b05-8857-4095-ae34-2388546c5b76'),
-- --('e7784f3c-b89c-4d7f-a2b6-4cc66e917535', '4c64db45-bdfe-4931-b9c8-305f30b1cc50'),
-- --('e7784f3c-b89c-4d7f-a2b6-4cc66e917535', '18305470-b98f-4c23-9ca4-86e6c7dbeac3'),
-- --('e7784f3c-b89c-4d7f-a2b6-4cc66e917535', '486b0bb3-5ad8-46f8-b299-3e79a9f0009a'),
-- --('e7784f3c-b89c-4d7f-a2b6-4cc66e917535', '2c6a5f4e-ecab-4fe6-9035-bb33dc270708'),
-- --('e7784f3c-b89c-4d7f-a2b6-4cc66e917535', '09630a6b-1cef-4a43-9755-ca42ec41d6c9'),
-- --('e7784f3c-b89c-4d7f-a2b6-4cc66e917535', 'cd06292a-e708-4c38-89f0-716041b77623'),
-- --('e7784f3c-b89c-4d7f-a2b6-4cc66e917535', '0d394998-765f-45c5-ad29-c83aca9aed63'),
-- --('e7784f3c-b89c-4d7f-a2b6-4cc66e917535', '9a9ef12b-04bd-4767-8bd7-4542c324ceda'),
-- --('e7784f3c-b89c-4d7f-a2b6-4cc66e917535', 'ec7c0211-b574-494f-b3bf-0425dfa9f8a8'),
-- --('e7784f3c-b89c-4d7f-a2b6-4cc66e917535', '42634124-88ef-4bb5-a40c-d7202c8289df'),
-- --('e7784f3c-b89c-4d7f-a2b6-4cc66e917535', 'af4ff758-c07f-4d08-8a58-78af1dc0ca1c'),
-- --('e7784f3c-b89c-4d7f-a2b6-4cc66e917535', '7c244170-3402-41d8-8101-e162192e66c9'),
-- --('e7784f3c-b89c-4d7f-a2b6-4cc66e917535', '9b5474fc-710e-4c94-943f-5bb84d075eb7'),
-- --('e7784f3c-b89c-4d7f-a2b6-4cc66e917535', '66ba19f3-eb18-48e3-a95e-92e2146f886e'),
-- --('e7784f3c-b89c-4d7f-a2b6-4cc66e917535', 'e5576d0a-1a33-4f62-bbe2-e870b29bdd71'),
-- --('e7784f3c-b89c-4d7f-a2b6-4cc66e917535', '56a8aa43-eb9a-4fd2-bf4f-3508a5e83c95'),
-- --('e7784f3c-b89c-4d7f-a2b6-4cc66e917535', '36fdb857-9e01-4c1c-b42c-ad9ff4f180a2'),
-- --('e7784f3c-b89c-4d7f-a2b6-4cc66e917535', 'a5d0a653-403d-4895-87e5-94cfafa8c974'),
-- --('e7784f3c-b89c-4d7f-a2b6-4cc66e917535', '5faa940a-9183-4885-907d-8f344f65a150'),
-- --('e7784f3c-b89c-4d7f-a2b6-4cc66e917535', 'dd04e3ae-8117-4540-ae3a-78e737ba351c'),
-- --('e7784f3c-b89c-4d7f-a2b6-4cc66e917535', '6feffc0d-41ba-4e09-bbd8-2653f62dfffe'),
-- --('e7784f3c-b89c-4d7f-a2b6-4cc66e917535', '502d31b8-d89b-4946-a11d-14fbdb3909b4'),
-- --('e7784f3c-b89c-4d7f-a2b6-4cc66e917535', '4b5bdfb7-5747-4d13-976a-c75a04ed0cbd'),
-- --('e7784f3c-b89c-4d7f-a2b6-4cc66e917535', '901b1065-716e-4551-aaa7-10022e81a8bb'),
-- --('e7784f3c-b89c-4d7f-a2b6-4cc66e917535', 'ed55b369-3f91-4b95-9ee6-36fdbba84550'),
-- --('e7784f3c-b89c-4d7f-a2b6-4cc66e917535', 'dd3ed168-3f96-4c74-b508-94d620804779'),
-- --('e7784f3c-b89c-4d7f-a2b6-4cc66e917535', 'bf45b2db-80ef-4fe4-80ec-e20f9b143bd4'),
-- --('e7784f3c-b89c-4d7f-a2b6-4cc66e917535', '5c28ddbb-358e-45e6-b1d1-b451dc504a94'),
-- --('e7784f3c-b89c-4d7f-a2b6-4cc66e917535', 'a82e981e-5df8-496b-9985-12cd638d1a13'),
-- --('e7784f3c-b89c-4d7f-a2b6-4cc66e917535', '735a7f99-bc24-48a7-b2f8-140957b0b9eb');

-- INSERT INTO [ServiceTypeStatuses] ([ServiceTypeId], [ServiceStatusId]) VALUES
-- ('8b1f70d8-f765-4cff-8f70-e0b3407abcc2', 'a888efc3-1d7b-445a-b38c-758737b67bad'),
-- ('8b1f70d8-f765-4cff-8f70-e0b3407abcc2', 'a53e9887-2186-4ff8-a009-f7706c800b52'),
-- ('8b1f70d8-f765-4cff-8f70-e0b3407abcc2', '8a9f22f1-3c67-49f7-bd84-ec290e4a37fd'),
-- ('8b1f70d8-f765-4cff-8f70-e0b3407abcc2', '3f98b502-7245-4e86-b7b4-7db05357a1f8'),
-- ('8b1f70d8-f765-4cff-8f70-e0b3407abcc2', 'a7d1f0e8-2a6f-4b9d-aa1c-10f58a1d5d32'),
-- ('8b1f70d8-f765-4cff-8f70-e0b3407abcc2', '0774e101-f1a3-4186-af1e-af95a26e9ead'),
-- ('1fd6800d-d81f-4f73-945a-3fee4e076331', 'a888efc3-1d7b-445a-b38c-758737b67bad'),
-- ('1fd6800d-d81f-4f73-945a-3fee4e076331', 'a53e9887-2186-4ff8-a009-f7706c800b52'),
-- ('1fd6800d-d81f-4f73-945a-3fee4e076331', '8a9f22f1-3c67-49f7-bd84-ec290e4a37fd'),
-- ('1fd6800d-d81f-4f73-945a-3fee4e076331', '0815e9cf-98c7-4a6a-b27b-43d9b8d1f5a2'),
-- ('1fd6800d-d81f-4f73-945a-3fee4e076331', '3f98b502-7245-4e86-b7b4-7db05357a1f8'),
-- ('1fd6800d-d81f-4f73-945a-3fee4e076331', 'a7d1f0e8-2a6f-4b9d-aa1c-10f58a1d5d32'),
-- ('1fd6800d-d81f-4f73-945a-3fee4e076331', '0774e101-f1a3-4186-af1e-af95a26e9ead'),
-- ('8b8565e4-3629-45fa-8a02-2a3cc223189f', 'a888efc3-1d7b-445a-b38c-758737b67bad'),
-- ('8b8565e4-3629-45fa-8a02-2a3cc223189f', 'a53e9887-2186-4ff8-a009-f7706c800b52'),
-- ('8b8565e4-3629-45fa-8a02-2a3cc223189f', '8a9f22f1-3c67-49f7-bd84-ec290e4a37fd'),
-- ('8b8565e4-3629-45fa-8a02-2a3cc223189f', '3f98b502-7245-4e86-b7b4-7db05357a1f8'),
-- ('8b8565e4-3629-45fa-8a02-2a3cc223189f', 'a7d1f0e8-2a6f-4b9d-aa1c-10f58a1d5d32'),
-- ('8b8565e4-3629-45fa-8a02-2a3cc223189f', '0774e101-f1a3-4186-af1e-af95a26e9ead'),
-- ('fdb466e5-a983-43d2-bc98-b2d890148907', 'a888efc3-1d7b-445a-b38c-758737b67bad'),
-- ('fdb466e5-a983-43d2-bc98-b2d890148907', 'a53e9887-2186-4ff8-a009-f7706c800b52'),
-- ('fdb466e5-a983-43d2-bc98-b2d890148907', '8a9f22f1-3c67-49f7-bd84-ec290e4a37fd'),
-- ('fdb466e5-a983-43d2-bc98-b2d890148907', '0815e9cf-98c7-4a6a-b27b-43d9b8d1f5a2'),
-- ('fdb466e5-a983-43d2-bc98-b2d890148907', '3f98b502-7245-4e86-b7b4-7db05357a1f8'),
-- ('fdb466e5-a983-43d2-bc98-b2d890148907', 'a7d1f0e8-2a6f-4b9d-aa1c-10f58a1d5d32'),
-- ('fdb466e5-a983-43d2-bc98-b2d890148907', '0774e101-f1a3-4186-af1e-af95a26e9ead'),
-- ('39ee46a3-77bf-43fb-8fac-82d8ca2fc4f9', 'a888efc3-1d7b-445a-b38c-758737b67bad'),
-- ('39ee46a3-77bf-43fb-8fac-82d8ca2fc4f9', 'a53e9887-2186-4ff8-a009-f7706c800b52'),
-- ('39ee46a3-77bf-43fb-8fac-82d8ca2fc4f9', '8a9f22f1-3c67-49f7-bd84-ec290e4a37fd'),
-- ('39ee46a3-77bf-43fb-8fac-82d8ca2fc4f9', '3f98b502-7245-4e86-b7b4-7db05357a1f8'),
-- ('39ee46a3-77bf-43fb-8fac-82d8ca2fc4f9', 'a7d1f0e8-2a6f-4b9d-aa1c-10f58a1d5d32'),
-- ('39ee46a3-77bf-43fb-8fac-82d8ca2fc4f9', '0774e101-f1a3-4186-af1e-af95a26e9ead'),
-- ('eb765dba-ccb7-49f7-b43d-04ea15558ed4', 'a888efc3-1d7b-445a-b38c-758737b67bad'),
-- ('eb765dba-ccb7-49f7-b43d-04ea15558ed4', 'a53e9887-2186-4ff8-a009-f7706c800b52'),
-- ('eb765dba-ccb7-49f7-b43d-04ea15558ed4', '8a9f22f1-3c67-49f7-bd84-ec290e4a37fd'),
-- ('eb765dba-ccb7-49f7-b43d-04ea15558ed4', '0815e9cf-98c7-4a6a-b27b-43d9b8d1f5a2'),
-- ('eb765dba-ccb7-49f7-b43d-04ea15558ed4', '3f98b502-7245-4e86-b7b4-7db05357a1f8'),
-- ('eb765dba-ccb7-49f7-b43d-04ea15558ed4', 'a7d1f0e8-2a6f-4b9d-aa1c-10f58a1d5d32'),
-- ('eb765dba-ccb7-49f7-b43d-04ea15558ed4', '0774e101-f1a3-4186-af1e-af95a26e9ead'),
-- --('d44290b5-9fa0-42c0-b5cf-f2e9980721b8', 'a888efc3-1d7b-445a-b38c-758737b67bad'),
-- --('d44290b5-9fa0-42c0-b5cf-f2e9980721b8', 'a53e9887-2186-4ff8-a009-f7706c800b52'),
-- --('d44290b5-9fa0-42c0-b5cf-f2e9980721b8', '8a9f22f1-3c67-49f7-bd84-ec290e4a37fd'),
-- --('d44290b5-9fa0-42c0-b5cf-f2e9980721b8', '0815e9cf-98c7-4a6a-b27b-43d9b8d1f5a2'),
-- --('d44290b5-9fa0-42c0-b5cf-f2e9980721b8', '3f98b502-7245-4e86-b7b4-7db05357a1f8'),
-- --('d44290b5-9fa0-42c0-b5cf-f2e9980721b8', 'a7d1f0e8-2a6f-4b9d-aa1c-10f58a1d5d32'),
-- --('d44290b5-9fa0-42c0-b5cf-f2e9980721b8', '0774e101-f1a3-4186-af1e-af95a26e9ead'),
-- --('1b1587c7-13d1-4606-a8b1-76cc1f05093a', 'a888efc3-1d7b-445a-b38c-758737b67bad'),
-- --('1b1587c7-13d1-4606-a8b1-76cc1f05093a', 'a53e9887-2186-4ff8-a009-f7706c800b52'),
-- --('1b1587c7-13d1-4606-a8b1-76cc1f05093a', '8a9f22f1-3c67-49f7-bd84-ec290e4a37fd'),
-- --('1b1587c7-13d1-4606-a8b1-76cc1f05093a', '0815e9cf-98c7-4a6a-b27b-43d9b8d1f5a2'),
-- --('1b1587c7-13d1-4606-a8b1-76cc1f05093a', '3f98b502-7245-4e86-b7b4-7db05357a1f8'),
-- --('1b1587c7-13d1-4606-a8b1-76cc1f05093a', 'a7d1f0e8-2a6f-4b9d-aa1c-10f58a1d5d32'),
-- --('1b1587c7-13d1-4606-a8b1-76cc1f05093a', '0774e101-f1a3-4186-af1e-af95a26e9ead'),
-- --('f3d729cb-0a23-4369-aad5-2c2cb9e94ebf', 'a888efc3-1d7b-445a-b38c-758737b67bad'),
-- --('f3d729cb-0a23-4369-aad5-2c2cb9e94ebf', 'a53e9887-2186-4ff8-a009-f7706c800b52'),
-- --('f3d729cb-0a23-4369-aad5-2c2cb9e94ebf', '8a9f22f1-3c67-49f7-bd84-ec290e4a37fd'),
-- --('f3d729cb-0a23-4369-aad5-2c2cb9e94ebf', '0815e9cf-98c7-4a6a-b27b-43d9b8d1f5a2'),
-- --('f3d729cb-0a23-4369-aad5-2c2cb9e94ebf', '3f98b502-7245-4e86-b7b4-7db05357a1f8'),
-- --('f3d729cb-0a23-4369-aad5-2c2cb9e94ebf', 'a7d1f0e8-2a6f-4b9d-aa1c-10f58a1d5d32'),
-- --('f3d729cb-0a23-4369-aad5-2c2cb9e94ebf', '0774e101-f1a3-4186-af1e-af95a26e9ead'),
-- --('95e967ae-68f4-4a40-8fc7-8073014430ed', 'a888efc3-1d7b-445a-b38c-758737b67bad'),
-- --('95e967ae-68f4-4a40-8fc7-8073014430ed', 'a53e9887-2186-4ff8-a009-f7706c800b52'),
-- --('95e967ae-68f4-4a40-8fc7-8073014430ed', '8a9f22f1-3c67-49f7-bd84-ec290e4a37fd'),
-- --('95e967ae-68f4-4a40-8fc7-8073014430ed', '0815e9cf-98c7-4a6a-b27b-43d9b8d1f5a2'),
-- --('95e967ae-68f4-4a40-8fc7-8073014430ed', '3f98b502-7245-4e86-b7b4-7db05357a1f8'),
-- --('95e967ae-68f4-4a40-8fc7-8073014430ed', 'a7d1f0e8-2a6f-4b9d-aa1c-10f58a1d5d32'),
-- --('95e967ae-68f4-4a40-8fc7-8073014430ed', '0774e101-f1a3-4186-af1e-af95a26e9ead'),
-- --('7f00c28b-87cd-47fe-a736-157118091675', 'a888efc3-1d7b-445a-b38c-758737b67bad'),
-- --('7f00c28b-87cd-47fe-a736-157118091675', 'a53e9887-2186-4ff8-a009-f7706c800b52'),
-- --('7f00c28b-87cd-47fe-a736-157118091675', '8a9f22f1-3c67-49f7-bd84-ec290e4a37fd'),
-- --('7f00c28b-87cd-47fe-a736-157118091675', '0815e9cf-98c7-4a6a-b27b-43d9b8d1f5a2'),
-- --('7f00c28b-87cd-47fe-a736-157118091675', '3f98b502-7245-4e86-b7b4-7db05357a1f8'),
-- --('7f00c28b-87cd-47fe-a736-157118091675', 'a7d1f0e8-2a6f-4b9d-aa1c-10f58a1d5d32'),
-- --('7f00c28b-87cd-47fe-a736-157118091675', '0774e101-f1a3-4186-af1e-af95a26e9ead'),
-- --('25c9c567-5119-4140-a70b-5c3a1d1c3250', 'a888efc3-1d7b-445a-b38c-758737b67bad'),
-- --('25c9c567-5119-4140-a70b-5c3a1d1c3250', 'a53e9887-2186-4ff8-a009-f7706c800b52'),
-- --('25c9c567-5119-4140-a70b-5c3a1d1c3250', '8a9f22f1-3c67-49f7-bd84-ec290e4a37fd'),
-- --('25c9c567-5119-4140-a70b-5c3a1d1c3250', '3f98b502-7245-4e86-b7b4-7db05357a1f8'),
-- --('25c9c567-5119-4140-a70b-5c3a1d1c3250', 'a7d1f0e8-2a6f-4b9d-aa1c-10f58a1d5d32'),
-- --('25c9c567-5119-4140-a70b-5c3a1d1c3250', '0774e101-f1a3-4186-af1e-af95a26e9ead'),
-- --('6ee8adfe-323c-4648-aa94-37f6ece6083f', 'a888efc3-1d7b-445a-b38c-758737b67bad'),
-- --('6ee8adfe-323c-4648-aa94-37f6ece6083f', 'a53e9887-2186-4ff8-a009-f7706c800b52'),
-- --('6ee8adfe-323c-4648-aa94-37f6ece6083f', '8a9f22f1-3c67-49f7-bd84-ec290e4a37fd'),
-- --('6ee8adfe-323c-4648-aa94-37f6ece6083f', '3f98b502-7245-4e86-b7b4-7db05357a1f8'),
-- --('6ee8adfe-323c-4648-aa94-37f6ece6083f', 'a7d1f0e8-2a6f-4b9d-aa1c-10f58a1d5d32'),
-- --('6ee8adfe-323c-4648-aa94-37f6ece6083f', '0774e101-f1a3-4186-af1e-af95a26e9ead'),
-- --('cb217b7f-f921-4568-8d1c-bf891f6b38f0', 'a888efc3-1d7b-445a-b38c-758737b67bad'),
-- --('cb217b7f-f921-4568-8d1c-bf891f6b38f0', 'a53e9887-2186-4ff8-a009-f7706c800b52'),
-- --('cb217b7f-f921-4568-8d1c-bf891f6b38f0', '8a9f22f1-3c67-49f7-bd84-ec290e4a37fd'),
-- --('cb217b7f-f921-4568-8d1c-bf891f6b38f0', '0815e9cf-98c7-4a6a-b27b-43d9b8d1f5a2'),
-- --('cb217b7f-f921-4568-8d1c-bf891f6b38f0', '3f98b502-7245-4e86-b7b4-7db05357a1f8'),
-- --('cb217b7f-f921-4568-8d1c-bf891f6b38f0', 'a7d1f0e8-2a6f-4b9d-aa1c-10f58a1d5d32'),
-- --('cb217b7f-f921-4568-8d1c-bf891f6b38f0', '0774e101-f1a3-4186-af1e-af95a26e9ead'),
-- ('96a7c6f2-73c2-4330-9629-c3441598ab94', 'a888efc3-1d7b-445a-b38c-758737b67bad'),
-- ('96a7c6f2-73c2-4330-9629-c3441598ab94', 'a53e9887-2186-4ff8-a009-f7706c800b52'),
-- ('96a7c6f2-73c2-4330-9629-c3441598ab94', '8a9f22f1-3c67-49f7-bd84-ec290e4a37fd'),
-- ('96a7c6f2-73c2-4330-9629-c3441598ab94', '0815e9cf-98c7-4a6a-b27b-43d9b8d1f5a2'),
-- ('96a7c6f2-73c2-4330-9629-c3441598ab94', '3f98b502-7245-4e86-b7b4-7db05357a1f8'),
-- ('96a7c6f2-73c2-4330-9629-c3441598ab94', 'a7d1f0e8-2a6f-4b9d-aa1c-10f58a1d5d32'),
-- ('96a7c6f2-73c2-4330-9629-c3441598ab94', '0774e101-f1a3-4186-af1e-af95a26e9ead');
-- --('5a47d275-cd05-4521-9fe4-3aebbc8af90d', 'a888efc3-1d7b-445a-b38c-758737b67bad'),
-- --('5a47d275-cd05-4521-9fe4-3aebbc8af90d', 'a53e9887-2186-4ff8-a009-f7706c800b52'),
-- --('5a47d275-cd05-4521-9fe4-3aebbc8af90d', '8a9f22f1-3c67-49f7-bd84-ec290e4a37fd'),
-- --('5a47d275-cd05-4521-9fe4-3aebbc8af90d', '0815e9cf-98c7-4a6a-b27b-43d9b8d1f5a2'),
-- --('5a47d275-cd05-4521-9fe4-3aebbc8af90d', '3f98b502-7245-4e86-b7b4-7db05357a1f8'),
-- --('5a47d275-cd05-4521-9fe4-3aebbc8af90d', 'a7d1f0e8-2a6f-4b9d-aa1c-10f58a1d5d32'),
-- --('5a47d275-cd05-4521-9fe4-3aebbc8af90d', '0774e101-f1a3-4186-af1e-af95a26e9ead'),
-- --('20393b46-1f86-48ee-90e5-f8c20b90ff7a', 'a888efc3-1d7b-445a-b38c-758737b67bad'),
-- --('20393b46-1f86-48ee-90e5-f8c20b90ff7a', 'a53e9887-2186-4ff8-a009-f7706c800b52'),
-- --('20393b46-1f86-48ee-90e5-f8c20b90ff7a', '8a9f22f1-3c67-49f7-bd84-ec290e4a37fd'),
-- --('20393b46-1f86-48ee-90e5-f8c20b90ff7a', '3f98b502-7245-4e86-b7b4-7db05357a1f8'),
-- --('20393b46-1f86-48ee-90e5-f8c20b90ff7a', 'a7d1f0e8-2a6f-4b9d-aa1c-10f58a1d5d32'),
-- --('20393b46-1f86-48ee-90e5-f8c20b90ff7a', '0774e101-f1a3-4186-af1e-af95a26e9ead'),
-- --('c2523753-a16d-4839-910f-03b224019649', 'a888efc3-1d7b-445a-b38c-758737b67bad'),
-- --('c2523753-a16d-4839-910f-03b224019649', 'a53e9887-2186-4ff8-a009-f7706c800b52'),
-- --('c2523753-a16d-4839-910f-03b224019649', '8a9f22f1-3c67-49f7-bd84-ec290e4a37fd'),
-- --('c2523753-a16d-4839-910f-03b224019649', '3f98b502-7245-4e86-b7b4-7db05357a1f8'),
-- --('c2523753-a16d-4839-910f-03b224019649', 'a7d1f0e8-2a6f-4b9d-aa1c-10f58a1d5d32'),
-- --('c2523753-a16d-4839-910f-03b224019649', '0774e101-f1a3-4186-af1e-af95a26e9ead');

-- INSERT INTO [SkillServiceTypes] ([SkillId], [ServiceTypeId]) VALUES
-- ('d4c95511-492f-46aa-8326-84299acbe8fd', '8b1f70d8-f765-4cff-8f70-e0b3407abcc2'),
-- ('510acfa4-eddb-4d08-b4ce-30ebf132922f', '8b1f70d8-f765-4cff-8f70-e0b3407abcc2'),
-- ('28c41f96-ad80-457f-b59b-e948d1bd9135', '8b1f70d8-f765-4cff-8f70-e0b3407abcc2'),
-- ('92fd24e8-abeb-45d3-a33c-02d24224b78d', '8b1f70d8-f765-4cff-8f70-e0b3407abcc2'),
-- ('e7978b8d-a546-4133-a576-778f34985d06', '8b1f70d8-f765-4cff-8f70-e0b3407abcc2'),
-- ('d9b6ce05-94a3-4781-976d-707579d6fe5f', '8b1f70d8-f765-4cff-8f70-e0b3407abcc2'),
-- ('657fabfe-88db-46b4-ba2c-947f36b0ea45', '8b1f70d8-f765-4cff-8f70-e0b3407abcc2'),
-- ('db42a4fc-a790-4706-bd0b-c263dbbc2522', '8b1f70d8-f765-4cff-8f70-e0b3407abcc2'),
-- ('562bb844-3fe4-486c-94a6-28876cdb287d', '8b1f70d8-f765-4cff-8f70-e0b3407abcc2'),
-- ('126d9bee-996a-4880-b54e-a2ee84b5e822', '8b1f70d8-f765-4cff-8f70-e0b3407abcc2'),
-- ('44c2a6e0-9437-4bee-b150-ffe0dc1b1c37', '8b1f70d8-f765-4cff-8f70-e0b3407abcc2'),
-- ('049657d4-138c-4d0b-8d56-245e7f0a841d', '8b1f70d8-f765-4cff-8f70-e0b3407abcc2'),
-- ('a9b4b60a-999d-463e-9d75-5ba249c3c91f', '8b1f70d8-f765-4cff-8f70-e0b3407abcc2'),
-- ('8837d38a-d219-40f5-9bc7-b439e69d17d2', '8b1f70d8-f765-4cff-8f70-e0b3407abcc2'),
-- ('b6f8ae11-db74-4c55-a9d7-f8904d4d5825', '8b1f70d8-f765-4cff-8f70-e0b3407abcc2'),
-- ('59a05b2f-2857-49e0-a5dc-7e1746480dce', '8b1f70d8-f765-4cff-8f70-e0b3407abcc2'),
-- ('e9d1a4d9-053f-4a60-a67e-3d59a11feeeb', '8b1f70d8-f765-4cff-8f70-e0b3407abcc2'),
-- ('3eda0312-2f58-4f02-852d-bec6e4bc344b', '8b1f70d8-f765-4cff-8f70-e0b3407abcc2'),
-- ('d2fa3f68-6d70-4707-adda-0268312c25ee', '8b1f70d8-f765-4cff-8f70-e0b3407abcc2'),
-- ('34698e8c-7ba7-4f52-851b-e2bf6c10426b', '8b1f70d8-f765-4cff-8f70-e0b3407abcc2'),
-- ('7a5066e5-c755-4f49-9afa-0813626afb04', '8b1f70d8-f765-4cff-8f70-e0b3407abcc2'),
-- ('fc77b33f-5f6e-4495-9837-14d8a049882d', '8b1f70d8-f765-4cff-8f70-e0b3407abcc2'),
-- ('8953f6d9-1e51-4907-b8ee-44cb5b4787d0', '8b1f70d8-f765-4cff-8f70-e0b3407abcc2'),
-- ('43bcbdaf-3cd6-44e4-add3-aec51dcf2c7d', '8b1f70d8-f765-4cff-8f70-e0b3407abcc2'),
-- ('919b1e17-6392-42e7-93da-8ebb9b7b5381', '8b1f70d8-f765-4cff-8f70-e0b3407abcc2'),
-- ('9932d1a2-1ad1-414a-9b75-64efbfc16183', '8b1f70d8-f765-4cff-8f70-e0b3407abcc2'),
-- ('ae58cea3-240a-4ae1-969d-bd79a3ae812d', '8b1f70d8-f765-4cff-8f70-e0b3407abcc2'),
-- ('a632afda-89b8-46eb-9077-360263230ac3', '8b1f70d8-f765-4cff-8f70-e0b3407abcc2'),
-- ('850d7b5d-5176-4c42-b2e5-c4c7d5870dce', '8b1f70d8-f765-4cff-8f70-e0b3407abcc2'),
-- ('b344f38a-e727-4ee9-8788-fe2b86930ae1', '8b1f70d8-f765-4cff-8f70-e0b3407abcc2'),
-- ('cf707aab-5949-4a44-9312-e65ef934f088', '8b1f70d8-f765-4cff-8f70-e0b3407abcc2'),
-- ('54fbabe9-2b70-430f-bb47-da0ef1bf7ed9', '8b1f70d8-f765-4cff-8f70-e0b3407abcc2'),
-- ('1018f7d5-d4ef-47a1-873d-085588426c72', '8b1f70d8-f765-4cff-8f70-e0b3407abcc2'),
-- ('536af6c4-fc9a-4fd5-89bb-cb592ed316af', '8b1f70d8-f765-4cff-8f70-e0b3407abcc2'),
-- ('11b3ca41-d04f-43b4-8f2b-a7dec67d9c61', '8b1f70d8-f765-4cff-8f70-e0b3407abcc2'),
-- ('b07a9fc1-c869-4e35-adbe-b2e2627eed68', '8b1f70d8-f765-4cff-8f70-e0b3407abcc2'),
-- ('0040bf7b-b8d9-46a2-b0d1-54d5e3a6aa76', '8b1f70d8-f765-4cff-8f70-e0b3407abcc2'),
-- ('0e3c1e2b-f67e-4581-90c6-c9190c33f31f', '8b1f70d8-f765-4cff-8f70-e0b3407abcc2'),
-- ('b5a7fe43-e952-442a-a15a-8e8d89367462', '8b1f70d8-f765-4cff-8f70-e0b3407abcc2'),
-- ('6666ca1d-2d5d-4764-b1bc-ad3fd3740058', '8b1f70d8-f765-4cff-8f70-e0b3407abcc2'),
-- ('2ef9de7c-98e7-4cf9-9258-ad1ae383a55e', '8b1f70d8-f765-4cff-8f70-e0b3407abcc2'),
-- ('44adce9b-bbf2-4838-99bb-070ab14d3919', '8b1f70d8-f765-4cff-8f70-e0b3407abcc2'),
-- ('0c5d44bc-db1c-4848-8d41-6788a7cfd0c5', '8b1f70d8-f765-4cff-8f70-e0b3407abcc2'),
-- ('9491bccd-37b3-4796-a25d-be30a08c3541', '8b1f70d8-f765-4cff-8f70-e0b3407abcc2'),
-- ('c300ad2d-661e-4c0c-bd81-14e95c2d48a8', '8b1f70d8-f765-4cff-8f70-e0b3407abcc2'),
-- ('423d0985-2f02-4e2a-bf23-1a37fcc3e4be', '8b1f70d8-f765-4cff-8f70-e0b3407abcc2'),
-- ('e9061193-6885-4e80-8539-24edabba06a3', '8b1f70d8-f765-4cff-8f70-e0b3407abcc2'),
-- ('a825708a-a9e0-405e-86ae-2ac123a109ec', '8b1f70d8-f765-4cff-8f70-e0b3407abcc2'),
-- ('9a9c5c0d-66b8-477d-a64d-c3d951848b29', '8b1f70d8-f765-4cff-8f70-e0b3407abcc2'),
-- ('6615fcb9-deb5-4c89-9f75-b3f1cb77e477', '8b1f70d8-f765-4cff-8f70-e0b3407abcc2'),
-- ('2b1e2526-ad8d-458f-84e9-48268d3a8bc6', '8b1f70d8-f765-4cff-8f70-e0b3407abcc2'),
-- ('4eea13e9-ee0a-4cd3-aa06-674eee41ba15', '8b1f70d8-f765-4cff-8f70-e0b3407abcc2'),
-- ('3cde8b05-8857-4095-ae34-2388546c5b76', '8b1f70d8-f765-4cff-8f70-e0b3407abcc2'),
-- ('4c64db45-bdfe-4931-b9c8-305f30b1cc50', '8b1f70d8-f765-4cff-8f70-e0b3407abcc2'),
-- ('18305470-b98f-4c23-9ca4-86e6c7dbeac3', '8b1f70d8-f765-4cff-8f70-e0b3407abcc2'),
-- ('486b0bb3-5ad8-46f8-b299-3e79a9f0009a', '8b1f70d8-f765-4cff-8f70-e0b3407abcc2'),
-- ('2c6a5f4e-ecab-4fe6-9035-bb33dc270708', '8b1f70d8-f765-4cff-8f70-e0b3407abcc2'),
-- ('09630a6b-1cef-4a43-9755-ca42ec41d6c9', '8b1f70d8-f765-4cff-8f70-e0b3407abcc2'),
-- ('cd06292a-e708-4c38-89f0-716041b77623', '8b1f70d8-f765-4cff-8f70-e0b3407abcc2'),
-- ('0d394998-765f-45c5-ad29-c83aca9aed63', '8b1f70d8-f765-4cff-8f70-e0b3407abcc2'),
-- ('9a9ef12b-04bd-4767-8bd7-4542c324ceda', '8b1f70d8-f765-4cff-8f70-e0b3407abcc2'),
-- ('ec7c0211-b574-494f-b3bf-0425dfa9f8a8', '8b1f70d8-f765-4cff-8f70-e0b3407abcc2'),
-- ('42634124-88ef-4bb5-a40c-d7202c8289df', '8b1f70d8-f765-4cff-8f70-e0b3407abcc2'),
-- ('af4ff758-c07f-4d08-8a58-78af1dc0ca1c', '8b1f70d8-f765-4cff-8f70-e0b3407abcc2'),
-- ('7c244170-3402-41d8-8101-e162192e66c9', '8b1f70d8-f765-4cff-8f70-e0b3407abcc2'),
-- ('9b5474fc-710e-4c94-943f-5bb84d075eb7', '8b1f70d8-f765-4cff-8f70-e0b3407abcc2'),
-- ('66ba19f3-eb18-48e3-a95e-92e2146f886e', '8b1f70d8-f765-4cff-8f70-e0b3407abcc2'),
-- ('e5576d0a-1a33-4f62-bbe2-e870b29bdd71', '8b1f70d8-f765-4cff-8f70-e0b3407abcc2'),
-- ('56a8aa43-eb9a-4fd2-bf4f-3508a5e83c95', '8b1f70d8-f765-4cff-8f70-e0b3407abcc2'),
-- ('36fdb857-9e01-4c1c-b42c-ad9ff4f180a2', '8b1f70d8-f765-4cff-8f70-e0b3407abcc2'),
-- ('a5d0a653-403d-4895-87e5-94cfafa8c974', '8b1f70d8-f765-4cff-8f70-e0b3407abcc2'),
-- ('5faa940a-9183-4885-907d-8f344f65a150', '8b1f70d8-f765-4cff-8f70-e0b3407abcc2'),
-- ('dd04e3ae-8117-4540-ae3a-78e737ba351c', '8b1f70d8-f765-4cff-8f70-e0b3407abcc2'),
-- ('6feffc0d-41ba-4e09-bbd8-2653f62dfffe', '8b1f70d8-f765-4cff-8f70-e0b3407abcc2'),
-- ('502d31b8-d89b-4946-a11d-14fbdb3909b4', '8b1f70d8-f765-4cff-8f70-e0b3407abcc2'),
-- ('4b5bdfb7-5747-4d13-976a-c75a04ed0cbd', '8b1f70d8-f765-4cff-8f70-e0b3407abcc2'),
-- ('901b1065-716e-4551-aaa7-10022e81a8bb', '8b1f70d8-f765-4cff-8f70-e0b3407abcc2'),
-- ('ed55b369-3f91-4b95-9ee6-36fdbba84550', '8b1f70d8-f765-4cff-8f70-e0b3407abcc2'),
-- ('dd3ed168-3f96-4c74-b508-94d620804779', '8b1f70d8-f765-4cff-8f70-e0b3407abcc2'),
-- ('bf45b2db-80ef-4fe4-80ec-e20f9b143bd4', '8b1f70d8-f765-4cff-8f70-e0b3407abcc2'),
-- ('5c28ddbb-358e-45e6-b1d1-b451dc504a94', '8b1f70d8-f765-4cff-8f70-e0b3407abcc2'),
-- ('a82e981e-5df8-496b-9985-12cd638d1a13', '8b1f70d8-f765-4cff-8f70-e0b3407abcc2'),
-- ('735a7f99-bc24-48a7-b2f8-140957b0b9eb', '8b1f70d8-f765-4cff-8f70-e0b3407abcc2'),
-- ('d4c95511-492f-46aa-8326-84299acbe8fd', '1fd6800d-d81f-4f73-945a-3fee4e076331'),
-- ('510acfa4-eddb-4d08-b4ce-30ebf132922f', '1fd6800d-d81f-4f73-945a-3fee4e076331'),
-- ('28c41f96-ad80-457f-b59b-e948d1bd9135', '1fd6800d-d81f-4f73-945a-3fee4e076331'),
-- ('92fd24e8-abeb-45d3-a33c-02d24224b78d', '1fd6800d-d81f-4f73-945a-3fee4e076331'),
-- ('e7978b8d-a546-4133-a576-778f34985d06', '1fd6800d-d81f-4f73-945a-3fee4e076331'),
-- ('d9b6ce05-94a3-4781-976d-707579d6fe5f', '1fd6800d-d81f-4f73-945a-3fee4e076331'),
-- ('657fabfe-88db-46b4-ba2c-947f36b0ea45', '1fd6800d-d81f-4f73-945a-3fee4e076331'),
-- ('db42a4fc-a790-4706-bd0b-c263dbbc2522', '1fd6800d-d81f-4f73-945a-3fee4e076331'),
-- ('562bb844-3fe4-486c-94a6-28876cdb287d', '1fd6800d-d81f-4f73-945a-3fee4e076331'),
-- ('126d9bee-996a-4880-b54e-a2ee84b5e822', '1fd6800d-d81f-4f73-945a-3fee4e076331'),
-- ('44c2a6e0-9437-4bee-b150-ffe0dc1b1c37', '1fd6800d-d81f-4f73-945a-3fee4e076331'),
-- ('049657d4-138c-4d0b-8d56-245e7f0a841d', '1fd6800d-d81f-4f73-945a-3fee4e076331'),
-- ('a9b4b60a-999d-463e-9d75-5ba249c3c91f', '1fd6800d-d81f-4f73-945a-3fee4e076331'),
-- ('8837d38a-d219-40f5-9bc7-b439e69d17d2', '1fd6800d-d81f-4f73-945a-3fee4e076331'),
-- ('b6f8ae11-db74-4c55-a9d7-f8904d4d5825', '1fd6800d-d81f-4f73-945a-3fee4e076331'),
-- ('59a05b2f-2857-49e0-a5dc-7e1746480dce', '1fd6800d-d81f-4f73-945a-3fee4e076331'),
-- ('e9d1a4d9-053f-4a60-a67e-3d59a11feeeb', '1fd6800d-d81f-4f73-945a-3fee4e076331'),
-- ('3eda0312-2f58-4f02-852d-bec6e4bc344b', '1fd6800d-d81f-4f73-945a-3fee4e076331'),
-- ('d2fa3f68-6d70-4707-adda-0268312c25ee', '1fd6800d-d81f-4f73-945a-3fee4e076331'),
-- ('34698e8c-7ba7-4f52-851b-e2bf6c10426b', '1fd6800d-d81f-4f73-945a-3fee4e076331'),
-- ('7a5066e5-c755-4f49-9afa-0813626afb04', '1fd6800d-d81f-4f73-945a-3fee4e076331'),
-- ('fc77b33f-5f6e-4495-9837-14d8a049882d', '1fd6800d-d81f-4f73-945a-3fee4e076331'),
-- ('8953f6d9-1e51-4907-b8ee-44cb5b4787d0', '1fd6800d-d81f-4f73-945a-3fee4e076331'),
-- ('43bcbdaf-3cd6-44e4-add3-aec51dcf2c7d', '1fd6800d-d81f-4f73-945a-3fee4e076331'),
-- ('919b1e17-6392-42e7-93da-8ebb9b7b5381', '1fd6800d-d81f-4f73-945a-3fee4e076331'),
-- ('9932d1a2-1ad1-414a-9b75-64efbfc16183', '1fd6800d-d81f-4f73-945a-3fee4e076331'),
-- ('ae58cea3-240a-4ae1-969d-bd79a3ae812d', '1fd6800d-d81f-4f73-945a-3fee4e076331'),
-- ('a632afda-89b8-46eb-9077-360263230ac3', '1fd6800d-d81f-4f73-945a-3fee4e076331'),
-- ('850d7b5d-5176-4c42-b2e5-c4c7d5870dce', '1fd6800d-d81f-4f73-945a-3fee4e076331'),
-- ('b344f38a-e727-4ee9-8788-fe2b86930ae1', '1fd6800d-d81f-4f73-945a-3fee4e076331'),
-- ('cf707aab-5949-4a44-9312-e65ef934f088', '1fd6800d-d81f-4f73-945a-3fee4e076331'),
-- ('54fbabe9-2b70-430f-bb47-da0ef1bf7ed9', '1fd6800d-d81f-4f73-945a-3fee4e076331'),
-- ('1018f7d5-d4ef-47a1-873d-085588426c72', '1fd6800d-d81f-4f73-945a-3fee4e076331'),
-- ('536af6c4-fc9a-4fd5-89bb-cb592ed316af', '1fd6800d-d81f-4f73-945a-3fee4e076331'),
-- ('11b3ca41-d04f-43b4-8f2b-a7dec67d9c61', '1fd6800d-d81f-4f73-945a-3fee4e076331'),
-- ('b07a9fc1-c869-4e35-adbe-b2e2627eed68', '1fd6800d-d81f-4f73-945a-3fee4e076331'),
-- ('0040bf7b-b8d9-46a2-b0d1-54d5e3a6aa76', '1fd6800d-d81f-4f73-945a-3fee4e076331'),
-- ('0e3c1e2b-f67e-4581-90c6-c9190c33f31f', '1fd6800d-d81f-4f73-945a-3fee4e076331'),
-- ('b5a7fe43-e952-442a-a15a-8e8d89367462', '1fd6800d-d81f-4f73-945a-3fee4e076331'),
-- ('6666ca1d-2d5d-4764-b1bc-ad3fd3740058', '1fd6800d-d81f-4f73-945a-3fee4e076331'),
-- ('2ef9de7c-98e7-4cf9-9258-ad1ae383a55e', '1fd6800d-d81f-4f73-945a-3fee4e076331'),
-- ('44adce9b-bbf2-4838-99bb-070ab14d3919', '1fd6800d-d81f-4f73-945a-3fee4e076331'),
-- ('0c5d44bc-db1c-4848-8d41-6788a7cfd0c5', '1fd6800d-d81f-4f73-945a-3fee4e076331'),
-- ('9491bccd-37b3-4796-a25d-be30a08c3541', '1fd6800d-d81f-4f73-945a-3fee4e076331'),
-- ('c300ad2d-661e-4c0c-bd81-14e95c2d48a8', '1fd6800d-d81f-4f73-945a-3fee4e076331'),
-- ('423d0985-2f02-4e2a-bf23-1a37fcc3e4be', '1fd6800d-d81f-4f73-945a-3fee4e076331'),
-- ('e9061193-6885-4e80-8539-24edabba06a3', '1fd6800d-d81f-4f73-945a-3fee4e076331'),
-- ('a825708a-a9e0-405e-86ae-2ac123a109ec', '1fd6800d-d81f-4f73-945a-3fee4e076331'),
-- ('9a9c5c0d-66b8-477d-a64d-c3d951848b29', '1fd6800d-d81f-4f73-945a-3fee4e076331'),
-- ('6615fcb9-deb5-4c89-9f75-b3f1cb77e477', '1fd6800d-d81f-4f73-945a-3fee4e076331'),
-- ('2b1e2526-ad8d-458f-84e9-48268d3a8bc6', '1fd6800d-d81f-4f73-945a-3fee4e076331'),
-- ('4eea13e9-ee0a-4cd3-aa06-674eee41ba15', '1fd6800d-d81f-4f73-945a-3fee4e076331'),
-- ('3cde8b05-8857-4095-ae34-2388546c5b76', '1fd6800d-d81f-4f73-945a-3fee4e076331'),
-- ('4c64db45-bdfe-4931-b9c8-305f30b1cc50', '1fd6800d-d81f-4f73-945a-3fee4e076331'),
-- ('18305470-b98f-4c23-9ca4-86e6c7dbeac3', '1fd6800d-d81f-4f73-945a-3fee4e076331'),
-- ('486b0bb3-5ad8-46f8-b299-3e79a9f0009a', '1fd6800d-d81f-4f73-945a-3fee4e076331'),
-- ('2c6a5f4e-ecab-4fe6-9035-bb33dc270708', '1fd6800d-d81f-4f73-945a-3fee4e076331'),
-- ('09630a6b-1cef-4a43-9755-ca42ec41d6c9', '1fd6800d-d81f-4f73-945a-3fee4e076331'),
-- ('cd06292a-e708-4c38-89f0-716041b77623', '1fd6800d-d81f-4f73-945a-3fee4e076331'),
-- ('0d394998-765f-45c5-ad29-c83aca9aed63', '1fd6800d-d81f-4f73-945a-3fee4e076331'),
-- ('9a9ef12b-04bd-4767-8bd7-4542c324ceda', '1fd6800d-d81f-4f73-945a-3fee4e076331'),
-- ('ec7c0211-b574-494f-b3bf-0425dfa9f8a8', '1fd6800d-d81f-4f73-945a-3fee4e076331'),
-- ('42634124-88ef-4bb5-a40c-d7202c8289df', '1fd6800d-d81f-4f73-945a-3fee4e076331'),
-- ('af4ff758-c07f-4d08-8a58-78af1dc0ca1c', '1fd6800d-d81f-4f73-945a-3fee4e076331'),
-- ('7c244170-3402-41d8-8101-e162192e66c9', '1fd6800d-d81f-4f73-945a-3fee4e076331'),
-- ('9b5474fc-710e-4c94-943f-5bb84d075eb7', '1fd6800d-d81f-4f73-945a-3fee4e076331'),
-- ('66ba19f3-eb18-48e3-a95e-92e2146f886e', '1fd6800d-d81f-4f73-945a-3fee4e076331'),
-- ('e5576d0a-1a33-4f62-bbe2-e870b29bdd71', '1fd6800d-d81f-4f73-945a-3fee4e076331'),
-- ('56a8aa43-eb9a-4fd2-bf4f-3508a5e83c95', '1fd6800d-d81f-4f73-945a-3fee4e076331'),
-- ('36fdb857-9e01-4c1c-b42c-ad9ff4f180a2', '1fd6800d-d81f-4f73-945a-3fee4e076331'),
-- ('a5d0a653-403d-4895-87e5-94cfafa8c974', '1fd6800d-d81f-4f73-945a-3fee4e076331'),
-- ('5faa940a-9183-4885-907d-8f344f65a150', '1fd6800d-d81f-4f73-945a-3fee4e076331'),
-- ('dd04e3ae-8117-4540-ae3a-78e737ba351c', '1fd6800d-d81f-4f73-945a-3fee4e076331'),
-- ('6feffc0d-41ba-4e09-bbd8-2653f62dfffe', '1fd6800d-d81f-4f73-945a-3fee4e076331'),
-- ('502d31b8-d89b-4946-a11d-14fbdb3909b4', '1fd6800d-d81f-4f73-945a-3fee4e076331'),
-- ('4b5bdfb7-5747-4d13-976a-c75a04ed0cbd', '1fd6800d-d81f-4f73-945a-3fee4e076331'),
-- ('901b1065-716e-4551-aaa7-10022e81a8bb', '1fd6800d-d81f-4f73-945a-3fee4e076331'),
-- ('ed55b369-3f91-4b95-9ee6-36fdbba84550', '1fd6800d-d81f-4f73-945a-3fee4e076331'),
-- ('dd3ed168-3f96-4c74-b508-94d620804779', '1fd6800d-d81f-4f73-945a-3fee4e076331'),
-- ('bf45b2db-80ef-4fe4-80ec-e20f9b143bd4', '1fd6800d-d81f-4f73-945a-3fee4e076331'),
-- ('5c28ddbb-358e-45e6-b1d1-b451dc504a94', '1fd6800d-d81f-4f73-945a-3fee4e076331'),
-- ('a82e981e-5df8-496b-9985-12cd638d1a13', '1fd6800d-d81f-4f73-945a-3fee4e076331'),
-- ('735a7f99-bc24-48a7-b2f8-140957b0b9eb', '1fd6800d-d81f-4f73-945a-3fee4e076331'),
-- ('d4c95511-492f-46aa-8326-84299acbe8fd', '8b8565e4-3629-45fa-8a02-2a3cc223189f'),
-- ('510acfa4-eddb-4d08-b4ce-30ebf132922f', '8b8565e4-3629-45fa-8a02-2a3cc223189f'),
-- ('28c41f96-ad80-457f-b59b-e948d1bd9135', '8b8565e4-3629-45fa-8a02-2a3cc223189f'),
-- ('92fd24e8-abeb-45d3-a33c-02d24224b78d', '8b8565e4-3629-45fa-8a02-2a3cc223189f'),
-- ('e7978b8d-a546-4133-a576-778f34985d06', '8b8565e4-3629-45fa-8a02-2a3cc223189f'),
-- ('d9b6ce05-94a3-4781-976d-707579d6fe5f', '8b8565e4-3629-45fa-8a02-2a3cc223189f'),
-- ('657fabfe-88db-46b4-ba2c-947f36b0ea45', '8b8565e4-3629-45fa-8a02-2a3cc223189f'),
-- ('db42a4fc-a790-4706-bd0b-c263dbbc2522', '8b8565e4-3629-45fa-8a02-2a3cc223189f'),
-- ('562bb844-3fe4-486c-94a6-28876cdb287d', '8b8565e4-3629-45fa-8a02-2a3cc223189f'),
-- ('126d9bee-996a-4880-b54e-a2ee84b5e822', '8b8565e4-3629-45fa-8a02-2a3cc223189f'),
-- ('44c2a6e0-9437-4bee-b150-ffe0dc1b1c37', '8b8565e4-3629-45fa-8a02-2a3cc223189f'),
-- ('049657d4-138c-4d0b-8d56-245e7f0a841d', '8b8565e4-3629-45fa-8a02-2a3cc223189f'),
-- ('a9b4b60a-999d-463e-9d75-5ba249c3c91f', '8b8565e4-3629-45fa-8a02-2a3cc223189f'),
-- ('8837d38a-d219-40f5-9bc7-b439e69d17d2', '8b8565e4-3629-45fa-8a02-2a3cc223189f'),
-- ('b6f8ae11-db74-4c55-a9d7-f8904d4d5825', '8b8565e4-3629-45fa-8a02-2a3cc223189f'),
-- ('59a05b2f-2857-49e0-a5dc-7e1746480dce', '8b8565e4-3629-45fa-8a02-2a3cc223189f'),
-- ('e9d1a4d9-053f-4a60-a67e-3d59a11feeeb', '8b8565e4-3629-45fa-8a02-2a3cc223189f'),
-- ('3eda0312-2f58-4f02-852d-bec6e4bc344b', '8b8565e4-3629-45fa-8a02-2a3cc223189f'),
-- ('d2fa3f68-6d70-4707-adda-0268312c25ee', '8b8565e4-3629-45fa-8a02-2a3cc223189f'),
-- ('34698e8c-7ba7-4f52-851b-e2bf6c10426b', '8b8565e4-3629-45fa-8a02-2a3cc223189f'),
-- ('7a5066e5-c755-4f49-9afa-0813626afb04', '8b8565e4-3629-45fa-8a02-2a3cc223189f'),
-- ('fc77b33f-5f6e-4495-9837-14d8a049882d', '8b8565e4-3629-45fa-8a02-2a3cc223189f'),
-- ('8953f6d9-1e51-4907-b8ee-44cb5b4787d0', '8b8565e4-3629-45fa-8a02-2a3cc223189f'),
-- ('43bcbdaf-3cd6-44e4-add3-aec51dcf2c7d', '8b8565e4-3629-45fa-8a02-2a3cc223189f'),
-- ('919b1e17-6392-42e7-93da-8ebb9b7b5381', '8b8565e4-3629-45fa-8a02-2a3cc223189f'),
-- ('9932d1a2-1ad1-414a-9b75-64efbfc16183', '8b8565e4-3629-45fa-8a02-2a3cc223189f'),
-- ('ae58cea3-240a-4ae1-969d-bd79a3ae812d', '8b8565e4-3629-45fa-8a02-2a3cc223189f'),
-- ('a632afda-89b8-46eb-9077-360263230ac3', '8b8565e4-3629-45fa-8a02-2a3cc223189f'),
-- ('850d7b5d-5176-4c42-b2e5-c4c7d5870dce', '8b8565e4-3629-45fa-8a02-2a3cc223189f'),
-- ('b344f38a-e727-4ee9-8788-fe2b86930ae1', '8b8565e4-3629-45fa-8a02-2a3cc223189f'),
-- ('cf707aab-5949-4a44-9312-e65ef934f088', '8b8565e4-3629-45fa-8a02-2a3cc223189f'),
-- ('54fbabe9-2b70-430f-bb47-da0ef1bf7ed9', '8b8565e4-3629-45fa-8a02-2a3cc223189f'),
-- ('1018f7d5-d4ef-47a1-873d-085588426c72', '8b8565e4-3629-45fa-8a02-2a3cc223189f'),
-- ('536af6c4-fc9a-4fd5-89bb-cb592ed316af', '8b8565e4-3629-45fa-8a02-2a3cc223189f'),
-- ('11b3ca41-d04f-43b4-8f2b-a7dec67d9c61', '8b8565e4-3629-45fa-8a02-2a3cc223189f'),
-- ('b07a9fc1-c869-4e35-adbe-b2e2627eed68', '8b8565e4-3629-45fa-8a02-2a3cc223189f'),
-- ('0040bf7b-b8d9-46a2-b0d1-54d5e3a6aa76', '8b8565e4-3629-45fa-8a02-2a3cc223189f'),
-- ('0e3c1e2b-f67e-4581-90c6-c9190c33f31f', '8b8565e4-3629-45fa-8a02-2a3cc223189f'),
-- ('b5a7fe43-e952-442a-a15a-8e8d89367462', '8b8565e4-3629-45fa-8a02-2a3cc223189f'),
-- ('6666ca1d-2d5d-4764-b1bc-ad3fd3740058', '8b8565e4-3629-45fa-8a02-2a3cc223189f'),
-- ('2ef9de7c-98e7-4cf9-9258-ad1ae383a55e', '8b8565e4-3629-45fa-8a02-2a3cc223189f'),
-- ('44adce9b-bbf2-4838-99bb-070ab14d3919', '8b8565e4-3629-45fa-8a02-2a3cc223189f'),
-- ('0c5d44bc-db1c-4848-8d41-6788a7cfd0c5', '8b8565e4-3629-45fa-8a02-2a3cc223189f'),
-- ('9491bccd-37b3-4796-a25d-be30a08c3541', '8b8565e4-3629-45fa-8a02-2a3cc223189f'),
-- ('c300ad2d-661e-4c0c-bd81-14e95c2d48a8', '8b8565e4-3629-45fa-8a02-2a3cc223189f'),
-- ('423d0985-2f02-4e2a-bf23-1a37fcc3e4be', '8b8565e4-3629-45fa-8a02-2a3cc223189f'),
-- ('e9061193-6885-4e80-8539-24edabba06a3', '8b8565e4-3629-45fa-8a02-2a3cc223189f'),
-- ('a825708a-a9e0-405e-86ae-2ac123a109ec', '8b8565e4-3629-45fa-8a02-2a3cc223189f'),
-- ('9a9c5c0d-66b8-477d-a64d-c3d951848b29', '8b8565e4-3629-45fa-8a02-2a3cc223189f'),
-- ('6615fcb9-deb5-4c89-9f75-b3f1cb77e477', '8b8565e4-3629-45fa-8a02-2a3cc223189f'),
-- ('2b1e2526-ad8d-458f-84e9-48268d3a8bc6', '8b8565e4-3629-45fa-8a02-2a3cc223189f'),
-- ('4eea13e9-ee0a-4cd3-aa06-674eee41ba15', '8b8565e4-3629-45fa-8a02-2a3cc223189f'),
-- ('3cde8b05-8857-4095-ae34-2388546c5b76', '8b8565e4-3629-45fa-8a02-2a3cc223189f'),
-- ('4c64db45-bdfe-4931-b9c8-305f30b1cc50', '8b8565e4-3629-45fa-8a02-2a3cc223189f'),
-- ('18305470-b98f-4c23-9ca4-86e6c7dbeac3', '8b8565e4-3629-45fa-8a02-2a3cc223189f'),
-- ('486b0bb3-5ad8-46f8-b299-3e79a9f0009a', '8b8565e4-3629-45fa-8a02-2a3cc223189f'),
-- ('2c6a5f4e-ecab-4fe6-9035-bb33dc270708', '8b8565e4-3629-45fa-8a02-2a3cc223189f'),
-- ('09630a6b-1cef-4a43-9755-ca42ec41d6c9', '8b8565e4-3629-45fa-8a02-2a3cc223189f'),
-- ('cd06292a-e708-4c38-89f0-716041b77623', '8b8565e4-3629-45fa-8a02-2a3cc223189f'),
-- ('0d394998-765f-45c5-ad29-c83aca9aed63', '8b8565e4-3629-45fa-8a02-2a3cc223189f'),
-- ('9a9ef12b-04bd-4767-8bd7-4542c324ceda', '8b8565e4-3629-45fa-8a02-2a3cc223189f'),
-- ('ec7c0211-b574-494f-b3bf-0425dfa9f8a8', '8b8565e4-3629-45fa-8a02-2a3cc223189f'),
-- ('42634124-88ef-4bb5-a40c-d7202c8289df', '8b8565e4-3629-45fa-8a02-2a3cc223189f'),
-- ('af4ff758-c07f-4d08-8a58-78af1dc0ca1c', '8b8565e4-3629-45fa-8a02-2a3cc223189f'),
-- ('7c244170-3402-41d8-8101-e162192e66c9', '8b8565e4-3629-45fa-8a02-2a3cc223189f'),
-- ('9b5474fc-710e-4c94-943f-5bb84d075eb7', '8b8565e4-3629-45fa-8a02-2a3cc223189f'),
-- ('66ba19f3-eb18-48e3-a95e-92e2146f886e', '8b8565e4-3629-45fa-8a02-2a3cc223189f'),
-- ('e5576d0a-1a33-4f62-bbe2-e870b29bdd71', '8b8565e4-3629-45fa-8a02-2a3cc223189f'),
-- ('56a8aa43-eb9a-4fd2-bf4f-3508a5e83c95', '8b8565e4-3629-45fa-8a02-2a3cc223189f'),
-- ('36fdb857-9e01-4c1c-b42c-ad9ff4f180a2', '8b8565e4-3629-45fa-8a02-2a3cc223189f'),
-- ('a5d0a653-403d-4895-87e5-94cfafa8c974', '8b8565e4-3629-45fa-8a02-2a3cc223189f'),
-- ('5faa940a-9183-4885-907d-8f344f65a150', '8b8565e4-3629-45fa-8a02-2a3cc223189f'),
-- ('dd04e3ae-8117-4540-ae3a-78e737ba351c', '8b8565e4-3629-45fa-8a02-2a3cc223189f'),
-- ('6feffc0d-41ba-4e09-bbd8-2653f62dfffe', '8b8565e4-3629-45fa-8a02-2a3cc223189f'),
-- ('502d31b8-d89b-4946-a11d-14fbdb3909b4', '8b8565e4-3629-45fa-8a02-2a3cc223189f'),
-- ('4b5bdfb7-5747-4d13-976a-c75a04ed0cbd', '8b8565e4-3629-45fa-8a02-2a3cc223189f'),
-- ('901b1065-716e-4551-aaa7-10022e81a8bb', '8b8565e4-3629-45fa-8a02-2a3cc223189f'),
-- ('ed55b369-3f91-4b95-9ee6-36fdbba84550', '8b8565e4-3629-45fa-8a02-2a3cc223189f'),
-- ('dd3ed168-3f96-4c74-b508-94d620804779', '8b8565e4-3629-45fa-8a02-2a3cc223189f'),
-- ('bf45b2db-80ef-4fe4-80ec-e20f9b143bd4', '8b8565e4-3629-45fa-8a02-2a3cc223189f'),
-- ('5c28ddbb-358e-45e6-b1d1-b451dc504a94', '8b8565e4-3629-45fa-8a02-2a3cc223189f'),
-- ('a82e981e-5df8-496b-9985-12cd638d1a13', '8b8565e4-3629-45fa-8a02-2a3cc223189f'),
-- ('735a7f99-bc24-48a7-b2f8-140957b0b9eb', '8b8565e4-3629-45fa-8a02-2a3cc223189f'),
-- ('d4c95511-492f-46aa-8326-84299acbe8fd', 'fdb466e5-a983-43d2-bc98-b2d890148907'),
-- ('510acfa4-eddb-4d08-b4ce-30ebf132922f', 'fdb466e5-a983-43d2-bc98-b2d890148907'),
-- ('28c41f96-ad80-457f-b59b-e948d1bd9135', 'fdb466e5-a983-43d2-bc98-b2d890148907'),
-- ('92fd24e8-abeb-45d3-a33c-02d24224b78d', 'fdb466e5-a983-43d2-bc98-b2d890148907'),
-- ('e7978b8d-a546-4133-a576-778f34985d06', 'fdb466e5-a983-43d2-bc98-b2d890148907'),
-- ('d9b6ce05-94a3-4781-976d-707579d6fe5f', 'fdb466e5-a983-43d2-bc98-b2d890148907'),
-- ('657fabfe-88db-46b4-ba2c-947f36b0ea45', 'fdb466e5-a983-43d2-bc98-b2d890148907'),
-- ('db42a4fc-a790-4706-bd0b-c263dbbc2522', 'fdb466e5-a983-43d2-bc98-b2d890148907'),
-- ('562bb844-3fe4-486c-94a6-28876cdb287d', 'fdb466e5-a983-43d2-bc98-b2d890148907'),
-- ('126d9bee-996a-4880-b54e-a2ee84b5e822', 'fdb466e5-a983-43d2-bc98-b2d890148907'),
-- ('44c2a6e0-9437-4bee-b150-ffe0dc1b1c37', 'fdb466e5-a983-43d2-bc98-b2d890148907'),
-- ('049657d4-138c-4d0b-8d56-245e7f0a841d', 'fdb466e5-a983-43d2-bc98-b2d890148907'),
-- ('a9b4b60a-999d-463e-9d75-5ba249c3c91f', 'fdb466e5-a983-43d2-bc98-b2d890148907'),
-- ('8837d38a-d219-40f5-9bc7-b439e69d17d2', 'fdb466e5-a983-43d2-bc98-b2d890148907'),
-- ('b6f8ae11-db74-4c55-a9d7-f8904d4d5825', 'fdb466e5-a983-43d2-bc98-b2d890148907'),
-- ('59a05b2f-2857-49e0-a5dc-7e1746480dce', 'fdb466e5-a983-43d2-bc98-b2d890148907'),
-- ('e9d1a4d9-053f-4a60-a67e-3d59a11feeeb', 'fdb466e5-a983-43d2-bc98-b2d890148907'),
-- ('3eda0312-2f58-4f02-852d-bec6e4bc344b', 'fdb466e5-a983-43d2-bc98-b2d890148907'),
-- ('d2fa3f68-6d70-4707-adda-0268312c25ee', 'fdb466e5-a983-43d2-bc98-b2d890148907'),
-- ('34698e8c-7ba7-4f52-851b-e2bf6c10426b', 'fdb466e5-a983-43d2-bc98-b2d890148907'),
-- ('7a5066e5-c755-4f49-9afa-0813626afb04', 'fdb466e5-a983-43d2-bc98-b2d890148907'),
-- ('fc77b33f-5f6e-4495-9837-14d8a049882d', 'fdb466e5-a983-43d2-bc98-b2d890148907'),
-- ('8953f6d9-1e51-4907-b8ee-44cb5b4787d0', 'fdb466e5-a983-43d2-bc98-b2d890148907'),
-- ('43bcbdaf-3cd6-44e4-add3-aec51dcf2c7d', 'fdb466e5-a983-43d2-bc98-b2d890148907'),
-- ('919b1e17-6392-42e7-93da-8ebb9b7b5381', 'fdb466e5-a983-43d2-bc98-b2d890148907'),
-- ('9932d1a2-1ad1-414a-9b75-64efbfc16183', 'fdb466e5-a983-43d2-bc98-b2d890148907'),
-- ('ae58cea3-240a-4ae1-969d-bd79a3ae812d', 'fdb466e5-a983-43d2-bc98-b2d890148907'),
-- ('a632afda-89b8-46eb-9077-360263230ac3', 'fdb466e5-a983-43d2-bc98-b2d890148907'),
-- ('850d7b5d-5176-4c42-b2e5-c4c7d5870dce', 'fdb466e5-a983-43d2-bc98-b2d890148907'),
-- ('b344f38a-e727-4ee9-8788-fe2b86930ae1', 'fdb466e5-a983-43d2-bc98-b2d890148907'),
-- ('cf707aab-5949-4a44-9312-e65ef934f088', 'fdb466e5-a983-43d2-bc98-b2d890148907'),
-- ('54fbabe9-2b70-430f-bb47-da0ef1bf7ed9', 'fdb466e5-a983-43d2-bc98-b2d890148907'),
-- ('1018f7d5-d4ef-47a1-873d-085588426c72', 'fdb466e5-a983-43d2-bc98-b2d890148907'),
-- ('536af6c4-fc9a-4fd5-89bb-cb592ed316af', 'fdb466e5-a983-43d2-bc98-b2d890148907'),
-- ('11b3ca41-d04f-43b4-8f2b-a7dec67d9c61', 'fdb466e5-a983-43d2-bc98-b2d890148907'),
-- ('b07a9fc1-c869-4e35-adbe-b2e2627eed68', 'fdb466e5-a983-43d2-bc98-b2d890148907'),
-- ('0040bf7b-b8d9-46a2-b0d1-54d5e3a6aa76', 'fdb466e5-a983-43d2-bc98-b2d890148907'),
-- ('0e3c1e2b-f67e-4581-90c6-c9190c33f31f', 'fdb466e5-a983-43d2-bc98-b2d890148907'),
-- ('b5a7fe43-e952-442a-a15a-8e8d89367462', 'fdb466e5-a983-43d2-bc98-b2d890148907'),
-- ('6666ca1d-2d5d-4764-b1bc-ad3fd3740058', 'fdb466e5-a983-43d2-bc98-b2d890148907'),
-- ('2ef9de7c-98e7-4cf9-9258-ad1ae383a55e', 'fdb466e5-a983-43d2-bc98-b2d890148907'),
-- ('44adce9b-bbf2-4838-99bb-070ab14d3919', 'fdb466e5-a983-43d2-bc98-b2d890148907'),
-- ('0c5d44bc-db1c-4848-8d41-6788a7cfd0c5', 'fdb466e5-a983-43d2-bc98-b2d890148907'),
-- ('9491bccd-37b3-4796-a25d-be30a08c3541', 'fdb466e5-a983-43d2-bc98-b2d890148907'),
-- ('c300ad2d-661e-4c0c-bd81-14e95c2d48a8', 'fdb466e5-a983-43d2-bc98-b2d890148907'),
-- ('423d0985-2f02-4e2a-bf23-1a37fcc3e4be', 'fdb466e5-a983-43d2-bc98-b2d890148907'),
-- ('e9061193-6885-4e80-8539-24edabba06a3', 'fdb466e5-a983-43d2-bc98-b2d890148907'),
-- ('a825708a-a9e0-405e-86ae-2ac123a109ec', 'fdb466e5-a983-43d2-bc98-b2d890148907'),
-- ('9a9c5c0d-66b8-477d-a64d-c3d951848b29', 'fdb466e5-a983-43d2-bc98-b2d890148907'),
-- ('6615fcb9-deb5-4c89-9f75-b3f1cb77e477', 'fdb466e5-a983-43d2-bc98-b2d890148907'),
-- ('2b1e2526-ad8d-458f-84e9-48268d3a8bc6', 'fdb466e5-a983-43d2-bc98-b2d890148907'),
-- ('4eea13e9-ee0a-4cd3-aa06-674eee41ba15', 'fdb466e5-a983-43d2-bc98-b2d890148907'),
-- ('3cde8b05-8857-4095-ae34-2388546c5b76', 'fdb466e5-a983-43d2-bc98-b2d890148907'),
-- ('4c64db45-bdfe-4931-b9c8-305f30b1cc50', 'fdb466e5-a983-43d2-bc98-b2d890148907'),
-- ('18305470-b98f-4c23-9ca4-86e6c7dbeac3', 'fdb466e5-a983-43d2-bc98-b2d890148907'),
-- ('486b0bb3-5ad8-46f8-b299-3e79a9f0009a', 'fdb466e5-a983-43d2-bc98-b2d890148907'),
-- ('2c6a5f4e-ecab-4fe6-9035-bb33dc270708', 'fdb466e5-a983-43d2-bc98-b2d890148907'),
-- ('09630a6b-1cef-4a43-9755-ca42ec41d6c9', 'fdb466e5-a983-43d2-bc98-b2d890148907'),
-- ('cd06292a-e708-4c38-89f0-716041b77623', 'fdb466e5-a983-43d2-bc98-b2d890148907'),
-- ('0d394998-765f-45c5-ad29-c83aca9aed63', 'fdb466e5-a983-43d2-bc98-b2d890148907'),
-- ('9a9ef12b-04bd-4767-8bd7-4542c324ceda', 'fdb466e5-a983-43d2-bc98-b2d890148907'),
-- ('ec7c0211-b574-494f-b3bf-0425dfa9f8a8', 'fdb466e5-a983-43d2-bc98-b2d890148907'),
-- ('42634124-88ef-4bb5-a40c-d7202c8289df', 'fdb466e5-a983-43d2-bc98-b2d890148907'),
-- ('af4ff758-c07f-4d08-8a58-78af1dc0ca1c', 'fdb466e5-a983-43d2-bc98-b2d890148907'),
-- ('7c244170-3402-41d8-8101-e162192e66c9', 'fdb466e5-a983-43d2-bc98-b2d890148907'),
-- ('9b5474fc-710e-4c94-943f-5bb84d075eb7', 'fdb466e5-a983-43d2-bc98-b2d890148907'),
-- ('66ba19f3-eb18-48e3-a95e-92e2146f886e', 'fdb466e5-a983-43d2-bc98-b2d890148907'),
-- ('e5576d0a-1a33-4f62-bbe2-e870b29bdd71', 'fdb466e5-a983-43d2-bc98-b2d890148907'),
-- ('56a8aa43-eb9a-4fd2-bf4f-3508a5e83c95', 'fdb466e5-a983-43d2-bc98-b2d890148907'),
-- ('36fdb857-9e01-4c1c-b42c-ad9ff4f180a2', 'fdb466e5-a983-43d2-bc98-b2d890148907'),
-- ('a5d0a653-403d-4895-87e5-94cfafa8c974', 'fdb466e5-a983-43d2-bc98-b2d890148907'),
-- ('5faa940a-9183-4885-907d-8f344f65a150', 'fdb466e5-a983-43d2-bc98-b2d890148907'),
-- ('dd04e3ae-8117-4540-ae3a-78e737ba351c', 'fdb466e5-a983-43d2-bc98-b2d890148907'),
-- ('6feffc0d-41ba-4e09-bbd8-2653f62dfffe', 'fdb466e5-a983-43d2-bc98-b2d890148907'),
-- ('502d31b8-d89b-4946-a11d-14fbdb3909b4', 'fdb466e5-a983-43d2-bc98-b2d890148907'),
-- ('4b5bdfb7-5747-4d13-976a-c75a04ed0cbd', 'fdb466e5-a983-43d2-bc98-b2d890148907'),
-- ('901b1065-716e-4551-aaa7-10022e81a8bb', 'fdb466e5-a983-43d2-bc98-b2d890148907'),
-- ('ed55b369-3f91-4b95-9ee6-36fdbba84550', 'fdb466e5-a983-43d2-bc98-b2d890148907'),
-- ('dd3ed168-3f96-4c74-b508-94d620804779', 'fdb466e5-a983-43d2-bc98-b2d890148907'),
-- ('bf45b2db-80ef-4fe4-80ec-e20f9b143bd4', 'fdb466e5-a983-43d2-bc98-b2d890148907'),
-- ('5c28ddbb-358e-45e6-b1d1-b451dc504a94', 'fdb466e5-a983-43d2-bc98-b2d890148907'),
-- ('a82e981e-5df8-496b-9985-12cd638d1a13', 'fdb466e5-a983-43d2-bc98-b2d890148907'),
-- ('735a7f99-bc24-48a7-b2f8-140957b0b9eb', 'fdb466e5-a983-43d2-bc98-b2d890148907'),
-- ('d4c95511-492f-46aa-8326-84299acbe8fd', '39ee46a3-77bf-43fb-8fac-82d8ca2fc4f9'),
-- ('510acfa4-eddb-4d08-b4ce-30ebf132922f', '39ee46a3-77bf-43fb-8fac-82d8ca2fc4f9'),
-- ('28c41f96-ad80-457f-b59b-e948d1bd9135', '39ee46a3-77bf-43fb-8fac-82d8ca2fc4f9'),
-- ('92fd24e8-abeb-45d3-a33c-02d24224b78d', '39ee46a3-77bf-43fb-8fac-82d8ca2fc4f9'),
-- ('e7978b8d-a546-4133-a576-778f34985d06', '39ee46a3-77bf-43fb-8fac-82d8ca2fc4f9'),
-- ('d9b6ce05-94a3-4781-976d-707579d6fe5f', '39ee46a3-77bf-43fb-8fac-82d8ca2fc4f9'),
-- ('657fabfe-88db-46b4-ba2c-947f36b0ea45', '39ee46a3-77bf-43fb-8fac-82d8ca2fc4f9'),
-- ('db42a4fc-a790-4706-bd0b-c263dbbc2522', '39ee46a3-77bf-43fb-8fac-82d8ca2fc4f9'),
-- ('562bb844-3fe4-486c-94a6-28876cdb287d', '39ee46a3-77bf-43fb-8fac-82d8ca2fc4f9'),
-- ('126d9bee-996a-4880-b54e-a2ee84b5e822', '39ee46a3-77bf-43fb-8fac-82d8ca2fc4f9'),
-- ('44c2a6e0-9437-4bee-b150-ffe0dc1b1c37', '39ee46a3-77bf-43fb-8fac-82d8ca2fc4f9'),
-- ('049657d4-138c-4d0b-8d56-245e7f0a841d', '39ee46a3-77bf-43fb-8fac-82d8ca2fc4f9'),
-- ('a9b4b60a-999d-463e-9d75-5ba249c3c91f', '39ee46a3-77bf-43fb-8fac-82d8ca2fc4f9'),
-- ('8837d38a-d219-40f5-9bc7-b439e69d17d2', '39ee46a3-77bf-43fb-8fac-82d8ca2fc4f9'),
-- ('b6f8ae11-db74-4c55-a9d7-f8904d4d5825', '39ee46a3-77bf-43fb-8fac-82d8ca2fc4f9'),
-- ('59a05b2f-2857-49e0-a5dc-7e1746480dce', '39ee46a3-77bf-43fb-8fac-82d8ca2fc4f9'),
-- ('e9d1a4d9-053f-4a60-a67e-3d59a11feeeb', '39ee46a3-77bf-43fb-8fac-82d8ca2fc4f9'),
-- ('3eda0312-2f58-4f02-852d-bec6e4bc344b', '39ee46a3-77bf-43fb-8fac-82d8ca2fc4f9'),
-- ('d2fa3f68-6d70-4707-adda-0268312c25ee', '39ee46a3-77bf-43fb-8fac-82d8ca2fc4f9'),
-- ('34698e8c-7ba7-4f52-851b-e2bf6c10426b', '39ee46a3-77bf-43fb-8fac-82d8ca2fc4f9'),
-- ('7a5066e5-c755-4f49-9afa-0813626afb04', '39ee46a3-77bf-43fb-8fac-82d8ca2fc4f9'),
-- ('fc77b33f-5f6e-4495-9837-14d8a049882d', '39ee46a3-77bf-43fb-8fac-82d8ca2fc4f9'),
-- ('8953f6d9-1e51-4907-b8ee-44cb5b4787d0', '39ee46a3-77bf-43fb-8fac-82d8ca2fc4f9'),
-- ('43bcbdaf-3cd6-44e4-add3-aec51dcf2c7d', '39ee46a3-77bf-43fb-8fac-82d8ca2fc4f9'),
-- ('919b1e17-6392-42e7-93da-8ebb9b7b5381', '39ee46a3-77bf-43fb-8fac-82d8ca2fc4f9'),
-- ('9932d1a2-1ad1-414a-9b75-64efbfc16183', '39ee46a3-77bf-43fb-8fac-82d8ca2fc4f9'),
-- ('ae58cea3-240a-4ae1-969d-bd79a3ae812d', '39ee46a3-77bf-43fb-8fac-82d8ca2fc4f9'),
-- ('a632afda-89b8-46eb-9077-360263230ac3', '39ee46a3-77bf-43fb-8fac-82d8ca2fc4f9'),
-- ('850d7b5d-5176-4c42-b2e5-c4c7d5870dce', '39ee46a3-77bf-43fb-8fac-82d8ca2fc4f9'),
-- ('b344f38a-e727-4ee9-8788-fe2b86930ae1', '39ee46a3-77bf-43fb-8fac-82d8ca2fc4f9'),
-- ('cf707aab-5949-4a44-9312-e65ef934f088', '39ee46a3-77bf-43fb-8fac-82d8ca2fc4f9'),
-- ('54fbabe9-2b70-430f-bb47-da0ef1bf7ed9', '39ee46a3-77bf-43fb-8fac-82d8ca2fc4f9'),
-- ('1018f7d5-d4ef-47a1-873d-085588426c72', '39ee46a3-77bf-43fb-8fac-82d8ca2fc4f9'),
-- ('536af6c4-fc9a-4fd5-89bb-cb592ed316af', '39ee46a3-77bf-43fb-8fac-82d8ca2fc4f9'),
-- ('11b3ca41-d04f-43b4-8f2b-a7dec67d9c61', '39ee46a3-77bf-43fb-8fac-82d8ca2fc4f9'),
-- ('b07a9fc1-c869-4e35-adbe-b2e2627eed68', '39ee46a3-77bf-43fb-8fac-82d8ca2fc4f9'),
-- ('0040bf7b-b8d9-46a2-b0d1-54d5e3a6aa76', '39ee46a3-77bf-43fb-8fac-82d8ca2fc4f9'),
-- ('0e3c1e2b-f67e-4581-90c6-c9190c33f31f', '39ee46a3-77bf-43fb-8fac-82d8ca2fc4f9'),
-- ('b5a7fe43-e952-442a-a15a-8e8d89367462', '39ee46a3-77bf-43fb-8fac-82d8ca2fc4f9'),
-- ('6666ca1d-2d5d-4764-b1bc-ad3fd3740058', '39ee46a3-77bf-43fb-8fac-82d8ca2fc4f9'),
-- ('2ef9de7c-98e7-4cf9-9258-ad1ae383a55e', '39ee46a3-77bf-43fb-8fac-82d8ca2fc4f9'),
-- ('44adce9b-bbf2-4838-99bb-070ab14d3919', '39ee46a3-77bf-43fb-8fac-82d8ca2fc4f9'),
-- ('0c5d44bc-db1c-4848-8d41-6788a7cfd0c5', '39ee46a3-77bf-43fb-8fac-82d8ca2fc4f9'),
-- ('9491bccd-37b3-4796-a25d-be30a08c3541', '39ee46a3-77bf-43fb-8fac-82d8ca2fc4f9'),
-- ('c300ad2d-661e-4c0c-bd81-14e95c2d48a8', '39ee46a3-77bf-43fb-8fac-82d8ca2fc4f9'),
-- ('423d0985-2f02-4e2a-bf23-1a37fcc3e4be', '39ee46a3-77bf-43fb-8fac-82d8ca2fc4f9'),
-- ('e9061193-6885-4e80-8539-24edabba06a3', '39ee46a3-77bf-43fb-8fac-82d8ca2fc4f9'),
-- ('a825708a-a9e0-405e-86ae-2ac123a109ec', '39ee46a3-77bf-43fb-8fac-82d8ca2fc4f9'),
-- ('9a9c5c0d-66b8-477d-a64d-c3d951848b29', '39ee46a3-77bf-43fb-8fac-82d8ca2fc4f9'),
-- ('6615fcb9-deb5-4c89-9f75-b3f1cb77e477', '39ee46a3-77bf-43fb-8fac-82d8ca2fc4f9'),
-- ('2b1e2526-ad8d-458f-84e9-48268d3a8bc6', '39ee46a3-77bf-43fb-8fac-82d8ca2fc4f9'),
-- ('4eea13e9-ee0a-4cd3-aa06-674eee41ba15', '39ee46a3-77bf-43fb-8fac-82d8ca2fc4f9'),
-- ('3cde8b05-8857-4095-ae34-2388546c5b76', '39ee46a3-77bf-43fb-8fac-82d8ca2fc4f9'),
-- ('4c64db45-bdfe-4931-b9c8-305f30b1cc50', '39ee46a3-77bf-43fb-8fac-82d8ca2fc4f9'),
-- ('18305470-b98f-4c23-9ca4-86e6c7dbeac3', '39ee46a3-77bf-43fb-8fac-82d8ca2fc4f9'),
-- ('486b0bb3-5ad8-46f8-b299-3e79a9f0009a', '39ee46a3-77bf-43fb-8fac-82d8ca2fc4f9'),
-- ('2c6a5f4e-ecab-4fe6-9035-bb33dc270708', '39ee46a3-77bf-43fb-8fac-82d8ca2fc4f9'),
-- ('09630a6b-1cef-4a43-9755-ca42ec41d6c9', '39ee46a3-77bf-43fb-8fac-82d8ca2fc4f9'),
-- ('cd06292a-e708-4c38-89f0-716041b77623', '39ee46a3-77bf-43fb-8fac-82d8ca2fc4f9'),
-- ('0d394998-765f-45c5-ad29-c83aca9aed63', '39ee46a3-77bf-43fb-8fac-82d8ca2fc4f9'),
-- ('9a9ef12b-04bd-4767-8bd7-4542c324ceda', '39ee46a3-77bf-43fb-8fac-82d8ca2fc4f9'),
-- ('ec7c0211-b574-494f-b3bf-0425dfa9f8a8', '39ee46a3-77bf-43fb-8fac-82d8ca2fc4f9'),
-- ('42634124-88ef-4bb5-a40c-d7202c8289df', '39ee46a3-77bf-43fb-8fac-82d8ca2fc4f9'),
-- ('af4ff758-c07f-4d08-8a58-78af1dc0ca1c', '39ee46a3-77bf-43fb-8fac-82d8ca2fc4f9'),
-- ('7c244170-3402-41d8-8101-e162192e66c9', '39ee46a3-77bf-43fb-8fac-82d8ca2fc4f9'),
-- ('9b5474fc-710e-4c94-943f-5bb84d075eb7', '39ee46a3-77bf-43fb-8fac-82d8ca2fc4f9'),
-- ('66ba19f3-eb18-48e3-a95e-92e2146f886e', '39ee46a3-77bf-43fb-8fac-82d8ca2fc4f9'),
-- ('e5576d0a-1a33-4f62-bbe2-e870b29bdd71', '39ee46a3-77bf-43fb-8fac-82d8ca2fc4f9'),
-- ('56a8aa43-eb9a-4fd2-bf4f-3508a5e83c95', '39ee46a3-77bf-43fb-8fac-82d8ca2fc4f9'),
-- ('36fdb857-9e01-4c1c-b42c-ad9ff4f180a2', '39ee46a3-77bf-43fb-8fac-82d8ca2fc4f9'),
-- ('a5d0a653-403d-4895-87e5-94cfafa8c974', '39ee46a3-77bf-43fb-8fac-82d8ca2fc4f9'),
-- ('5faa940a-9183-4885-907d-8f344f65a150', '39ee46a3-77bf-43fb-8fac-82d8ca2fc4f9'),
-- ('dd04e3ae-8117-4540-ae3a-78e737ba351c', '39ee46a3-77bf-43fb-8fac-82d8ca2fc4f9'),
-- ('6feffc0d-41ba-4e09-bbd8-2653f62dfffe', '39ee46a3-77bf-43fb-8fac-82d8ca2fc4f9'),
-- ('502d31b8-d89b-4946-a11d-14fbdb3909b4', '39ee46a3-77bf-43fb-8fac-82d8ca2fc4f9'),
-- ('4b5bdfb7-5747-4d13-976a-c75a04ed0cbd', '39ee46a3-77bf-43fb-8fac-82d8ca2fc4f9'),
-- ('901b1065-716e-4551-aaa7-10022e81a8bb', '39ee46a3-77bf-43fb-8fac-82d8ca2fc4f9'),
-- ('ed55b369-3f91-4b95-9ee6-36fdbba84550', '39ee46a3-77bf-43fb-8fac-82d8ca2fc4f9'),
-- ('dd3ed168-3f96-4c74-b508-94d620804779', '39ee46a3-77bf-43fb-8fac-82d8ca2fc4f9'),
-- ('bf45b2db-80ef-4fe4-80ec-e20f9b143bd4', '39ee46a3-77bf-43fb-8fac-82d8ca2fc4f9'),
-- ('5c28ddbb-358e-45e6-b1d1-b451dc504a94', '39ee46a3-77bf-43fb-8fac-82d8ca2fc4f9'),
-- ('a82e981e-5df8-496b-9985-12cd638d1a13', '39ee46a3-77bf-43fb-8fac-82d8ca2fc4f9'),
-- ('735a7f99-bc24-48a7-b2f8-140957b0b9eb', '39ee46a3-77bf-43fb-8fac-82d8ca2fc4f9'),
-- ('d4c95511-492f-46aa-8326-84299acbe8fd', 'eb765dba-ccb7-49f7-b43d-04ea15558ed4'),
-- ('510acfa4-eddb-4d08-b4ce-30ebf132922f', 'eb765dba-ccb7-49f7-b43d-04ea15558ed4'),
-- ('28c41f96-ad80-457f-b59b-e948d1bd9135', 'eb765dba-ccb7-49f7-b43d-04ea15558ed4'),
-- ('92fd24e8-abeb-45d3-a33c-02d24224b78d', 'eb765dba-ccb7-49f7-b43d-04ea15558ed4'),
-- ('e7978b8d-a546-4133-a576-778f34985d06', 'eb765dba-ccb7-49f7-b43d-04ea15558ed4'),
-- ('d9b6ce05-94a3-4781-976d-707579d6fe5f', 'eb765dba-ccb7-49f7-b43d-04ea15558ed4'),
-- ('657fabfe-88db-46b4-ba2c-947f36b0ea45', 'eb765dba-ccb7-49f7-b43d-04ea15558ed4'),
-- ('db42a4fc-a790-4706-bd0b-c263dbbc2522', 'eb765dba-ccb7-49f7-b43d-04ea15558ed4'),
-- ('562bb844-3fe4-486c-94a6-28876cdb287d', 'eb765dba-ccb7-49f7-b43d-04ea15558ed4'),
-- ('126d9bee-996a-4880-b54e-a2ee84b5e822', 'eb765dba-ccb7-49f7-b43d-04ea15558ed4'),
-- ('44c2a6e0-9437-4bee-b150-ffe0dc1b1c37', 'eb765dba-ccb7-49f7-b43d-04ea15558ed4'),
-- ('049657d4-138c-4d0b-8d56-245e7f0a841d', 'eb765dba-ccb7-49f7-b43d-04ea15558ed4'),
-- ('a9b4b60a-999d-463e-9d75-5ba249c3c91f', 'eb765dba-ccb7-49f7-b43d-04ea15558ed4'),
-- ('8837d38a-d219-40f5-9bc7-b439e69d17d2', 'eb765dba-ccb7-49f7-b43d-04ea15558ed4'),
-- ('b6f8ae11-db74-4c55-a9d7-f8904d4d5825', 'eb765dba-ccb7-49f7-b43d-04ea15558ed4'),
-- ('59a05b2f-2857-49e0-a5dc-7e1746480dce', 'eb765dba-ccb7-49f7-b43d-04ea15558ed4'),
-- ('e9d1a4d9-053f-4a60-a67e-3d59a11feeeb', 'eb765dba-ccb7-49f7-b43d-04ea15558ed4'),
-- ('3eda0312-2f58-4f02-852d-bec6e4bc344b', 'eb765dba-ccb7-49f7-b43d-04ea15558ed4'),
-- ('d2fa3f68-6d70-4707-adda-0268312c25ee', 'eb765dba-ccb7-49f7-b43d-04ea15558ed4'),
-- ('34698e8c-7ba7-4f52-851b-e2bf6c10426b', 'eb765dba-ccb7-49f7-b43d-04ea15558ed4'),
-- ('7a5066e5-c755-4f49-9afa-0813626afb04', 'eb765dba-ccb7-49f7-b43d-04ea15558ed4'),
-- ('fc77b33f-5f6e-4495-9837-14d8a049882d', 'eb765dba-ccb7-49f7-b43d-04ea15558ed4'),
-- ('8953f6d9-1e51-4907-b8ee-44cb5b4787d0', 'eb765dba-ccb7-49f7-b43d-04ea15558ed4'),
-- ('43bcbdaf-3cd6-44e4-add3-aec51dcf2c7d', 'eb765dba-ccb7-49f7-b43d-04ea15558ed4'),
-- ('919b1e17-6392-42e7-93da-8ebb9b7b5381', 'eb765dba-ccb7-49f7-b43d-04ea15558ed4'),
-- ('9932d1a2-1ad1-414a-9b75-64efbfc16183', 'eb765dba-ccb7-49f7-b43d-04ea15558ed4'),
-- ('ae58cea3-240a-4ae1-969d-bd79a3ae812d', 'eb765dba-ccb7-49f7-b43d-04ea15558ed4'),
-- ('a632afda-89b8-46eb-9077-360263230ac3', 'eb765dba-ccb7-49f7-b43d-04ea15558ed4'),
-- ('850d7b5d-5176-4c42-b2e5-c4c7d5870dce', 'eb765dba-ccb7-49f7-b43d-04ea15558ed4'),
-- ('b344f38a-e727-4ee9-8788-fe2b86930ae1', 'eb765dba-ccb7-49f7-b43d-04ea15558ed4'),
-- ('cf707aab-5949-4a44-9312-e65ef934f088', 'eb765dba-ccb7-49f7-b43d-04ea15558ed4'),
-- ('54fbabe9-2b70-430f-bb47-da0ef1bf7ed9', 'eb765dba-ccb7-49f7-b43d-04ea15558ed4'),
-- ('1018f7d5-d4ef-47a1-873d-085588426c72', 'eb765dba-ccb7-49f7-b43d-04ea15558ed4'),
-- ('536af6c4-fc9a-4fd5-89bb-cb592ed316af', 'eb765dba-ccb7-49f7-b43d-04ea15558ed4'),
-- ('11b3ca41-d04f-43b4-8f2b-a7dec67d9c61', 'eb765dba-ccb7-49f7-b43d-04ea15558ed4'),
-- ('b07a9fc1-c869-4e35-adbe-b2e2627eed68', 'eb765dba-ccb7-49f7-b43d-04ea15558ed4'),
-- ('0040bf7b-b8d9-46a2-b0d1-54d5e3a6aa76', 'eb765dba-ccb7-49f7-b43d-04ea15558ed4'),
-- ('0e3c1e2b-f67e-4581-90c6-c9190c33f31f', 'eb765dba-ccb7-49f7-b43d-04ea15558ed4'),
-- ('b5a7fe43-e952-442a-a15a-8e8d89367462', 'eb765dba-ccb7-49f7-b43d-04ea15558ed4'),
-- ('6666ca1d-2d5d-4764-b1bc-ad3fd3740058', 'eb765dba-ccb7-49f7-b43d-04ea15558ed4'),
-- ('2ef9de7c-98e7-4cf9-9258-ad1ae383a55e', 'eb765dba-ccb7-49f7-b43d-04ea15558ed4'),
-- ('44adce9b-bbf2-4838-99bb-070ab14d3919', 'eb765dba-ccb7-49f7-b43d-04ea15558ed4'),
-- ('0c5d44bc-db1c-4848-8d41-6788a7cfd0c5', 'eb765dba-ccb7-49f7-b43d-04ea15558ed4'),
-- ('9491bccd-37b3-4796-a25d-be30a08c3541', 'eb765dba-ccb7-49f7-b43d-04ea15558ed4'),
-- ('c300ad2d-661e-4c0c-bd81-14e95c2d48a8', 'eb765dba-ccb7-49f7-b43d-04ea15558ed4'),
-- ('423d0985-2f02-4e2a-bf23-1a37fcc3e4be', 'eb765dba-ccb7-49f7-b43d-04ea15558ed4'),
-- ('e9061193-6885-4e80-8539-24edabba06a3', 'eb765dba-ccb7-49f7-b43d-04ea15558ed4'),
-- ('a825708a-a9e0-405e-86ae-2ac123a109ec', 'eb765dba-ccb7-49f7-b43d-04ea15558ed4'),
-- ('9a9c5c0d-66b8-477d-a64d-c3d951848b29', 'eb765dba-ccb7-49f7-b43d-04ea15558ed4'),
-- ('6615fcb9-deb5-4c89-9f75-b3f1cb77e477', 'eb765dba-ccb7-49f7-b43d-04ea15558ed4'),
-- ('2b1e2526-ad8d-458f-84e9-48268d3a8bc6', 'eb765dba-ccb7-49f7-b43d-04ea15558ed4'),
-- ('4eea13e9-ee0a-4cd3-aa06-674eee41ba15', 'eb765dba-ccb7-49f7-b43d-04ea15558ed4'),
-- ('3cde8b05-8857-4095-ae34-2388546c5b76', 'eb765dba-ccb7-49f7-b43d-04ea15558ed4'),
-- ('4c64db45-bdfe-4931-b9c8-305f30b1cc50', 'eb765dba-ccb7-49f7-b43d-04ea15558ed4'),
-- ('18305470-b98f-4c23-9ca4-86e6c7dbeac3', 'eb765dba-ccb7-49f7-b43d-04ea15558ed4'),
-- ('486b0bb3-5ad8-46f8-b299-3e79a9f0009a', 'eb765dba-ccb7-49f7-b43d-04ea15558ed4'),
-- ('2c6a5f4e-ecab-4fe6-9035-bb33dc270708', 'eb765dba-ccb7-49f7-b43d-04ea15558ed4'),
-- ('09630a6b-1cef-4a43-9755-ca42ec41d6c9', 'eb765dba-ccb7-49f7-b43d-04ea15558ed4'),
-- ('cd06292a-e708-4c38-89f0-716041b77623', 'eb765dba-ccb7-49f7-b43d-04ea15558ed4'),
-- ('0d394998-765f-45c5-ad29-c83aca9aed63', 'eb765dba-ccb7-49f7-b43d-04ea15558ed4'),
-- ('9a9ef12b-04bd-4767-8bd7-4542c324ceda', 'eb765dba-ccb7-49f7-b43d-04ea15558ed4'),
-- ('ec7c0211-b574-494f-b3bf-0425dfa9f8a8', 'eb765dba-ccb7-49f7-b43d-04ea15558ed4'),
-- ('42634124-88ef-4bb5-a40c-d7202c8289df', 'eb765dba-ccb7-49f7-b43d-04ea15558ed4'),
-- ('af4ff758-c07f-4d08-8a58-78af1dc0ca1c', 'eb765dba-ccb7-49f7-b43d-04ea15558ed4'),
-- ('7c244170-3402-41d8-8101-e162192e66c9', 'eb765dba-ccb7-49f7-b43d-04ea15558ed4'),
-- ('9b5474fc-710e-4c94-943f-5bb84d075eb7', 'eb765dba-ccb7-49f7-b43d-04ea15558ed4'),
-- ('66ba19f3-eb18-48e3-a95e-92e2146f886e', 'eb765dba-ccb7-49f7-b43d-04ea15558ed4'),
-- ('e5576d0a-1a33-4f62-bbe2-e870b29bdd71', 'eb765dba-ccb7-49f7-b43d-04ea15558ed4'),
-- ('56a8aa43-eb9a-4fd2-bf4f-3508a5e83c95', 'eb765dba-ccb7-49f7-b43d-04ea15558ed4'),
-- ('36fdb857-9e01-4c1c-b42c-ad9ff4f180a2', 'eb765dba-ccb7-49f7-b43d-04ea15558ed4'),
-- ('a5d0a653-403d-4895-87e5-94cfafa8c974', 'eb765dba-ccb7-49f7-b43d-04ea15558ed4'),
-- ('5faa940a-9183-4885-907d-8f344f65a150', 'eb765dba-ccb7-49f7-b43d-04ea15558ed4'),
-- ('dd04e3ae-8117-4540-ae3a-78e737ba351c', 'eb765dba-ccb7-49f7-b43d-04ea15558ed4'),
-- ('6feffc0d-41ba-4e09-bbd8-2653f62dfffe', 'eb765dba-ccb7-49f7-b43d-04ea15558ed4'),
-- ('502d31b8-d89b-4946-a11d-14fbdb3909b4', 'eb765dba-ccb7-49f7-b43d-04ea15558ed4'),
-- ('4b5bdfb7-5747-4d13-976a-c75a04ed0cbd', 'eb765dba-ccb7-49f7-b43d-04ea15558ed4'),
-- ('901b1065-716e-4551-aaa7-10022e81a8bb', 'eb765dba-ccb7-49f7-b43d-04ea15558ed4'),
-- ('ed55b369-3f91-4b95-9ee6-36fdbba84550', 'eb765dba-ccb7-49f7-b43d-04ea15558ed4'),
-- ('dd3ed168-3f96-4c74-b508-94d620804779', 'eb765dba-ccb7-49f7-b43d-04ea15558ed4'),
-- ('bf45b2db-80ef-4fe4-80ec-e20f9b143bd4', 'eb765dba-ccb7-49f7-b43d-04ea15558ed4'),
-- ('5c28ddbb-358e-45e6-b1d1-b451dc504a94', 'eb765dba-ccb7-49f7-b43d-04ea15558ed4'),
-- ('a82e981e-5df8-496b-9985-12cd638d1a13', 'eb765dba-ccb7-49f7-b43d-04ea15558ed4'),
-- ('735a7f99-bc24-48a7-b2f8-140957b0b9eb', 'eb765dba-ccb7-49f7-b43d-04ea15558ed4'),
-- ('d4c95511-492f-46aa-8326-84299acbe8fd', '96a7c6f2-73c2-4330-9629-c3441598ab94'),
-- ('510acfa4-eddb-4d08-b4ce-30ebf132922f', '96a7c6f2-73c2-4330-9629-c3441598ab94'),
-- ('28c41f96-ad80-457f-b59b-e948d1bd9135', '96a7c6f2-73c2-4330-9629-c3441598ab94'),
-- ('92fd24e8-abeb-45d3-a33c-02d24224b78d', '96a7c6f2-73c2-4330-9629-c3441598ab94'),
-- ('e7978b8d-a546-4133-a576-778f34985d06', '96a7c6f2-73c2-4330-9629-c3441598ab94'),
-- ('d9b6ce05-94a3-4781-976d-707579d6fe5f', '96a7c6f2-73c2-4330-9629-c3441598ab94'),
-- ('657fabfe-88db-46b4-ba2c-947f36b0ea45', '96a7c6f2-73c2-4330-9629-c3441598ab94'),
-- ('db42a4fc-a790-4706-bd0b-c263dbbc2522', '96a7c6f2-73c2-4330-9629-c3441598ab94'),
-- ('562bb844-3fe4-486c-94a6-28876cdb287d', '96a7c6f2-73c2-4330-9629-c3441598ab94'),
-- ('126d9bee-996a-4880-b54e-a2ee84b5e822', '96a7c6f2-73c2-4330-9629-c3441598ab94'),
-- ('44c2a6e0-9437-4bee-b150-ffe0dc1b1c37', '96a7c6f2-73c2-4330-9629-c3441598ab94'),
-- ('049657d4-138c-4d0b-8d56-245e7f0a841d', '96a7c6f2-73c2-4330-9629-c3441598ab94'),
-- ('a9b4b60a-999d-463e-9d75-5ba249c3c91f', '96a7c6f2-73c2-4330-9629-c3441598ab94'),
-- ('8837d38a-d219-40f5-9bc7-b439e69d17d2', '96a7c6f2-73c2-4330-9629-c3441598ab94'),
-- ('b6f8ae11-db74-4c55-a9d7-f8904d4d5825', '96a7c6f2-73c2-4330-9629-c3441598ab94'),
-- ('59a05b2f-2857-49e0-a5dc-7e1746480dce', '96a7c6f2-73c2-4330-9629-c3441598ab94'),
-- ('e9d1a4d9-053f-4a60-a67e-3d59a11feeeb', '96a7c6f2-73c2-4330-9629-c3441598ab94'),
-- ('3eda0312-2f58-4f02-852d-bec6e4bc344b', '96a7c6f2-73c2-4330-9629-c3441598ab94'),
-- ('d2fa3f68-6d70-4707-adda-0268312c25ee', '96a7c6f2-73c2-4330-9629-c3441598ab94'),
-- ('34698e8c-7ba7-4f52-851b-e2bf6c10426b', '96a7c6f2-73c2-4330-9629-c3441598ab94'),
-- ('7a5066e5-c755-4f49-9afa-0813626afb04', '96a7c6f2-73c2-4330-9629-c3441598ab94'),
-- ('fc77b33f-5f6e-4495-9837-14d8a049882d', '96a7c6f2-73c2-4330-9629-c3441598ab94'),
-- ('8953f6d9-1e51-4907-b8ee-44cb5b4787d0', '96a7c6f2-73c2-4330-9629-c3441598ab94'),
-- ('43bcbdaf-3cd6-44e4-add3-aec51dcf2c7d', '96a7c6f2-73c2-4330-9629-c3441598ab94'),
-- ('919b1e17-6392-42e7-93da-8ebb9b7b5381', '96a7c6f2-73c2-4330-9629-c3441598ab94'),
-- ('9932d1a2-1ad1-414a-9b75-64efbfc16183', '96a7c6f2-73c2-4330-9629-c3441598ab94'),
-- ('ae58cea3-240a-4ae1-969d-bd79a3ae812d', '96a7c6f2-73c2-4330-9629-c3441598ab94'),
-- ('a632afda-89b8-46eb-9077-360263230ac3', '96a7c6f2-73c2-4330-9629-c3441598ab94'),
-- ('850d7b5d-5176-4c42-b2e5-c4c7d5870dce', '96a7c6f2-73c2-4330-9629-c3441598ab94'),
-- ('b344f38a-e727-4ee9-8788-fe2b86930ae1', '96a7c6f2-73c2-4330-9629-c3441598ab94'),
-- ('cf707aab-5949-4a44-9312-e65ef934f088', '96a7c6f2-73c2-4330-9629-c3441598ab94'),
-- ('54fbabe9-2b70-430f-bb47-da0ef1bf7ed9', '96a7c6f2-73c2-4330-9629-c3441598ab94'),
-- ('1018f7d5-d4ef-47a1-873d-085588426c72', '96a7c6f2-73c2-4330-9629-c3441598ab94'),
-- ('536af6c4-fc9a-4fd5-89bb-cb592ed316af', '96a7c6f2-73c2-4330-9629-c3441598ab94'),
-- ('11b3ca41-d04f-43b4-8f2b-a7dec67d9c61', '96a7c6f2-73c2-4330-9629-c3441598ab94'),
-- ('b07a9fc1-c869-4e35-adbe-b2e2627eed68', '96a7c6f2-73c2-4330-9629-c3441598ab94'),
-- ('0040bf7b-b8d9-46a2-b0d1-54d5e3a6aa76', '96a7c6f2-73c2-4330-9629-c3441598ab94'),
-- ('0e3c1e2b-f67e-4581-90c6-c9190c33f31f', '96a7c6f2-73c2-4330-9629-c3441598ab94'),
-- ('b5a7fe43-e952-442a-a15a-8e8d89367462', '96a7c6f2-73c2-4330-9629-c3441598ab94'),
-- ('6666ca1d-2d5d-4764-b1bc-ad3fd3740058', '96a7c6f2-73c2-4330-9629-c3441598ab94'),
-- ('2ef9de7c-98e7-4cf9-9258-ad1ae383a55e', '96a7c6f2-73c2-4330-9629-c3441598ab94'),
-- ('44adce9b-bbf2-4838-99bb-070ab14d3919', '96a7c6f2-73c2-4330-9629-c3441598ab94'),
-- ('0c5d44bc-db1c-4848-8d41-6788a7cfd0c5', '96a7c6f2-73c2-4330-9629-c3441598ab94'),
-- ('9491bccd-37b3-4796-a25d-be30a08c3541', '96a7c6f2-73c2-4330-9629-c3441598ab94'),
-- ('c300ad2d-661e-4c0c-bd81-14e95c2d48a8', '96a7c6f2-73c2-4330-9629-c3441598ab94'),
-- ('423d0985-2f02-4e2a-bf23-1a37fcc3e4be', '96a7c6f2-73c2-4330-9629-c3441598ab94'),
-- ('e9061193-6885-4e80-8539-24edabba06a3', '96a7c6f2-73c2-4330-9629-c3441598ab94'),
-- ('a825708a-a9e0-405e-86ae-2ac123a109ec', '96a7c6f2-73c2-4330-9629-c3441598ab94'),
-- ('9a9c5c0d-66b8-477d-a64d-c3d951848b29', '96a7c6f2-73c2-4330-9629-c3441598ab94'),
-- ('6615fcb9-deb5-4c89-9f75-b3f1cb77e477', '96a7c6f2-73c2-4330-9629-c3441598ab94'),
-- ('2b1e2526-ad8d-458f-84e9-48268d3a8bc6', '96a7c6f2-73c2-4330-9629-c3441598ab94'),
-- ('4eea13e9-ee0a-4cd3-aa06-674eee41ba15', '96a7c6f2-73c2-4330-9629-c3441598ab94'),
-- ('3cde8b05-8857-4095-ae34-2388546c5b76', '96a7c6f2-73c2-4330-9629-c3441598ab94'),
-- ('4c64db45-bdfe-4931-b9c8-305f30b1cc50', '96a7c6f2-73c2-4330-9629-c3441598ab94'),
-- ('18305470-b98f-4c23-9ca4-86e6c7dbeac3', '96a7c6f2-73c2-4330-9629-c3441598ab94'),
-- ('486b0bb3-5ad8-46f8-b299-3e79a9f0009a', '96a7c6f2-73c2-4330-9629-c3441598ab94'),
-- ('2c6a5f4e-ecab-4fe6-9035-bb33dc270708', '96a7c6f2-73c2-4330-9629-c3441598ab94'),
-- ('09630a6b-1cef-4a43-9755-ca42ec41d6c9', '96a7c6f2-73c2-4330-9629-c3441598ab94'),
-- ('cd06292a-e708-4c38-89f0-716041b77623', '96a7c6f2-73c2-4330-9629-c3441598ab94'),
-- ('0d394998-765f-45c5-ad29-c83aca9aed63', '96a7c6f2-73c2-4330-9629-c3441598ab94'),
-- ('9a9ef12b-04bd-4767-8bd7-4542c324ceda', '96a7c6f2-73c2-4330-9629-c3441598ab94'),
-- ('ec7c0211-b574-494f-b3bf-0425dfa9f8a8', '96a7c6f2-73c2-4330-9629-c3441598ab94'),
-- ('42634124-88ef-4bb5-a40c-d7202c8289df', '96a7c6f2-73c2-4330-9629-c3441598ab94'),
-- ('af4ff758-c07f-4d08-8a58-78af1dc0ca1c', '96a7c6f2-73c2-4330-9629-c3441598ab94'),
-- ('7c244170-3402-41d8-8101-e162192e66c9', '96a7c6f2-73c2-4330-9629-c3441598ab94'),
-- ('9b5474fc-710e-4c94-943f-5bb84d075eb7', '96a7c6f2-73c2-4330-9629-c3441598ab94'),
-- ('66ba19f3-eb18-48e3-a95e-92e2146f886e', '96a7c6f2-73c2-4330-9629-c3441598ab94'),
-- ('e5576d0a-1a33-4f62-bbe2-e870b29bdd71', '96a7c6f2-73c2-4330-9629-c3441598ab94'),
-- ('56a8aa43-eb9a-4fd2-bf4f-3508a5e83c95', '96a7c6f2-73c2-4330-9629-c3441598ab94'),
-- ('36fdb857-9e01-4c1c-b42c-ad9ff4f180a2', '96a7c6f2-73c2-4330-9629-c3441598ab94'),
-- ('a5d0a653-403d-4895-87e5-94cfafa8c974', '96a7c6f2-73c2-4330-9629-c3441598ab94'),
-- ('5faa940a-9183-4885-907d-8f344f65a150', '96a7c6f2-73c2-4330-9629-c3441598ab94'),
-- ('dd04e3ae-8117-4540-ae3a-78e737ba351c', '96a7c6f2-73c2-4330-9629-c3441598ab94'),
-- ('6feffc0d-41ba-4e09-bbd8-2653f62dfffe', '96a7c6f2-73c2-4330-9629-c3441598ab94'),
-- ('502d31b8-d89b-4946-a11d-14fbdb3909b4', '96a7c6f2-73c2-4330-9629-c3441598ab94'),
-- ('4b5bdfb7-5747-4d13-976a-c75a04ed0cbd', '96a7c6f2-73c2-4330-9629-c3441598ab94'),
-- ('901b1065-716e-4551-aaa7-10022e81a8bb', '96a7c6f2-73c2-4330-9629-c3441598ab94'),
-- ('ed55b369-3f91-4b95-9ee6-36fdbba84550', '96a7c6f2-73c2-4330-9629-c3441598ab94'),
-- ('dd3ed168-3f96-4c74-b508-94d620804779', '96a7c6f2-73c2-4330-9629-c3441598ab94'),
-- ('bf45b2db-80ef-4fe4-80ec-e20f9b143bd4', '96a7c6f2-73c2-4330-9629-c3441598ab94'),
-- ('5c28ddbb-358e-45e6-b1d1-b451dc504a94', '96a7c6f2-73c2-4330-9629-c3441598ab94'),
-- ('a82e981e-5df8-496b-9985-12cd638d1a13', '96a7c6f2-73c2-4330-9629-c3441598ab94'),
-- ('735a7f99-bc24-48a7-b2f8-140957b0b9eb', '96a7c6f2-73c2-4330-9629-c3441598ab94');

-- INSERT INTO [UIElementInputMethodTypes] ([Id], [Name]) VALUES
-- ('8b497a3f-0696-4932-8329-4b1ecb0f6318', 'input'),
-- ('0ef4ad27-fc14-470d-94e5-4c6c79b89458', 'special_item_select'),
-- ('6abd76a9-b1c6-49d8-beee-4b4ee0d14a11', 'input'),
-- ('21b7928f-0d21-448b-94e3-d6f7d4175643', 'input'),
-- ('e783f22c-9a02-4d0f-a478-2ca7c2160c04', 'special_item_select'),
-- ('9e1f6816-c2d5-4dc2-9cfc-726b758664f6', 'input'),
-- ('d2ded155-df92-412b-9a60-ee6bc610d4fe', 'select'),
-- ('f81847db-7e6c-4d61-9ef3-997700bda055', 'special_item_select'),
-- ('83d7240e-645c-47e7-a132-ab388477cf90', 'input'),
-- ('168049b9-aa15-4f48-833e-95827e0b0271', 'select'),
-- ('2014c241-9465-4fc9-8381-82c28e9c4899', 'special_item_select'),
-- ('b2472b74-e448-4c40-9358-22336c4fa6d6', 'input'),
-- ('556b345d-0e2e-4f21-8d06-7c424e9d4c25', 'select'),
-- ('c5e67212-8a98-4070-a119-6ec07f7ab9fd', 'special_item_select'),
-- ('850eb90e-24c6-4c20-8459-38bd5b330da0', 'input'),
-- ('977ae8a5-2f43-4fc8-b0e6-ecf2b3e32df6', 'select'),
-- ('138c1a84-8eb4-411b-aa55-8eab6ac78710', 'special_item_select'),
-- ('aa193532-3419-4700-bc9c-1a79b2887cbc', 'input'); 

-- INSERT INTO [UIElementInputOptions] ([Id], [Name], [InputMethodTypeId]) VALUES
-- ('0c550bb6-15ac-4f4d-9498-08a50ab86d5a', N'Giải theo giờ', '0ef4ad27-fc14-470d-94e5-4c6c79b89458'),
-- ('ab67b329-2117-457a-a859-df732b86d2a7', N'Giải theo số đề', '0ef4ad27-fc14-470d-94e5-4c6c79b89458'),
-- ('d60a5c8d-0159-49ae-b761-c5b6fae69079', N'Giải theo số lượng bài', '0ef4ad27-fc14-470d-94e5-4c6c79b89458'),
-- ('26de7812-3226-48c2-97cd-0d0bb3f779af', N'Giải theo giờ', 'e783f22c-9a02-4d0f-a478-2ca7c2160c04'),
-- ('ff740e25-4ab1-4667-a4a4-aa1072333686', N'Giải theo số đề', 'e783f22c-9a02-4d0f-a478-2ca7c2160c04'),
-- ('bc6ce2a7-29fc-419c-88d2-3ab2eead6ed2', N'Giải theo số lượng bài', 'e783f22c-9a02-4d0f-a478-2ca7c2160c04'),
-- ('ceae3d00-ab2e-49e5-bf8a-d853aee0156b', N'Ngữ văn', 'd2ded155-df92-412b-9a60-ee6bc610d4fe'),
-- ('bfc7dd21-0827-4ffe-b145-abf5944729d7', N'Toán học', 'd2ded155-df92-412b-9a60-ee6bc610d4fe'),
-- ('801ff047-a786-47a1-83c8-e0312d09c158', N'Vật lý', 'd2ded155-df92-412b-9a60-ee6bc610d4fe'),
-- ('e2dd044b-cb4a-4b1c-b44b-fc2f4c246f80', N'Hoá học', 'd2ded155-df92-412b-9a60-ee6bc610d4fe'),
-- ('119b49b3-c739-43a1-8901-6b7b346bf11f', N'Sinh học', 'd2ded155-df92-412b-9a60-ee6bc610d4fe'),
-- ('3b77583d-6e9d-414b-b87d-f6aebe04e919', N'Lịch sử', 'd2ded155-df92-412b-9a60-ee6bc610d4fe'),
-- ('74c69fa5-3e39-4897-9e45-86f22449ff4b', N'Địa lý', 'd2ded155-df92-412b-9a60-ee6bc610d4fe'),
-- ('cf2921aa-37c1-4b52-a168-2d871290f4f3', N'Giáo dục công dân', 'd2ded155-df92-412b-9a60-ee6bc610d4fe'),
-- ('feeb0d77-3952-4d9d-8101-71685fa85dc1', N'Tiếng anh', 'd2ded155-df92-412b-9a60-ee6bc610d4fe'),
-- ('a7ec8f41-d79c-47b0-b464-e07d16423405', N'Công nghệ', 'd2ded155-df92-412b-9a60-ee6bc610d4fe'),
-- ('4c1530f2-630c-4656-9db1-3a9feb54a689', N'Tin học', 'd2ded155-df92-412b-9a60-ee6bc610d4fe'),
-- ('e1f5d2cc-8793-4c6b-833e-3089f3fa3f66', N'Mỹ thuật', 'd2ded155-df92-412b-9a60-ee6bc610d4fe'),
-- ('b69720dc-150e-4878-aaa8-f9009d6e5c1a', N'Giải theo giờ', 'f81847db-7e6c-4d61-9ef3-997700bda055'),
-- ('44d41593-2768-4a47-ba98-cea628ff0aa1', N'Giải theo số đề', 'f81847db-7e6c-4d61-9ef3-997700bda055'),
-- ('2484ca3f-7302-4c3c-81b0-0e8de4b8fc46', N'Giải theo số lượng bài', 'f81847db-7e6c-4d61-9ef3-997700bda055'),
-- ('3b8a5c84-efb3-49c3-a415-092236ecde34', N'Ngữ văn', '168049b9-aa15-4f48-833e-95827e0b0271'),
-- ('84e6cfa6-98f9-4008-95a4-2453854587bb', N'Toán học', '168049b9-aa15-4f48-833e-95827e0b0271'),
-- ('df747c7e-bc70-49e3-9e46-3ba0da2478c6', N'Vật lý', '168049b9-aa15-4f48-833e-95827e0b0271'),
-- ('b6d3d728-420a-4173-a502-7d9187e87735', N'Hoá học', '168049b9-aa15-4f48-833e-95827e0b0271'),
-- ('df18ab1e-6b98-4ed5-81bc-93bad34ca643', N'Sinh học', '168049b9-aa15-4f48-833e-95827e0b0271'),
-- ('d5c2466f-52ae-430d-83b3-5eb23704a12c', N'Lịch sử', '168049b9-aa15-4f48-833e-95827e0b0271'),
-- ('ee58df7d-6269-4cb1-8cd5-41536eec092d', N'Địa lý', '168049b9-aa15-4f48-833e-95827e0b0271'),
-- ('7d21b6e0-fb36-4a1f-9ff7-5afd285c5233', N'Giáo dục công dân', '168049b9-aa15-4f48-833e-95827e0b0271'),
-- ('df4b5243-538b-41a8-a7ad-d896cdf430cd', N'Tiếng anh', '168049b9-aa15-4f48-833e-95827e0b0271'),
-- ('37a94b1f-b1d0-491e-914b-2078d0185cc9', N'Công nghệ', '168049b9-aa15-4f48-833e-95827e0b0271'),
-- ('362789b1-4a4b-4bfa-941e-231619b242cb', N'Tin học', '168049b9-aa15-4f48-833e-95827e0b0271'),
-- ('7474cc5f-c976-4029-a9e2-880e9e6320e3', N'Mỹ thuật', '168049b9-aa15-4f48-833e-95827e0b0271'),
-- ('fa6b5991-11b5-43fc-8cb8-2f758f818a76', N'Giải theo giờ', '2014c241-9465-4fc9-8381-82c28e9c4899'),
-- ('8d15d22c-c70a-48ab-b79d-f48a55ebecac', N'Giải theo số đề', '2014c241-9465-4fc9-8381-82c28e9c4899'),
-- ('1e8fb791-bbfd-4e7a-8b7f-cd2aa0a2ce4a', N'Giải theo số lượng bài', '2014c241-9465-4fc9-8381-82c28e9c4899'),
-- ('64e067bb-b18e-4b9c-bd0e-321a6b1a491c', N'Ngữ văn', '556b345d-0e2e-4f21-8d06-7c424e9d4c25'),
-- ('a1de43bc-ee2c-41e2-aed3-11287bb2f96b', N'Toán học', '556b345d-0e2e-4f21-8d06-7c424e9d4c25'),
-- ('43ccf3e4-b0d9-4bbb-89ba-4be5aef9434d', N'Vật lý', '556b345d-0e2e-4f21-8d06-7c424e9d4c25'),
-- ('1702d115-7978-40f0-9be8-43299fc91c7c', N'Hoá học', '556b345d-0e2e-4f21-8d06-7c424e9d4c25'),
-- ('dd28a918-cdcc-47b8-aa54-b7e16dc19624', N'Sinh học', '556b345d-0e2e-4f21-8d06-7c424e9d4c25'),
-- ('d885cff1-4993-47d0-91fa-aff6a0dde993', N'Lịch sử', '556b345d-0e2e-4f21-8d06-7c424e9d4c25'),
-- ('f4c3af68-13b0-42d4-b2a8-3b0b634ac7b1', N'Địa lý', '556b345d-0e2e-4f21-8d06-7c424e9d4c25'),
-- ('63138939-1e35-4e4f-acdf-6e039e841284', N'Giáo dục công dân', '556b345d-0e2e-4f21-8d06-7c424e9d4c25'),
-- ('a918bc4e-0a84-48d9-af7a-8d09c13f410e', N'Tiếng anh', '556b345d-0e2e-4f21-8d06-7c424e9d4c25'),
-- ('a619647a-4b47-4852-93eb-4eb8a22f3163', N'Công nghệ', '556b345d-0e2e-4f21-8d06-7c424e9d4c25'),
-- ('6282a5bd-94e3-4370-85e3-8e6ea9beac09', N'Tin học', '556b345d-0e2e-4f21-8d06-7c424e9d4c25'),
-- ('af91e9fe-be94-4ae1-b70f-724598c321bf', N'Giáo dục Quốc phòng - An ninh', '556b345d-0e2e-4f21-8d06-7c424e9d4c25'),
-- ('b17a80b0-d8dd-41b0-84a5-e14370707cb0', N'Giải theo giờ', 'c5e67212-8a98-4070-a119-6ec07f7ab9fd'),
-- ('65add457-b14f-47a3-9630-c58892d5b0a5', N'Giải theo số đề', 'c5e67212-8a98-4070-a119-6ec07f7ab9fd'),
-- ('5416dea3-19e3-4393-bfb0-345aa0be9588', N'Giải theo số lượng bài', 'c5e67212-8a98-4070-a119-6ec07f7ab9fd'),
-- ('b1fb754a-1faa-4880-8c42-b24b8643d1d7', N'Ngữ văn', '977ae8a5-2f43-4fc8-b0e6-ecf2b3e32df6'),
-- ('279a6ba8-ef8f-4efd-b2ac-2b68344d2c43', N'Toán học', '977ae8a5-2f43-4fc8-b0e6-ecf2b3e32df6'),
-- ('cb5930c4-1c71-4b8c-b87f-edd5bfe90924', N'Vật lý', '977ae8a5-2f43-4fc8-b0e6-ecf2b3e32df6'),
-- ('138ce648-20fd-4d5f-b565-711b1c5034ca', N'Hoá học', '977ae8a5-2f43-4fc8-b0e6-ecf2b3e32df6'),
-- ('15b85450-e15d-4263-826d-4cfed0df7c6f', N'Sinh học', '977ae8a5-2f43-4fc8-b0e6-ecf2b3e32df6'),
-- ('d342cf94-7006-475a-a18f-ace4e8ec0a08', N'Lịch sử', '977ae8a5-2f43-4fc8-b0e6-ecf2b3e32df6'),
-- ('9f7873c9-ae87-4165-b8f1-7aad250eea7a', N'Địa lý', '977ae8a5-2f43-4fc8-b0e6-ecf2b3e32df6'),
-- ('becc344b-1464-4733-ad54-3a864b8eee0d', N'Giáo dục công dân', '977ae8a5-2f43-4fc8-b0e6-ecf2b3e32df6'),
-- ('b8c25766-d6f2-413d-a6d4-38e68584d049', N'Tiếng anh', '977ae8a5-2f43-4fc8-b0e6-ecf2b3e32df6'),
-- ('4ae2cf27-000e-4206-9fb9-75d22fa34cf7', N'Công nghệ', '977ae8a5-2f43-4fc8-b0e6-ecf2b3e32df6'),
-- ('df802726-414a-4822-a7f3-dcb6f7a220cd', N'Tin học', '977ae8a5-2f43-4fc8-b0e6-ecf2b3e32df6'),
-- ('df3f9459-7ae7-487a-ac75-0f91564a5851', N'Giáo dục Quốc phòng - An ninh', '977ae8a5-2f43-4fc8-b0e6-ecf2b3e32df6'),
-- ('e06d1377-366a-4a2a-a475-8eeb0b883c97', N'Giải theo giờ', '138c1a84-8eb4-411b-aa55-8eab6ac78710'),
-- ('84ee0edd-a06c-4df3-bb30-34d44f7fe1fa', N'Giải theo số đề', '138c1a84-8eb4-411b-aa55-8eab6ac78710'),
-- ('796790b1-2291-4d83-8311-abdf3097a9c0', N'Giải theo số lượng bài', '138c1a84-8eb4-411b-aa55-8eab6ac78710'); 

-- INSERT INTO [UIElementInputOptionInfos] ([Id], [Type], [Label], [Mask], [DefaultValue], [OptionId], [Buttons]) VALUES
-- ('8bf670f5-21f4-4783-b96f-0379a4fb5c6e', 'stepper', N'Số giờ', N'giờ', '1', '0c550bb6-15ac-4f4d-9498-08a50ab86d5a', 'default'),
-- ('e1e5c530-156b-4642-b97a-3617b2d329a8', 'stepper', N'Số đề', N'đề', '1', 'ab67b329-2117-457a-a859-df732b86d2a7', 'default'),
-- ('107337a6-be63-4ee1-9ab2-6b7fa24a2796', 'button_group', N'Số câu hỏi trong đề', 'default', '1', 'ab67b329-2117-457a-a859-df732b86d2a7', N'["1 - 20 câu","21 - 50 câu","Trên 50 câu"]'),
-- ('23d4934f-7712-4d62-9291-354a5bddba3f', 'stepper', N'Số bài', N'bài', '1', 'd60a5c8d-0159-49ae-b761-c5b6fae69079', 'default'),
-- ('1141c84a-569a-4885-ab9c-ddba9cc18748', 'stepper', N'Số giờ', N'giờ', '1', '26de7812-3226-48c2-97cd-0d0bb3f779af', 'default'),
-- ('09f420bd-ba34-46a0-a156-c85bbe899c95', 'stepper', N'Số đề', N'đề', '1', 'ff740e25-4ab1-4667-a4a4-aa1072333686', 'default'),
-- ('18800a21-9e77-4c4a-bb0f-c05bf8833bc2', 'button_group', N'Số câu hỏi trong đề', 'default', '1', 'ff740e25-4ab1-4667-a4a4-aa1072333686', N'["1 - 20 câu","21 - 50 câu","Trên 50 câu"]'),
-- ('faddfc8a-2431-4d77-b2ee-cd0f25d31f4c', 'stepper', N'Số bài', N'bài', '1', 'bc6ce2a7-29fc-419c-88d2-3ab2eead6ed2', 'default'),
-- ('a5d0699a-8fc7-4897-969c-a9c1270c7e8a', 'stepper', N'Số giờ', N'giờ', '1', 'b69720dc-150e-4878-aaa8-f9009d6e5c1a', 'default'),
-- ('508e7bc8-777d-4d83-a96e-0488810992db', 'stepper', N'Số đề', N'đề', '1', '44d41593-2768-4a47-ba98-cea628ff0aa1', 'default'),
-- ('82247156-fa37-4177-81d1-899dffde11ef', 'button_group', N'Số câu hỏi trong đề', 'default', '1', '44d41593-2768-4a47-ba98-cea628ff0aa1', N'["1 - 20 câu","21 - 50 câu","Trên 50 câu"]'),
-- ('9b381e11-5274-45be-9119-c72b482cd62f', 'stepper', N'Số bài', N'bài', '1', '2484ca3f-7302-4c3c-81b0-0e8de4b8fc46', 'default'),
-- ('15e3128c-b67b-45e1-bfa4-7086089eb2ce', 'stepper', N'Số giờ', N'giờ', '1', 'fa6b5991-11b5-43fc-8cb8-2f758f818a76', 'default'),
-- ('58fc28f4-cc17-448b-ba73-63074c1a3208', 'stepper', N'Số đề', N'đề', '1', '8d15d22c-c70a-48ab-b79d-f48a55ebecac', 'default'),
-- ('2b59fe92-ae6b-489c-8b48-af3471112666', 'button_group', N'Số câu hỏi trong đề', 'default', '1', '8d15d22c-c70a-48ab-b79d-f48a55ebecac', N'["1 - 20 câu","21 - 50 câu","Trên 50 câu"]'),
-- ('ab2820d9-5b48-423f-92ea-e980a57dce42', 'stepper', N'Số bài', N'bài', '1', '1e8fb791-bbfd-4e7a-8b7f-cd2aa0a2ce4a', 'default'),
-- ('2c558a90-bf40-41e5-92df-3231ec40cc50', 'stepper', N'Số giờ', N'giờ', '1', 'b17a80b0-d8dd-41b0-84a5-e14370707cb0', 'default'),
-- ('94da86fb-aaad-4b14-933c-4ce0187f1ddd', 'stepper', N'Số đề', N'đề', '1', '65add457-b14f-47a3-9630-c58892d5b0a5', 'default'),
-- ('20cd17c0-154b-4977-8ba8-69275c358239', 'button_group', N'Số câu hỏi trong đề', 'default', '1', '65add457-b14f-47a3-9630-c58892d5b0a5', N'["1 - 20 câu","21 - 50 câu","Trên 50 câu"]'),
-- ('d16b62dc-1af5-4572-99e9-2e80c6243b3d', 'stepper', N'Số bài', N'bài', '1', '5416dea3-19e3-4393-bfb0-345aa0be9588', 'default'),
-- ('d85210fd-270a-4a37-81d8-aa0161bbb1b4', 'stepper', N'Số giờ', N'giờ', '1', 'e06d1377-366a-4a2a-a475-8eeb0b883c97', 'default'),
-- ('cb7573a4-a817-4dde-b507-5bc24234bede', 'stepper', N'Số đề', N'đề', '1', '84ee0edd-a06c-4df3-bb30-34d44f7fe1fa', 'default'),
-- ('4a98de1c-b0c8-4907-9170-499ebcd4103a', 'button_group', N'Số câu hỏi trong đề', 'default', '1', '84ee0edd-a06c-4df3-bb30-34d44f7fe1fa', N'["1 - 20 câu","21 - 50 câu","Trên 50 câu"]'),
-- ('b82e6528-8385-4a1a-be77-cd937353e562', 'stepper', N'Số bài', N'bài', '1', '796790b1-2291-4d83-8311-abdf3097a9c0', 'default'); 

-- INSERT INTO [UIElementInputOptionInfoValidations] ([Id], [Name], [Value], [Message], [InfoId]) VALUES
-- ('0fd524ce-a734-4def-bbe8-8efb41c32f2f', 'min', 1, N'Ít nhất 1 giờ', '8bf670f5-21f4-4783-b96f-0379a4fb5c6e'),
-- ('3a9d47a7-5466-4162-b816-1d79d1ca61ce', 'min', 1, N'Ít nhất 1 đề', 'e1e5c530-156b-4642-b97a-3617b2d329a8'),
-- ('43c660af-b8a3-418a-a8d3-03665aabe0ad', 'required', null, N'Vui lòng chọn số câu hỏi trong đề', '107337a6-be63-4ee1-9ab2-6b7fa24a2796'),
-- ('53caebe1-8c74-4a95-aba4-1b0731f24b9f', 'min', 1, N'Ít nhất 1 bài', '23d4934f-7712-4d62-9291-354a5bddba3f'),
-- ('4fdb243a-ece4-492f-ba87-fab893d0dec3', 'min', 1, N'Ít nhất 1 giờ', '1141c84a-569a-4885-ab9c-ddba9cc18748'),
-- ('344dfecc-1dc2-4b96-a3de-fdd2a35de9d2', 'min', 1, N'Ít nhất 1 đề', '09f420bd-ba34-46a0-a156-c85bbe899c95'),
-- ('c34152e8-53f5-4ac9-8d3e-834f736e2ce7', 'required', null, N'Vui lòng chọn số câu hỏi trong đề', '18800a21-9e77-4c4a-bb0f-c05bf8833bc2'),
-- ('a3dbc101-1b44-48a2-b0ce-510c7b6fda29', 'min', 1, N'Ít nhất 1 bài', 'faddfc8a-2431-4d77-b2ee-cd0f25d31f4c'),
-- ('bc90d96e-9079-4623-b289-1af2d1d33ff5', 'min', 1, N'Ít nhất 1 giờ', 'a5d0699a-8fc7-4897-969c-a9c1270c7e8a'),
-- ('eb4f12b2-c972-456c-8dd8-425dfeae3bfa', 'min', 1, N'Ít nhất 1 đề', '508e7bc8-777d-4d83-a96e-0488810992db'),
-- ('dba408a0-b88b-49e1-a63e-ce57d61ad051', 'required', null, N'Vui lòng chọn số câu hỏi trong đề', '82247156-fa37-4177-81d1-899dffde11ef'),
-- ('decef374-7830-4898-bf3a-26de4701c280', 'min', 1, N'Ít nhất 1 bài', '9b381e11-5274-45be-9119-c72b482cd62f'),
-- ('cb32fe8b-3b66-45f6-bd7f-b3a681b1fc54', 'min', 1, N'Ít nhất 1 giờ', '15e3128c-b67b-45e1-bfa4-7086089eb2ce'),
-- ('8fed9640-97e9-4956-ba47-d246d38e84e9', 'min', 1, N'Ít nhất 1 đề', '58fc28f4-cc17-448b-ba73-63074c1a3208'),
-- ('7c184c53-d877-454a-a570-2d04a421e627', 'required', null, N'Vui lòng chọn số câu hỏi trong đề', '2b59fe92-ae6b-489c-8b48-af3471112666'),
-- ('b5ce6dda-2a6d-45da-ad28-6a0fc880d386', 'min', 1, N'Ít nhất 1 bài', 'ab2820d9-5b48-423f-92ea-e980a57dce42'),
-- ('35799a7e-b020-4fe4-9444-31556c797df9', 'min', 1, N'Ít nhất 1 giờ', '2c558a90-bf40-41e5-92df-3231ec40cc50'),
-- ('7504691f-3fe9-4e1c-86cf-50d576b302db', 'min', 1, N'Ít nhất 1 đề', '94da86fb-aaad-4b14-933c-4ce0187f1ddd'),
-- ('bf5cf550-67d3-48dc-8b31-678aec5c212b', 'required', null, N'Vui lòng chọn số câu hỏi trong đề', '20cd17c0-154b-4977-8ba8-69275c358239'),
-- ('0ceaec7a-27d9-4b45-be3e-f2760b81526a', 'min', 1, N'Ít nhất 1 bài', 'd16b62dc-1af5-4572-99e9-2e80c6243b3d'),
-- ('7999e179-de42-48ef-85d9-f4bdeeaa757d', 'min', 1, N'Ít nhất 1 giờ', 'd85210fd-270a-4a37-81d8-aa0161bbb1b4'),
-- ('76ba119a-d7e7-47f5-bdf7-fb3eadc3cd45', 'min', 1, N'Ít nhất 1 đề', 'cb7573a4-a817-4dde-b507-5bc24234bede'),
-- ('aeafc05f-e291-4921-89e9-26482a0da313', 'required', null, N'Vui lòng chọn số câu hỏi trong đề', '4a98de1c-b0c8-4907-9170-499ebcd4103a'),
-- ('0e91e8f0-e1fb-413f-b617-ab214c7f33ff', 'min', 1, N'Ít nhất 1 bài', 'b82e6528-8385-4a1a-be77-cd937353e562'); 

-- INSERT INTO [UIElementServiceRequirementInputMethods] ([Id], [DataType], [MethodId]) VALUES
-- ('c3b4e1dc-0b8b-4824-a634-6d8f1409ce48', 'text', '8b497a3f-0696-4932-8329-4b1ecb0f6318'),
-- ('33a94a84-304c-4f86-8499-0eb4c5bf0264', 'text', '0ef4ad27-fc14-470d-94e5-4c6c79b89458'),
-- ('751b51f2-a4f3-4544-97a5-f6ea855cd0bb', 'text', '6abd76a9-b1c6-49d8-beee-4b4ee0d14a11'),
-- ('167668ce-068e-46f9-8f32-93c1b8fbb325', 'text', '21b7928f-0d21-448b-94e3-d6f7d4175643'),
-- ('c828d890-8183-4b6b-846d-8736b9bf848b', 'text', 'e783f22c-9a02-4d0f-a478-2ca7c2160c04'),
-- ('56c31690-2263-451b-8e18-cf88160bc6f6', 'text', '9e1f6816-c2d5-4dc2-9cfc-726b758664f6'),
-- ('2f1230c7-83da-4184-bcf3-b7f296420f8d', 'text', 'd2ded155-df92-412b-9a60-ee6bc610d4fe'),
-- ('2ea54e3c-a644-4e5a-b545-3d5bea2699b4', 'text', 'f81847db-7e6c-4d61-9ef3-997700bda055'),
-- ('599f15fb-da6c-463d-819b-53ce37c4c7af', 'text', '83d7240e-645c-47e7-a132-ab388477cf90'),
-- ('cbe9df76-aeea-4b66-a226-df14e23c28a1', 'text', '168049b9-aa15-4f48-833e-95827e0b0271'),
-- ('6de1d195-fc7e-49e6-83d2-7526d88c2c8b', 'text', '2014c241-9465-4fc9-8381-82c28e9c4899'),
-- ('bb40854b-0993-47cb-8d05-025af834858b', 'text', 'b2472b74-e448-4c40-9358-22336c4fa6d6'),
-- ('79e41331-2009-4722-8d4b-4bba19207a39', 'text', '556b345d-0e2e-4f21-8d06-7c424e9d4c25'),
-- ('c381b1a3-3682-4236-ab6d-90e1eef4dc79', 'text', 'c5e67212-8a98-4070-a119-6ec07f7ab9fd'),
-- ('70504d14-6402-4382-8ad2-0f74a1151f7c', 'text', '850eb90e-24c6-4c20-8459-38bd5b330da0'),
-- ('c66a9ef1-d6d5-41ba-bdb8-0c55599916ee', 'text', '977ae8a5-2f43-4fc8-b0e6-ecf2b3e32df6'),
-- ('49805134-19a8-4fc5-9769-d3cdc4acbb7f', 'text', '138c1a84-8eb4-411b-aa55-8eab6ac78710'),
-- ('af11aa4b-6e5f-4665-a537-0538eede8d5b', 'text', 'aa193532-3419-4700-bc9c-1a79b2887cbc'); 

-- INSERT INTO [UIElementValidationTypes] ([Id], [Name], [Message], [InputMethodId], [Value]) VALUES
-- ('873cc8a2-71ce-4792-8f60-d64b1cb25a83', 'required', N'Bạn chưa nhập tên môn học', 'c3b4e1dc-0b8b-4824-a634-6d8f1409ce48', null),
-- ('d3e767d1-906d-41df-b704-0c74038cc513', 'max', N'Không quá 1000 ký tự', 'c3b4e1dc-0b8b-4824-a634-6d8f1409ce48', 1000),
-- ('a03cea34-fcd1-4313-9e1b-f2a645ba9950', 'required', N'Không được để trống hình thức', '33a94a84-304c-4f86-8499-0eb4c5bf0264', null),
-- ('6518bf39-e0bd-4bb7-9925-d80546a8beeb', 'max', N'Không quá 1000 ký tự', '751b51f2-a4f3-4544-97a5-f6ea855cd0bb', 1000),
-- ('2df71b88-bb5e-4ea3-97fe-333a74ca04b7', 'required', N'Bạn chưa nhập tên môn học', '167668ce-068e-46f9-8f32-93c1b8fbb325', null),
-- ('8446c051-2a1c-4aab-b330-aaa9f28bc035', 'max', N'Không quá 1000 ký tự', '167668ce-068e-46f9-8f32-93c1b8fbb325', 1000),
-- ('6d33e4e8-c9e2-4a0d-accf-79ab3fe915ed', 'required', N'Không được để trống hình thức', 'c828d890-8183-4b6b-846d-8736b9bf848b', null),
-- ('463b8bf0-5839-4fd1-9d09-7b26a2d9cbfc', 'max', N'Không quá 1000 ký tự', '56c31690-2263-451b-8e18-cf88160bc6f6', 1000),
-- ('9426fa33-a4ee-41a0-97f2-ceb5539f14df', 'required', N'Không được để trống môn học', '2f1230c7-83da-4184-bcf3-b7f296420f8d', null),
-- ('42d89cec-1684-4686-9e96-f6473be65635', 'required', N'Không được để trống hình thức', '2ea54e3c-a644-4e5a-b545-3d5bea2699b4', null),
-- ('962a6df0-e14a-47cd-88b8-d7a647300e0a', 'max', N'Không quá 1000 ký tự', '599f15fb-da6c-463d-819b-53ce37c4c7af', 1000),
-- ('4614e75c-d0db-4ba9-8cf5-83c400adcc66', 'required', N'Không được để trống môn học', 'cbe9df76-aeea-4b66-a226-df14e23c28a1', null),
-- ('7255d1cf-05ed-43b4-874c-d8374d354289', 'required', N'Không được để trống hình thức', '6de1d195-fc7e-49e6-83d2-7526d88c2c8b', null),
-- ('f4bf4264-0f52-4b48-a6a6-8b49cf1e0db2', 'max', N'Không quá 1000 ký tự', 'bb40854b-0993-47cb-8d05-025af834858b', 1000),
-- ('eab5da2d-38fc-41f3-b461-44202a450ef1', 'required', N'Không được để trống môn học', '79e41331-2009-4722-8d4b-4bba19207a39', null),
-- ('1546d56b-0e20-4fb6-a40d-45c63dbd1df4', 'required', N'Không được để trống hình thức', 'c381b1a3-3682-4236-ab6d-90e1eef4dc79', null),
-- ('0d38f2a4-1681-46a7-b530-f85f0aeaafe0', 'max', N'Không quá 1000 ký tự', '70504d14-6402-4382-8ad2-0f74a1151f7c', 1000),
-- ('c17bfbcf-c8e7-4fc1-b06d-d39c72e68a85', 'required', N'Không được để trống môn học', 'c66a9ef1-d6d5-41ba-bdb8-0c55599916ee', null),
-- ('779d88cd-9e03-4ea3-bdfd-ef75cc0eb321', 'required', N'Không được để trống hình thức', '49805134-19a8-4fc5-9769-d3cdc4acbb7f', null),
-- ('1e127b60-9190-44b0-ad34-aaa7f6c78623', 'max', N'Không quá 1000 ký tự', 'af11aa4b-6e5f-4665-a537-0538eede8d5b', 1000); 

-- INSERT INTO [UIElementServiceRequirements] ([Id], [Label], [LabelIcon], [Placeholder], [InputMethodId], [Key], [Priority], [ServiceTypeId]) VALUES
-- ('29ca7ad6-1537-4b50-8261-ebacc55ceb83', N'Môn học', 'faBook', N'Ví dụ: Kinh tế vĩ mô', 'c3b4e1dc-0b8b-4824-a634-6d8f1409ce48', 'mon_hoc', 0, '8b1f70d8-f765-4cff-8f70-e0b3407abcc2'),
-- ('5e44c980-d51f-47d9-8ccc-83bac1272009', N'Hình thức', 'faLayerGroup', N'Bạn muốn giải bài tập theo hình thức nào?', '33a94a84-304c-4f86-8499-0eb4c5bf0264', 'hinh_thuc', 1, '8b1f70d8-f765-4cff-8f70-e0b3407abcc2'),
-- ('82a42709-d117-4aa0-99f0-4f3d5a0534e0', N'Mô tả thêm (nếu có)', null, N'Thêm mô tả để nhân viên hiểu hơn nhé', '751b51f2-a4f3-4544-97a5-f6ea855cd0bb', 'mo_ta_them_(neu_co)', 2, '8b1f70d8-f765-4cff-8f70-e0b3407abcc2'),
-- ('386b52b7-6e6d-43ee-bede-29dae434c7c0', N'Môn học', 'faBook', N'Ví dụ: Kinh tế vĩ mô', '167668ce-068e-46f9-8f32-93c1b8fbb325', 'mon_hoc', 0, '1fd6800d-d81f-4f73-945a-3fee4e076331'),
-- ('8f1e5479-11c1-492d-a096-94d2eadcfc66', N'Hình thức', 'faLayerGroup', N'Bạn muốn giải bài tập theo hình thức nào?', 'c828d890-8183-4b6b-846d-8736b9bf848b', 'hinh_thuc', 1, '1fd6800d-d81f-4f73-945a-3fee4e076331'),
-- ('c9cc206a-95f1-467d-b525-add17e8c18b4', N'Mô tả thêm (nếu có)', null, N'Thêm mô tả để nhân viên hiểu hơn nhé', '56c31690-2263-451b-8e18-cf88160bc6f6', 'mo_ta_them_(neu_co)', 2, '1fd6800d-d81f-4f73-945a-3fee4e076331'),
-- ('131c235f-1584-46c2-bf80-d24bb6ad4134', N'Môn học', 'faBook', N'Chọn 1 môn học bạn muốn', '2f1230c7-83da-4184-bcf3-b7f296420f8d', 'mon_hoc', 0, '8b8565e4-3629-45fa-8a02-2a3cc223189f'),
-- ('515aa7b5-a173-43d2-b777-ad7e27ba0d2d', N'Hình thức', 'faLayerGroup', N'Bạn muốn giải bài tập theo hình thức nào?', '2ea54e3c-a644-4e5a-b545-3d5bea2699b4', 'hinh_thuc', 1, '8b8565e4-3629-45fa-8a02-2a3cc223189f'),
-- ('48252fe7-39f7-4fa7-b19d-9c650158df66', N'Mô tả thêm (nếu có)', null, N'Thêm mô tả để nhân viên hiểu hơn nhé', '599f15fb-da6c-463d-819b-53ce37c4c7af', 'mo_ta_them_(neu_co)', 2, '8b8565e4-3629-45fa-8a02-2a3cc223189f'),
-- ('5c90fb59-8171-433b-be66-c42f5440b23f', N'Môn học', 'faBook', N'Chọn 1 môn học bạn muốn', 'cbe9df76-aeea-4b66-a226-df14e23c28a1', 'mon_hoc', 0, 'fdb466e5-a983-43d2-bc98-b2d890148907'),
-- ('238b62b3-085f-4db7-a79d-c9478ce65d8c', N'Hình thức', 'faLayerGroup', N'Bạn muốn giải bài tập theo hình thức nào?', '6de1d195-fc7e-49e6-83d2-7526d88c2c8b', 'hinh_thuc', 1, 'fdb466e5-a983-43d2-bc98-b2d890148907'),
-- ('fd158244-aed1-4d0b-b44b-dd856fc8bbb7', N'Mô tả thêm (nếu có)', null, N'Thêm mô tả để nhân viên hiểu hơn nhé', 'bb40854b-0993-47cb-8d05-025af834858b', 'mo_ta_them_(neu_co)', 2, 'fdb466e5-a983-43d2-bc98-b2d890148907'),
-- ('60046723-6cc7-43f5-a397-f53c5de48ab2', N'Môn học', 'faBook', N'Chọn 1 môn học bạn muốn', '79e41331-2009-4722-8d4b-4bba19207a39', 'mon_hoc', 0, '39ee46a3-77bf-43fb-8fac-82d8ca2fc4f9'),
-- ('52c5cea4-24ae-4f75-9421-20d592140790', N'Hình thức', 'faLayerGroup', N'Bạn muốn giải bài tập theo hình thức nào?', 'c381b1a3-3682-4236-ab6d-90e1eef4dc79', 'hinh_thuc', 1, '39ee46a3-77bf-43fb-8fac-82d8ca2fc4f9'),
-- ('0e300818-8f2c-42ba-b4df-c5c1fbbbad2e', N'Mô tả thêm (nếu có)', null, N'Thêm mô tả để nhân viên hiểu hơn nhé', '70504d14-6402-4382-8ad2-0f74a1151f7c', 'mo_ta_them_(neu_co)', 2, '39ee46a3-77bf-43fb-8fac-82d8ca2fc4f9'),
-- ('294a2367-454d-4065-9171-7221c389ab12', N'Môn học', 'faBook', N'Chọn 1 môn học bạn muốn', 'c66a9ef1-d6d5-41ba-bdb8-0c55599916ee', 'mon_hoc', 0, 'eb765dba-ccb7-49f7-b43d-04ea15558ed4'),
-- ('66ff4db1-be0c-4b5b-82ba-efb459241a8a', N'Hình thức', 'faLayerGroup', N'Bạn muốn giải bài tập theo hình thức nào?', '49805134-19a8-4fc5-9769-d3cdc4acbb7f', 'hinh_thuc', 1, 'eb765dba-ccb7-49f7-b43d-04ea15558ed4'),
-- ('ce7e0448-9109-4d3d-9b5e-af150df7042f', N'Mô tả thêm (nếu có)', null, N'Thêm mô tả để nhân viên hiểu hơn nhé', 'af11aa4b-6e5f-4665-a537-0538eede8d5b', 'mo_ta_them_(neu_co)', 2, 'eb765dba-ccb7-49f7-b43d-04ea15558ed4'),
-- ('6d02f2ee-6a2f-4ff0-82c8-07ef310e2552', N'Mô tả thêm (nếu có thêm)', null, N'Thêm mô tả để nhân viên hiểu hơn nhé', 'af11aa4b-6e5f-4665-a537-0538eede8d5b', 'mo_ta_them_(neu_co)', 2, '96a7c6f2-73c2-4330-9629-c3441598ab94');