-- DELETE ALL!!!
Delete from [OrderServiceType];
Delete from [OrderService];
Delete from [Orders];
Delete from [Services];

Delete from [FreelanceSkills];
Delete from [Skills];

Delete from [Addresses];
Delete from [Freelancers];
Delete from [Customers];
Delete from [Accounts];

Delete from [RepairingServices];
Delete from [CleaningServices];
Delete from [ShoppingServices];

DELETE FROM [ServiceTypes] Where [Id] not in (
'3B8A2D6A-B0E7-46AF-A688-397CEA642603',
'49A42267-D9DC-4E11-87A5-36525D4254D9',
'EF2632F0-47BD-4BBE-A46F-628A28F03D8B',
'DBB78597-043D-47C1-8810-93D392FD09BA');

INSERT INTO [ServiceTypes] ([Id], [Name], [BasePrice], [Description], [ServiceCategoryId], [Image], [Keys]) VALUES
('96D250D4-0C0E-4521-B94E-05F3CAFCA3F3', N'Đi mua giày camping', 300000.0, N'Mua sắm hộ siêu nhanh', '6F57D993-EB26-4B35-8C7D-7871A7FD624F', null, null),
('73BF981F-1CFD-483D-80EE-14AB6D2E55EF', N'Đi mua quần áo', 60000.0, N'Mua sắm hộ siêu nhanh', '6F57D993-EB26-4B35-8C7D-7871A7FD624F', null, null),
('3779D349-ABCB-4DBC-ABF1-25BA9E94A695', N'Đi siêu thị sang trọng', 100000.0, N'Mua sắm hộ siêu nhanh', '6F57D993-EB26-4B35-8C7D-7871A7FD624F', null, null),
('3361BC88-9F58-4BE8-AC37-561606430F8A', N'Đi mua vé xem phim', 20000.0, N'Mua sắm hộ siêu nhanh', '6F57D993-EB26-4B35-8C7D-7871A7FD624F', null, null),
('07CB166A-4B4E-4637-B224-6277A69003D9', N'Đi mua vé concert', 4000000.0, N'Mua sắm hộ siêu nhanh', '6F57D993-EB26-4B35-8C7D-7871A7FD624F', null, null),
('C82954A1-39D4-4012-86B3-6CAD42C2B399', N'Sửa máy giặt', 200000.0, N'Sửa máy giặt', '8A21B21E-DC31-49C8-8B5B-84B69204DC3A', null, null),
('63CE2EBF-EF36-4B4A-891E-ABBDE2A75B38', N'Sửa bàn ủi', 200000.0, N'Sửa chữa để tôi lo', '8A21B21E-DC31-49C8-8B5B-84B69204DC3A', null, null),
('F1B832B2-49F3-456F-BACB-B1F8DA766BEA', N'Sửa máy tính laptop', 200000.0, N'Hãy yên tâm không nổ đâu', '8A21B21E-DC31-49C8-8B5B-84B69204DC3A', null, null),
('B9F74F9E-F792-4C48-B1B6-B6F0BC402D07', N'Đi chợ hộ', 40000.0, N'Mua sắm hộ siêu nhanh', '6F57D993-EB26-4B35-8C7D-7871A7FD624F', null, null),
('88006A8C-D757-4B85-8B91-C88E6078FE9C', N'Sửa tivi', 200000.0, N'Sửa chữa để tôi lo', '8A21B21E-DC31-49C8-8B5B-84B69204DC3A', null, null),
('662A64BE-F7EA-4419-8978-DBF8F19159DC', N'Sửa bình gas', 50000000.0, N'Hãy yên tâm không nổ đâu', '8A21B21E-DC31-49C8-8B5B-84B69204DC3A', null, null),
('EF2034C1-7F44-4D07-B9C0-E2A497999A9D', N'Sửa ống nước', 200000.0, N'Sửa chữa để tôi lo', '8A21B21E-DC31-49C8-8B5B-84B69204DC3A', null, null),
('CCA752D4-C17C-4C31-906F-F33CB8A18E48', N'Đi siêu thị hộ', 50000.0, N'Mua sắm hộ siêu nhanh', '6F57D993-EB26-4B35-8C7D-7871A7FD624F', null, null),
('A5677DE0-A6A7-42C0-AB77-F34B75BEB63D', N'Sửa máy lạnh', 200000.0, N'Sửa chữa để tôi lo', '8A21B21E-DC31-49C8-8B5B-84B69204DC3A', null, null); 

INSERT INTO [Accounts] ([Id], [Email], [FullName], [DateOfBirth], [Phone], [Role], [Avatar], [RefreshToken], [LoginToken], [LoginTokenExpires], [TokenCreated], [TokenExpires], [IsActive], [IsVerified]) VALUES
('f2396ec5-dc31-49f9-ab49-6943a2cba7e0', null, N'Phan Hữu Tường', '1988-08-16', '0985303167', 'Customer', 'https://detoivn.sirv.com/customer_avt/user-avt%20(1).png', 'string', 'default', '2024-03-19T15:42:13.983840', '2024-03-19 15:32:13.983840', '2024-03-19 15:42:13.983840', 1, 1),
('9d64ec51-6054-457c-988c-25794c77e166', null, N'Hoàng Linh Nhi', '2002-03-05', '0861709636', 'Freelancer', 'https://detoivn.sirv.com/customer_avt/user-avt%20(1).png', 'string', 'default', '2024-03-19T15:42:13.985842', '2024-03-19 15:32:13.985842', '2024-03-19 15:42:13.985842', 1, 1),
('0b4a77f6-df10-451d-8fca-02276ab5fcd9', null, N'Trương Diễm Lệ', '2002-05-16', '0832188881', 'Customer', 'https://detoivn.sirv.com/customer_avt/user-avt%20(2).png', 'string', 'default', '2024-03-19T15:42:13.986839', '2024-03-19 15:32:13.986839', '2024-03-19 15:42:13.986839', 1, 1),
('0105da90-d1e1-40b3-beba-c9d6f98131dd', null, N'Vũ Trần Quang Tuấn', '1989-08-01', '0946655273', 'Freelancer', 'https://detoivn.sirv.com/customer_avt/user-avt%20(2).png', 'string', 'default', '2024-03-19T15:42:13.987839', '2024-03-19 15:32:13.987839', '2024-03-19 15:42:13.987839', 1, 1),
('924b872a-1f3c-475c-a329-e65577112d73', null, N'Vũ Tuấn Khanh', '1978-03-11', '0984321386', 'Customer', 'https://detoivn.sirv.com/customer_avt/user-avt%20(2).png', 'string', 'default', '2024-03-19T15:42:13.989343', '2024-03-19 15:32:13.989343', '2024-03-19 15:42:13.989343', 1, 1),
('4e8d3872-7edf-4729-9243-1737065197d9', null, N'Phạm Khắc Vũ', '1993-07-01', '0943489772', 'Freelancer', 'https://detoivn.sirv.com/customer_avt/user-avt%20(3).png', 'string', 'default', '2024-03-19T15:42:13.990355', '2024-03-19 15:32:13.990355', '2024-03-19 15:42:13.990355', 1, 1),
('f4647339-28c8-499e-8b2e-54ac29d81a58', null, N'Trương Hữu Canh', '2003-11-15', '0939090201', 'Freelancer', 'https://detoivn.sirv.com/customer_avt/user-avt%20(2).png', 'string', 'default', '2024-03-19T15:42:13.991354', '2024-03-19 15:32:13.991354', '2024-03-19 15:42:13.991354', 1, 1),
('ee830a2e-f71d-41fd-82c6-4461f9032283', null, N'Trương Dương Hoàng Hải', '1977-06-11', '0373132537', 'Customer', 'https://detoivn.sirv.com/customer_avt/user-avt%20(2).png', 'string', 'default', '2024-03-19T15:42:13.992357', '2024-03-19 15:32:13.992357', '2024-03-19 15:42:13.992357', 1, 1),
('cb25ab27-5582-471e-9921-89fc10ef13b4', null, N'Trần Khôi Nguyên', '1986-07-20', '0917234105', 'Customer', 'https://detoivn.sirv.com/customer_avt/user-avt%20(1).png', 'string', 'default', '2024-03-19T15:42:13.993866', '2024-03-19 15:32:13.993866', '2024-03-19 15:42:13.993866', 1, 1),
('af017c1c-8864-491b-9560-69ede191fc4c', null, N'Trần Tuấn Tú', '2004-12-31', '0969156496', 'Freelancer', 'https://detoivn.sirv.com/customer_avt/user-avt%20(2).png', 'string', 'default', '2024-03-19T15:42:13.994878', '2024-03-19 15:32:13.994878', '2024-03-19 15:42:13.994878', 1, 1); 

INSERT INTO [Freelancers] ([Id], [AccountId], [Rating], [TotalReviewCount], [Balance], [OrderCount], [LoveCount], [PositiveReviewCount], [IdentityNumber], [IsTeam], [Description], [TeamMemberCount]) VALUES
('3e302e43-08a7-4eac-b50c-b331287927d2', '9d64ec51-6054-457c-988c-25794c77e166', 0, 0, 0, 0, 0, 0, '051200000011', 1, 'Fire happen nothing support suffer which parent. Republican total policy head Mrs debate onto. Catch even front. Responsibility full per among clearly word.', 4),
('b2359a87-2498-4707-9881-14e1e7cbe958', '0105da90-d1e1-40b3-beba-c9d6f98131dd', 0, 0, 0, 0, 0, 0, '051200000012', 1, 'Record interview few same. Turn phone heart window. Assume be seek article. Better news face. Small research describe base detail yourself one. Issue grow ask tell.', 2),
('565593f8-7020-44b9-b776-09c25098408c', '4e8d3872-7edf-4729-9243-1737065197d9', 0, 0, 0, 0, 0, 0, '051200000013', 0, 'Many true follow marriage material prove dark. Use act relationship section five focus modern themselves. Six success on responsibility southern at be than. At candidate feel. Former claim chance prevent why measure too.', 1),
('b97823a0-ffd2-4a46-b8f3-371042105084', 'f4647339-28c8-499e-8b2e-54ac29d81a58', 0, 0, 0, 0, 0, 0, '051200000014', 0, 'Surface something prevent a consider. Now four management energy stay significant his. Artist political camera expert stop area. Loss cell three. Response purpose character would in partner hit another. Sing after our car food record power.', 1),
('4b56ad1e-d920-40db-9961-c4c3b7538525', 'af017c1c-8864-491b-9560-69ede191fc4c', 0, 0, 0, 0, 0, 0, '051200000015', 1, 'Occur democratic behavior standard thousand single recognize. Medical watch certainly through instead base. Indeed between similar safe. Social issue indicate. Try while reveal bad audience grow ahead. Concern store discover hand others century.', 2); 

INSERT INTO [Customers] ([Id], [AccountId], [CustomerRank], [MemberPoint]) VALUES
('7a5a507d-549f-499d-8d67-229a116aa1f4', 'f2396ec5-dc31-49f9-ab49-6943a2cba7e0', 'Unranked', 0),
('5c72491e-9c5e-4088-a663-06a74c45a0b7', '0b4a77f6-df10-451d-8fca-02276ab5fcd9', 'Unranked', 0),
('6aff6726-f62c-4240-b551-4de261ccb1f9', '924b872a-1f3c-475c-a329-e65577112d73', 'Unranked', 0),
('707944fc-dd3c-483d-a4bf-bcc508e45b10', 'ee830a2e-f71d-41fd-82c6-4461f9032283', 'Unranked', 0),
('d9149943-cd70-4851-a028-7288392a4b60', 'cb25ab27-5582-471e-9921-89fc10ef13b4', 'Unranked', 0); 

INSERT INTO [Addresses] ([Id], [Lat], [Lon], [CustomerAccountId], [FreelanceAccountId], [AddressLine], [Ward], [District], [Province], [Country]) VALUES
('b7df0bbe-2920-451a-bf30-7bd8a5a91e3f', 10.849668272457585, 106.66292679710298, '7a5a507d-549f-499d-8d67-229a116aa1f4', null, 'test address', N'Phường 13', N'Quận Tân Bình', N'Thành phố Hồ Chí Minh', N'Việt Nam'),
('59ceeb6b-8860-4a9d-a653-8afaf4dd707b', 10.850701692121717, 106.8229367487685, null, '3e302e43-08a7-4eac-b50c-b331287927d2', 'test address', N'Phường An Lạc', N'Quận Bình Tân', N'Thành phố Hồ Chí Minh', N'Việt Nam'),
('fec83a1a-0a97-4e2b-aead-8f92dbaf8bcc', 10.701878723565986, 106.92058284997378, '5c72491e-9c5e-4088-a663-06a74c45a0b7', null, 'test address', N'Phường 1', N'Quận 10', N'Thành phố Hồ Chí Minh', N'Việt Nam'),
('ffac3242-2130-4394-949e-bee4eed4284d', 10.529226905399888, 106.88621353348147, null, 'b2359a87-2498-4707-9881-14e1e7cbe958', 'test address', N'Phường 15', N'Quận Bình Thạnh', N'Thành phố Hồ Chí Minh', N'Việt Nam'),
('bf68b15b-e755-429d-b73a-6076e4ca4d61', 10.554488526821784, 106.81345193041449, '6aff6726-f62c-4240-b551-4de261ccb1f9', null, 'test address', N'Phường 4', N'Quận 8', N'Thành phố Hồ Chí Minh', N'Việt Nam'),
('b7e89545-e1fb-49a7-82ad-e98a28f84367', 10.693762139468387, 106.61860948429704, null, '565593f8-7020-44b9-b776-09c25098408c', 'test address', N'Phường 15', N'Quận 5', N'Thành phố Hồ Chí Minh', N'Việt Nam'),
('7e2ea69a-9a47-4a2e-9953-1f7def55939d', 10.688494431424978, 106.66280674714032, null, 'b97823a0-ffd2-4a46-b8f3-371042105084', 'test address', N'Phường Phước Bình', N'Quận 9', N'Thành phố Hồ Chí Minh', N'Việt Nam'),
('48b03460-01a4-4f28-9ad4-bc02b277838e', 10.835859350710932, 106.96882172931987, '707944fc-dd3c-483d-a4bf-bcc508e45b10', null, 'test address', N'Xã Lê Minh Xuân', N'Huyện Bình Chánh', N'Thành phố Hồ Chí Minh', N'Việt Nam'),
('653b8e9b-4761-495a-8604-f367f862afa5', 10.729411130127797, 106.82328965271047, 'd9149943-cd70-4851-a028-7288392a4b60', null, 'test address', N'Phường Bình Thọ', N'Thành phố Thủ Đức', N'Thành phố Hồ Chí Minh', N'Việt Nam'),
('580425d3-a0c7-4d92-95fe-3fc0befbb3ba', 10.790212979422236, 106.88585531888342, null, '4b56ad1e-d920-40db-9961-c4c3b7538525', 'test address', N'Phường Cầu Kho', N'Quận 1', N'Thành phố Hồ Chí Minh', N'Việt Nam'); 

INSERT INTO [Skills] (Id, Name, Description, SkillCategory) VALUES
('1a87348d-768f-4a78-b359-9b4e8f0fd737', 'House Cleaning', 'American whole magazine truth stop whose.', 'CleaningService'),
('a514c7f6-4543-43d8-9bcd-d3e3a0c205ce', 'Office Cleaning', 'Through despite cause cause believe son would mouth.', 'CleaningService'),
('3d5f2fed-2cef-43b8-8970-32c753556f65', 'Deep Cleaning', 'Financial role together range.', 'CleaningService'),
('d7640d96-6fc9-485b-b5be-65d29b4c4283', 'Carpet Cleaning', 'Beyond its particularly tree whom local tend.', 'CleaningService'),
('fb861009-51c1-4714-8f0a-5ac4be174eb7', 'Window Cleaning', 'Source nature add rest.', 'CleaningService'),
('991320d9-9196-4225-911d-c904b7a904c7', 'Maid Service', 'Ability management test during foot that course nothing.', 'CleaningService'),
('cdf8ad4b-f6c5-4b60-9d84-a7f3b9125bc8', 'Janitorial Service', 'Sort language ball floor.', 'CleaningService'),
('398d4b18-4b59-4d4d-ad3d-a903322937c5', 'Disinfection Service', 'Board necessary religious natural sport music white.', 'CleaningService'),
('ec7e4a02-611b-4637-8f7d-1560f735eef1', 'Eco-friendly Cleaning', 'Onto knowledge other his offer face country.', 'CleaningService'),
('d034bdd9-cd14-4831-a900-eadc9d99d74f', 'Move-in/Move-out Cleaning', 'Party prevent live.', 'CleaningService'),
('d377cda8-91d0-492b-8e4c-0db220ae52ff', 'Appliance Repair', 'Theory type successful together.', 'RepairingService'),
('cd47dff3-8a88-47d3-903e-cfc1860ea0c3', 'Refrigerator Repair', 'Study modern miss dog Democrat quickly.', 'RepairingService'),
('3da05a77-ee7c-4ebf-a6e0-0503e2ca99ae', 'Washer/Dryer Repair', 'Every manage political record word group food break.', 'RepairingService'),
('d9a6d05e-67ef-4daa-a94b-1a0f0cfe4bcb', 'Oven/Range Repair', 'Friend couple administration even relate head color international.', 'RepairingService'),
('f747e657-604b-4cd6-8988-0fdba9d454b2', 'Dishwasher Repair', 'Situation talk despite stage.', 'RepairingService'),
('12f685b6-1e6f-4ad3-82c9-12cb84c56a7c', 'HVAC Repair', 'Quite ago play paper office hospital have wonder.', 'RepairingService'),
('127e6a0e-7b6a-417b-af73-01772447f61c', 'Plumbing Repair', 'Against which continue buy decision song view age.', 'RepairingService'),
('6f69a12f-7ac9-49d7-ba73-4be1ad63b622', 'Electrical Repair', 'Big employee determine positive go Congress mean always.', 'RepairingService'),
('50663a2e-a3d7-4dea-a77c-29ade198437c', 'Small Appliance Repair', 'Current grow rule stuff truth college.', 'RepairingService'),
('ab680223-1d7c-41b0-a635-8e47d5dcfb00', 'Garbage Disposal Repair', 'Small citizen class morning.', 'RepairingService'),
('96cc285d-891a-4f2f-96ed-c1e262034e84', 'Personal Shopping', 'Tv program actually race tonight themselves true power.', 'ShoppingService'),
('ffdad5a3-b56c-4da2-8b50-299e8b500cde', 'Grocery Shopping', 'Check real leader bad school.', 'ShoppingService'),
('f6962fd8-1421-4e56-ac37-9d26f1880253', 'Errand Service', 'Care several loss particular pull.', 'ShoppingService'),
('bd0175f0-1e87-425b-8b49-87456c29d9e1', 'Shopping Assistance', 'Car financial security stock ball organization recognize civil.', 'ShoppingService'),
('ef329fd0-1ad5-4109-be0b-82def3e3aac3', 'Gift Shopping', 'Her then nothing increase I reduce industry.', 'ShoppingService'),
('ed331916-9ee2-4dc9-aafd-980a1e56639a', 'Online Shopping', 'Knowledge else citizen month.', 'ShoppingService'),
('4ebe4915-713a-4328-973f-739a56727c5d', 'Bulk Shopping', 'Page a although for study anyone state.', 'ShoppingService'),
('876f8f69-2517-47e9-8b9e-923073be08e3', 'Specialty Store Shopping', 'Nature white without study candidate.', 'ShoppingService'),
('e1b462ac-f7f9-4d9c-91f3-ab6c74de2fad', 'Holiday Shopping', 'Wear individual about add senior woman.', 'ShoppingService'),
('90908303-2096-4513-b985-80913641ccad', 'Fashion Styling', 'Best budget power them evidence without beyond take.', 'ShoppingService'); 

INSERT INTO [FreelanceSkills] ([FreelancerId], [SkillId]) VALUES
('3e302e43-08a7-4eac-b50c-b331287927d2', '3da05a77-ee7c-4ebf-a6e0-0503e2ca99ae'),
('3e302e43-08a7-4eac-b50c-b331287927d2', '6f69a12f-7ac9-49d7-ba73-4be1ad63b622'),
('3e302e43-08a7-4eac-b50c-b331287927d2', 'fb861009-51c1-4714-8f0a-5ac4be174eb7'),
('3e302e43-08a7-4eac-b50c-b331287927d2', 'd034bdd9-cd14-4831-a900-eadc9d99d74f'),
('3e302e43-08a7-4eac-b50c-b331287927d2', 'd7640d96-6fc9-485b-b5be-65d29b4c4283'),
('b2359a87-2498-4707-9881-14e1e7cbe958', 'f747e657-604b-4cd6-8988-0fdba9d454b2'),
('b2359a87-2498-4707-9881-14e1e7cbe958', 'ef329fd0-1ad5-4109-be0b-82def3e3aac3'),
('b2359a87-2498-4707-9881-14e1e7cbe958', 'ffdad5a3-b56c-4da2-8b50-299e8b500cde'),
('b2359a87-2498-4707-9881-14e1e7cbe958', 'cdf8ad4b-f6c5-4b60-9d84-a7f3b9125bc8'),
('b2359a87-2498-4707-9881-14e1e7cbe958', 'd7640d96-6fc9-485b-b5be-65d29b4c4283'),
('b2359a87-2498-4707-9881-14e1e7cbe958', '12f685b6-1e6f-4ad3-82c9-12cb84c56a7c'),
('b2359a87-2498-4707-9881-14e1e7cbe958', '3da05a77-ee7c-4ebf-a6e0-0503e2ca99ae'),
('565593f8-7020-44b9-b776-09c25098408c', 'a514c7f6-4543-43d8-9bcd-d3e3a0c205ce'),
('565593f8-7020-44b9-b776-09c25098408c', '50663a2e-a3d7-4dea-a77c-29ade198437c'),
('565593f8-7020-44b9-b776-09c25098408c', '3d5f2fed-2cef-43b8-8970-32c753556f65'),
('565593f8-7020-44b9-b776-09c25098408c', 'ffdad5a3-b56c-4da2-8b50-299e8b500cde'),
('565593f8-7020-44b9-b776-09c25098408c', 'ed331916-9ee2-4dc9-aafd-980a1e56639a'),
('565593f8-7020-44b9-b776-09c25098408c', '127e6a0e-7b6a-417b-af73-01772447f61c'),
('565593f8-7020-44b9-b776-09c25098408c', 'ab680223-1d7c-41b0-a635-8e47d5dcfb00'),
('b97823a0-ffd2-4a46-b8f3-371042105084', '3da05a77-ee7c-4ebf-a6e0-0503e2ca99ae'),
('b97823a0-ffd2-4a46-b8f3-371042105084', 'ed331916-9ee2-4dc9-aafd-980a1e56639a'),
('b97823a0-ffd2-4a46-b8f3-371042105084', 'ef329fd0-1ad5-4109-be0b-82def3e3aac3'),
('b97823a0-ffd2-4a46-b8f3-371042105084', '12f685b6-1e6f-4ad3-82c9-12cb84c56a7c'),
('4b56ad1e-d920-40db-9961-c4c3b7538525', 'ffdad5a3-b56c-4da2-8b50-299e8b500cde'),
('4b56ad1e-d920-40db-9961-c4c3b7538525', 'bd0175f0-1e87-425b-8b49-87456c29d9e1'),
('4b56ad1e-d920-40db-9961-c4c3b7538525', 'e1b462ac-f7f9-4d9c-91f3-ab6c74de2fad'),
('4b56ad1e-d920-40db-9961-c4c3b7538525', 'd7640d96-6fc9-485b-b5be-65d29b4c4283'); 

INSERT INTO [Orders] ([Id], [AddressId], [EstimatedPrice], [StartTime], [FinishTime], [CreatedTime], [FreelancerId], [CustomerId], [Rating], [Comment], [ServiceStatusId]) VALUES
('89a6d19f-535f-493b-8c78-3e68310eb7f9', 'bf68b15b-e755-429d-b73a-6076e4ca4d61', 0, '2024-01-23T00:00:00.000000', null, '2024-01-22T00:00:00.000000', null, '6aff6726-f62c-4240-b551-4de261ccb1f9', 0, null, '8a9f22f1-3c67-49f7-bd84-ec290e4a37fd'),
('7870707d-42ee-431c-b83f-e39a66edbd3a', 'bf68b15b-e755-429d-b73a-6076e4ca4d61', 0, '2024-01-11T00:00:00.000000', null, '2024-01-09T00:00:00.000000', null, '6aff6726-f62c-4240-b551-4de261ccb1f9', 0, null, '8a9f22f1-3c67-49f7-bd84-ec290e4a37fd'),
('1dfef317-f825-47f1-b912-f020c07a5bf3', '48b03460-01a4-4f28-9ad4-bc02b277838e', 200000, '2024-02-28T00:00:00.000000', '2024-02-28T00:00:00.000000', '2024-02-27T00:00:00.000000', '3e302e43-08a7-4eac-b50c-b331287927d2', '707944fc-dd3c-483d-a4bf-bcc508e45b10', 4.0, N'Hoàng Linh Nhi thật tuyệt vời! Chất lượng dịch vụ xuất sắc.', 'a7d1f0e8-2a6f-4b9d-aa1c-10f58a1d5d32'),
('94031e9b-4502-460f-9b75-e4f716698dee', '48b03460-01a4-4f28-9ad4-bc02b277838e', 300000, '2024-02-23T00:00:00.000000', '2024-02-23T00:00:00.000000', '2024-02-21T00:00:00.000000', 'b97823a0-ffd2-4a46-b8f3-371042105084', '707944fc-dd3c-483d-a4bf-bcc508e45b10', 5.0, N'Trương Hữu Canh thật xuất sắc! Tôi nhận được giá trị tuyệt vời với số tiền bỏ ra.', 'a7d1f0e8-2a6f-4b9d-aa1c-10f58a1d5d32'),
('65b6671b-e488-4755-b547-c9af42c394ed', '48b03460-01a4-4f28-9ad4-bc02b277838e', 600000, '2024-01-25T00:00:00.000000', '2024-01-25T00:00:00.000000', '2024-01-23T00:00:00.000000', '565593f8-7020-44b9-b776-09c25098408c', '707944fc-dd3c-483d-a4bf-bcc508e45b10', 5.0, N'Phạm Khắc Vũ đã làm một công việc rất ấn tượng. Nhanh chóng và hiệu quả.', 'a7d1f0e8-2a6f-4b9d-aa1c-10f58a1d5d32'),
('18700f03-3a5e-4d80-8226-c5d608202d41', '653b8e9b-4761-495a-8604-f367f862afa5', 500000, '2024-01-29T00:00:00.000000', '2024-01-29T00:00:00.000000', '2024-01-28T00:00:00.000000', '3e302e43-08a7-4eac-b50c-b331287927d2', 'd9149943-cd70-4851-a028-7288392a4b60', 5.0, N'Làm việc với Hoàng Linh Nhi thật thú vị. Chất lượng dịch vụ xuất sắc.', 'a7d1f0e8-2a6f-4b9d-aa1c-10f58a1d5d32'),
('97bbffb8-dd82-47a6-aabc-7fbb5e6e7441', '653b8e9b-4761-495a-8604-f367f862afa5', 0, '2024-03-13T00:00:00.000000', null, '2024-03-11T00:00:00.000000', null, 'd9149943-cd70-4851-a028-7288392a4b60', 0, null, '8a9f22f1-3c67-49f7-bd84-ec290e4a37fd'),
('fccc7f75-c4b4-430f-bd28-16ad9f35bc5d', 'bf68b15b-e755-429d-b73a-6076e4ca4d61', 200000, '2024-02-21T00:00:00.000000', '2024-02-21T00:00:00.000000', '2024-02-20T00:00:00.000000', '565593f8-7020-44b9-b776-09c25098408c', '6aff6726-f62c-4240-b551-4de261ccb1f9', 3.0, N'Thật không may, trải nghiệm của tôi với Phạm Khắc Vũ không được tốt. Tôi cảm thấy mình không nhận được giá trị tương xứng với số tiền bỏ ra.', 'a7d1f0e8-2a6f-4b9d-aa1c-10f58a1d5d32'),
('6e298ace-0e26-4d73-a62c-0c1748ba23c8', 'bf68b15b-e755-429d-b73a-6076e4ca4d61', 400000, '2024-02-25T00:00:00.000000', '2024-02-25T00:00:00.000000', '2024-02-22T00:00:00.000000', '4b56ad1e-d920-40db-9961-c4c3b7538525', '6aff6726-f62c-4240-b551-4de261ccb1f9', 5.0, N'Trần Tuấn Tú thật tuyệt vời! Dịch vụ vượt quá mong đợi của tôi.', 'a7d1f0e8-2a6f-4b9d-aa1c-10f58a1d5d32'),
('fdcd6b51-10f5-4428-932d-90fd06e070d4', 'bf68b15b-e755-429d-b73a-6076e4ca4d61', 0, '2024-03-12T00:00:00.000000', null, '2024-03-10T00:00:00.000000', null, '6aff6726-f62c-4240-b551-4de261ccb1f9', 0, null, '8a9f22f1-3c67-49f7-bd84-ec290e4a37fd'),
('899e659d-593e-41b5-865b-bf84b146961a', 'fec83a1a-0a97-4e2b-aead-8f92dbaf8bcc', 0, '2024-02-03T00:00:00.000000', null, '2024-02-01T00:00:00.000000', null, '5c72491e-9c5e-4088-a663-06a74c45a0b7', 0, null, '8a9f22f1-3c67-49f7-bd84-ec290e4a37fd'),
('bd5dd13d-fdf1-4de4-b81c-2b51780e3ffb', 'fec83a1a-0a97-4e2b-aead-8f92dbaf8bcc', 0, '2024-03-02T00:00:00.000000', null, '2024-02-28T00:00:00.000000', null, '5c72491e-9c5e-4088-a663-06a74c45a0b7', 0, null, '8a9f22f1-3c67-49f7-bd84-ec290e4a37fd'),
('98bb54a6-081a-4931-bd21-d6e3ac375ef5', 'fec83a1a-0a97-4e2b-aead-8f92dbaf8bcc', 200000, '2024-02-29T00:00:00.000000', '2024-02-29T00:00:00.000000', '2024-02-27T00:00:00.000000', 'b2359a87-2498-4707-9881-14e1e7cbe958', '5c72491e-9c5e-4088-a663-06a74c45a0b7', 5.0, N'Vũ Trần Quang Tuấn đã làm một công việc rất ấn tượng. Freelancer thật thân thiện và lịch sự.', 'a7d1f0e8-2a6f-4b9d-aa1c-10f58a1d5d32'),
('50a765ed-b67a-4a85-8e41-6e1d143c40a7', 'bf68b15b-e755-429d-b73a-6076e4ca4d61', 0, '2024-01-05T00:00:00.000000', null, '2024-01-04T00:00:00.000000', null, '6aff6726-f62c-4240-b551-4de261ccb1f9', 0, null, '8a9f22f1-3c67-49f7-bd84-ec290e4a37fd'),
('9fa33c48-7d35-41c1-9fd5-ee574b7ccf16', 'bf68b15b-e755-429d-b73a-6076e4ca4d61', 400000, '2024-01-21T00:00:00.000000', '2024-01-21T00:00:00.000000', '2024-01-18T00:00:00.000000', '565593f8-7020-44b9-b776-09c25098408c', '6aff6726-f62c-4240-b551-4de261ccb1f9', 4.5, N'Tôi không thể hài lòng hơn với dịch vụ của Phạm Khắc Vũ. Sự chuyên nghiệp của Freelancer này thật tuyệt đỉnh.', 'a7d1f0e8-2a6f-4b9d-aa1c-10f58a1d5d32'),
('1dfd0f64-32f4-4c65-9f13-539bf4a4d595', '653b8e9b-4761-495a-8604-f367f862afa5', 0, '2024-03-14T00:00:00.000000', null, '2024-03-12T00:00:00.000000', null, 'd9149943-cd70-4851-a028-7288392a4b60', 0, null, '8a9f22f1-3c67-49f7-bd84-ec290e4a37fd'),
('e8046daa-aaa6-4326-adad-89b38db3f28e', 'bf68b15b-e755-429d-b73a-6076e4ca4d61', 300000, '2024-02-29T00:00:00.000000', '2024-02-29T00:00:00.000000', '2024-02-26T00:00:00.000000', '3e302e43-08a7-4eac-b50c-b331287927d2', '6aff6726-f62c-4240-b551-4de261ccb1f9', 3.0, N'Hoàng Linh Nhi cần được cải thiện. Chất lượng dịch vụ kém.', 'a7d1f0e8-2a6f-4b9d-aa1c-10f58a1d5d32'),
('123fe257-b79c-4df0-86d7-7927991cdc67', 'fec83a1a-0a97-4e2b-aead-8f92dbaf8bcc', 0, '2024-01-28T00:00:00.000000', null, '2024-01-27T00:00:00.000000', null, '5c72491e-9c5e-4088-a663-06a74c45a0b7', 0, null, '8a9f22f1-3c67-49f7-bd84-ec290e4a37fd'),
('507e446e-1eb1-47a2-bcdf-ad9279934ec4', 'fec83a1a-0a97-4e2b-aead-8f92dbaf8bcc', 600000, '2024-02-20T00:00:00.000000', '2024-02-20T00:00:00.000000', '2024-02-18T00:00:00.000000', 'b2359a87-2498-4707-9881-14e1e7cbe958', '5c72491e-9c5e-4088-a663-06a74c45a0b7', 5.0, N'Vũ Trần Quang Tuấn cung cấp dịch vụ thật hoàn hảo. Sự chuyên nghiệp của Freelancer này thật tuyệt đỉnh.', 'a7d1f0e8-2a6f-4b9d-aa1c-10f58a1d5d32'),
('8cfcf7ef-8700-4b7a-83c6-7834e5841364', 'fec83a1a-0a97-4e2b-aead-8f92dbaf8bcc', 100000, '2024-02-26T00:00:00.000000', '2024-02-26T00:00:00.000000', '2024-02-25T00:00:00.000000', 'b97823a0-ffd2-4a46-b8f3-371042105084', '5c72491e-9c5e-4088-a663-06a74c45a0b7', 3.0, N'Trương Hữu Canh thân thiện và nhiệt tình. Tôi cảm thấy mình không nhận được giá trị tương xứng với số tiền bỏ ra.', 'a7d1f0e8-2a6f-4b9d-aa1c-10f58a1d5d32'),
('f0cd12a0-45cc-4616-9253-9d519d378cb9', 'bf68b15b-e755-429d-b73a-6076e4ca4d61', 0, '2024-03-09T00:00:00.000000', null, '2024-03-08T00:00:00.000000', null, '6aff6726-f62c-4240-b551-4de261ccb1f9', 0, null, '8a9f22f1-3c67-49f7-bd84-ec290e4a37fd'),
('e3481789-c762-42ad-9d5f-f897451c6f37', 'bf68b15b-e755-429d-b73a-6076e4ca4d61', 900000, '2024-01-02T00:00:00.000000', '2024-01-02T00:00:00.000000', '2023-12-31T00:00:00.000000', 'b2359a87-2498-4707-9881-14e1e7cbe958', '6aff6726-f62c-4240-b551-4de261ccb1f9', 5.0, N'Vũ Trần Quang Tuấn vượt xa mong đợi. Tôi nhận được giá trị tuyệt vời với số tiền bỏ ra.', 'a7d1f0e8-2a6f-4b9d-aa1c-10f58a1d5d32'),
('fad5525a-1e90-42f6-bd39-c124567b9731', 'bf68b15b-e755-429d-b73a-6076e4ca4d61', 0, '2024-03-01T00:00:00.000000', null, '2024-02-29T00:00:00.000000', null, '6aff6726-f62c-4240-b551-4de261ccb1f9', 0, null, '8a9f22f1-3c67-49f7-bd84-ec290e4a37fd'),
('db07e7f0-4ecb-4a9e-a278-171cb35d2a47', '48b03460-01a4-4f28-9ad4-bc02b277838e', 100000, '2024-02-09T00:00:00.000000', '2024-02-09T00:00:00.000000', '2024-02-07T00:00:00.000000', '4b56ad1e-d920-40db-9961-c4c3b7538525', '707944fc-dd3c-483d-a4bf-bcc508e45b10', 3.0, N'Tôi không thích dịch vụ từ Trần Tuấn Tú lắm. Đó là một trải nghiệm khá khó chịu.', 'a7d1f0e8-2a6f-4b9d-aa1c-10f58a1d5d32'),
('ae557517-cde0-4927-8669-8b0e6cf3088c', 'fec83a1a-0a97-4e2b-aead-8f92dbaf8bcc', 0, '2024-02-28T00:00:00.000000', null, '2024-02-27T00:00:00.000000', null, '5c72491e-9c5e-4088-a663-06a74c45a0b7', 0, null, '8a9f22f1-3c67-49f7-bd84-ec290e4a37fd'),
('04029356-acee-43f5-a8bc-9913ab3f735c', 'fec83a1a-0a97-4e2b-aead-8f92dbaf8bcc', 0, '2024-02-14T00:00:00.000000', null, '2024-02-11T00:00:00.000000', null, '5c72491e-9c5e-4088-a663-06a74c45a0b7', 0, null, '8a9f22f1-3c67-49f7-bd84-ec290e4a37fd'),
('5b53fdd7-6e77-4cd7-baab-03f7ab40946c', 'fec83a1a-0a97-4e2b-aead-8f92dbaf8bcc', 0, '2024-02-28T00:00:00.000000', null, '2024-02-27T00:00:00.000000', null, '5c72491e-9c5e-4088-a663-06a74c45a0b7', 0, null, '8a9f22f1-3c67-49f7-bd84-ec290e4a37fd'),
('4ed516db-038f-4d7a-9d43-ba480a433557', 'bf68b15b-e755-429d-b73a-6076e4ca4d61', 100000, '2024-03-13T00:00:00.000000', '2024-03-13T00:00:00.000000', '2024-03-12T00:00:00.000000', 'b2359a87-2498-4707-9881-14e1e7cbe958', '6aff6726-f62c-4240-b551-4de261ccb1f9', 5.0, N'Vũ Trần Quang Tuấn vượt xa mong đợi. Tôi nhận được giá trị tuyệt vời với số tiền bỏ ra.', 'a7d1f0e8-2a6f-4b9d-aa1c-10f58a1d5d32'),
('4e533fd7-16ae-49ce-bbee-5b04f7f5e331', 'bf68b15b-e755-429d-b73a-6076e4ca4d61', 500000, '2024-01-07T00:00:00.000000', '2024-01-07T00:00:00.000000', '2024-01-04T00:00:00.000000', '4b56ad1e-d920-40db-9961-c4c3b7538525', '6aff6726-f62c-4240-b551-4de261ccb1f9', 4.5, N'Trần Tuấn Tú đã làm một công việc rất ấn tượng. Chất lượng dịch vụ xuất sắc.', 'a7d1f0e8-2a6f-4b9d-aa1c-10f58a1d5d32'),
('195c3758-934e-4a06-8a6b-f5909b47243b', 'bf68b15b-e755-429d-b73a-6076e4ca4d61', 0, '2024-03-03T00:00:00.000000', null, '2024-03-02T00:00:00.000000', null, '6aff6726-f62c-4240-b551-4de261ccb1f9', 0, null, '8a9f22f1-3c67-49f7-bd84-ec290e4a37fd'),
('8b3f9346-dff3-47d0-9d09-66171e41ed4c', 'bf68b15b-e755-429d-b73a-6076e4ca4d61', 1000000, '2024-02-18T00:00:00.000000', '2024-02-18T00:00:00.000000', '2024-02-15T00:00:00.000000', '4b56ad1e-d920-40db-9961-c4c3b7538525', '6aff6726-f62c-4240-b551-4de261ccb1f9', 5.0, N'Trần Tuấn Tú thật xuất sắc! Tôi nhận được giá trị tuyệt vời với số tiền bỏ ra.', 'a7d1f0e8-2a6f-4b9d-aa1c-10f58a1d5d32'),
('90e23c9b-2baf-4a7e-8fce-f68370cc91e1', '48b03460-01a4-4f28-9ad4-bc02b277838e', 700000, '2024-01-16T00:00:00.000000', '2024-01-16T00:00:00.000000', '2024-01-14T00:00:00.000000', '3e302e43-08a7-4eac-b50c-b331287927d2', '707944fc-dd3c-483d-a4bf-bcc508e45b10', 3.0, N'Hoàng Linh Nhi cần được cải thiện. Tôi cảm thấy mình không nhận được giá trị tương xứng với số tiền bỏ ra.', 'a7d1f0e8-2a6f-4b9d-aa1c-10f58a1d5d32'),
('e9e788ea-4aed-4fc7-be10-1093bde365b6', '48b03460-01a4-4f28-9ad4-bc02b277838e', 0, '2024-03-14T00:00:00.000000', null, '2024-03-12T00:00:00.000000', null, '707944fc-dd3c-483d-a4bf-bcc508e45b10', 0, null, '8a9f22f1-3c67-49f7-bd84-ec290e4a37fd'),
('e0e6abfe-a09d-4341-bc0f-de79572c9e2e', '48b03460-01a4-4f28-9ad4-bc02b277838e', 800000, '2024-01-09T00:00:00.000000', '2024-01-09T00:00:00.000000', '2024-01-07T00:00:00.000000', '4b56ad1e-d920-40db-9961-c4c3b7538525', '707944fc-dd3c-483d-a4bf-bcc508e45b10', 3.5, N'Thật không may, trải nghiệm của tôi với Trần Tuấn Tú không được tốt. Chất lượng dịch vụ kém.', 'a7d1f0e8-2a6f-4b9d-aa1c-10f58a1d5d32'),
('6706048a-b0b6-4a87-bb6c-c8908e8bab50', '653b8e9b-4761-495a-8604-f367f862afa5', 0, '2024-03-13T00:00:00.000000', null, '2024-03-10T00:00:00.000000', null, 'd9149943-cd70-4851-a028-7288392a4b60', 0, null, '8a9f22f1-3c67-49f7-bd84-ec290e4a37fd'),
('28e966e1-69a3-43a0-8b99-4f5184eb23a7', 'bf68b15b-e755-429d-b73a-6076e4ca4d61', 800000, '2024-02-20T00:00:00.000000', '2024-02-20T00:00:00.000000', '2024-02-18T00:00:00.000000', '565593f8-7020-44b9-b776-09c25098408c', '6aff6726-f62c-4240-b551-4de261ccb1f9', 3.0, N'Tôi không thích dịch vụ từ Phạm Khắc Vũ lắm. Chậm và kém hiệu quả.', 'a7d1f0e8-2a6f-4b9d-aa1c-10f58a1d5d32'),
('6e2cdf67-1e8e-4709-b959-de6e6635dda7', 'bf68b15b-e755-429d-b73a-6076e4ca4d61', 600000, '2024-03-03T00:00:00.000000', '2024-03-03T00:00:00.000000', '2024-02-29T00:00:00.000000', '4b56ad1e-d920-40db-9961-c4c3b7538525', '6aff6726-f62c-4240-b551-4de261ccb1f9', 3.5, N'Tôi không thích dịch vụ từ Trần Tuấn Tú lắm. Freelancer thiếu giao tiếp với khách hàng.', 'a7d1f0e8-2a6f-4b9d-aa1c-10f58a1d5d32'),
('0ad724fc-42ef-486c-9bd5-10ae237286b2', 'bf68b15b-e755-429d-b73a-6076e4ca4d61', 0, '2024-01-24T00:00:00.000000', null, '2024-01-22T00:00:00.000000', null, '6aff6726-f62c-4240-b551-4de261ccb1f9', 0, null, '8a9f22f1-3c67-49f7-bd84-ec290e4a37fd'),
('0175b3f9-4298-453c-b77d-c1d4bad3b9f2', '48b03460-01a4-4f28-9ad4-bc02b277838e', 700000, '2024-02-14T00:00:00.000000', '2024-02-14T00:00:00.000000', '2024-02-12T00:00:00.000000', 'b2359a87-2498-4707-9881-14e1e7cbe958', '707944fc-dd3c-483d-a4bf-bcc508e45b10', 3.5, N'Thật không may, trải nghiệm của tôi với Vũ Trần Quang Tuấn không được tốt. Chậm và kém hiệu quả.', 'a7d1f0e8-2a6f-4b9d-aa1c-10f58a1d5d32'),
('d937ae7b-96ae-497e-85ab-94f376669a07', '48b03460-01a4-4f28-9ad4-bc02b277838e', 700000, '2024-02-04T00:00:00.000000', '2024-02-04T00:00:00.000000', '2024-02-03T00:00:00.000000', '3e302e43-08a7-4eac-b50c-b331287927d2', '707944fc-dd3c-483d-a4bf-bcc508e45b10', 3.0, N'Hoàng Linh Nhi cần cải thiện khả năng giao tiếp. Freelancer thiếu giao tiếp với khách hàng.', 'a7d1f0e8-2a6f-4b9d-aa1c-10f58a1d5d32'),
('18d84b09-1db3-4d8b-aed5-89902770b658', '48b03460-01a4-4f28-9ad4-bc02b277838e', 500000, '2024-01-22T00:00:00.000000', '2024-01-22T00:00:00.000000', '2024-01-21T00:00:00.000000', 'b97823a0-ffd2-4a46-b8f3-371042105084', '707944fc-dd3c-483d-a4bf-bcc508e45b10', 5.0, N'Trương Hữu Canh vượt xa mong đợi. Chất lượng dịch vụ xuất sắc.', 'a7d1f0e8-2a6f-4b9d-aa1c-10f58a1d5d32'),
('03117630-5912-4a31-8bdf-7aa946e0ab7d', '48b03460-01a4-4f28-9ad4-bc02b277838e', 600000, '2024-01-16T00:00:00.000000', '2024-01-16T00:00:00.000000', '2024-01-14T00:00:00.000000', '565593f8-7020-44b9-b776-09c25098408c', '707944fc-dd3c-483d-a4bf-bcc508e45b10', 4.0, N'Phạm Khắc Vũ vượt xa mong đợi. Dịch vụ vượt quá mong đợi của tôi.', 'a7d1f0e8-2a6f-4b9d-aa1c-10f58a1d5d32'),
('123c5f75-1803-4e44-acb1-ea3aef221cd2', '48b03460-01a4-4f28-9ad4-bc02b277838e', 0, '2024-01-02T00:00:00.000000', null, '2024-01-01T00:00:00.000000', null, '707944fc-dd3c-483d-a4bf-bcc508e45b10', 0, null, '8a9f22f1-3c67-49f7-bd84-ec290e4a37fd'),
('3c8c5f28-dcc0-4562-80c0-30f1ad7ec610', 'bf68b15b-e755-429d-b73a-6076e4ca4d61', 1000000, '2024-02-22T00:00:00.000000', '2024-02-22T00:00:00.000000', '2024-02-21T00:00:00.000000', '4b56ad1e-d920-40db-9961-c4c3b7538525', '6aff6726-f62c-4240-b551-4de261ccb1f9', 5.0, N'Tôi thực sự ấn tượng với Trần Tuấn Tú. Chất lượng dịch vụ xuất sắc.', 'a7d1f0e8-2a6f-4b9d-aa1c-10f58a1d5d32'),
('feb5551e-7b60-4a68-9fab-0d9fbcfd757c', 'bf68b15b-e755-429d-b73a-6076e4ca4d61', 200000, '2024-02-29T00:00:00.000000', '2024-02-29T00:00:00.000000', '2024-02-27T00:00:00.000000', '565593f8-7020-44b9-b776-09c25098408c', '6aff6726-f62c-4240-b551-4de261ccb1f9', 4.0, N'Tôi đã có một trải nghiệm tuyệt vời với Phạm Khắc Vũ. Chất lượng dịch vụ xuất sắc.', 'a7d1f0e8-2a6f-4b9d-aa1c-10f58a1d5d32'),
('e11b2eac-58c3-4e07-af26-b79c9970bc7b', 'bf68b15b-e755-429d-b73a-6076e4ca4d61', 0, '2024-02-04T00:00:00.000000', null, '2024-02-02T00:00:00.000000', null, '6aff6726-f62c-4240-b551-4de261ccb1f9', 0, null, '8a9f22f1-3c67-49f7-bd84-ec290e4a37fd'),
('3078b229-217e-43bb-8156-8a73e4a4defa', 'bf68b15b-e755-429d-b73a-6076e4ca4d61', 0, '2024-01-06T00:00:00.000000', null, '2024-01-05T00:00:00.000000', null, '6aff6726-f62c-4240-b551-4de261ccb1f9', 0, null, '8a9f22f1-3c67-49f7-bd84-ec290e4a37fd'),
('ff68df57-9fc0-40da-9506-3d348a0b51f7', 'fec83a1a-0a97-4e2b-aead-8f92dbaf8bcc', 700000, '2024-02-21T00:00:00.000000', '2024-02-21T00:00:00.000000', '2024-02-18T00:00:00.000000', '4b56ad1e-d920-40db-9961-c4c3b7538525', '5c72491e-9c5e-4088-a663-06a74c45a0b7', 3.0, N'Trần Tuấn Tú cần cải thiện khả năng giao tiếp. Đó là một trải nghiệm khá khó chịu.', 'a7d1f0e8-2a6f-4b9d-aa1c-10f58a1d5d32'),
('525ee461-f616-4d76-807b-eee9c29463ad', 'fec83a1a-0a97-4e2b-aead-8f92dbaf8bcc', 800000, '2024-02-06T00:00:00.000000', '2024-02-06T00:00:00.000000', '2024-02-04T00:00:00.000000', '565593f8-7020-44b9-b776-09c25098408c', '5c72491e-9c5e-4088-a663-06a74c45a0b7', 4.0, N'Tôi không thể hài lòng hơn với dịch vụ của Phạm Khắc Vũ. Dịch vụ vượt quá mong đợi của tôi.', 'a7d1f0e8-2a6f-4b9d-aa1c-10f58a1d5d32'),
('6b589faa-5fb0-4923-9e24-816097119bd9', 'b7df0bbe-2920-451a-bf30-7bd8a5a91e3f', 800000, '2024-02-26T00:00:00.000000', '2024-02-26T00:00:00.000000', '2024-02-23T00:00:00.000000', 'b97823a0-ffd2-4a46-b8f3-371042105084', '7a5a507d-549f-499d-8d67-229a116aa1f4', 4.0, N'Trương Hữu Canh vượt quá mong đợi của tôi. Chất lượng dịch vụ xuất sắc.', 'a7d1f0e8-2a6f-4b9d-aa1c-10f58a1d5d32'),
('98356016-fa44-4e9e-86db-8182d3d532e3', 'b7df0bbe-2920-451a-bf30-7bd8a5a91e3f', 0, '2024-01-08T00:00:00.000000', null, '2024-01-05T00:00:00.000000', null, '7a5a507d-549f-499d-8d67-229a116aa1f4', 0, null, '8a9f22f1-3c67-49f7-bd84-ec290e4a37fd'),
('3a06b586-0db1-473b-bdab-b2a299f28701', 'b7df0bbe-2920-451a-bf30-7bd8a5a91e3f', 700000, '2024-03-03T00:00:00.000000', '2024-03-03T00:00:00.000000', '2024-03-02T00:00:00.000000', 'b2359a87-2498-4707-9881-14e1e7cbe958', '7a5a507d-549f-499d-8d67-229a116aa1f4', 5.0, N'Vũ Trần Quang Tuấn vượt quá mong đợi của tôi. Dịch vụ vượt quá mong đợi của tôi.', 'a7d1f0e8-2a6f-4b9d-aa1c-10f58a1d5d32'),
('00861b91-4741-4bbd-a33f-133316ddd206', 'b7df0bbe-2920-451a-bf30-7bd8a5a91e3f', 0, '2024-02-09T00:00:00.000000', null, '2024-02-06T00:00:00.000000', null, '7a5a507d-549f-499d-8d67-229a116aa1f4', 0, null, '8a9f22f1-3c67-49f7-bd84-ec290e4a37fd'),
('b64c70bf-4b99-445c-9f7e-eb30813b41fc', 'b7df0bbe-2920-451a-bf30-7bd8a5a91e3f', 500000, '2024-02-16T00:00:00.000000', '2024-02-16T00:00:00.000000', '2024-02-15T00:00:00.000000', '3e302e43-08a7-4eac-b50c-b331287927d2', '7a5a507d-549f-499d-8d67-229a116aa1f4', 3.5, N'Thật không may, trải nghiệm của tôi với Hoàng Linh Nhi không được tốt. Freelancer không thân thiện và không nhiệt tình.', 'a7d1f0e8-2a6f-4b9d-aa1c-10f58a1d5d32'),
('d87adf48-430f-4142-841b-c73addeb6536', 'fec83a1a-0a97-4e2b-aead-8f92dbaf8bcc', 0, '2024-03-16T00:00:00.000000', null, '2024-03-14T00:00:00.000000', null, '5c72491e-9c5e-4088-a663-06a74c45a0b7', 0, null, '8a9f22f1-3c67-49f7-bd84-ec290e4a37fd'),
('4cb52a9e-9334-43c6-975b-5877bec56538', 'fec83a1a-0a97-4e2b-aead-8f92dbaf8bcc', 700000, '2024-02-29T00:00:00.000000', '2024-02-29T00:00:00.000000', '2024-02-28T00:00:00.000000', '565593f8-7020-44b9-b776-09c25098408c', '5c72491e-9c5e-4088-a663-06a74c45a0b7', 3.5, N'Phạm Khắc Vũ thân thiện và nhiệt tình. Freelancer không thân thiện và không nhiệt tình.', 'a7d1f0e8-2a6f-4b9d-aa1c-10f58a1d5d32'),
('8ecc6b1a-c3ae-4823-8fa5-03ed6cf995c1', 'fec83a1a-0a97-4e2b-aead-8f92dbaf8bcc', 600000, '2024-03-04T00:00:00.000000', '2024-03-04T00:00:00.000000', '2024-03-01T00:00:00.000000', 'b97823a0-ffd2-4a46-b8f3-371042105084', '5c72491e-9c5e-4088-a663-06a74c45a0b7', 4.0, N'Tôi không thể hài lòng hơn với dịch vụ của Trương Hữu Canh. Tôi nhận được giá trị tuyệt vời với số tiền bỏ ra.', 'a7d1f0e8-2a6f-4b9d-aa1c-10f58a1d5d32'),
('97e69a2d-4bed-4d0b-9eb9-096950fe3648', 'b7df0bbe-2920-451a-bf30-7bd8a5a91e3f', 300000, '2024-01-20T00:00:00.000000', '2024-01-20T00:00:00.000000', '2024-01-17T00:00:00.000000', '3e302e43-08a7-4eac-b50c-b331287927d2', '7a5a507d-549f-499d-8d67-229a116aa1f4', 4.5, N'Hoàng Linh Nhi vượt xa mong đợi. Freelancer thật thân thiện và lịch sự.', 'a7d1f0e8-2a6f-4b9d-aa1c-10f58a1d5d32'),
('fa678483-994d-4f46-b091-e82f99108785', 'b7df0bbe-2920-451a-bf30-7bd8a5a91e3f', 700000, '2024-01-23T00:00:00.000000', '2024-01-23T00:00:00.000000', '2024-01-22T00:00:00.000000', '565593f8-7020-44b9-b776-09c25098408c', '7a5a507d-549f-499d-8d67-229a116aa1f4', 3.0, N'Phạm Khắc Vũ thiếu chuyên nghiệp. Chất lượng dịch vụ kém.', 'a7d1f0e8-2a6f-4b9d-aa1c-10f58a1d5d32'),
('ebd18fcd-da86-4566-a2ec-0184af6b3a8f', 'fec83a1a-0a97-4e2b-aead-8f92dbaf8bcc', 600000, '2024-01-21T00:00:00.000000', '2024-01-21T00:00:00.000000', '2024-01-18T00:00:00.000000', 'b2359a87-2498-4707-9881-14e1e7cbe958', '5c72491e-9c5e-4088-a663-06a74c45a0b7', 5.0, N'Vũ Trần Quang Tuấn thật xuất sắc! Đó là một trải nghiệm suôn sẻ.', 'a7d1f0e8-2a6f-4b9d-aa1c-10f58a1d5d32'),
('ccd47c6c-a79e-456d-95b3-42f85ab2cf28', 'fec83a1a-0a97-4e2b-aead-8f92dbaf8bcc', 800000, '2024-02-24T00:00:00.000000', '2024-02-24T00:00:00.000000', '2024-02-23T00:00:00.000000', '4b56ad1e-d920-40db-9961-c4c3b7538525', '5c72491e-9c5e-4088-a663-06a74c45a0b7', 5.0, N'Trần Tuấn Tú đã làm một công việc rất ấn tượng. Dịch vụ vượt quá mong đợi của tôi.', 'a7d1f0e8-2a6f-4b9d-aa1c-10f58a1d5d32'),
('f134c8a3-d43d-444d-a5d9-a31784c8d0aa', 'fec83a1a-0a97-4e2b-aead-8f92dbaf8bcc', 300000, '2024-02-14T00:00:00.000000', '2024-02-14T00:00:00.000000', '2024-02-11T00:00:00.000000', 'b97823a0-ffd2-4a46-b8f3-371042105084', '5c72491e-9c5e-4088-a663-06a74c45a0b7', 4.0, N'Tôi không thể hài lòng hơn với dịch vụ của Trương Hữu Canh. Dịch vụ vượt quá mong đợi của tôi.', 'a7d1f0e8-2a6f-4b9d-aa1c-10f58a1d5d32'),
('7ab95a14-6823-4ff3-aa9e-383ef3800acf', 'fec83a1a-0a97-4e2b-aead-8f92dbaf8bcc', 600000, '2024-01-17T00:00:00.000000', '2024-01-17T00:00:00.000000', '2024-01-15T00:00:00.000000', 'b97823a0-ffd2-4a46-b8f3-371042105084', '5c72491e-9c5e-4088-a663-06a74c45a0b7', 3.0, N'Trương Hữu Canh cần cải thiện khả năng giao tiếp. Freelancer không thân thiện và không nhiệt tình.', 'a7d1f0e8-2a6f-4b9d-aa1c-10f58a1d5d32'),
('72c714fc-9295-4452-ab89-c3f1267c4029', 'fec83a1a-0a97-4e2b-aead-8f92dbaf8bcc', 900000, '2024-03-11T00:00:00.000000', '2024-03-11T00:00:00.000000', '2024-03-09T00:00:00.000000', '4b56ad1e-d920-40db-9961-c4c3b7538525', '5c72491e-9c5e-4088-a663-06a74c45a0b7', 3.0, N'Trần Tuấn Tú cần cải thiện khả năng giao tiếp. Freelancer không thân thiện và không nhiệt tình.', 'a7d1f0e8-2a6f-4b9d-aa1c-10f58a1d5d32'),
('f6c20f53-bf17-4762-a4df-00f908c0c377', 'bf68b15b-e755-429d-b73a-6076e4ca4d61', 0, '2024-03-07T00:00:00.000000', null, '2024-03-06T00:00:00.000000', null, '6aff6726-f62c-4240-b551-4de261ccb1f9', 0, null, '8a9f22f1-3c67-49f7-bd84-ec290e4a37fd'),
('1ca15b78-a8da-49ce-b456-af07172ffd14', 'bf68b15b-e755-429d-b73a-6076e4ca4d61', 800000, '2024-02-24T00:00:00.000000', '2024-02-24T00:00:00.000000', '2024-02-22T00:00:00.000000', 'b2359a87-2498-4707-9881-14e1e7cbe958', '6aff6726-f62c-4240-b551-4de261ccb1f9', 5.0, N'Tôi thực sự ấn tượng với Vũ Trần Quang Tuấn. Sự chuyên nghiệp của Freelancer này thật tuyệt đỉnh.', 'a7d1f0e8-2a6f-4b9d-aa1c-10f58a1d5d32'),
('c8fb483b-49a9-484c-971f-83b78a6f5fa0', 'bf68b15b-e755-429d-b73a-6076e4ca4d61', 0, '2024-01-07T00:00:00.000000', null, '2024-01-06T00:00:00.000000', null, '6aff6726-f62c-4240-b551-4de261ccb1f9', 0, null, '8a9f22f1-3c67-49f7-bd84-ec290e4a37fd'),
('49cb606c-9ba8-4251-b149-d8096a8efe35', 'b7df0bbe-2920-451a-bf30-7bd8a5a91e3f', 800000, '2024-03-01T00:00:00.000000', '2024-03-01T00:00:00.000000', '2024-02-27T00:00:00.000000', 'b2359a87-2498-4707-9881-14e1e7cbe958', '7a5a507d-549f-499d-8d67-229a116aa1f4', 5.0, N'Vũ Trần Quang Tuấn đã làm một công việc rất ấn tượng. Dịch vụ vượt quá mong đợi của tôi.', 'a7d1f0e8-2a6f-4b9d-aa1c-10f58a1d5d32'),
('6850e644-b238-4140-a413-9d08ccd2f66a', 'fec83a1a-0a97-4e2b-aead-8f92dbaf8bcc', 500000, '2024-02-07T00:00:00.000000', '2024-02-07T00:00:00.000000', '2024-02-06T00:00:00.000000', '565593f8-7020-44b9-b776-09c25098408c', '5c72491e-9c5e-4088-a663-06a74c45a0b7', 4.5, N'Làm việc với Phạm Khắc Vũ thật thú vị. Freelancer thật thân thiện và lịch sự.', 'a7d1f0e8-2a6f-4b9d-aa1c-10f58a1d5d32'),
('c6ecba80-f256-4e3b-a0fd-128953ea39cf', 'b7df0bbe-2920-451a-bf30-7bd8a5a91e3f', 0, '2024-03-17T00:00:00.000000', null, '2024-03-16T00:00:00.000000', null, '7a5a507d-549f-499d-8d67-229a116aa1f4', 0, null, '8a9f22f1-3c67-49f7-bd84-ec290e4a37fd'),
('9a2d72af-120e-4fb1-afee-27f6280ecbd0', 'b7df0bbe-2920-451a-bf30-7bd8a5a91e3f', 0, '2024-01-11T00:00:00.000000', null, '2024-01-08T00:00:00.000000', null, '7a5a507d-549f-499d-8d67-229a116aa1f4', 0, null, '8a9f22f1-3c67-49f7-bd84-ec290e4a37fd'),
('2debd28d-9273-4e7d-8b83-d3f0f661f1d1', 'b7df0bbe-2920-451a-bf30-7bd8a5a91e3f', 0, '2024-01-13T00:00:00.000000', null, '2024-01-11T00:00:00.000000', null, '7a5a507d-549f-499d-8d67-229a116aa1f4', 0, null, '8a9f22f1-3c67-49f7-bd84-ec290e4a37fd'),
('2b273ff4-7f9e-4452-932a-584d4e09fc08', 'fec83a1a-0a97-4e2b-aead-8f92dbaf8bcc', 900000, '2024-02-13T00:00:00.000000', '2024-02-13T00:00:00.000000', '2024-02-12T00:00:00.000000', '4b56ad1e-d920-40db-9961-c4c3b7538525', '5c72491e-9c5e-4088-a663-06a74c45a0b7', 4.0, N'Trần Tuấn Tú thật xuất sắc! Nhanh chóng và hiệu quả.', 'a7d1f0e8-2a6f-4b9d-aa1c-10f58a1d5d32'),
('f0f7f66c-a3b9-40e6-b7c8-37861f997881', 'fec83a1a-0a97-4e2b-aead-8f92dbaf8bcc', 0, '2024-02-14T00:00:00.000000', null, '2024-02-12T00:00:00.000000', null, '5c72491e-9c5e-4088-a663-06a74c45a0b7', 0, null, '8a9f22f1-3c67-49f7-bd84-ec290e4a37fd'),
('5b1702c0-7a74-4e86-88ef-12c7d128d3db', 'fec83a1a-0a97-4e2b-aead-8f92dbaf8bcc', 500000, '2024-01-24T00:00:00.000000', '2024-01-24T00:00:00.000000', '2024-01-21T00:00:00.000000', 'b2359a87-2498-4707-9881-14e1e7cbe958', '5c72491e-9c5e-4088-a663-06a74c45a0b7', 4.5, N'Tôi đã có một trải nghiệm tuyệt vời với Vũ Trần Quang Tuấn. Freelancer thật thân thiện và lịch sự.', 'a7d1f0e8-2a6f-4b9d-aa1c-10f58a1d5d32'),
('63b225b3-c21d-4f1c-bc8a-00f969d0d629', '48b03460-01a4-4f28-9ad4-bc02b277838e', 700000, '2024-02-18T00:00:00.000000', '2024-02-18T00:00:00.000000', '2024-02-16T00:00:00.000000', '4b56ad1e-d920-40db-9961-c4c3b7538525', '707944fc-dd3c-483d-a4bf-bcc508e45b10', 4.0, N'Tôi thực sự ấn tượng với Trần Tuấn Tú. Sự chuyên nghiệp của Freelancer này thật tuyệt đỉnh.', 'a7d1f0e8-2a6f-4b9d-aa1c-10f58a1d5d32'),
('3dad50a4-a901-4720-9000-41963fc99943', 'fec83a1a-0a97-4e2b-aead-8f92dbaf8bcc', 400000, '2024-02-26T00:00:00.000000', '2024-02-26T00:00:00.000000', '2024-02-23T00:00:00.000000', '4b56ad1e-d920-40db-9961-c4c3b7538525', '5c72491e-9c5e-4088-a663-06a74c45a0b7', 3.0, N'Thật không may, trải nghiệm của tôi với Trần Tuấn Tú không được tốt. Freelancer không thân thiện và không nhiệt tình.', 'a7d1f0e8-2a6f-4b9d-aa1c-10f58a1d5d32'),
('738289e5-b2d9-4798-a0c5-937100246237', 'b7df0bbe-2920-451a-bf30-7bd8a5a91e3f', 700000, '2024-01-02T00:00:00.000000', '2024-01-02T00:00:00.000000', '2023-12-30T00:00:00.000000', '3e302e43-08a7-4eac-b50c-b331287927d2', '7a5a507d-549f-499d-8d67-229a116aa1f4', 3.0, N'Hoàng Linh Nhi cần cải thiện khả năng giao tiếp. Tôi cảm thấy mình không nhận được giá trị tương xứng với số tiền bỏ ra.', 'a7d1f0e8-2a6f-4b9d-aa1c-10f58a1d5d32'),
('b4e4cb86-6b2e-4345-86b5-8b1785c1279c', 'b7df0bbe-2920-451a-bf30-7bd8a5a91e3f', 200000, '2024-03-05T00:00:00.000000', '2024-03-05T00:00:00.000000', '2024-03-03T00:00:00.000000', 'b97823a0-ffd2-4a46-b8f3-371042105084', '7a5a507d-549f-499d-8d67-229a116aa1f4', 4.0, N'Trương Hữu Canh vượt xa mong đợi. Đó là một trải nghiệm suôn sẻ.', 'a7d1f0e8-2a6f-4b9d-aa1c-10f58a1d5d32'),
('2d344771-e222-4f2a-af0d-f92ddfcac8a3', 'b7df0bbe-2920-451a-bf30-7bd8a5a91e3f', 0, '2024-01-21T00:00:00.000000', null, '2024-01-20T00:00:00.000000', null, '7a5a507d-549f-499d-8d67-229a116aa1f4', 0, null, '8a9f22f1-3c67-49f7-bd84-ec290e4a37fd'),
('7635b4ca-e932-4680-b430-3b8e07ff8300', '653b8e9b-4761-495a-8604-f367f862afa5', 300000, '2024-01-22T00:00:00.000000', '2024-01-22T00:00:00.000000', '2024-01-21T00:00:00.000000', '565593f8-7020-44b9-b776-09c25098408c', 'd9149943-cd70-4851-a028-7288392a4b60', 5.0, N'Phạm Khắc Vũ cung cấp dịch vụ thật hoàn hảo. Đó là một trải nghiệm suôn sẻ.', 'a7d1f0e8-2a6f-4b9d-aa1c-10f58a1d5d32'),
('f9ab2ff3-5474-4981-8908-bff6635a4c58', 'bf68b15b-e755-429d-b73a-6076e4ca4d61', 0, '2024-02-11T00:00:00.000000', null, '2024-02-10T00:00:00.000000', null, '6aff6726-f62c-4240-b551-4de261ccb1f9', 0, null, '8a9f22f1-3c67-49f7-bd84-ec290e4a37fd'),
('0c9679de-cfa6-4478-b68e-d829b6609422', 'bf68b15b-e755-429d-b73a-6076e4ca4d61', 0, '2024-01-17T00:00:00.000000', null, '2024-01-16T00:00:00.000000', null, '6aff6726-f62c-4240-b551-4de261ccb1f9', 0, null, '8a9f22f1-3c67-49f7-bd84-ec290e4a37fd'),
('39273268-241e-4290-9547-806caac4a844', '653b8e9b-4761-495a-8604-f367f862afa5', 1000000, '2024-02-02T00:00:00.000000', '2024-02-02T00:00:00.000000', '2024-01-30T00:00:00.000000', 'b97823a0-ffd2-4a46-b8f3-371042105084', 'd9149943-cd70-4851-a028-7288392a4b60', 5.0, N'Tôi đã có một trải nghiệm tuyệt vời với Trương Hữu Canh. Tôi nhận được giá trị tuyệt vời với số tiền bỏ ra.', 'a7d1f0e8-2a6f-4b9d-aa1c-10f58a1d5d32'),
('35e87db8-2ce8-425f-9e33-4a7902639e56', 'b7df0bbe-2920-451a-bf30-7bd8a5a91e3f', 200000, '2024-03-13T00:00:00.000000', '2024-03-13T00:00:00.000000', '2024-03-11T00:00:00.000000', '3e302e43-08a7-4eac-b50c-b331287927d2', '7a5a507d-549f-499d-8d67-229a116aa1f4', 4.0, N'Hoàng Linh Nhi thật xuất sắc! Tôi nhận được giá trị tuyệt vời với số tiền bỏ ra.', 'a7d1f0e8-2a6f-4b9d-aa1c-10f58a1d5d32'),
('09511825-565e-4010-a269-50aff13ab0cb', 'b7df0bbe-2920-451a-bf30-7bd8a5a91e3f', 900000, '2024-03-02T00:00:00.000000', '2024-03-02T00:00:00.000000', '2024-02-29T00:00:00.000000', '565593f8-7020-44b9-b776-09c25098408c', '7a5a507d-549f-499d-8d67-229a116aa1f4', 5.0, N'Tôi đã có một trải nghiệm tuyệt vời với Phạm Khắc Vũ. Nhanh chóng và hiệu quả.', 'a7d1f0e8-2a6f-4b9d-aa1c-10f58a1d5d32'),
('7e057d7b-be08-45b1-9e22-96881179610b', 'b7df0bbe-2920-451a-bf30-7bd8a5a91e3f', 700000, '2024-03-16T00:00:00.000000', '2024-03-16T00:00:00.000000', '2024-03-15T00:00:00.000000', '4b56ad1e-d920-40db-9961-c4c3b7538525', '7a5a507d-549f-499d-8d67-229a116aa1f4', 3.5, N'Trần Tuấn Tú cần được cải thiện. Chậm và kém hiệu quả.', 'a7d1f0e8-2a6f-4b9d-aa1c-10f58a1d5d32'),
('e8f96100-8bb6-495c-98b7-15bdc3f3798e', 'fec83a1a-0a97-4e2b-aead-8f92dbaf8bcc', 600000, '2024-02-02T00:00:00.000000', '2024-02-02T00:00:00.000000', '2024-02-01T00:00:00.000000', 'b2359a87-2498-4707-9881-14e1e7cbe958', '5c72491e-9c5e-4088-a663-06a74c45a0b7', 5.0, N'Vũ Trần Quang Tuấn cung cấp dịch vụ thật hoàn hảo. Đó là một trải nghiệm suôn sẻ.', 'a7d1f0e8-2a6f-4b9d-aa1c-10f58a1d5d32'),
('caca3dca-e798-42be-ab5e-7266c652a3d0', 'fec83a1a-0a97-4e2b-aead-8f92dbaf8bcc', 800000, '2024-02-06T00:00:00.000000', '2024-02-06T00:00:00.000000', '2024-02-05T00:00:00.000000', '3e302e43-08a7-4eac-b50c-b331287927d2', '5c72491e-9c5e-4088-a663-06a74c45a0b7', 4.5, N'Tôi thực sự ấn tượng với Hoàng Linh Nhi. Dịch vụ vượt quá mong đợi của tôi.', 'a7d1f0e8-2a6f-4b9d-aa1c-10f58a1d5d32'),
('2a07741f-9fab-444f-9341-5ae03f5bde3e', 'fec83a1a-0a97-4e2b-aead-8f92dbaf8bcc', 0, '2024-01-09T00:00:00.000000', null, '2024-01-08T00:00:00.000000', null, '5c72491e-9c5e-4088-a663-06a74c45a0b7', 0, null, '8a9f22f1-3c67-49f7-bd84-ec290e4a37fd'),
('50d8b616-cbe0-4004-93f7-6c0dc73c35b7', '48b03460-01a4-4f28-9ad4-bc02b277838e', 0, '2024-03-15T00:00:00.000000', null, '2024-03-12T00:00:00.000000', null, '707944fc-dd3c-483d-a4bf-bcc508e45b10', 0, null, '8a9f22f1-3c67-49f7-bd84-ec290e4a37fd'),
('f688713c-10e7-45ed-b940-5f206cdf236a', 'fec83a1a-0a97-4e2b-aead-8f92dbaf8bcc', 0, '2024-03-11T00:00:00.000000', null, '2024-03-09T00:00:00.000000', null, '5c72491e-9c5e-4088-a663-06a74c45a0b7', 0, null, '8a9f22f1-3c67-49f7-bd84-ec290e4a37fd'),
('3e7c11cf-f46c-43f0-9572-54a35ed672b9', 'fec83a1a-0a97-4e2b-aead-8f92dbaf8bcc', 900000, '2024-03-14T00:00:00.000000', '2024-03-14T00:00:00.000000', '2024-03-11T00:00:00.000000', 'b2359a87-2498-4707-9881-14e1e7cbe958', '5c72491e-9c5e-4088-a663-06a74c45a0b7', 4.0, N'Vũ Trần Quang Tuấn vượt xa mong đợi. Freelancer thật thân thiện và lịch sự.', 'a7d1f0e8-2a6f-4b9d-aa1c-10f58a1d5d32'),
('05422206-8fd8-4bf1-99db-e587d13a6838', 'fec83a1a-0a97-4e2b-aead-8f92dbaf8bcc', 0, '2024-01-28T00:00:00.000000', null, '2024-01-25T00:00:00.000000', null, '5c72491e-9c5e-4088-a663-06a74c45a0b7', 0, null, '8a9f22f1-3c67-49f7-bd84-ec290e4a37fd'),
('57f85c65-d105-4e99-a8ac-211158c85910', 'fec83a1a-0a97-4e2b-aead-8f92dbaf8bcc', 300000, '2024-02-13T00:00:00.000000', '2024-02-13T00:00:00.000000', '2024-02-11T00:00:00.000000', '4b56ad1e-d920-40db-9961-c4c3b7538525', '5c72491e-9c5e-4088-a663-06a74c45a0b7', 3.0, N'Thật không may, trải nghiệm của tôi với Trần Tuấn Tú không được tốt. Đó là một trải nghiệm khá khó chịu.', 'a7d1f0e8-2a6f-4b9d-aa1c-10f58a1d5d32'),
('eeb1d560-8457-48a5-80fa-1b67cb5261b7', 'fec83a1a-0a97-4e2b-aead-8f92dbaf8bcc', 0, '2024-03-18T00:00:00.000000', null, '2024-03-17T00:00:00.000000', null, '5c72491e-9c5e-4088-a663-06a74c45a0b7', 0, null, '8a9f22f1-3c67-49f7-bd84-ec290e4a37fd'),
('99c5d446-4b86-495b-be76-ce564039d64e', 'fec83a1a-0a97-4e2b-aead-8f92dbaf8bcc', 0, '2024-01-21T00:00:00.000000', null, '2024-01-19T00:00:00.000000', null, '5c72491e-9c5e-4088-a663-06a74c45a0b7', 0, null, '8a9f22f1-3c67-49f7-bd84-ec290e4a37fd'),
('dd18e5e1-ed21-4f7e-945d-e614a29b5569', '653b8e9b-4761-495a-8604-f367f862afa5', 100000, '2024-02-24T00:00:00.000000', '2024-02-24T00:00:00.000000', '2024-02-23T00:00:00.000000', '4b56ad1e-d920-40db-9961-c4c3b7538525', 'd9149943-cd70-4851-a028-7288392a4b60', 3.5, N'Trần Tuấn Tú cần cải thiện khả năng giao tiếp. Tôi cảm thấy mình không nhận được giá trị tương xứng với số tiền bỏ ra.', 'a7d1f0e8-2a6f-4b9d-aa1c-10f58a1d5d32'),
('e32e21d9-f854-403a-b453-4b0a0fd65310', '653b8e9b-4761-495a-8604-f367f862afa5', 0, '2024-02-08T00:00:00.000000', null, '2024-02-05T00:00:00.000000', null, 'd9149943-cd70-4851-a028-7288392a4b60', 0, null, '8a9f22f1-3c67-49f7-bd84-ec290e4a37fd'),
('e307ebc6-f1e9-4fa7-9b74-dc926a5e2ba7', 'b7df0bbe-2920-451a-bf30-7bd8a5a91e3f', 0, '2024-01-28T00:00:00.000000', null, '2024-01-25T00:00:00.000000', null, '7a5a507d-549f-499d-8d67-229a116aa1f4', 0, null, '8a9f22f1-3c67-49f7-bd84-ec290e4a37fd'),
('983aa8c0-24bc-49f4-8df3-65e9d6b1f2a3', 'b7df0bbe-2920-451a-bf30-7bd8a5a91e3f', 1000000, '2024-01-14T00:00:00.000000', '2024-01-14T00:00:00.000000', '2024-01-13T00:00:00.000000', 'b2359a87-2498-4707-9881-14e1e7cbe958', '7a5a507d-549f-499d-8d67-229a116aa1f4', 5.0, N'Tôi đã có một trải nghiệm tuyệt vời với Vũ Trần Quang Tuấn. Dịch vụ vượt quá mong đợi của tôi.', 'a7d1f0e8-2a6f-4b9d-aa1c-10f58a1d5d32'),
('205e3358-771c-4ba9-a038-74567b0d0e3e', 'b7df0bbe-2920-451a-bf30-7bd8a5a91e3f', 900000, '2024-02-17T00:00:00.000000', '2024-02-17T00:00:00.000000', '2024-02-14T00:00:00.000000', 'b2359a87-2498-4707-9881-14e1e7cbe958', '7a5a507d-549f-499d-8d67-229a116aa1f4', 3.5, N'Tôi không thích dịch vụ từ Vũ Trần Quang Tuấn lắm. Freelancer thiếu giao tiếp với khách hàng.', 'a7d1f0e8-2a6f-4b9d-aa1c-10f58a1d5d32'),
('bf066af0-d513-4d7d-bf52-266752032635', '48b03460-01a4-4f28-9ad4-bc02b277838e', 900000, '2024-02-08T00:00:00.000000', '2024-02-08T00:00:00.000000', '2024-02-07T00:00:00.000000', 'b97823a0-ffd2-4a46-b8f3-371042105084', '707944fc-dd3c-483d-a4bf-bcc508e45b10', 3.0, N'Trương Hữu Canh thiếu chuyên nghiệp. Đó là một trải nghiệm khá khó chịu.', 'a7d1f0e8-2a6f-4b9d-aa1c-10f58a1d5d32'),
('a482e5fd-48df-4e4a-be6b-24f9c7ab91c3', '653b8e9b-4761-495a-8604-f367f862afa5', 0, '2024-01-09T00:00:00.000000', null, '2024-01-08T00:00:00.000000', null, 'd9149943-cd70-4851-a028-7288392a4b60', 0, null, '8a9f22f1-3c67-49f7-bd84-ec290e4a37fd'),
('66cc9916-f1f7-4e15-95db-e3fd0a87af4a', '653b8e9b-4761-495a-8604-f367f862afa5', 100000, '2024-03-15T00:00:00.000000', '2024-03-15T00:00:00.000000', '2024-03-14T00:00:00.000000', '565593f8-7020-44b9-b776-09c25098408c', 'd9149943-cd70-4851-a028-7288392a4b60', 5.0, N'Tôi thực sự ấn tượng với Phạm Khắc Vũ. Chất lượng dịch vụ xuất sắc.', 'a7d1f0e8-2a6f-4b9d-aa1c-10f58a1d5d32'),
('b7d36821-37c5-4927-8677-bb3c3cac7199', 'b7df0bbe-2920-451a-bf30-7bd8a5a91e3f', 0, '2024-02-05T00:00:00.000000', null, '2024-02-02T00:00:00.000000', null, '7a5a507d-549f-499d-8d67-229a116aa1f4', 0, null, '8a9f22f1-3c67-49f7-bd84-ec290e4a37fd'),
('a7386693-0146-4015-9a44-44f6912445b8', 'b7df0bbe-2920-451a-bf30-7bd8a5a91e3f', 0, '2024-01-09T00:00:00.000000', null, '2024-01-08T00:00:00.000000', null, '7a5a507d-549f-499d-8d67-229a116aa1f4', 0, null, '8a9f22f1-3c67-49f7-bd84-ec290e4a37fd'),
('2d775e2b-f710-4116-b443-cd2176e50024', 'b7df0bbe-2920-451a-bf30-7bd8a5a91e3f', 0, '2024-01-24T00:00:00.000000', null, '2024-01-23T00:00:00.000000', null, '7a5a507d-549f-499d-8d67-229a116aa1f4', 0, null, '8a9f22f1-3c67-49f7-bd84-ec290e4a37fd'),
('84dc141b-3c7a-4dd1-82e4-9b337d5815e8', '48b03460-01a4-4f28-9ad4-bc02b277838e', 1000000, '2024-01-04T00:00:00.000000', '2024-01-04T00:00:00.000000', '2024-01-02T00:00:00.000000', 'b97823a0-ffd2-4a46-b8f3-371042105084', '707944fc-dd3c-483d-a4bf-bcc508e45b10', 4.5, N'Trương Hữu Canh cung cấp dịch vụ thật hoàn hảo. Sự chuyên nghiệp của Freelancer này thật tuyệt đỉnh.', 'a7d1f0e8-2a6f-4b9d-aa1c-10f58a1d5d32'),
('779124a0-c2d2-4c2f-a1f1-d3eefc34de1b', '48b03460-01a4-4f28-9ad4-bc02b277838e', 100000, '2024-02-17T00:00:00.000000', '2024-02-17T00:00:00.000000', '2024-02-16T00:00:00.000000', '3e302e43-08a7-4eac-b50c-b331287927d2', '707944fc-dd3c-483d-a4bf-bcc508e45b10', 5.0, N'Làm việc với Hoàng Linh Nhi thật thú vị. Nhanh chóng và hiệu quả.', 'a7d1f0e8-2a6f-4b9d-aa1c-10f58a1d5d32'),
('1d84d360-ea38-4979-ab78-be4670f2edaf', '48b03460-01a4-4f28-9ad4-bc02b277838e', 900000, '2024-03-12T00:00:00.000000', '2024-03-12T00:00:00.000000', '2024-03-09T00:00:00.000000', 'b97823a0-ffd2-4a46-b8f3-371042105084', '707944fc-dd3c-483d-a4bf-bcc508e45b10', 4.5, N'Trương Hữu Canh vượt xa mong đợi. Chất lượng dịch vụ xuất sắc.', 'a7d1f0e8-2a6f-4b9d-aa1c-10f58a1d5d32'),
('08043326-d586-4ac1-af9a-07af170aea33', 'bf68b15b-e755-429d-b73a-6076e4ca4d61', 0, '2024-02-26T00:00:00.000000', null, '2024-02-23T00:00:00.000000', null, '6aff6726-f62c-4240-b551-4de261ccb1f9', 0, null, '8a9f22f1-3c67-49f7-bd84-ec290e4a37fd'),
('ef7efdc0-1330-48a5-961a-2df1cc61f066', '48b03460-01a4-4f28-9ad4-bc02b277838e', 0, '2024-03-01T00:00:00.000000', null, '2024-02-28T00:00:00.000000', null, '707944fc-dd3c-483d-a4bf-bcc508e45b10', 0, null, '8a9f22f1-3c67-49f7-bd84-ec290e4a37fd'),
('77f7b692-af0e-4930-b9e4-6dfc2289123e', '48b03460-01a4-4f28-9ad4-bc02b277838e', 0, '2024-01-27T00:00:00.000000', null, '2024-01-26T00:00:00.000000', null, '707944fc-dd3c-483d-a4bf-bcc508e45b10', 0, null, '8a9f22f1-3c67-49f7-bd84-ec290e4a37fd'),
('3999a341-e5ba-4be0-8a3c-8e5e0fa83307', 'fec83a1a-0a97-4e2b-aead-8f92dbaf8bcc', 0, '2024-01-13T00:00:00.000000', null, '2024-01-10T00:00:00.000000', null, '5c72491e-9c5e-4088-a663-06a74c45a0b7', 0, null, '8a9f22f1-3c67-49f7-bd84-ec290e4a37fd'),
('988fb718-4344-45e1-b340-2f2e29d7f72c', 'fec83a1a-0a97-4e2b-aead-8f92dbaf8bcc', 800000, '2024-02-04T00:00:00.000000', '2024-02-04T00:00:00.000000', '2024-02-01T00:00:00.000000', '3e302e43-08a7-4eac-b50c-b331287927d2', '5c72491e-9c5e-4088-a663-06a74c45a0b7', 4.5, N'Hoàng Linh Nhi cung cấp dịch vụ thật hoàn hảo. Dịch vụ vượt quá mong đợi của tôi.', 'a7d1f0e8-2a6f-4b9d-aa1c-10f58a1d5d32'),
('9acd3c28-051a-457d-901c-e8abbbca7682', '653b8e9b-4761-495a-8604-f367f862afa5', 0, '2024-03-06T00:00:00.000000', null, '2024-03-04T00:00:00.000000', null, 'd9149943-cd70-4851-a028-7288392a4b60', 0, null, '8a9f22f1-3c67-49f7-bd84-ec290e4a37fd'),
('f098ee1e-f114-4727-bc54-ba46d2adb6b5', 'b7df0bbe-2920-451a-bf30-7bd8a5a91e3f', 500000, '2024-02-02T00:00:00.000000', '2024-02-02T00:00:00.000000', '2024-01-30T00:00:00.000000', '3e302e43-08a7-4eac-b50c-b331287927d2', '7a5a507d-549f-499d-8d67-229a116aa1f4', 3.0, N'Hoàng Linh Nhi thiếu chuyên nghiệp. Đó là một trải nghiệm khá khó chịu.', 'a7d1f0e8-2a6f-4b9d-aa1c-10f58a1d5d32'),
('104d5e4b-1e70-4439-905f-0ed5b0a7e05e', 'fec83a1a-0a97-4e2b-aead-8f92dbaf8bcc', 200000, '2024-02-24T00:00:00.000000', '2024-02-24T00:00:00.000000', '2024-02-22T00:00:00.000000', '4b56ad1e-d920-40db-9961-c4c3b7538525', '5c72491e-9c5e-4088-a663-06a74c45a0b7', 3.5, N'Thật không may, trải nghiệm của tôi với Trần Tuấn Tú không được tốt. Chậm và kém hiệu quả.', 'a7d1f0e8-2a6f-4b9d-aa1c-10f58a1d5d32'),
('3a45857b-dc2f-4171-8db6-f6bf8ea9d9af', 'fec83a1a-0a97-4e2b-aead-8f92dbaf8bcc', 400000, '2024-01-25T00:00:00.000000', '2024-01-25T00:00:00.000000', '2024-01-22T00:00:00.000000', 'b97823a0-ffd2-4a46-b8f3-371042105084', '5c72491e-9c5e-4088-a663-06a74c45a0b7', 4.0, N'Làm việc với Trương Hữu Canh thật thú vị. Đó là một trải nghiệm suôn sẻ.', 'a7d1f0e8-2a6f-4b9d-aa1c-10f58a1d5d32'); 

INSERT INTO [Services] ([Id], [Note], [AdditionalNote], [ServiceTypeId]) VALUES
('68c89fdb-bfac-4119-bc05-9dac67779283', 'Agreement decade friend which.', 'none', 'C82954A1-39D4-4012-86B3-6CAD42C2B399'),
('ec724b4b-56f6-4f9b-8eb8-38b934f06507', 'Bill ok choose today.', 'none', '3779D349-ABCB-4DBC-ABF1-25BA9E94A695'),
('61a5d6eb-a138-482e-9f4e-acb1deedae2a', 'Individual rock fly.', 'none', '63CE2EBF-EF36-4B4A-891E-ABBDE2A75B38'),
('9d25328a-b171-488a-b1e5-a8dc4592cd2a', 'Someone everybody newspaper read.', 'none', 'F1B832B2-49F3-456F-BACB-B1F8DA766BEA'),
('9a124c08-fd66-4ae6-a341-d3efb3756d99', 'Company where future model green place.', 'none', '3779D349-ABCB-4DBC-ABF1-25BA9E94A695'),
('99928f0e-23ba-4e5e-8370-c8c98f7260f4', 'Myself if place again establish.', 'none', '73BF981F-1CFD-483D-80EE-14AB6D2E55EF'),
('f2b38208-9fd7-4d4c-8bf2-3b32a174f10a', 'Bill education exist sense training other.', 'none', 'EF2034C1-7F44-4D07-B9C0-E2A497999A9D'),
('df8c459d-2431-4d0a-af3e-bbcf45f521f8', 'Nothing case but building husband life.', 'none', '07CB166A-4B4E-4637-B224-6277A69003D9'),
('e223be7e-848b-4b83-abe5-2f964f75bcbd', 'Central many thought democratic green.', 'none', '96D250D4-0C0E-4521-B94E-05F3CAFCA3F3'),
('1696dc8b-8d10-4300-8a65-856214da63ba', 'About establish policy fall too cell of course.', 'none', '96D250D4-0C0E-4521-B94E-05F3CAFCA3F3'),
('a14f9b18-068d-4606-8f0d-164e793df55e', 'Role somebody keep daughter report town.', 'none', '63CE2EBF-EF36-4B4A-891E-ABBDE2A75B38'),
('2dfee225-6d6d-4446-aa5c-095b07f092fb', 'Learn place might what western upon.', 'none', '07CB166A-4B4E-4637-B224-6277A69003D9'),
('70ada5d7-23a6-4c26-9820-e06115a77f20', 'Quite wife however TV law fund.', 'none', '3779D349-ABCB-4DBC-ABF1-25BA9E94A695'),
('a56b15b0-c02c-4e0c-97b0-106f38623fa0', 'Might his lot the drive.', 'none', 'EF2034C1-7F44-4D07-B9C0-E2A497999A9D'),
('3ce84749-200a-452f-b8bc-00c9ff7a0093', 'Right answer speak without leave brother bank.', 'none', '96D250D4-0C0E-4521-B94E-05F3CAFCA3F3'),
('2b030282-ec14-4580-83d7-fedd3a346c60', 'Majority campaign that various floor.', 'none', '96D250D4-0C0E-4521-B94E-05F3CAFCA3F3'),
('183c5c62-6bf5-45ca-bb5d-e5e2bb26cbb3', 'Score middle teacher.', 'none', '3361BC88-9F58-4BE8-AC37-561606430F8A'),
('661c4f68-28a7-4414-b79a-2cab5aba49a8', 'Speech theory choice.', 'none', 'C82954A1-39D4-4012-86B3-6CAD42C2B399'),
('5e19cf53-826a-4838-89d8-552644077c24', 'Notice receive degree run staff service government.', 'none', '3779D349-ABCB-4DBC-ABF1-25BA9E94A695'),
('48010709-d3a1-4141-8cf7-bbbeb9b5e186', 'Final when new clear these speak say.', 'none', 'C82954A1-39D4-4012-86B3-6CAD42C2B399'),
('2b9e916d-6837-40cd-9bbf-2c6d4acb1a80', 'Himself arrive although risk which.', 'none', 'A5677DE0-A6A7-42C0-AB77-F34B75BEB63D'),
('c71dfebe-c248-423a-8660-890db6cfe931', 'Actually watch force.', 'none', '96D250D4-0C0E-4521-B94E-05F3CAFCA3F3'),
('c2799278-9509-4467-bb04-2655645d07ae', 'Center find power road size impact.', 'none', '3361BC88-9F58-4BE8-AC37-561606430F8A'),
('cdd5bf4d-1e98-4388-bc6b-997b4395c2b0', 'Bag down stock computer.', 'none', 'A5677DE0-A6A7-42C0-AB77-F34B75BEB63D'),
('ba4cdf18-db67-4d64-841e-f592f87fc1a8', 'Agree usually already bed fall character.', 'none', '07CB166A-4B4E-4637-B224-6277A69003D9'),
('aa8a2d5a-58b0-4c5f-a445-5f9c7edf79c8', 'Too nearly with significant now energy rather.', 'none', '96D250D4-0C0E-4521-B94E-05F3CAFCA3F3'),
('149741ba-b796-458e-a7a8-fb32797586cd', 'Might history strong economy break word source.', 'none', '662A64BE-F7EA-4419-8978-DBF8F19159DC'),
('b0f25d22-5ae0-40a5-a4aa-d5326310e20a', 'Fall manager idea issue color small notice kind.', 'none', 'C82954A1-39D4-4012-86B3-6CAD42C2B399'),
('33dd0412-10b8-43e4-9b0d-e325e6b96d94', 'Investment yard responsibility.', 'none', '07CB166A-4B4E-4637-B224-6277A69003D9'),
('cad5c1cb-7888-4bcb-b267-639141aa6f7c', 'Six reduce sit his.', 'none', 'CCA752D4-C17C-4C31-906F-F33CB8A18E48'),
('731e89aa-a041-4b8e-9d28-8715f5173d33', 'Record affect same number drug continue serve information.', 'none', '662A64BE-F7EA-4419-8978-DBF8F19159DC'),
('697aede1-0714-40fe-b591-4d319b02b07e', 'Itself play pull recent state old.', 'none', 'CCA752D4-C17C-4C31-906F-F33CB8A18E48'),
('34d60c18-026b-4faa-991a-5c36b34e4d43', 'Above course book music amount up.', 'none', '88006A8C-D757-4B85-8B91-C88E6078FE9C'),
('a04246bf-22a4-4489-ae00-f3aa336362db', 'Provide other identify fill art by.', 'none', '3779D349-ABCB-4DBC-ABF1-25BA9E94A695'),
('7b456c00-70bd-4e76-aa2b-7af9de56e3a6', 'General one bar nice.', 'none', '662A64BE-F7EA-4419-8978-DBF8F19159DC'),
('07fce9a5-b9bd-4ded-82c8-878fa4339ccd', 'Tree care sign arm bar military.', 'none', 'B9F74F9E-F792-4C48-B1B6-B6F0BC402D07'),
('894512c8-133a-4596-928c-5f57339cb3f5', 'From her gun subject PM carry understand.', 'none', 'C82954A1-39D4-4012-86B3-6CAD42C2B399'),
('e545a6b2-c25e-4247-ab8c-ed1bba4a77c3', 'Cover including artist find hope appear should represent.', 'none', '96D250D4-0C0E-4521-B94E-05F3CAFCA3F3'),
('9aaa5b67-aeaa-4e49-bdd2-22331bd8da79', 'So second reason live teach movie I.', 'none', '96D250D4-0C0E-4521-B94E-05F3CAFCA3F3'),
('a8f675c1-3ba4-477a-b73c-5b53f5f53cc8', 'Source where a front war receive civil single.', 'none', '3779D349-ABCB-4DBC-ABF1-25BA9E94A695'),
('4029d431-94b4-40d9-a1d6-deaeedbbc993', 'Responsibility commercial chance agent follow about.', 'none', '88006A8C-D757-4B85-8B91-C88E6078FE9C'),
('d29a9bfd-dbd7-4c55-93d7-e60187b83651', 'Purpose here ago job.', 'none', '88006A8C-D757-4B85-8B91-C88E6078FE9C'),
('c7d163db-2056-41ca-90fb-d27c52fcdc9e', 'Describe hundred candidate not go benefit time.', 'none', '3779D349-ABCB-4DBC-ABF1-25BA9E94A695'),
('16cfe388-223d-4f60-b83f-141fc67a6d82', 'Should room with.', 'none', 'EF2034C1-7F44-4D07-B9C0-E2A497999A9D'),
('d661cbd2-1981-49c7-9e76-b9d4033431d2', 'College listen city truth.', 'none', '88006A8C-D757-4B85-8B91-C88E6078FE9C'),
('4616c2cd-288f-45a9-8851-37c4e18f7b36', 'Foot herself among necessary alone improve heart decade.', 'none', '07CB166A-4B4E-4637-B224-6277A69003D9'),
('8809fb46-bf4a-4ca3-9d3d-59d7f3bba9e6', 'Nation network college debate direction moment.', 'none', '73BF981F-1CFD-483D-80EE-14AB6D2E55EF'),
('cc0f7e25-380e-4766-99fd-e95c5deb28ff', 'Challenge on plant wonder.', 'none', '63CE2EBF-EF36-4B4A-891E-ABBDE2A75B38'),
('f159f66e-5c2a-4e3b-9b2a-c6916e0db3c5', 'Book read pass heart soldier action throughout.', 'none', '88006A8C-D757-4B85-8B91-C88E6078FE9C'),
('c8dddad8-b06d-47e5-9e0a-4cc643c5ba65', 'Again care hold those north.', 'none', 'EF2034C1-7F44-4D07-B9C0-E2A497999A9D'),
('5f179277-89e2-4121-8138-cafc521d693c', 'Medical lay lose big strategy.', 'none', '63CE2EBF-EF36-4B4A-891E-ABBDE2A75B38'),
('b55418eb-a076-45c9-916f-a13266ceb5dc', 'Discover hair few participant.', 'none', 'F1B832B2-49F3-456F-BACB-B1F8DA766BEA'),
('411f27d1-1287-471d-9747-c8be630a9e51', 'Statement carry next according.', 'none', '73BF981F-1CFD-483D-80EE-14AB6D2E55EF'),
('2e4c9758-9ecb-47d8-b0b2-782275929e5c', 'Marriage worker ever across great.', 'none', '96D250D4-0C0E-4521-B94E-05F3CAFCA3F3'),
('5c4306a4-5fab-4f20-8713-3142c5a10001', 'Look fact land general.', 'none', '63CE2EBF-EF36-4B4A-891E-ABBDE2A75B38'),
('ee6f5a44-76f6-4a2b-96d4-81b3f1067ce3', 'Body himself home message woman.', 'none', 'C82954A1-39D4-4012-86B3-6CAD42C2B399'),
('58ef8758-ffab-4285-a1cc-9034a9ae3f5c', 'Find discussion military ability line hour wear.', 'none', '662A64BE-F7EA-4419-8978-DBF8F19159DC'),
('4b94b550-bad1-46ea-b054-562d51e07b97', 'Various current scientist culture ability to suffer at.', 'none', '73BF981F-1CFD-483D-80EE-14AB6D2E55EF'),
('ffbb33f8-7525-4adf-b7f5-3e0666d8fcd2', 'Past especially old.', 'none', '3361BC88-9F58-4BE8-AC37-561606430F8A'),
('115276bb-b504-43f6-93ee-abfdc907c58f', 'Friend state do eat lose various agency.', 'none', '73BF981F-1CFD-483D-80EE-14AB6D2E55EF'),
('4e834f88-1fad-48cd-a250-3138a0ea0898', 'Education little direction exist president.', 'none', '3361BC88-9F58-4BE8-AC37-561606430F8A'),
('e2d20236-7479-4905-8996-2e239d606b0d', 'Choice already thank source.', 'none', '662A64BE-F7EA-4419-8978-DBF8F19159DC'),
('62cb2d3f-e3c1-4e1a-b746-23e82cdc0d65', 'Charge read management production up our.', 'none', '88006A8C-D757-4B85-8B91-C88E6078FE9C'),
('1ff6168e-8196-478b-a949-96bb5f3f7a25', 'Room a artist drug them particular produce.', 'none', '88006A8C-D757-4B85-8B91-C88E6078FE9C'),
('900530ed-e78c-469b-b43f-0218adc84b64', 'West hour less music.', 'none', '3361BC88-9F58-4BE8-AC37-561606430F8A'),
('da441b5a-6919-42a4-abdb-07588c9bcde9', 'Poor majority herself Mr bad wide manage.', 'none', '96D250D4-0C0E-4521-B94E-05F3CAFCA3F3'),
('a903713f-0129-481c-8af7-a4b86c07428b', 'Pass tend onto when happen.', 'none', '73BF981F-1CFD-483D-80EE-14AB6D2E55EF'),
('8205c265-fa42-465a-8c46-e7e1b5271ac4', 'Role agency its professor while seven.', 'none', '63CE2EBF-EF36-4B4A-891E-ABBDE2A75B38'),
('7c7cc845-da74-404d-b7e6-2f0ed5eb5b68', 'My full need claim many against television.', 'none', '662A64BE-F7EA-4419-8978-DBF8F19159DC'),
('fff7b222-5643-4a72-9e06-7761486948c7', 'Girl newspaper religious yet really.', 'none', '96D250D4-0C0E-4521-B94E-05F3CAFCA3F3'),
('a05643f5-5341-4cee-8256-8f07155dbcc0', 'Democratic stock worker everybody professor.', 'none', 'C82954A1-39D4-4012-86B3-6CAD42C2B399'),
('6461136a-840c-45d4-bb62-c8680c5177b9', 'The site follow be add.', 'none', '662A64BE-F7EA-4419-8978-DBF8F19159DC'),
('9ef5f37d-043d-4cf3-97f5-2d8cff10364b', 'That product first natural.', 'none', '96D250D4-0C0E-4521-B94E-05F3CAFCA3F3'),
('3e332ee4-6311-4842-a5fa-7b868cdd5c51', 'Different week treat mouth threat remain interest college.', 'none', '63CE2EBF-EF36-4B4A-891E-ABBDE2A75B38'),
('1e9d13e5-9d06-41b5-b3b2-704deee57e4e', 'Ball better consumer campaign join.', 'none', '63CE2EBF-EF36-4B4A-891E-ABBDE2A75B38'),
('c4b75f24-dfbc-47a8-96e1-39224740be6f', 'Ground eat determine feeling certainly necessary economy.', 'none', '96D250D4-0C0E-4521-B94E-05F3CAFCA3F3'),
('d6dd7777-3ac1-4ac7-972d-5c9c5a70d5d5', 'So suggest artist cold measure defense mouth.', 'none', 'A5677DE0-A6A7-42C0-AB77-F34B75BEB63D'),
('215ef60e-3d3c-45a0-8552-903934d7a0f3', 'Speak really eat report to product outside.', 'none', 'CCA752D4-C17C-4C31-906F-F33CB8A18E48'),
('4926046c-f356-452a-a60d-e49bed72b98d', 'Southern very talk part fund feeling cause.', 'none', '3779D349-ABCB-4DBC-ABF1-25BA9E94A695'),
('9ca36ac6-f9d9-48f7-ab86-42f9bad3969d', 'Successful country describe method meeting space military.', 'none', 'B9F74F9E-F792-4C48-B1B6-B6F0BC402D07'),
('447a48ff-201d-43ee-aff5-75ae80198cd0', 'Purpose prevent again.', 'none', 'CCA752D4-C17C-4C31-906F-F33CB8A18E48'),
('fa60e529-0572-4e01-88ee-8a031489d089', 'Good decade TV culture continue.', 'none', '88006A8C-D757-4B85-8B91-C88E6078FE9C'),
('573bc3ee-3211-4319-a08f-6863410549f2', 'Imagine physical treat dinner able job page.', 'none', '88006A8C-D757-4B85-8B91-C88E6078FE9C'),
('09c6f75d-454e-4ddd-9b96-13eaed4f7197', 'Magazine loss tree especially position.', 'none', '3779D349-ABCB-4DBC-ABF1-25BA9E94A695'),
('9d7753fc-3971-49d6-ba29-21f7b14179da', 'Be hot often worry.', 'none', 'C82954A1-39D4-4012-86B3-6CAD42C2B399'),
('faad3ee7-36ea-482c-8697-d9c02a1c00fa', 'Site car room father identify within street national.', 'none', '96D250D4-0C0E-4521-B94E-05F3CAFCA3F3'),
('8d2fce21-33d3-4c75-a3ff-06cbcb5e8954', 'Model sing then.', 'none', '63CE2EBF-EF36-4B4A-891E-ABBDE2A75B38'),
('8ab85016-3b9a-4c66-8114-8ce0cdbcfcf3', 'Since my necessary million trade century.', 'none', 'C82954A1-39D4-4012-86B3-6CAD42C2B399'),
('e4ff60d9-dd94-472d-90ff-dbf8c6fec6d9', 'Choose himself north professional.', 'none', '3779D349-ABCB-4DBC-ABF1-25BA9E94A695'),
('37e12252-c999-40fd-a223-ee026110cbc4', 'Generation since also himself with garden mention.', 'none', '88006A8C-D757-4B85-8B91-C88E6078FE9C'),
('c8e41dcb-df97-4e34-b705-1078c083fa2e', 'Million born American.', 'none', '3361BC88-9F58-4BE8-AC37-561606430F8A'),
('f489efa4-7cb6-4545-b9fb-6cfd607137eb', 'Trial religious your outside wish.', 'none', '88006A8C-D757-4B85-8B91-C88E6078FE9C'),
('78f786a2-60ce-455b-99bc-b81922aacfb1', 'Within nothing tend pick mention hot.', 'none', 'C82954A1-39D4-4012-86B3-6CAD42C2B399'),
('40903879-3c6c-416d-95d7-740dc83fd053', 'While movie tend those walk.', 'none', '3361BC88-9F58-4BE8-AC37-561606430F8A'),
('ab882428-c32b-44ce-a497-27e0e9072b21', 'Dark such firm again court culture story.', 'none', '63CE2EBF-EF36-4B4A-891E-ABBDE2A75B38'),
('5f435136-390b-4b70-82da-803e6e0560bf', 'Read information fire purpose very.', 'none', '07CB166A-4B4E-4637-B224-6277A69003D9'),
('482810a5-4b50-44a6-a939-d77c399d2437', 'Detail put risk yet so before.', 'none', '63CE2EBF-EF36-4B4A-891E-ABBDE2A75B38'),
('29be0044-8302-47bb-943f-72746361adc6', 'Most ten cup far training opportunity difficult candidate.', 'none', '3779D349-ABCB-4DBC-ABF1-25BA9E94A695'),
('85f126f1-8c34-4481-b3af-e1e4a1435f95', 'Current open goal probably.', 'none', 'A5677DE0-A6A7-42C0-AB77-F34B75BEB63D'),
('85287437-d27b-48e0-9ad7-e4d223761b38', 'Professional kind wait PM every religious.', 'none', '3779D349-ABCB-4DBC-ABF1-25BA9E94A695'),
('a10a8e04-0718-447f-b0f2-23c90c8d9f4d', 'Hotel compare box operation prepare might catch.', 'none', '3361BC88-9F58-4BE8-AC37-561606430F8A'),
('b3736faf-14bc-475b-b06d-edc9deb17c3d', 'Near sign Republican notice prevent figure.', 'none', 'A5677DE0-A6A7-42C0-AB77-F34B75BEB63D'),
('2974e7ba-f8c0-4b14-82ff-910b053ea53b', 'Allow do believe her.', 'none', '662A64BE-F7EA-4419-8978-DBF8F19159DC'),
('7d2bfed9-14fa-4cf2-81b3-88325d3d0cec', 'Candidate crime officer police it house political.', 'none', 'A5677DE0-A6A7-42C0-AB77-F34B75BEB63D'),
('6b1d09d4-1eac-4ef3-9522-2c83dff0afbe', 'Century law before.', 'none', 'B9F74F9E-F792-4C48-B1B6-B6F0BC402D07'),
('6da3e9ac-0595-48c5-a155-524759fefeab', 'Military plan school certainly.', 'none', 'F1B832B2-49F3-456F-BACB-B1F8DA766BEA'),
('623df578-c072-466d-85da-b3295a3dcc94', 'Tough subject customer far recently prepare.', 'none', '662A64BE-F7EA-4419-8978-DBF8F19159DC'),
('4de3d167-83b6-4556-91b9-84ec417493ad', 'Baby picture choice could own glass.', 'none', '96D250D4-0C0E-4521-B94E-05F3CAFCA3F3'),
('89ef53f0-e38e-4e95-81e8-8e7aff31fc18', 'Way sister civil market value during difficult religious.', 'none', '662A64BE-F7EA-4419-8978-DBF8F19159DC'),
('19bc0894-f2f2-4d25-8624-88a428c48726', 'Concern black believe performance officer election information among.', 'none', 'A5677DE0-A6A7-42C0-AB77-F34B75BEB63D'),
('672f6cca-f82f-46c0-9d5f-5c87a5ba4634', 'Effect imagine town worker present defense.', 'none', '96D250D4-0C0E-4521-B94E-05F3CAFCA3F3'),
('b0c4d8ff-6c15-4799-8583-311b9c73daa8', 'Resource pretty write under fear knowledge.', 'none', 'B9F74F9E-F792-4C48-B1B6-B6F0BC402D07'),
('e8921f0b-8838-4138-b534-5bc182282e9f', 'Season crime study environment style remain cup.', 'none', 'F1B832B2-49F3-456F-BACB-B1F8DA766BEA'),
('b936e2fb-0113-4bee-8c14-f0351dfbfca6', 'Fund remain team body all.', 'none', 'EF2034C1-7F44-4D07-B9C0-E2A497999A9D'),
('89956517-fcc4-4908-9342-bd98c40f59c3', 'Half black because song capital administration.', 'none', 'A5677DE0-A6A7-42C0-AB77-F34B75BEB63D'),
('6ff42a72-77d7-43e1-944a-f1aaa1f4c964', 'Hotel result instead push fast.', 'none', '662A64BE-F7EA-4419-8978-DBF8F19159DC'),
('68e94579-4483-4313-b460-6e44902dad68', 'Behavior send laugh.', 'none', '96D250D4-0C0E-4521-B94E-05F3CAFCA3F3'),
('5f2755fe-b9ab-46f7-bcf6-ac1bda090605', 'Bill pattern scientist early.', 'none', 'CCA752D4-C17C-4C31-906F-F33CB8A18E48'),
('d0904b8d-c535-4937-be21-dbb3cf1462ac', 'International south open wife.', 'none', 'B9F74F9E-F792-4C48-B1B6-B6F0BC402D07'),
('9f98aabc-d045-49aa-9258-dd97085e0181', 'Evening clearly these tonight food age.', 'none', 'EF2034C1-7F44-4D07-B9C0-E2A497999A9D'); 

INSERT INTO [OrderService] ([OrderId], [ServiceId]) VALUES
('89a6d19f-535f-493b-8c78-3e68310eb7f9', '68c89fdb-bfac-4119-bc05-9dac67779283'),
('7870707d-42ee-431c-b83f-e39a66edbd3a', 'ec724b4b-56f6-4f9b-8eb8-38b934f06507'),
('1dfef317-f825-47f1-b912-f020c07a5bf3', '61a5d6eb-a138-482e-9f4e-acb1deedae2a'),
('94031e9b-4502-460f-9b75-e4f716698dee', '9d25328a-b171-488a-b1e5-a8dc4592cd2a'),
('65b6671b-e488-4755-b547-c9af42c394ed', '9a124c08-fd66-4ae6-a341-d3efb3756d99'),
('18700f03-3a5e-4d80-8226-c5d608202d41', '99928f0e-23ba-4e5e-8370-c8c98f7260f4'),
('97bbffb8-dd82-47a6-aabc-7fbb5e6e7441', 'f2b38208-9fd7-4d4c-8bf2-3b32a174f10a'),
('fccc7f75-c4b4-430f-bd28-16ad9f35bc5d', 'df8c459d-2431-4d0a-af3e-bbcf45f521f8'),
('6e298ace-0e26-4d73-a62c-0c1748ba23c8', 'e223be7e-848b-4b83-abe5-2f964f75bcbd'),
('fdcd6b51-10f5-4428-932d-90fd06e070d4', '1696dc8b-8d10-4300-8a65-856214da63ba'),
('899e659d-593e-41b5-865b-bf84b146961a', 'a14f9b18-068d-4606-8f0d-164e793df55e'),
('bd5dd13d-fdf1-4de4-b81c-2b51780e3ffb', '2dfee225-6d6d-4446-aa5c-095b07f092fb'),
('98bb54a6-081a-4931-bd21-d6e3ac375ef5', '70ada5d7-23a6-4c26-9820-e06115a77f20'),
('50a765ed-b67a-4a85-8e41-6e1d143c40a7', 'a56b15b0-c02c-4e0c-97b0-106f38623fa0'),
('9fa33c48-7d35-41c1-9fd5-ee574b7ccf16', '3ce84749-200a-452f-b8bc-00c9ff7a0093'),
('1dfd0f64-32f4-4c65-9f13-539bf4a4d595', '2b030282-ec14-4580-83d7-fedd3a346c60'),
('e8046daa-aaa6-4326-adad-89b38db3f28e', '183c5c62-6bf5-45ca-bb5d-e5e2bb26cbb3'),
('123fe257-b79c-4df0-86d7-7927991cdc67', '661c4f68-28a7-4414-b79a-2cab5aba49a8'),
('507e446e-1eb1-47a2-bcdf-ad9279934ec4', '5e19cf53-826a-4838-89d8-552644077c24'),
('8cfcf7ef-8700-4b7a-83c6-7834e5841364', '48010709-d3a1-4141-8cf7-bbbeb9b5e186'),
('f0cd12a0-45cc-4616-9253-9d519d378cb9', '2b9e916d-6837-40cd-9bbf-2c6d4acb1a80'),
('e3481789-c762-42ad-9d5f-f897451c6f37', 'c71dfebe-c248-423a-8660-890db6cfe931'),
('fad5525a-1e90-42f6-bd39-c124567b9731', 'c2799278-9509-4467-bb04-2655645d07ae'),
('db07e7f0-4ecb-4a9e-a278-171cb35d2a47', 'cdd5bf4d-1e98-4388-bc6b-997b4395c2b0'),
('ae557517-cde0-4927-8669-8b0e6cf3088c', 'ba4cdf18-db67-4d64-841e-f592f87fc1a8'),
('04029356-acee-43f5-a8bc-9913ab3f735c', 'aa8a2d5a-58b0-4c5f-a445-5f9c7edf79c8'),
('5b53fdd7-6e77-4cd7-baab-03f7ab40946c', '149741ba-b796-458e-a7a8-fb32797586cd'),
('4ed516db-038f-4d7a-9d43-ba480a433557', 'b0f25d22-5ae0-40a5-a4aa-d5326310e20a'),
('4e533fd7-16ae-49ce-bbee-5b04f7f5e331', '33dd0412-10b8-43e4-9b0d-e325e6b96d94'),
('195c3758-934e-4a06-8a6b-f5909b47243b', 'cad5c1cb-7888-4bcb-b267-639141aa6f7c'),
('8b3f9346-dff3-47d0-9d09-66171e41ed4c', '731e89aa-a041-4b8e-9d28-8715f5173d33'),
('90e23c9b-2baf-4a7e-8fce-f68370cc91e1', '697aede1-0714-40fe-b591-4d319b02b07e'),
('e9e788ea-4aed-4fc7-be10-1093bde365b6', '34d60c18-026b-4faa-991a-5c36b34e4d43'),
('e0e6abfe-a09d-4341-bc0f-de79572c9e2e', 'a04246bf-22a4-4489-ae00-f3aa336362db'),
('6706048a-b0b6-4a87-bb6c-c8908e8bab50', '7b456c00-70bd-4e76-aa2b-7af9de56e3a6'),
('28e966e1-69a3-43a0-8b99-4f5184eb23a7', '07fce9a5-b9bd-4ded-82c8-878fa4339ccd'),
('6e2cdf67-1e8e-4709-b959-de6e6635dda7', '894512c8-133a-4596-928c-5f57339cb3f5'),
('0ad724fc-42ef-486c-9bd5-10ae237286b2', 'e545a6b2-c25e-4247-ab8c-ed1bba4a77c3'),
('0175b3f9-4298-453c-b77d-c1d4bad3b9f2', '9aaa5b67-aeaa-4e49-bdd2-22331bd8da79'),
('d937ae7b-96ae-497e-85ab-94f376669a07', 'a8f675c1-3ba4-477a-b73c-5b53f5f53cc8'),
('18d84b09-1db3-4d8b-aed5-89902770b658', '4029d431-94b4-40d9-a1d6-deaeedbbc993'),
('03117630-5912-4a31-8bdf-7aa946e0ab7d', 'd29a9bfd-dbd7-4c55-93d7-e60187b83651'),
('123c5f75-1803-4e44-acb1-ea3aef221cd2', 'c7d163db-2056-41ca-90fb-d27c52fcdc9e'),
('3c8c5f28-dcc0-4562-80c0-30f1ad7ec610', '16cfe388-223d-4f60-b83f-141fc67a6d82'),
('feb5551e-7b60-4a68-9fab-0d9fbcfd757c', 'd661cbd2-1981-49c7-9e76-b9d4033431d2'),
('e11b2eac-58c3-4e07-af26-b79c9970bc7b', '4616c2cd-288f-45a9-8851-37c4e18f7b36'),
('3078b229-217e-43bb-8156-8a73e4a4defa', '8809fb46-bf4a-4ca3-9d3d-59d7f3bba9e6'),
('ff68df57-9fc0-40da-9506-3d348a0b51f7', 'cc0f7e25-380e-4766-99fd-e95c5deb28ff'),
('525ee461-f616-4d76-807b-eee9c29463ad', 'f159f66e-5c2a-4e3b-9b2a-c6916e0db3c5'),
('6b589faa-5fb0-4923-9e24-816097119bd9', 'c8dddad8-b06d-47e5-9e0a-4cc643c5ba65'),
('98356016-fa44-4e9e-86db-8182d3d532e3', '5f179277-89e2-4121-8138-cafc521d693c'),
('3a06b586-0db1-473b-bdab-b2a299f28701', 'b55418eb-a076-45c9-916f-a13266ceb5dc'),
('00861b91-4741-4bbd-a33f-133316ddd206', '411f27d1-1287-471d-9747-c8be630a9e51'),
('b64c70bf-4b99-445c-9f7e-eb30813b41fc', '2e4c9758-9ecb-47d8-b0b2-782275929e5c'),
('d87adf48-430f-4142-841b-c73addeb6536', '5c4306a4-5fab-4f20-8713-3142c5a10001'),
('4cb52a9e-9334-43c6-975b-5877bec56538', 'ee6f5a44-76f6-4a2b-96d4-81b3f1067ce3'),
('8ecc6b1a-c3ae-4823-8fa5-03ed6cf995c1', '58ef8758-ffab-4285-a1cc-9034a9ae3f5c'),
('97e69a2d-4bed-4d0b-9eb9-096950fe3648', '4b94b550-bad1-46ea-b054-562d51e07b97'),
('fa678483-994d-4f46-b091-e82f99108785', 'ffbb33f8-7525-4adf-b7f5-3e0666d8fcd2'),
('ebd18fcd-da86-4566-a2ec-0184af6b3a8f', '115276bb-b504-43f6-93ee-abfdc907c58f'),
('ccd47c6c-a79e-456d-95b3-42f85ab2cf28', '4e834f88-1fad-48cd-a250-3138a0ea0898'),
('f134c8a3-d43d-444d-a5d9-a31784c8d0aa', 'e2d20236-7479-4905-8996-2e239d606b0d'),
('7ab95a14-6823-4ff3-aa9e-383ef3800acf', '62cb2d3f-e3c1-4e1a-b746-23e82cdc0d65'),
('72c714fc-9295-4452-ab89-c3f1267c4029', '1ff6168e-8196-478b-a949-96bb5f3f7a25'),
('f6c20f53-bf17-4762-a4df-00f908c0c377', '900530ed-e78c-469b-b43f-0218adc84b64'),
('1ca15b78-a8da-49ce-b456-af07172ffd14', 'da441b5a-6919-42a4-abdb-07588c9bcde9'),
('c8fb483b-49a9-484c-971f-83b78a6f5fa0', 'a903713f-0129-481c-8af7-a4b86c07428b'),
('49cb606c-9ba8-4251-b149-d8096a8efe35', '8205c265-fa42-465a-8c46-e7e1b5271ac4'),
('6850e644-b238-4140-a413-9d08ccd2f66a', '7c7cc845-da74-404d-b7e6-2f0ed5eb5b68'),
('c6ecba80-f256-4e3b-a0fd-128953ea39cf', 'fff7b222-5643-4a72-9e06-7761486948c7'),
('9a2d72af-120e-4fb1-afee-27f6280ecbd0', 'a05643f5-5341-4cee-8256-8f07155dbcc0'),
('2debd28d-9273-4e7d-8b83-d3f0f661f1d1', '6461136a-840c-45d4-bb62-c8680c5177b9'),
('2b273ff4-7f9e-4452-932a-584d4e09fc08', '9ef5f37d-043d-4cf3-97f5-2d8cff10364b'),
('f0f7f66c-a3b9-40e6-b7c8-37861f997881', '3e332ee4-6311-4842-a5fa-7b868cdd5c51'),
('5b1702c0-7a74-4e86-88ef-12c7d128d3db', '1e9d13e5-9d06-41b5-b3b2-704deee57e4e'),
('63b225b3-c21d-4f1c-bc8a-00f969d0d629', 'c4b75f24-dfbc-47a8-96e1-39224740be6f'),
('3dad50a4-a901-4720-9000-41963fc99943', 'd6dd7777-3ac1-4ac7-972d-5c9c5a70d5d5'),
('738289e5-b2d9-4798-a0c5-937100246237', '215ef60e-3d3c-45a0-8552-903934d7a0f3'),
('b4e4cb86-6b2e-4345-86b5-8b1785c1279c', '4926046c-f356-452a-a60d-e49bed72b98d'),
('2d344771-e222-4f2a-af0d-f92ddfcac8a3', '9ca36ac6-f9d9-48f7-ab86-42f9bad3969d'),
('7635b4ca-e932-4680-b430-3b8e07ff8300', '447a48ff-201d-43ee-aff5-75ae80198cd0'),
('f9ab2ff3-5474-4981-8908-bff6635a4c58', 'fa60e529-0572-4e01-88ee-8a031489d089'),
('0c9679de-cfa6-4478-b68e-d829b6609422', '573bc3ee-3211-4319-a08f-6863410549f2'),
('39273268-241e-4290-9547-806caac4a844', '09c6f75d-454e-4ddd-9b96-13eaed4f7197'),
('35e87db8-2ce8-425f-9e33-4a7902639e56', '9d7753fc-3971-49d6-ba29-21f7b14179da'),
('09511825-565e-4010-a269-50aff13ab0cb', 'faad3ee7-36ea-482c-8697-d9c02a1c00fa'),
('7e057d7b-be08-45b1-9e22-96881179610b', '8d2fce21-33d3-4c75-a3ff-06cbcb5e8954'),
('e8f96100-8bb6-495c-98b7-15bdc3f3798e', '8ab85016-3b9a-4c66-8114-8ce0cdbcfcf3'),
('caca3dca-e798-42be-ab5e-7266c652a3d0', 'e4ff60d9-dd94-472d-90ff-dbf8c6fec6d9'),
('2a07741f-9fab-444f-9341-5ae03f5bde3e', '37e12252-c999-40fd-a223-ee026110cbc4'),
('50d8b616-cbe0-4004-93f7-6c0dc73c35b7', 'c8e41dcb-df97-4e34-b705-1078c083fa2e'),
('f688713c-10e7-45ed-b940-5f206cdf236a', 'f489efa4-7cb6-4545-b9fb-6cfd607137eb'),
('3e7c11cf-f46c-43f0-9572-54a35ed672b9', '78f786a2-60ce-455b-99bc-b81922aacfb1'),
('05422206-8fd8-4bf1-99db-e587d13a6838', '40903879-3c6c-416d-95d7-740dc83fd053'),
('57f85c65-d105-4e99-a8ac-211158c85910', 'ab882428-c32b-44ce-a497-27e0e9072b21'),
('eeb1d560-8457-48a5-80fa-1b67cb5261b7', '5f435136-390b-4b70-82da-803e6e0560bf'),
('99c5d446-4b86-495b-be76-ce564039d64e', '482810a5-4b50-44a6-a939-d77c399d2437'),
('dd18e5e1-ed21-4f7e-945d-e614a29b5569', '29be0044-8302-47bb-943f-72746361adc6'),
('e32e21d9-f854-403a-b453-4b0a0fd65310', '85f126f1-8c34-4481-b3af-e1e4a1435f95'),
('e307ebc6-f1e9-4fa7-9b74-dc926a5e2ba7', '85287437-d27b-48e0-9ad7-e4d223761b38'),
('983aa8c0-24bc-49f4-8df3-65e9d6b1f2a3', 'a10a8e04-0718-447f-b0f2-23c90c8d9f4d'),
('205e3358-771c-4ba9-a038-74567b0d0e3e', 'b3736faf-14bc-475b-b06d-edc9deb17c3d'),
('bf066af0-d513-4d7d-bf52-266752032635', '2974e7ba-f8c0-4b14-82ff-910b053ea53b'),
('a482e5fd-48df-4e4a-be6b-24f9c7ab91c3', '7d2bfed9-14fa-4cf2-81b3-88325d3d0cec'),
('66cc9916-f1f7-4e15-95db-e3fd0a87af4a', '6b1d09d4-1eac-4ef3-9522-2c83dff0afbe'),
('b7d36821-37c5-4927-8677-bb3c3cac7199', '6da3e9ac-0595-48c5-a155-524759fefeab'),
('a7386693-0146-4015-9a44-44f6912445b8', '623df578-c072-466d-85da-b3295a3dcc94'),
('2d775e2b-f710-4116-b443-cd2176e50024', '4de3d167-83b6-4556-91b9-84ec417493ad'),
('84dc141b-3c7a-4dd1-82e4-9b337d5815e8', '89ef53f0-e38e-4e95-81e8-8e7aff31fc18'),
('779124a0-c2d2-4c2f-a1f1-d3eefc34de1b', '19bc0894-f2f2-4d25-8624-88a428c48726'),
('1d84d360-ea38-4979-ab78-be4670f2edaf', '672f6cca-f82f-46c0-9d5f-5c87a5ba4634'),
('08043326-d586-4ac1-af9a-07af170aea33', 'b0c4d8ff-6c15-4799-8583-311b9c73daa8'),
('ef7efdc0-1330-48a5-961a-2df1cc61f066', 'e8921f0b-8838-4138-b534-5bc182282e9f'),
('77f7b692-af0e-4930-b9e4-6dfc2289123e', 'b936e2fb-0113-4bee-8c14-f0351dfbfca6'),
('3999a341-e5ba-4be0-8a3c-8e5e0fa83307', '89956517-fcc4-4908-9342-bd98c40f59c3'),
('988fb718-4344-45e1-b340-2f2e29d7f72c', '6ff42a72-77d7-43e1-944a-f1aaa1f4c964'),
('9acd3c28-051a-457d-901c-e8abbbca7682', '68e94579-4483-4313-b460-6e44902dad68'),
('f098ee1e-f114-4727-bc54-ba46d2adb6b5', '5f2755fe-b9ab-46f7-bcf6-ac1bda090605'),
('104d5e4b-1e70-4439-905f-0ed5b0a7e05e', 'd0904b8d-c535-4937-be21-dbb3cf1462ac'),
('3a45857b-dc2f-4171-8db6-f6bf8ea9d9af', '9f98aabc-d045-49aa-9258-dd97085e0181'); 

INSERT INTO [OrderServiceType] ([OrderId], [ServiceTypeId]) VALUES
('89a6d19f-535f-493b-8c78-3e68310eb7f9', 'C82954A1-39D4-4012-86B3-6CAD42C2B399'),
('7870707d-42ee-431c-b83f-e39a66edbd3a', '3779D349-ABCB-4DBC-ABF1-25BA9E94A695'),
('1dfef317-f825-47f1-b912-f020c07a5bf3', '63CE2EBF-EF36-4B4A-891E-ABBDE2A75B38'),
('94031e9b-4502-460f-9b75-e4f716698dee', 'F1B832B2-49F3-456F-BACB-B1F8DA766BEA'),
('65b6671b-e488-4755-b547-c9af42c394ed', '3779D349-ABCB-4DBC-ABF1-25BA9E94A695'),
('18700f03-3a5e-4d80-8226-c5d608202d41', '73BF981F-1CFD-483D-80EE-14AB6D2E55EF'),
('97bbffb8-dd82-47a6-aabc-7fbb5e6e7441', 'EF2034C1-7F44-4D07-B9C0-E2A497999A9D'),
('fccc7f75-c4b4-430f-bd28-16ad9f35bc5d', '07CB166A-4B4E-4637-B224-6277A69003D9'),
('6e298ace-0e26-4d73-a62c-0c1748ba23c8', '96D250D4-0C0E-4521-B94E-05F3CAFCA3F3'),
('fdcd6b51-10f5-4428-932d-90fd06e070d4', '96D250D4-0C0E-4521-B94E-05F3CAFCA3F3'),
('899e659d-593e-41b5-865b-bf84b146961a', '63CE2EBF-EF36-4B4A-891E-ABBDE2A75B38'),
('bd5dd13d-fdf1-4de4-b81c-2b51780e3ffb', '07CB166A-4B4E-4637-B224-6277A69003D9'),
('98bb54a6-081a-4931-bd21-d6e3ac375ef5', '3779D349-ABCB-4DBC-ABF1-25BA9E94A695'),
('50a765ed-b67a-4a85-8e41-6e1d143c40a7', 'EF2034C1-7F44-4D07-B9C0-E2A497999A9D'),
('9fa33c48-7d35-41c1-9fd5-ee574b7ccf16', '96D250D4-0C0E-4521-B94E-05F3CAFCA3F3'),
('1dfd0f64-32f4-4c65-9f13-539bf4a4d595', '96D250D4-0C0E-4521-B94E-05F3CAFCA3F3'),
('e8046daa-aaa6-4326-adad-89b38db3f28e', '3361BC88-9F58-4BE8-AC37-561606430F8A'),
('123fe257-b79c-4df0-86d7-7927991cdc67', 'C82954A1-39D4-4012-86B3-6CAD42C2B399'),
('507e446e-1eb1-47a2-bcdf-ad9279934ec4', '3779D349-ABCB-4DBC-ABF1-25BA9E94A695'),
('8cfcf7ef-8700-4b7a-83c6-7834e5841364', 'C82954A1-39D4-4012-86B3-6CAD42C2B399'),
('f0cd12a0-45cc-4616-9253-9d519d378cb9', 'A5677DE0-A6A7-42C0-AB77-F34B75BEB63D'),
('e3481789-c762-42ad-9d5f-f897451c6f37', '96D250D4-0C0E-4521-B94E-05F3CAFCA3F3'),
('fad5525a-1e90-42f6-bd39-c124567b9731', '3361BC88-9F58-4BE8-AC37-561606430F8A'),
('db07e7f0-4ecb-4a9e-a278-171cb35d2a47', 'A5677DE0-A6A7-42C0-AB77-F34B75BEB63D'),
('ae557517-cde0-4927-8669-8b0e6cf3088c', '07CB166A-4B4E-4637-B224-6277A69003D9'),
('04029356-acee-43f5-a8bc-9913ab3f735c', '96D250D4-0C0E-4521-B94E-05F3CAFCA3F3'),
('5b53fdd7-6e77-4cd7-baab-03f7ab40946c', '662A64BE-F7EA-4419-8978-DBF8F19159DC'),
('4ed516db-038f-4d7a-9d43-ba480a433557', 'C82954A1-39D4-4012-86B3-6CAD42C2B399'),
('4e533fd7-16ae-49ce-bbee-5b04f7f5e331', '07CB166A-4B4E-4637-B224-6277A69003D9'),
('195c3758-934e-4a06-8a6b-f5909b47243b', 'CCA752D4-C17C-4C31-906F-F33CB8A18E48'),
('8b3f9346-dff3-47d0-9d09-66171e41ed4c', '662A64BE-F7EA-4419-8978-DBF8F19159DC'),
('90e23c9b-2baf-4a7e-8fce-f68370cc91e1', 'CCA752D4-C17C-4C31-906F-F33CB8A18E48'),
('e9e788ea-4aed-4fc7-be10-1093bde365b6', '88006A8C-D757-4B85-8B91-C88E6078FE9C'),
('e0e6abfe-a09d-4341-bc0f-de79572c9e2e', '3779D349-ABCB-4DBC-ABF1-25BA9E94A695'),
('6706048a-b0b6-4a87-bb6c-c8908e8bab50', '662A64BE-F7EA-4419-8978-DBF8F19159DC'),
('28e966e1-69a3-43a0-8b99-4f5184eb23a7', 'B9F74F9E-F792-4C48-B1B6-B6F0BC402D07'),
('6e2cdf67-1e8e-4709-b959-de6e6635dda7', 'C82954A1-39D4-4012-86B3-6CAD42C2B399'),
('0ad724fc-42ef-486c-9bd5-10ae237286b2', '96D250D4-0C0E-4521-B94E-05F3CAFCA3F3'),
('0175b3f9-4298-453c-b77d-c1d4bad3b9f2', '96D250D4-0C0E-4521-B94E-05F3CAFCA3F3'),
('d937ae7b-96ae-497e-85ab-94f376669a07', '3779D349-ABCB-4DBC-ABF1-25BA9E94A695'),
('18d84b09-1db3-4d8b-aed5-89902770b658', '88006A8C-D757-4B85-8B91-C88E6078FE9C'),
('03117630-5912-4a31-8bdf-7aa946e0ab7d', '88006A8C-D757-4B85-8B91-C88E6078FE9C'),
('123c5f75-1803-4e44-acb1-ea3aef221cd2', '3779D349-ABCB-4DBC-ABF1-25BA9E94A695'),
('3c8c5f28-dcc0-4562-80c0-30f1ad7ec610', 'EF2034C1-7F44-4D07-B9C0-E2A497999A9D'),
('feb5551e-7b60-4a68-9fab-0d9fbcfd757c', '88006A8C-D757-4B85-8B91-C88E6078FE9C'),
('e11b2eac-58c3-4e07-af26-b79c9970bc7b', '07CB166A-4B4E-4637-B224-6277A69003D9'),
('3078b229-217e-43bb-8156-8a73e4a4defa', '73BF981F-1CFD-483D-80EE-14AB6D2E55EF'),
('ff68df57-9fc0-40da-9506-3d348a0b51f7', '63CE2EBF-EF36-4B4A-891E-ABBDE2A75B38'),
('525ee461-f616-4d76-807b-eee9c29463ad', '88006A8C-D757-4B85-8B91-C88E6078FE9C'),
('6b589faa-5fb0-4923-9e24-816097119bd9', 'EF2034C1-7F44-4D07-B9C0-E2A497999A9D'),
('98356016-fa44-4e9e-86db-8182d3d532e3', '63CE2EBF-EF36-4B4A-891E-ABBDE2A75B38'),
('3a06b586-0db1-473b-bdab-b2a299f28701', 'F1B832B2-49F3-456F-BACB-B1F8DA766BEA'),
('00861b91-4741-4bbd-a33f-133316ddd206', '73BF981F-1CFD-483D-80EE-14AB6D2E55EF'),
('b64c70bf-4b99-445c-9f7e-eb30813b41fc', '96D250D4-0C0E-4521-B94E-05F3CAFCA3F3'),
('d87adf48-430f-4142-841b-c73addeb6536', '63CE2EBF-EF36-4B4A-891E-ABBDE2A75B38'),
('4cb52a9e-9334-43c6-975b-5877bec56538', 'C82954A1-39D4-4012-86B3-6CAD42C2B399'),
('8ecc6b1a-c3ae-4823-8fa5-03ed6cf995c1', '662A64BE-F7EA-4419-8978-DBF8F19159DC'),
('97e69a2d-4bed-4d0b-9eb9-096950fe3648', '73BF981F-1CFD-483D-80EE-14AB6D2E55EF'),
('fa678483-994d-4f46-b091-e82f99108785', '3361BC88-9F58-4BE8-AC37-561606430F8A'),
('ebd18fcd-da86-4566-a2ec-0184af6b3a8f', '73BF981F-1CFD-483D-80EE-14AB6D2E55EF'),
('ccd47c6c-a79e-456d-95b3-42f85ab2cf28', '3361BC88-9F58-4BE8-AC37-561606430F8A'),
('f134c8a3-d43d-444d-a5d9-a31784c8d0aa', '662A64BE-F7EA-4419-8978-DBF8F19159DC'),
('7ab95a14-6823-4ff3-aa9e-383ef3800acf', '88006A8C-D757-4B85-8B91-C88E6078FE9C'),
('72c714fc-9295-4452-ab89-c3f1267c4029', '88006A8C-D757-4B85-8B91-C88E6078FE9C'),
('f6c20f53-bf17-4762-a4df-00f908c0c377', '3361BC88-9F58-4BE8-AC37-561606430F8A'),
('1ca15b78-a8da-49ce-b456-af07172ffd14', '96D250D4-0C0E-4521-B94E-05F3CAFCA3F3'),
('c8fb483b-49a9-484c-971f-83b78a6f5fa0', '73BF981F-1CFD-483D-80EE-14AB6D2E55EF'),
('49cb606c-9ba8-4251-b149-d8096a8efe35', '63CE2EBF-EF36-4B4A-891E-ABBDE2A75B38'),
('6850e644-b238-4140-a413-9d08ccd2f66a', '662A64BE-F7EA-4419-8978-DBF8F19159DC'),
('c6ecba80-f256-4e3b-a0fd-128953ea39cf', '96D250D4-0C0E-4521-B94E-05F3CAFCA3F3'),
('9a2d72af-120e-4fb1-afee-27f6280ecbd0', 'C82954A1-39D4-4012-86B3-6CAD42C2B399'),
('2debd28d-9273-4e7d-8b83-d3f0f661f1d1', '662A64BE-F7EA-4419-8978-DBF8F19159DC'),
('2b273ff4-7f9e-4452-932a-584d4e09fc08', '96D250D4-0C0E-4521-B94E-05F3CAFCA3F3'),
('f0f7f66c-a3b9-40e6-b7c8-37861f997881', '63CE2EBF-EF36-4B4A-891E-ABBDE2A75B38'),
('5b1702c0-7a74-4e86-88ef-12c7d128d3db', '63CE2EBF-EF36-4B4A-891E-ABBDE2A75B38'),
('63b225b3-c21d-4f1c-bc8a-00f969d0d629', '96D250D4-0C0E-4521-B94E-05F3CAFCA3F3'),
('3dad50a4-a901-4720-9000-41963fc99943', 'A5677DE0-A6A7-42C0-AB77-F34B75BEB63D'),
('738289e5-b2d9-4798-a0c5-937100246237', 'CCA752D4-C17C-4C31-906F-F33CB8A18E48'),
('b4e4cb86-6b2e-4345-86b5-8b1785c1279c', '3779D349-ABCB-4DBC-ABF1-25BA9E94A695'),
('2d344771-e222-4f2a-af0d-f92ddfcac8a3', 'B9F74F9E-F792-4C48-B1B6-B6F0BC402D07'),
('7635b4ca-e932-4680-b430-3b8e07ff8300', 'CCA752D4-C17C-4C31-906F-F33CB8A18E48'),
('f9ab2ff3-5474-4981-8908-bff6635a4c58', '88006A8C-D757-4B85-8B91-C88E6078FE9C'),
('0c9679de-cfa6-4478-b68e-d829b6609422', '88006A8C-D757-4B85-8B91-C88E6078FE9C'),
('39273268-241e-4290-9547-806caac4a844', '3779D349-ABCB-4DBC-ABF1-25BA9E94A695'),
('35e87db8-2ce8-425f-9e33-4a7902639e56', 'C82954A1-39D4-4012-86B3-6CAD42C2B399'),
('09511825-565e-4010-a269-50aff13ab0cb', '96D250D4-0C0E-4521-B94E-05F3CAFCA3F3'),
('7e057d7b-be08-45b1-9e22-96881179610b', '63CE2EBF-EF36-4B4A-891E-ABBDE2A75B38'),
('e8f96100-8bb6-495c-98b7-15bdc3f3798e', 'C82954A1-39D4-4012-86B3-6CAD42C2B399'),
('caca3dca-e798-42be-ab5e-7266c652a3d0', '3779D349-ABCB-4DBC-ABF1-25BA9E94A695'),
('2a07741f-9fab-444f-9341-5ae03f5bde3e', '88006A8C-D757-4B85-8B91-C88E6078FE9C'),
('50d8b616-cbe0-4004-93f7-6c0dc73c35b7', '3361BC88-9F58-4BE8-AC37-561606430F8A'),
('f688713c-10e7-45ed-b940-5f206cdf236a', '88006A8C-D757-4B85-8B91-C88E6078FE9C'),
('3e7c11cf-f46c-43f0-9572-54a35ed672b9', 'C82954A1-39D4-4012-86B3-6CAD42C2B399'),
('05422206-8fd8-4bf1-99db-e587d13a6838', '3361BC88-9F58-4BE8-AC37-561606430F8A'),
('57f85c65-d105-4e99-a8ac-211158c85910', '63CE2EBF-EF36-4B4A-891E-ABBDE2A75B38'),
('eeb1d560-8457-48a5-80fa-1b67cb5261b7', '07CB166A-4B4E-4637-B224-6277A69003D9'),
('99c5d446-4b86-495b-be76-ce564039d64e', '63CE2EBF-EF36-4B4A-891E-ABBDE2A75B38'),
('dd18e5e1-ed21-4f7e-945d-e614a29b5569', '3779D349-ABCB-4DBC-ABF1-25BA9E94A695'),
('e32e21d9-f854-403a-b453-4b0a0fd65310', 'A5677DE0-A6A7-42C0-AB77-F34B75BEB63D'),
('e307ebc6-f1e9-4fa7-9b74-dc926a5e2ba7', '3779D349-ABCB-4DBC-ABF1-25BA9E94A695'),
('983aa8c0-24bc-49f4-8df3-65e9d6b1f2a3', '3361BC88-9F58-4BE8-AC37-561606430F8A'),
('205e3358-771c-4ba9-a038-74567b0d0e3e', 'A5677DE0-A6A7-42C0-AB77-F34B75BEB63D'),
('bf066af0-d513-4d7d-bf52-266752032635', '662A64BE-F7EA-4419-8978-DBF8F19159DC'),
('a482e5fd-48df-4e4a-be6b-24f9c7ab91c3', 'A5677DE0-A6A7-42C0-AB77-F34B75BEB63D'),
('66cc9916-f1f7-4e15-95db-e3fd0a87af4a', 'B9F74F9E-F792-4C48-B1B6-B6F0BC402D07'),
('b7d36821-37c5-4927-8677-bb3c3cac7199', 'F1B832B2-49F3-456F-BACB-B1F8DA766BEA'),
('a7386693-0146-4015-9a44-44f6912445b8', '662A64BE-F7EA-4419-8978-DBF8F19159DC'),
('2d775e2b-f710-4116-b443-cd2176e50024', '96D250D4-0C0E-4521-B94E-05F3CAFCA3F3'),
('84dc141b-3c7a-4dd1-82e4-9b337d5815e8', '662A64BE-F7EA-4419-8978-DBF8F19159DC'),
('779124a0-c2d2-4c2f-a1f1-d3eefc34de1b', 'A5677DE0-A6A7-42C0-AB77-F34B75BEB63D'),
('1d84d360-ea38-4979-ab78-be4670f2edaf', '96D250D4-0C0E-4521-B94E-05F3CAFCA3F3'),
('08043326-d586-4ac1-af9a-07af170aea33', 'B9F74F9E-F792-4C48-B1B6-B6F0BC402D07'),
('ef7efdc0-1330-48a5-961a-2df1cc61f066', 'F1B832B2-49F3-456F-BACB-B1F8DA766BEA'),
('77f7b692-af0e-4930-b9e4-6dfc2289123e', 'EF2034C1-7F44-4D07-B9C0-E2A497999A9D'),
('3999a341-e5ba-4be0-8a3c-8e5e0fa83307', 'A5677DE0-A6A7-42C0-AB77-F34B75BEB63D'),
('988fb718-4344-45e1-b340-2f2e29d7f72c', '662A64BE-F7EA-4419-8978-DBF8F19159DC'),
('9acd3c28-051a-457d-901c-e8abbbca7682', '96D250D4-0C0E-4521-B94E-05F3CAFCA3F3'),
('f098ee1e-f114-4727-bc54-ba46d2adb6b5', 'CCA752D4-C17C-4C31-906F-F33CB8A18E48'),
('104d5e4b-1e70-4439-905f-0ed5b0a7e05e', 'B9F74F9E-F792-4C48-B1B6-B6F0BC402D07'),
('3a45857b-dc2f-4171-8db6-f6bf8ea9d9af', 'EF2034C1-7F44-4D07-B9C0-E2A497999A9D'); 

INSERT INTO [RepairingServices] ([Id], [Name], [Size], [Quantity], [Price]) VALUES
('68c89fdb-bfac-4119-bc05-9dac67779283', N'Máy cắt cỏ', 'To', 3, 0),
('61a5d6eb-a138-482e-9f4e-acb1deedae2a', N'Máy phun sương', N'Vừa', 3, 0),
('9d25328a-b171-488a-b1e5-a8dc4592cd2a', N'Quạt treo tường cắm điện', N'Vừa', 4, 0),
('f2b38208-9fd7-4d4c-8bf2-3b32a174f10a', N'Điều hòa', N'Nhỏ', 3, 0),
('a14f9b18-068d-4606-8f0d-164e793df55e', N'Điều hòa', N'Nhỏ', 1, 0),
('a56b15b0-c02c-4e0c-97b0-106f38623fa0', N'Máy hàn', 'To', 1, 0),
('661c4f68-28a7-4414-b79a-2cab5aba49a8', N'Nồi', 'To', 1, 0),
('48010709-d3a1-4141-8cf7-bbbeb9b5e186', N'Quạt cây', N'Vừa', 1, 0),
('2b9e916d-6837-40cd-9bbf-2c6d4acb1a80', N'Máy phun thuốc', N'Vừa', 2, 0),
('cdd5bf4d-1e98-4388-bc6b-997b4395c2b0', N'Máy giặt', N'Nhỏ', 5, 0),
('149741ba-b796-458e-a7a8-fb32797586cd', N'Đèn trần', 'To', 5, 0),
('b0f25d22-5ae0-40a5-a4aa-d5326310e20a', N'Máy phun thuốc', N'Nhỏ', 4, 0),
('731e89aa-a041-4b8e-9d28-8715f5173d33', N'Quạt công nghiệp', N'Vừa', 2, 0),
('34d60c18-026b-4faa-991a-5c36b34e4d43', N'Máy sấy', N'Vừa', 4, 0),
('7b456c00-70bd-4e76-aa2b-7af9de56e3a6', N'Đèn hắt', N'Nhỏ', 3, 0),
('894512c8-133a-4596-928c-5f57339cb3f5', N'Dụng cụ làm bánh', 'To', 2, 0),
('4029d431-94b4-40d9-a1d6-deaeedbbc993', N'Lò vi sóng', N'Nhỏ', 5, 0),
('d29a9bfd-dbd7-4c55-93d7-e60187b83651', N'Quạt cắm điện', N'Vừa', 2, 0),
('16cfe388-223d-4f60-b83f-141fc67a6d82', N'Máy quay phim', N'Nhỏ', 4, 0),
('d661cbd2-1981-49c7-9e76-b9d4033431d2', N'Máy khoan', 'To', 1, 0),
('cc0f7e25-380e-4766-99fd-e95c5deb28ff', N'Sạc laptop', N'Nhỏ', 2, 0),
('f159f66e-5c2a-4e3b-9b2a-c6916e0db3c5', N'Quạt máy cắm điện', N'Vừa', 3, 0),
('c8dddad8-b06d-47e5-9e0a-4cc643c5ba65', N'Máy phát sóng', N'Nhỏ', 5, 0),
('5f179277-89e2-4121-8138-cafc521d693c', N'Đèn pin', 'To', 4, 0),
('b55418eb-a076-45c9-916f-a13266ceb5dc', N'Máy sấy tóc', N'Vừa', 1, 0),
('5c4306a4-5fab-4f20-8713-3142c5a10001', N'Đèn trần', 'To', 2, 0),
('ee6f5a44-76f6-4a2b-96d4-81b3f1067ce3', N'Quạt hơi nước', 'To', 2, 0),
('58ef8758-ffab-4285-a1cc-9034a9ae3f5c', N'Máy quay phim', N'Nhỏ', 5, 0),
('e2d20236-7479-4905-8996-2e239d606b0d', N'Quạt sưởi cắm điện', N'Vừa', 4, 0),
('62cb2d3f-e3c1-4e1a-b746-23e82cdc0d65', N'Điều hòa', N'Nhỏ', 4, 0),
('1ff6168e-8196-478b-a949-96bb5f3f7a25', N'Nồi cơm điện', 'To', 4, 0),
('8205c265-fa42-465a-8c46-e7e1b5271ac4', N'Máy sấy', N'Nhỏ', 4, 0),
('7c7cc845-da74-404d-b7e6-2f0ed5eb5b68', N'Máy làm sạch', N'Nhỏ', 3, 0),
('a05643f5-5341-4cee-8256-8f07155dbcc0', N'Quạt sưởi cắm điện', N'Nhỏ', 1, 0),
('6461136a-840c-45d4-bb62-c8680c5177b9', N'Bình đun nước', N'Nhỏ', 3, 0),
('3e332ee4-6311-4842-a5fa-7b868cdd5c51', N'Lò vi sóng', N'Nhỏ', 4, 0),
('1e9d13e5-9d06-41b5-b3b2-704deee57e4e', N'Quạt hâm cắm điện', N'Vừa', 5, 0),
('d6dd7777-3ac1-4ac7-972d-5c9c5a70d5d5', N'Ổ cắm điện', N'Nhỏ', 2, 0),
('fa60e529-0572-4e01-88ee-8a031489d089', N'Nồi', N'Vừa', 2, 0),
('573bc3ee-3211-4319-a08f-6863410549f2', N'Quạt hâm', 'To', 2, 0),
('9d7753fc-3971-49d6-ba29-21f7b14179da', N'Lò vi sóng', N'Nhỏ', 4, 0),
('8d2fce21-33d3-4c75-a3ff-06cbcb5e8954', N'Quạt đứng cao cấp', N'Vừa', 2, 0),
('8ab85016-3b9a-4c66-8114-8ce0cdbcfcf3', 'Router', 'To', 3, 0),
('37e12252-c999-40fd-a223-ee026110cbc4', N'Đèn trần', 'To', 1, 0),
('f489efa4-7cb6-4545-b9fb-6cfd607137eb', N'Nồi', 'To', 4, 0),
('78f786a2-60ce-455b-99bc-b81922aacfb1', N'Máy kho lạnh', N'Vừa', 3, 0),
('ab882428-c32b-44ce-a497-27e0e9072b21', N'Quạt treo tường', N'Vừa', 1, 0),
('482810a5-4b50-44a6-a939-d77c399d2437', N'Máy giặt', 'To', 5, 0),
('85f126f1-8c34-4481-b3af-e1e4a1435f95', N'Quạt đứng dưới', N'Nhỏ', 3, 0),
('b3736faf-14bc-475b-b06d-edc9deb17c3d', 'Loa', 'To', 5, 0),
('2974e7ba-f8c0-4b14-82ff-910b053ea53b', N'Bếp từ', 'To', 2, 0),
('7d2bfed9-14fa-4cf2-81b3-88325d3d0cec', N'Đèn hắt', 'To', 4, 0),
('6da3e9ac-0595-48c5-a155-524759fefeab', N'Sạc điện thoại', N'Vừa', 3, 0),
('623df578-c072-466d-85da-b3295a3dcc94', N'Quạt bàn cắm điện', N'Vừa', 4, 0),
('89ef53f0-e38e-4e95-81e8-8e7aff31fc18', N'Quạt đứng dưới', N'Nhỏ', 2, 0),
('19bc0894-f2f2-4d25-8624-88a428c48726', N'Ổ điện', N'Nhỏ', 4, 0),
('e8921f0b-8838-4138-b534-5bc182282e9f', N'Máy scan', N'Vừa', 5, 0),
('b936e2fb-0113-4bee-8c14-f0351dfbfca6', N'Máy hàn', N'Vừa', 5, 0),
('89956517-fcc4-4908-9342-bd98c40f59c3', N'Sạc pin', 'To', 4, 0),
('6ff42a72-77d7-43e1-944a-f1aaa1f4c964', N'Chảo', N'Vừa', 3, 0),
('9f98aabc-d045-49aa-9258-dd97085e0181', N'Máy scan', 'To', 3, 0);
INSERT INTO [ShoppingServices] ([Id], [Name], [Image], [Price], [ShoppingItems]) VALUES
('ec724b4b-56f6-4f9b-8eb8-38b934f06507', 'Mua', 'test.png', 0, N'[Rau dưa leo, Cá lóc, Cá chim, Rau bắp cải, Cá dằm]'),
('9a124c08-fd66-4ae6-a341-d3efb3756d99', 'Mua', 'test.png', 0, N'[Dưa bắp, Cà tím tươi, Bí xanh, Muối]'),
('99928f0e-23ba-4e5e-8370-c8c98f7260f4', 'Mua', 'test.png', 0, N'[Bí xanh, Cá tra, Sò]'),
('df8c459d-2431-4d0a-af3e-bbcf45f521f8', 'Mua', 'test.png', 0, N'[Cá mập, Củ cải đỏ, Cá tầm, Dưa bóp, Khoai tây tươi, Cá lóc, Khoai lang]'),
('e223be7e-848b-4b83-abe5-2f964f75bcbd', 'Mua', 'test.png', 0, N'[Sò, Bí đao, Dưa hấu hạt, Bắp ngô, Rau ngót, Khoai tây nghiền, Ngao, Khoai tây, Bí đao]'),
('1696dc8b-8d10-4300-8a65-856214da63ba', 'Mua', 'test.png', 0, N'[Củ cải trắng, Cá lưỡi, Cà rốt hột, Cá đuối, Thịt cừu, Cải thảo, Cần tây, Mì, Dưa hấu hạt]'),
('2dfee225-6d6d-4446-aa5c-095b07f092fb', 'Mua', 'test.png', 0, N'[Dưa lưới, Dưa chuột, Mì, Cá basa, Cá chẽm, Bạch tuộc, Cà rốt baby, Bí xanh, Khoai lang mật]'),
('70ada5d7-23a6-4c26-9820-e06115a77f20', 'Mua', 'test.png', 0, N'[Dầu mỡ, Bột mì, Cá lóc, Dưa hấu ruột hồng]'),
('3ce84749-200a-452f-b8bc-00c9ff7a0093', 'Mua', 'test.png', 0, N'[Rau muống, Cà rốt, Rau sống, Cá basa]'),
('2b030282-ec14-4580-83d7-fedd3a346c60', 'Mua', 'test.png', 0, N'[Bột năng, Thịt cừu, Dầu mỡ, Rau cần tây, Măng, Rau cải bắp, Dưa hấu chín, Củ cải trắng, Gia vị]'),
('183c5c62-6bf5-45ca-bb5d-e5e2bb26cbb3', 'Mua', 'test.png', 0, N'[Cá sứa, Cá chẽo, Đậu, Dưa hấu ruột đỏ]'),
('5e19cf53-826a-4838-89d8-552644077c24', 'Mua', 'test.png', 0, N'[Dầu đậu nành, Thịt cừu, Bột năng, Rau muống bạch, Dưa hấu hạt]'),
('c71dfebe-c248-423a-8660-890db6cfe931', 'Mua', 'test.png', 0, N'[Cá mòi, Khoai lang tím, Cà chua dẻo]'),
('c2799278-9509-4467-bb04-2655645d07ae', 'Mua', 'test.png', 0, N'[Cá trích, Cá chẽm, Dưa hấu không hạt]'),
('ba4cdf18-db67-4d64-841e-f592f87fc1a8', 'Mua', 'test.png', 0, N'[Dưa hấu, Cà rốt baby, Rau bắp cải, Cá mè, Rau dưa leo, Tôm càng nhỏ]'),
('aa8a2d5a-58b0-4c5f-a445-5f9c7edf79c8', 'Mua', 'test.png', 0, N'[Cá tra, Cà chua, Cá mú, Bầu, Cá diêu hồng, Ớt sừng, Cá chép, Khoai tây lát, Muối, Tôm]'),
('33dd0412-10b8-43e4-9b0d-e325e6b96d94', 'Mua', 'test.png', 0, N'[Dưa hấu ruột hồng, Dưa hấu ruột vàng, Ớt chuông, Cà tím hột, Rau cải ngọt, Rau cần tây, Rau mùi]'),
('cad5c1cb-7888-4bcb-b267-639141aa6f7c', 'Mua', 'test.png', 0, N'[Tôm càng to, Dưa hấu ruột đen, Cá trích, Dầu olive, Rau dưa leo, Cá bơn, Bí đỏ, Dưa hấu không hạt, Tôm càng nhỏ, Khoai tây lát]'),
('697aede1-0714-40fe-b591-4d319b02b07e', 'Mua', 'test.png', 0, N'[Rau muống, Cà chua bi, Măng, Cá lưỡi, Bí đỏ lát, Dưa bóp, Dưa hấu hạt, Bún]'),
('a04246bf-22a4-4489-ae00-f3aa336362db', 'Mua', 'test.png', 0, N'[Thịt gà, Mì, Măng tây, Mướp, Mướp đắng]'),
('07fce9a5-b9bd-4ded-82c8-878fa4339ccd', 'Mua', 'test.png', 0, N'[Rau dền xanh, Bột khoai mì, Cải bắp]'),
('e545a6b2-c25e-4247-ab8c-ed1bba4a77c3', 'Mua', 'test.png', 0, N'[Thịt heo, Thịt vịt, Cá trích, Cải thảo baby, Dầu mè, Dầu ăn, Cá chình, Cá hồi]'),
('9aaa5b67-aeaa-4e49-bdd2-22331bd8da79', 'Mua', 'test.png', 0, N'[Bí đỏ lát, Dưa hấu dừa, Rau muống xanh, Bột khoai mì, Cá ngừ, Bột ngô, Đường]'),
('a8f675c1-3ba4-477a-b73c-5b53f5f53cc8', 'Mua', 'test.png', 0, N'[Gạo, Cá chim, Rau sống, Dầu đậu nành, Tôm càng to]'),
('c7d163db-2056-41ca-90fb-d27c52fcdc9e', 'Mua', 'test.png', 0, N'[Củ cải đỏ, Cá bơn, Cá tra, Hành tây, Cá tra, Dưa lưới]'),
('4616c2cd-288f-45a9-8851-37c4e18f7b36', 'Mua', 'test.png', 0, N'[Cà chua cà chua, Dầu olive, Cà rốt hột, Cải thảo, Cá tra]'),
('8809fb46-bf4a-4ca3-9d3d-59d7f3bba9e6', 'Mua', 'test.png', 0, N'[Cá mập, Rau sống, Mực, Măng tây, Cá mè, Cà chua, Tôm càng xanh, Rau mầm, Cá trích, Rau ngò gai]'),
('411f27d1-1287-471d-9747-c8be630a9e51', 'Mua', 'test.png', 0, N'[Dưa hấu ruột đen, Rau bắp cải, Dưa chuột, Khoai tây nghiền, Tôm, Dưa hấu ruột đen, Rau răm, Cá mòi, Bột ngô]'),
('2e4c9758-9ecb-47d8-b0b2-782275929e5c', 'Mua', 'test.png', 0, N'[Bột mì trứng, Cá gai, Cá đuối, Mực, Tôm càng xanh, Rau ngò gai, Cà chua rời, Cá dạ cá]'),
('4b94b550-bad1-46ea-b054-562d51e07b97', 'Mua', 'test.png', 0, N'[Thịt vịt, Cá bơn, Cá tầm, Dưa bóp, Bí xanh]'),
('ffbb33f8-7525-4adf-b7f5-3e0666d8fcd2', 'Mua', 'test.png', 0, N'[Rau muống, Khoai tây bi, Gạo, Dầu hướng dương, Bột mì trứng, Tôm càng nhỏ, Măng, Cá diêu hồng]'),
('115276bb-b504-43f6-93ee-abfdc907c58f', 'Mua', 'test.png', 0, N'[Dưa hấu ruột vàng, Tôm càng xanh, Rau cải bó xôi]'),
('4e834f88-1fad-48cd-a250-3138a0ea0898', 'Mua', 'test.png', 0, N'[Đường, Dưa hấu hạt, Bột mì, Cá dứa, Dưa hấu dừa]'),
('900530ed-e78c-469b-b43f-0218adc84b64', 'Mua', 'test.png', 0, N'[Mì, Bí đỏ hột, Cá, Rau mơ, Dầu dừa, Rau răm, Cá trích, Cá]'),
('da441b5a-6919-42a4-abdb-07588c9bcde9', 'Mua', 'test.png', 0, N'[Cà tím tươi, Dầu olive, Cá ngừ]'),
('a903713f-0129-481c-8af7-a4b86c07428b', 'Mua', 'test.png', 0, N'[Cá chình, Dầu hào, Cá diêu hồng, Rau muống xanh, Cá bóc tôm, Cá sứa, Dưa hấu, Cá mòi, Rau húng, Cá chẽm]'),
('fff7b222-5643-4a72-9e06-7761486948c7', 'Mua', 'test.png', 0, N'[Cá tra, Dầu mỡ, Ngao, Cá mú, Cá chẽo, Đậu]'),
('9ef5f37d-043d-4cf3-97f5-2d8cff10364b', 'Mua', 'test.png', 0, N'[Bạch tuộc, Mì, Rau mơ, Khoai tây tươi, Cà chua hạt, Dầu hướng dương, Rau cải ngọt]'),
('c4b75f24-dfbc-47a8-96e1-39224740be6f', 'Mua', 'test.png', 0, N'[Cà rốt tươi, Rau ngò gai, Mướp]'),
('215ef60e-3d3c-45a0-8552-903934d7a0f3', 'Mua', 'test.png', 0, N'[Bí đỏ, Cà chua rời, Khoai tây, Cá nục, Đường, Dưa gang, Khoai tây nghiền]'),
('4926046c-f356-452a-a60d-e49bed72b98d', 'Mua', 'test.png', 0, N'[Tôm bỏ vỏ, Muối, Cá lưỡi, Rau mơ, Dầu mè, Cá tra, Cá trê]'),
('9ca36ac6-f9d9-48f7-ab86-42f9bad3969d', 'Mua', 'test.png', 0, N'[Thịt heo, Cá chình, Cá dứa, Thịt dê, Dưa hấu hạt, Rau cần tây, Cà tím lát, Cá chình, Khoai tây tươi, Bí đỏ hột]'),
('447a48ff-201d-43ee-aff5-75ae80198cd0', 'Mua', 'test.png', 0, N'[Rau muống bạch, Cá hồi, Rau húng, Cá thu, Dưa gang]'),
('09c6f75d-454e-4ddd-9b96-13eaed4f7197', 'Mua', 'test.png', 0, N'[Rau dưa leo, Cà rốt baby, Bột năng, Cá chình, Măng, Dầu mỡ, Cá đuối, Cà rốt baby, Thịt vịt, Rau cải baby]'),
('faad3ee7-36ea-482c-8697-d9c02a1c00fa', 'Mua', 'test.png', 0, N'[Rau răm, Cà chua hạt, Tôm càng nhỏ, Cà chua bi, Cá, Tôm càng vàng, Rau muống bạch, Dưa lưới, Cá dạ cá, Cá chép]'),
('e4ff60d9-dd94-472d-90ff-dbf8c6fec6d9', 'Mua', 'test.png', 0, N'[Dưa hấu ruột đỏ, Cá mập, Khoai lang tím, Mướp, Cá trê, Rau dền xanh, Ngao]'),
('c8e41dcb-df97-4e34-b705-1078c083fa2e', 'Mua', 'test.png', 0, N'[Bún, Cá nục, Cá mòi, Dưa chuột, Rau bắp cải, Rau sống, Cá đuối, Rau dền]'),
('40903879-3c6c-416d-95d7-740dc83fd053', 'Mua', 'test.png', 0, N'[Dầu hướng dương, Dầu ăn, Cà chua rời, Cá chim, Rau mùi, Cá chình]'),
('5f435136-390b-4b70-82da-803e6e0560bf', 'Mua', 'test.png', 0, N'[Bầu, Thịt gà, Thịt bò, Cá mè, Cà rốt baby, Cá chẽm, Măng tây, Cải thảo baby, Dưa hấu ruột trắng]'),
('29be0044-8302-47bb-943f-72746361adc6', 'Mua', 'test.png', 0, N'[Cá chình, Rau cần tây, Cà chua hạt, Dầu olive, Cà tím tươi, Cà chua dẻo]'),
('85287437-d27b-48e0-9ad7-e4d223761b38', 'Mua', 'test.png', 0, N'[Cá mú, Cá chẽo, Dưa hấu ruột hồng, Đường]'),
('a10a8e04-0718-447f-b0f2-23c90c8d9f4d', 'Mua', 'test.png', 0, N'[Cà chua hạt, Cá chẽm, Mực, Cà tím lát, Rau cần tây, Mực, Cá chẽm, Đậu, Cá sặc, Bầu]'),
('6b1d09d4-1eac-4ef3-9522-2c83dff0afbe', 'Mua', 'test.png', 0, N'[Rau muống bạch, Cá dạ cá, Cá lưỡi, Măng tây, Khoai lang tím, Măng, Rau răm]'),
('4de3d167-83b6-4556-91b9-84ec417493ad', 'Mua', 'test.png', 0, N'[Rau răm, Cải bắp, Ngao, Cà chua, Cà rốt baby]'),
('672f6cca-f82f-46c0-9d5f-5c87a5ba4634', 'Mua', 'test.png', 0, N'[Dầu hào, Cà chua hạt, Rau ngót, Cá basa]'),
('b0c4d8ff-6c15-4799-8583-311b9c73daa8', 'Mua', 'test.png', 0, N'[Cá bớp, Hành tây, Thịt dê, Cá gai, Cá nục, Cần tây baby, Cá sứa]'),
('68e94579-4483-4313-b460-6e44902dad68', 'Mua', 'test.png', 0, N'[Cá chim, Rau sống, Dưa leo, Cá chẽm, Cà rốt lát, Cần tây baby]'),
('5f2755fe-b9ab-46f7-bcf6-ac1bda090605', 'Mua', 'test.png', 0, N'[Khoai tây lát, Cần tây, Cà rốt hột, Cá chình]'),
('d0904b8d-c535-4937-be21-dbb3cf1462ac', 'Mua', 'test.png', 0, N'[Cá dìa, Dưa hấu chín, Dưa bóp, Rau mơ, Mực, Rau sống]');

