-- DELETE ALL!!!
Delete from [OrderServiceType];
Delete from [OrderService];
Delete from [Orders];
Delete from [Services];

Delete from [FreelanceSkills];
Delete from [Skills];

DELETE from FreelanceCorrectQuestions;
delete from QuizQuestions;
delete from FreelanceQuizAnswers;
delete from FreelanceQuizQuestions;
delete from FreelanceQuizzes;
DELETE from FreelanceQuizResults;

Delete from [Addresses];
Delete from [Freelancers];
Delete from [Customers];
Delete from [Accounts];

DELETE FROM [ServiceTypes] Where [Id] not in (
'3B8A2D6A-B0E7-46AF-A688-397CEA642603',
'49A42267-D9DC-4E11-87A5-36525D4254D9',
'EF2632F0-47BD-4BBE-A46F-628A28F03D8B',
'DBB78597-043D-47C1-8810-93D392FD09BA');

INSERT INTO [ServiceTypes] ([Id], [Name], [BasePrice], [Description], [ServiceCategoryId], [Image], [Keys]) VALUES
('FD902642-4378-4376-9A77-072644668D15', N'Sửa tivi', 200000.0, N'Sửa chữa để tôi lo', '8A21B21E-DC31-49C8-8B5B-84B69204DC3A', null, null),
('A7E19817-AB88-43A8-B460-237735089C9F', N'Đi mua quần áo', 60000.0, N'Mua sắm hộ siêu nhanh', '6F57D993-EB26-4B35-8C7D-7871A7FD624F', null, null),
('99C88F92-A587-4110-8CBB-299EB2968727', N'Sửa máy tính laptop', 200000.0, N'Hãy yên tâm không nổ đâu', '8A21B21E-DC31-49C8-8B5B-84B69204DC3A', null, null),
('E2E7B569-88B8-4BA6-8B60-3FAB42A6BCF5', N'Đi mua vé concert', 4000000.0, N'Mua sắm hộ siêu nhanh', '6F57D993-EB26-4B35-8C7D-7871A7FD624F', null, null),
('41586551-C098-4FF2-8DEB-45AE7EF64173', N'Đi mua vé xem phim', 20000.0, N'Mua sắm hộ siêu nhanh', '6F57D993-EB26-4B35-8C7D-7871A7FD624F', null, null),
('289CEE0A-8041-4D60-9EB2-478F3311046E', N'Đi siêu thị hộ', 50000.0, N'Mua sắm hộ siêu nhanh', '6F57D993-EB26-4B35-8C7D-7871A7FD624F', null, null),
('E0AE7D37-0CBB-4722-9700-4C13A0BA6D3D', N'Sửa bình gas', 50000000.0, N'Hãy yên tâm không nổ đâu', '8A21B21E-DC31-49C8-8B5B-84B69204DC3A', null, null),
('0CBF59EA-8DCB-4A62-BE82-617153952B1D', N'Sửa máy lạnh', 200000.0, N'Sửa chữa để tôi lo', '8A21B21E-DC31-49C8-8B5B-84B69204DC3A', null, null),
('C82954A1-39D4-4012-86B3-6CAD42C2B399', N'Đi chợ hộ', 40000.0, N'Mua sắm hộ siêu nhanh', '6F57D993-EB26-4B35-8C7D-7871A7FD624F', null, null),
('6A4615D1-0E58-4206-B15E-708E48C1501C', N'Đi siêu thị sang trọng', 100000.0, N'Mua sắm hộ siêu nhanh', '6F57D993-EB26-4B35-8C7D-7871A7FD624F', null, null),
('8800EE29-7A1F-48AD-989C-7669FB278DEA', N'Sửa ống nước', 200000.0, N'Sửa chữa để tôi lo', '8A21B21E-DC31-49C8-8B5B-84B69204DC3A', null, null),
('49993FA5-B4D5-4CBA-B448-7E2B70AFBDD4', N'Sửa máy giặt', 200000.0, N'Sửa máy giặt', '8A21B21E-DC31-49C8-8B5B-84B69204DC3A', null, null),
('6F8F6E58-2A20-413C-90DF-8F665F9B1B8D', N'Đi mua giày camping', 300000.0, N'Mua sắm hộ siêu nhanh', '6F57D993-EB26-4B35-8C7D-7871A7FD624F', null, null),
('9A1EA6DE-0149-42C3-B2A8-E1BFE7C62DF3', N'Sửa bàn ủi', 200000.0, N'Sửa chữa để tôi lo', '8A21B21E-DC31-49C8-8B5B-84B69204DC3A', null, null); 

INSERT INTO [Accounts] ([Id], [Email], [FullName], [DateOfBirth], [Phone], [Role], [Avatar], [RefreshToken], [LoginToken], [LoginTokenExpires], [TokenCreated], [TokenExpires], [IsActive], [IsVerified]) VALUES
('37830730-685c-4366-8e9a-eb4c1f69d52c', null, N'Nguyễn Hải Nhi', '2004-04-27', '+84337839146', 'Freelancer', 'https://detoivn.sirv.com/customer_avt/user-avt%20(2).png', 'string', 'default', '2024-03-24T17:23:31.300436', '2024-03-24 17:13:31.300436', '2024-03-24 17:23:31.300436', 1, 1),
('8863a359-d33d-47d0-b993-bf0989a53698', null, N'Hoàng An Nhàn', '1984-07-27', '+84387160618', 'Customer', 'https://detoivn.sirv.com/customer_avt/user-avt%20(2).png', 'string', 'default', '2024-03-24T17:23:31.349176', '2024-03-24 17:13:31.349176', '2024-03-24 17:23:31.349176', 1, 1),
('fadf23fc-7d1a-410f-ba74-c9e6d77b7477', null, N'Trần Thanh Nhã', '1978-10-20', '+84325857521', 'Freelancer', 'https://detoivn.sirv.com/customer_avt/user-avt%20(2).png', 'string', 'default', '2024-03-24T17:23:31.350176', '2024-03-24 17:13:31.350176', '2024-03-24 17:23:31.350176', 1, 1),
('ff39a0c9-df36-4c3e-bac8-c59d4fb4883f', null, N'Ngô Đinh Bích Hạnh', '1975-06-20', '+84842420519', 'Customer', 'https://detoivn.sirv.com/customer_avt/user-avt%20(3).png', 'string', 'default', '2024-03-24T17:23:31.353247', '2024-03-24 17:13:31.353247', '2024-03-24 17:23:31.353247', 1, 1),
('10c77a7b-d2ac-4300-8884-5f2765621773', null, N'Ngô Kiều Anh', '1976-07-24', '+84909707437', 'Freelancer', 'https://detoivn.sirv.com/customer_avt/user-avt%20(2).png', 'string', 'default', '2024-03-24T17:23:31.354259', '2024-03-24 17:13:31.354259', '2024-03-24 17:23:31.354259', 1, 1),
('700ab25a-bb7c-4bd0-a6d4-0cdb8e04ec54', null, N'Đỗ Đỗ Trúc Phương', '2001-01-23', '+84381595058', 'Customer', 'https://detoivn.sirv.com/customer_avt/user-avt%20(2).png', 'string', 'default', '2024-03-24T17:23:31.357293', '2024-03-24 17:13:31.357293', '2024-03-24 17:23:31.357293', 1, 1),
('add03dee-4e3a-4bb6-874d-042cbdf1c0de', null, N'Ngô Thái Ðức', '1983-03-30', '+84818892528', 'Customer', 'https://detoivn.sirv.com/customer_avt/user-avt%20(1).png', 'string', 'default', '2024-03-24T17:23:31.359277', '2024-03-24 17:13:31.359277', '2024-03-24 17:23:31.359277', 1, 1),
('190b5cb0-a347-47fe-8b90-e8126d8eff8e', null, N'Lê Xuân Mai', '1977-08-31', '+84966040685', 'Customer', 'https://detoivn.sirv.com/customer_avt/user-avt%20(2).png', 'string', 'default', '2024-03-24T17:23:31.361275', '2024-03-24 17:13:31.361275', '2024-03-24 17:23:31.361275', 1, 1),
('0b395dd1-1be1-4c3b-ae01-6970c4f8b492', null, N'Hoàng Trọng Tấn', '1995-07-20', '+84897229747', 'Freelancer', 'https://detoivn.sirv.com/customer_avt/user-avt%20(3).png', 'string', 'default', '2024-03-24T17:23:31.362276', '2024-03-24 17:13:31.362276', '2024-03-24 17:23:31.362276', 1, 1),
('76bf6b79-b472-4976-9d54-41f1b1b76d28', null, N'Đinh Hoàng Ánh Tuyết', '1986-04-19', '+84847437072', 'Customer', 'https://detoivn.sirv.com/customer_avt/user-avt%20(1).png', 'string', 'default', '2024-03-24T17:23:31.364802', '2024-03-24 17:13:31.364802', '2024-03-24 17:23:31.364802', 1, 1),
('6ecc6c20-c61a-4217-a037-235248a89043', null, N'Trương Ðình Lộc', '2001-06-19', '+84381931589', 'Customer', 'https://detoivn.sirv.com/customer_avt/user-avt%20(2).png', 'string', 'default', '2024-03-24T17:23:31.366801', '2024-03-24 17:13:31.366801', '2024-03-24 17:23:31.366801', 1, 1); 

INSERT INTO [Freelancers] ([Id], [AccountId], [Rating], [TotalReviewCount], [Balance], [OrderCount], [LoveCount], [PositiveReviewCount], [IdentityNumber], [IsTeam], [Description], [TeamMemberCount]) VALUES
('fa0553fa-f9c8-44fd-ae9f-5dfbd1632d3f', '37830730-685c-4366-8e9a-eb4c1f69d52c', 0, 0, 0, 0, 0, 0, '051200000011', 1, 'President stage population boy. Everything affect American race. Fire happen nothing support suffer which parent. Republican total policy head Mrs debate onto.', 2),
('1d17bed6-48f2-415a-89b0-aeccba84b47c', 'fadf23fc-7d1a-410f-ba74-c9e6d77b7477', 0, 0, 0, 0, 0, 0, '051200000012', 0, 'Boy room value film tax. Few structure federal board. Training listen subject wish gas look record.', 1),
('8d79590d-947b-4128-b230-89b3ea35ee9f', '10c77a7b-d2ac-4300-8884-5f2765621773', 0, 0, 0, 0, 0, 0, '051200000013', 0, 'Institution happy write end since. Court boy state table agree moment. Budget huge debate among way. Perhaps bit learn gun still. Writer work chance image. There many true follow marriage material.', 1),
('dce30e6d-c38b-443e-bb08-d337a30a443d', '0b395dd1-1be1-4c3b-ae01-6970c4f8b492', 0, 0, 0, 0, 0, 0, '051200000014', 0, 'Before some military outside baby interview senior. Movement out stay lot social. Parent do ten after those scientist.', 1); 

INSERT INTO [Customers] ([Id], [AccountId], [CustomerRank], [MemberPoint]) VALUES
('c3ba57a9-619a-4175-aa90-7d3fea0661b0', '8863a359-d33d-47d0-b993-bf0989a53698', 'Unranked', 0),
('1cc25961-55e8-4a94-8284-a75871e1a1c1', 'ff39a0c9-df36-4c3e-bac8-c59d4fb4883f', 'Unranked', 0),
('6348bb16-cfd6-4cbd-825c-926c63c36222', '700ab25a-bb7c-4bd0-a6d4-0cdb8e04ec54', 'Unranked', 0),
('594b5af5-5775-4c7c-8b90-f32721c0b291', 'add03dee-4e3a-4bb6-874d-042cbdf1c0de', 'Unranked', 0),
('e86d66bb-6e2f-4443-9d2a-82fa6c691ed8', '190b5cb0-a347-47fe-8b90-e8126d8eff8e', 'Unranked', 0),
('de95ed4b-0451-4361-ab88-c93465202c84', '76bf6b79-b472-4976-9d54-41f1b1b76d28', 'Unranked', 0),
('aebbfb3e-e5d0-494a-84d3-2bf57885d9e8', '6ecc6c20-c61a-4217-a037-235248a89043', 'Unranked', 0); 

INSERT INTO [Addresses] ([Id], [Lat], [Lon], [CustomerAccountId], [FreelanceAccountId], [AddressLine], [Ward], [District], [Province], [Country]) VALUES
('d06cb386-db7b-4284-bb4a-1c8f624876e9', 10.703725665748056, 106.90785435195468, 'c3ba57a9-619a-4175-aa90-7d3fea0661b0', null, 'test address', N'Phường 12', N'Quận 4', N'Thành phố Hồ Chí Minh', N'Việt Nam'),
('0ed6b26b-bb85-4505-8c80-5cf99003dbf3', 10.735563976241405, 106.92574315230374, null, '1d17bed6-48f2-415a-89b0-aeccba84b47c', 'test address', N'Phường 8', N'Quận Gò Vấp', N'Thành phố Hồ Chí Minh', N'Việt Nam'),
('423a9fd3-ec2f-414e-9a44-18833f7e212b', 10.669264381196331, 106.9552168918379, '1cc25961-55e8-4a94-8284-a75871e1a1c1', null, 'test address', N'Phường 9', N'Quận Phú Nhuận', N'Thành phố Hồ Chí Minh', N'Việt Nam'),
('6a77bf1c-d37e-4a1a-9e93-62d7a57fa408', 10.513832241748705, 106.80985809852477, null, '8d79590d-947b-4128-b230-89b3ea35ee9f', 'test address', N'Phường Cầu Ông Lãnh', N'Quận 1', N'Thành phố Hồ Chí Minh', N'Việt Nam'),
('8ed35f94-50f1-4025-b44c-00696ebc9f56', 10.58889676435289, 106.92560183624033, '6348bb16-cfd6-4cbd-825c-926c63c36222', null, 'test address', N'Phường 1', N'Quận 4', N'Thành phố Hồ Chí Minh', N'Việt Nam'),
('e06f2f1e-ace9-4284-b396-98793aea3934', 10.697920930617858, 106.61616206898327, '594b5af5-5775-4c7c-8b90-f32721c0b291', null, 'test address', N'Phường 11', N'Quận Tân Bình', N'Thành phố Hồ Chí Minh', N'Việt Nam'),
('d78c0153-92a4-4ee5-a78c-06edd0481b70', 10.735072397869281, 106.62270402202661, 'e86d66bb-6e2f-4443-9d2a-82fa6c691ed8', null, 'test address', N'Xã Tân Thới Nhì', N'Huyện Hóc Môn', N'Thành phố Hồ Chí Minh', N'Việt Nam'),
('e4dad8ad-07a0-47e3-bf71-8de2fd16cf1b', 10.614046710647566, 106.98993704628417, null, 'dce30e6d-c38b-443e-bb08-d337a30a443d', 'test address', N'Phường Tân Tạo', N'Quận Bình Tân', N'Thành phố Hồ Chí Minh', N'Việt Nam'),
('482361d1-03e5-4a1f-9995-2f074fae8245', 10.736100731743258, 106.9325968282482, 'de95ed4b-0451-4361-ab88-c93465202c84', null, 'test address', N'Phường 3', N'Quận 11', N'Thành phố Hồ Chí Minh', N'Việt Nam'),
('f5f58eda-2cd9-4408-ae97-a63e1d7adac9', 10.501079127863411, 106.64383944041221, 'aebbfb3e-e5d0-494a-84d3-2bf57885d9e8', null, 'test address', N'Phường 8', N'Quận 10', N'Thành phố Hồ Chí Minh', N'Việt Nam'); 

INSERT INTO [Skills] (Id, Name, Description, SkillCategory) VALUES
('e89e6d3b-6cd7-40f9-bb0d-dc506822c953', 'House Cleaning', 'American whole magazine truth stop whose.', 'CleaningService'),
('0f3612c9-4a45-44a7-b607-4d4bd2651d68', 'Office Cleaning', 'Through despite cause cause believe son would mouth.', 'CleaningService'),
('ff3ec259-2acd-4676-9ea9-063c0f2999ac', 'Deep Cleaning', 'Financial role together range.', 'CleaningService'),
('31c624f7-662d-41b5-99c2-54e856187b2c', 'Carpet Cleaning', 'Beyond its particularly tree whom local tend.', 'CleaningService'),
('6eafb11e-3438-43a4-a7ea-9d143fcfc238', 'Window Cleaning', 'Source nature add rest.', 'CleaningService'),
('3ff2b606-c3ed-4b61-96cb-dd1c6b040762', 'Maid Service', 'Ability management test during foot that course nothing.', 'CleaningService'),
('f33f66d0-f87c-410f-b6a3-80aa217fa470', 'Janitorial Service', 'Sort language ball floor.', 'CleaningService'),
('fa81fdf9-c86f-494e-9a8c-3e5b62a453c4', 'Disinfection Service', 'Board necessary religious natural sport music white.', 'CleaningService'),
('d4752407-355d-4db7-ac98-de0bf6bb6ccd', 'Eco-friendly Cleaning', 'Onto knowledge other his offer face country.', 'CleaningService'),
('f837657b-6ffe-423d-b364-f7c6c229065d', 'Move-in/Move-out Cleaning', 'Party prevent live.', 'CleaningService'),
('9900f73c-3824-4ac5-9f7a-8ef1c9744fe2', 'Appliance Repair', 'Theory type successful together.', 'RepairingService'),
('3ffa1430-47d5-4549-a747-d7c053bba116', 'Refrigerator Repair', 'Study modern miss dog Democrat quickly.', 'RepairingService'),
('e4d3fa7d-de45-4c21-949d-c6848e06c9ee', 'Washer/Dryer Repair', 'Every manage political record word group food break.', 'RepairingService'),
('dcacd677-2651-4e22-b165-6a0a070ed1ec', 'Oven/Range Repair', 'Friend couple administration even relate head color international.', 'RepairingService'),
('b56d6733-c417-41b6-bf91-f0f289be8a47', 'Dishwasher Repair', 'Situation talk despite stage.', 'RepairingService'),
('73865174-7a8a-4850-af0a-91270ea1d139', 'HVAC Repair', 'Quite ago play paper office hospital have wonder.', 'RepairingService'),
('e34bd8fa-5d5e-4b21-a080-41b6b67358a6', 'Plumbing Repair', 'Against which continue buy decision song view age.', 'RepairingService'),
('4e2dd14f-b56a-4bc0-b413-e75aadeae09a', 'Electrical Repair', 'Big employee determine positive go Congress mean always.', 'RepairingService'),
('32ae862c-1ee8-46f4-ac98-05a5ae569003', 'Small Appliance Repair', 'Current grow rule stuff truth college.', 'RepairingService'),
('a7b77d9f-d6c4-4222-89fe-891329e94257', 'Garbage Disposal Repair', 'Small citizen class morning.', 'RepairingService'),
('a6ddeef8-43bc-45a9-b15f-13710d344f7b', 'Personal Shopping', 'Tv program actually race tonight themselves true power.', 'ShoppingService'),
('ab81739b-8018-47be-931f-8bd93781da81', 'Grocery Shopping', 'Check real leader bad school.', 'ShoppingService'),
('f02b8a5d-b098-471d-b9b4-7afb14b94561', 'Errand Service', 'Care several loss particular pull.', 'ShoppingService'),
('7c2b1222-96b2-49cd-9402-d7d01014cb46', 'Shopping Assistance', 'Car financial security stock ball organization recognize civil.', 'ShoppingService'),
('ff290a0a-bebe-4f29-81ec-3b19eb5ac124', 'Gift Shopping', 'Her then nothing increase I reduce industry.', 'ShoppingService'),
('4012a20e-8f33-413e-8d70-d15c92b896c9', 'Online Shopping', 'Knowledge else citizen month.', 'ShoppingService'),
('7480bfb3-f8dc-4c85-bb6d-0e1eafedbb1e', 'Bulk Shopping', 'Page a although for study anyone state.', 'ShoppingService'),
('b31a96f2-d2b7-4e46-834a-d19d6af91f15', 'Specialty Store Shopping', 'Nature white without study candidate.', 'ShoppingService'),
('3f8553ed-9d61-4eac-ad44-7a05ff8e6396', 'Holiday Shopping', 'Wear individual about add senior woman.', 'ShoppingService'),
('beb33e66-66f4-4585-8886-6fe32a6c60a4', 'Fashion Styling', 'Best budget power them evidence without beyond take.', 'ShoppingService'); 

INSERT INTO [FreelanceSkills] ([FreelancerId], [SkillId]) VALUES
('1d17bed6-48f2-415a-89b0-aeccba84b47c', '0f3612c9-4a45-44a7-b607-4d4bd2651d68'),
('1d17bed6-48f2-415a-89b0-aeccba84b47c', 'f837657b-6ffe-423d-b364-f7c6c229065d'),
('1d17bed6-48f2-415a-89b0-aeccba84b47c', '9900f73c-3824-4ac5-9f7a-8ef1c9744fe2'),
('1d17bed6-48f2-415a-89b0-aeccba84b47c', '7c2b1222-96b2-49cd-9402-d7d01014cb46'),
('1d17bed6-48f2-415a-89b0-aeccba84b47c', 'ab81739b-8018-47be-931f-8bd93781da81'),
('1d17bed6-48f2-415a-89b0-aeccba84b47c', '6eafb11e-3438-43a4-a7ea-9d143fcfc238'),
('8d79590d-947b-4128-b230-89b3ea35ee9f', '4e2dd14f-b56a-4bc0-b413-e75aadeae09a'),
('8d79590d-947b-4128-b230-89b3ea35ee9f', 'a7b77d9f-d6c4-4222-89fe-891329e94257'),
('8d79590d-947b-4128-b230-89b3ea35ee9f', 'beb33e66-66f4-4585-8886-6fe32a6c60a4'),
('8d79590d-947b-4128-b230-89b3ea35ee9f', 'fa81fdf9-c86f-494e-9a8c-3e5b62a453c4'),
('dce30e6d-c38b-443e-bb08-d337a30a443d', 'e34bd8fa-5d5e-4b21-a080-41b6b67358a6'),
('dce30e6d-c38b-443e-bb08-d337a30a443d', '32ae862c-1ee8-46f4-ac98-05a5ae569003'),
('dce30e6d-c38b-443e-bb08-d337a30a443d', 'd4752407-355d-4db7-ac98-de0bf6bb6ccd'),
('dce30e6d-c38b-443e-bb08-d337a30a443d', '9900f73c-3824-4ac5-9f7a-8ef1c9744fe2'),
('dce30e6d-c38b-443e-bb08-d337a30a443d', 'ff3ec259-2acd-4676-9ea9-063c0f2999ac'); 

INSERT INTO [Orders] ([Id], [AddressId], [EstimatedPrice], [StartTime], [FinishTime], [CreatedTime], [FreelancerId], [CustomerId], [Rating], [Comment], [ServiceStatusId]) VALUES
('bbe5ec4a-de88-4ee5-8a37-98f1fad49cd6', '423a9fd3-ec2f-414e-9a44-18833f7e212b', 0, '2024-03-08T00:00:00.000000', null, '2024-03-07T00:00:00.000000', null, '1cc25961-55e8-4a94-8284-a75871e1a1c1', 0, null, '8a9f22f1-3c67-49f7-bd84-ec290e4a37fd'),
('e1f848c6-61ba-4c49-a651-52127ea8b641', '423a9fd3-ec2f-414e-9a44-18833f7e212b', 0, '2024-01-04T00:00:00.000000', null, '2024-01-01T00:00:00.000000', null, '1cc25961-55e8-4a94-8284-a75871e1a1c1', 0, null, '8a9f22f1-3c67-49f7-bd84-ec290e4a37fd'),
('a421f40f-fc4a-4489-8eaa-12c6cb44ba99', 'f5f58eda-2cd9-4408-ae97-a63e1d7adac9', 0, '2024-03-17T00:00:00.000000', null, '2024-03-16T00:00:00.000000', null, 'aebbfb3e-e5d0-494a-84d3-2bf57885d9e8', 0, null, '8a9f22f1-3c67-49f7-bd84-ec290e4a37fd'),
('02f30f5f-ed40-4e84-8884-160ca78b63db', 'f5f58eda-2cd9-4408-ae97-a63e1d7adac9', 0, '2024-02-13T00:00:00.000000', null, '2024-02-11T00:00:00.000000', null, 'aebbfb3e-e5d0-494a-84d3-2bf57885d9e8', 0, null, '8a9f22f1-3c67-49f7-bd84-ec290e4a37fd'),
('53e14619-23e6-4440-8749-f1463fc4e298', 'f5f58eda-2cd9-4408-ae97-a63e1d7adac9', 0, '2024-02-04T00:00:00.000000', null, '2024-02-01T00:00:00.000000', null, 'aebbfb3e-e5d0-494a-84d3-2bf57885d9e8', 0, null, '8a9f22f1-3c67-49f7-bd84-ec290e4a37fd'),
('8af02a9e-c3ca-4dec-966f-dd318444eef3', 'd06cb386-db7b-4284-bb4a-1c8f624876e9', 100000, '2024-02-27T00:00:00.000000', '2024-02-27T00:00:00.000000', '2024-02-26T00:00:00.000000', '8d79590d-947b-4128-b230-89b3ea35ee9f', 'c3ba57a9-619a-4175-aa90-7d3fea0661b0', 3.5, N'Ngô Kiều Anh cần cải thiện khả năng giao tiếp. Freelancer thiếu giao tiếp với khách hàng.', 'a7d1f0e8-2a6f-4b9d-aa1c-10f58a1d5d32'),
('681c046c-1cc1-4d32-92eb-1408eba03b52', '482361d1-03e5-4a1f-9995-2f074fae8245', 800000, '2024-01-21T00:00:00.000000', '2024-01-21T00:00:00.000000', '2024-01-19T00:00:00.000000', '1d17bed6-48f2-415a-89b0-aeccba84b47c', 'de95ed4b-0451-4361-ab88-c93465202c84', 4.5, N'Tôi không thể hài lòng hơn với dịch vụ của Trần Thanh Nhã. Đó là một trải nghiệm suôn sẻ.', 'a7d1f0e8-2a6f-4b9d-aa1c-10f58a1d5d32'),
('411f089c-8f7e-4233-9269-7c6d9508e570', '482361d1-03e5-4a1f-9995-2f074fae8245', 900000, '2024-02-27T00:00:00.000000', '2024-02-27T00:00:00.000000', '2024-02-26T00:00:00.000000', '8d79590d-947b-4128-b230-89b3ea35ee9f', 'de95ed4b-0451-4361-ab88-c93465202c84', 3.0, N'Thật không may, trải nghiệm của tôi với Ngô Kiều Anh không được tốt. Chất lượng dịch vụ kém.', 'a7d1f0e8-2a6f-4b9d-aa1c-10f58a1d5d32'),
('f4979d8d-3dca-42a6-bfd4-0e3765d85e69', 'e06f2f1e-ace9-4284-b396-98793aea3934', 0, '2024-03-11T00:00:00.000000', null, '2024-03-09T00:00:00.000000', null, '594b5af5-5775-4c7c-8b90-f32721c0b291', 0, null, '8a9f22f1-3c67-49f7-bd84-ec290e4a37fd'),
('8ee0ea62-a3c0-49ec-843a-42bebef58386', 'e06f2f1e-ace9-4284-b396-98793aea3934', 200000, '2024-02-06T00:00:00.000000', '2024-02-06T00:00:00.000000', '2024-02-04T00:00:00.000000', 'dce30e6d-c38b-443e-bb08-d337a30a443d', '594b5af5-5775-4c7c-8b90-f32721c0b291', 4.5, N'Hoàng Trọng Tấn thật tuyệt vời! Tôi nhận được giá trị tuyệt vời với số tiền bỏ ra.', 'a7d1f0e8-2a6f-4b9d-aa1c-10f58a1d5d32'),
('56c7e14b-5140-43e9-8edc-6ba1e826f056', '8ed35f94-50f1-4025-b44c-00696ebc9f56', 0, '2024-03-09T00:00:00.000000', null, '2024-03-07T00:00:00.000000', null, '6348bb16-cfd6-4cbd-825c-926c63c36222', 0, null, '8a9f22f1-3c67-49f7-bd84-ec290e4a37fd'),
('15583d1d-b704-44a0-ba5e-e6b2a3ca5743', '8ed35f94-50f1-4025-b44c-00696ebc9f56', 0, '2024-02-18T00:00:00.000000', null, '2024-02-17T00:00:00.000000', null, '6348bb16-cfd6-4cbd-825c-926c63c36222', 0, null, '8a9f22f1-3c67-49f7-bd84-ec290e4a37fd'),
('9aae4a42-2c22-4d2b-bdb3-85afcf1ee500', '8ed35f94-50f1-4025-b44c-00696ebc9f56', 500000, '2024-03-02T00:00:00.000000', '2024-03-02T00:00:00.000000', '2024-03-01T00:00:00.000000', 'dce30e6d-c38b-443e-bb08-d337a30a443d', '6348bb16-cfd6-4cbd-825c-926c63c36222', 3.0, N'Hoàng Trọng Tấn thiếu chuyên nghiệp. Chậm và kém hiệu quả.', 'a7d1f0e8-2a6f-4b9d-aa1c-10f58a1d5d32'),
('4e1b3761-858c-4eec-b7f8-7076dce0dd34', 'd06cb386-db7b-4284-bb4a-1c8f624876e9', 1000000, '2024-03-13T00:00:00.000000', '2024-03-13T00:00:00.000000', '2024-03-11T00:00:00.000000', '8d79590d-947b-4128-b230-89b3ea35ee9f', 'c3ba57a9-619a-4175-aa90-7d3fea0661b0', 3.5, N'Ngô Kiều Anh thiếu chuyên nghiệp. Tôi cảm thấy mình không nhận được giá trị tương xứng với số tiền bỏ ra.', 'a7d1f0e8-2a6f-4b9d-aa1c-10f58a1d5d32'),
('0984e1a2-5e10-4e0d-a056-823e376aa3a7', 'd06cb386-db7b-4284-bb4a-1c8f624876e9', 0, '2024-01-01T00:00:00.000000', null, '2023-12-29T00:00:00.000000', null, 'c3ba57a9-619a-4175-aa90-7d3fea0661b0', 0, null, '8a9f22f1-3c67-49f7-bd84-ec290e4a37fd'),
('6921bf63-7b64-4511-b585-999a00f61149', '482361d1-03e5-4a1f-9995-2f074fae8245', 0, '2024-03-09T00:00:00.000000', null, '2024-03-08T00:00:00.000000', null, 'de95ed4b-0451-4361-ab88-c93465202c84', 0, null, '8a9f22f1-3c67-49f7-bd84-ec290e4a37fd'),
('abe4f1dc-8166-4801-9b43-152aecef21c9', '482361d1-03e5-4a1f-9995-2f074fae8245', 600000, '2024-01-21T00:00:00.000000', '2024-01-21T00:00:00.000000', '2024-01-20T00:00:00.000000', '8d79590d-947b-4128-b230-89b3ea35ee9f', 'de95ed4b-0451-4361-ab88-c93465202c84', 4.5, N'Ngô Kiều Anh thật xuất sắc! Freelancer thật thân thiện và lịch sự.', 'a7d1f0e8-2a6f-4b9d-aa1c-10f58a1d5d32'),
('08805ca6-40c5-4b9b-b683-bf6281774ad3', '482361d1-03e5-4a1f-9995-2f074fae8245', 0, '2024-02-14T00:00:00.000000', null, '2024-02-12T00:00:00.000000', null, 'de95ed4b-0451-4361-ab88-c93465202c84', 0, null, '8a9f22f1-3c67-49f7-bd84-ec290e4a37fd'),
('f1eac49b-fdfa-4bdf-91cb-70c87275790a', '482361d1-03e5-4a1f-9995-2f074fae8245', 0, '2024-02-16T00:00:00.000000', null, '2024-02-15T00:00:00.000000', null, 'de95ed4b-0451-4361-ab88-c93465202c84', 0, null, '8a9f22f1-3c67-49f7-bd84-ec290e4a37fd'),
('cbb8fe9b-e9ac-4185-8ca9-ac30d03802cb', '482361d1-03e5-4a1f-9995-2f074fae8245', 300000, '2024-01-05T00:00:00.000000', '2024-01-05T00:00:00.000000', '2024-01-04T00:00:00.000000', '8d79590d-947b-4128-b230-89b3ea35ee9f', 'de95ed4b-0451-4361-ab88-c93465202c84', 3.5, N'Ngô Kiều Anh thiếu chuyên nghiệp. Tôi cảm thấy mình không nhận được giá trị tương xứng với số tiền bỏ ra.', 'a7d1f0e8-2a6f-4b9d-aa1c-10f58a1d5d32'),
('eb0f5b87-c57c-4dae-8ac3-775892c3d444', 'd06cb386-db7b-4284-bb4a-1c8f624876e9', 0, '2024-02-12T00:00:00.000000', null, '2024-02-11T00:00:00.000000', null, 'c3ba57a9-619a-4175-aa90-7d3fea0661b0', 0, null, '8a9f22f1-3c67-49f7-bd84-ec290e4a37fd'),
('7284625c-7291-42fd-8417-4d9bb3a52725', 'd06cb386-db7b-4284-bb4a-1c8f624876e9', 0, '2024-02-14T00:00:00.000000', null, '2024-02-12T00:00:00.000000', null, 'c3ba57a9-619a-4175-aa90-7d3fea0661b0', 0, null, '8a9f22f1-3c67-49f7-bd84-ec290e4a37fd'),
('779fafcf-3201-4fef-b290-063c845e65e7', '482361d1-03e5-4a1f-9995-2f074fae8245', 100000, '2024-01-28T00:00:00.000000', '2024-01-28T00:00:00.000000', '2024-01-25T00:00:00.000000', '1d17bed6-48f2-415a-89b0-aeccba84b47c', 'de95ed4b-0451-4361-ab88-c93465202c84', 5.0, N'Trần Thanh Nhã đã làm một công việc rất ấn tượng. Đó là một trải nghiệm suôn sẻ.', 'a7d1f0e8-2a6f-4b9d-aa1c-10f58a1d5d32'),
('6eed29d5-bbbe-44fa-93c3-43003bc390ca', '482361d1-03e5-4a1f-9995-2f074fae8245', 500000, '2024-01-12T00:00:00.000000', '2024-01-12T00:00:00.000000', '2024-01-10T00:00:00.000000', 'dce30e6d-c38b-443e-bb08-d337a30a443d', 'de95ed4b-0451-4361-ab88-c93465202c84', 5.0, N'Làm việc với Hoàng Trọng Tấn thật thú vị. Tôi nhận được giá trị tuyệt vời với số tiền bỏ ra.', 'a7d1f0e8-2a6f-4b9d-aa1c-10f58a1d5d32'),
('f4e7d7d6-288d-4510-bb8d-dbf84ebcccab', 'd78c0153-92a4-4ee5-a78c-06edd0481b70', 1000000, '2024-02-29T00:00:00.000000', '2024-02-29T00:00:00.000000', '2024-02-28T00:00:00.000000', 'dce30e6d-c38b-443e-bb08-d337a30a443d', 'e86d66bb-6e2f-4443-9d2a-82fa6c691ed8', 5.0, N'Tôi thực sự ấn tượng với Hoàng Trọng Tấn. Dịch vụ vượt quá mong đợi của tôi.', 'a7d1f0e8-2a6f-4b9d-aa1c-10f58a1d5d32'),
('563186e0-2bfa-4313-8a96-7834a14f8e60', '8ed35f94-50f1-4025-b44c-00696ebc9f56', 400000, '2024-01-04T00:00:00.000000', '2024-01-04T00:00:00.000000', '2024-01-02T00:00:00.000000', 'fa0553fa-f9c8-44fd-ae9f-5dfbd1632d3f', '6348bb16-cfd6-4cbd-825c-926c63c36222', 5.0, N'Tôi thực sự ấn tượng với Nguyễn Hải Nhi. Sự chuyên nghiệp của Freelancer này thật tuyệt đỉnh.', 'a7d1f0e8-2a6f-4b9d-aa1c-10f58a1d5d32'),
('854f43b2-22dc-4904-94f3-634fe129f1a5', '8ed35f94-50f1-4025-b44c-00696ebc9f56', 500000, '2024-02-03T00:00:00.000000', '2024-02-03T00:00:00.000000', '2024-01-31T00:00:00.000000', '1d17bed6-48f2-415a-89b0-aeccba84b47c', '6348bb16-cfd6-4cbd-825c-926c63c36222', 3.5, N'Thật không may, trải nghiệm của tôi với Trần Thanh Nhã không được tốt. Đó là một trải nghiệm khá khó chịu.', 'a7d1f0e8-2a6f-4b9d-aa1c-10f58a1d5d32'),
('7705b71d-b98a-4351-923c-414091b3425d', 'e06f2f1e-ace9-4284-b396-98793aea3934', 0, '2024-01-05T00:00:00.000000', null, '2024-01-02T00:00:00.000000', null, '594b5af5-5775-4c7c-8b90-f32721c0b291', 0, null, '8a9f22f1-3c67-49f7-bd84-ec290e4a37fd'),
('b8a8c9c1-e985-4b2c-b32a-5ff29f00581c', 'e06f2f1e-ace9-4284-b396-98793aea3934', 0, '2024-02-07T00:00:00.000000', null, '2024-02-06T00:00:00.000000', null, '594b5af5-5775-4c7c-8b90-f32721c0b291', 0, null, '8a9f22f1-3c67-49f7-bd84-ec290e4a37fd'),
('a99685e2-d3fa-4f64-94fa-91ef5c7b39e8', '482361d1-03e5-4a1f-9995-2f074fae8245', 700000, '2024-02-03T00:00:00.000000', '2024-02-03T00:00:00.000000', '2024-01-31T00:00:00.000000', 'fa0553fa-f9c8-44fd-ae9f-5dfbd1632d3f', 'de95ed4b-0451-4361-ab88-c93465202c84', 5.0, N'Tôi đã có một trải nghiệm tuyệt vời với Nguyễn Hải Nhi. Dịch vụ vượt quá mong đợi của tôi.', 'a7d1f0e8-2a6f-4b9d-aa1c-10f58a1d5d32'),
('767dd14e-ae2c-4b02-a2c6-3e9d52f1ca59', 'd06cb386-db7b-4284-bb4a-1c8f624876e9', 0, '2024-01-04T00:00:00.000000', null, '2024-01-02T00:00:00.000000', null, 'c3ba57a9-619a-4175-aa90-7d3fea0661b0', 0, null, '8a9f22f1-3c67-49f7-bd84-ec290e4a37fd'),
('cf94b546-578f-4666-8c63-0275e31ee27c', 'd06cb386-db7b-4284-bb4a-1c8f624876e9', 0, '2024-01-12T00:00:00.000000', null, '2024-01-10T00:00:00.000000', null, 'c3ba57a9-619a-4175-aa90-7d3fea0661b0', 0, null, '8a9f22f1-3c67-49f7-bd84-ec290e4a37fd'),
('0b7e0786-601f-4e6f-85eb-f2d36d718b7d', 'd06cb386-db7b-4284-bb4a-1c8f624876e9', 0, '2024-01-05T00:00:00.000000', null, '2024-01-04T00:00:00.000000', null, 'c3ba57a9-619a-4175-aa90-7d3fea0661b0', 0, null, '8a9f22f1-3c67-49f7-bd84-ec290e4a37fd'),
('7146e5e1-5a2d-4d75-9c64-1b0d2578a23f', '482361d1-03e5-4a1f-9995-2f074fae8245', 300000, '2024-02-23T00:00:00.000000', '2024-02-23T00:00:00.000000', '2024-02-21T00:00:00.000000', '1d17bed6-48f2-415a-89b0-aeccba84b47c', 'de95ed4b-0451-4361-ab88-c93465202c84', 4.0, N'Trần Thanh Nhã vượt xa mong đợi. Nhanh chóng và hiệu quả.', 'a7d1f0e8-2a6f-4b9d-aa1c-10f58a1d5d32'),
('af593148-d907-4d2c-9eb6-f4ebf18130b8', '482361d1-03e5-4a1f-9995-2f074fae8245', 0, '2024-01-11T00:00:00.000000', null, '2024-01-08T00:00:00.000000', null, 'de95ed4b-0451-4361-ab88-c93465202c84', 0, null, '8a9f22f1-3c67-49f7-bd84-ec290e4a37fd'),
('118445ac-1354-44f0-8d18-2fc4ff63a3ae', '482361d1-03e5-4a1f-9995-2f074fae8245', 0, '2024-02-12T00:00:00.000000', null, '2024-02-10T00:00:00.000000', null, 'de95ed4b-0451-4361-ab88-c93465202c84', 0, null, '8a9f22f1-3c67-49f7-bd84-ec290e4a37fd'),
('135d270f-7cfd-454c-afb3-7c40da8f2b32', '8ed35f94-50f1-4025-b44c-00696ebc9f56', 0, '2024-02-01T00:00:00.000000', null, '2024-01-31T00:00:00.000000', null, '6348bb16-cfd6-4cbd-825c-926c63c36222', 0, null, '8a9f22f1-3c67-49f7-bd84-ec290e4a37fd'),
('4f57e09d-801b-48f0-96ca-d53a6d21d503', '8ed35f94-50f1-4025-b44c-00696ebc9f56', 400000, '2024-02-17T00:00:00.000000', '2024-02-17T00:00:00.000000', '2024-02-16T00:00:00.000000', '8d79590d-947b-4128-b230-89b3ea35ee9f', '6348bb16-cfd6-4cbd-825c-926c63c36222', 4.0, N'Ngô Kiều Anh thật xuất sắc! Dịch vụ vượt quá mong đợi của tôi.', 'a7d1f0e8-2a6f-4b9d-aa1c-10f58a1d5d32'),
('a011c0fe-8399-470a-aef3-570eccb83b89', 'e06f2f1e-ace9-4284-b396-98793aea3934', 500000, '2024-01-31T00:00:00.000000', '2024-01-31T00:00:00.000000', '2024-01-29T00:00:00.000000', '8d79590d-947b-4128-b230-89b3ea35ee9f', '594b5af5-5775-4c7c-8b90-f32721c0b291', 3.0, N'Ngô Kiều Anh cần cải thiện khả năng giao tiếp. Chất lượng dịch vụ kém.', 'a7d1f0e8-2a6f-4b9d-aa1c-10f58a1d5d32'),
('03c03751-9af4-49e3-8b8e-7710850ff3b7', '482361d1-03e5-4a1f-9995-2f074fae8245', 200000, '2024-02-03T00:00:00.000000', '2024-02-03T00:00:00.000000', '2024-01-31T00:00:00.000000', 'dce30e6d-c38b-443e-bb08-d337a30a443d', 'de95ed4b-0451-4361-ab88-c93465202c84', 3.0, N'Tôi không thích dịch vụ từ Hoàng Trọng Tấn lắm. Freelancer không thân thiện và không nhiệt tình.', 'a7d1f0e8-2a6f-4b9d-aa1c-10f58a1d5d32'),
('12f016cb-2872-4ab0-a844-680238293173', '482361d1-03e5-4a1f-9995-2f074fae8245', 500000, '2024-03-18T00:00:00.000000', '2024-03-18T00:00:00.000000', '2024-03-16T00:00:00.000000', '8d79590d-947b-4128-b230-89b3ea35ee9f', 'de95ed4b-0451-4361-ab88-c93465202c84', 4.5, N'Ngô Kiều Anh đã làm một công việc rất ấn tượng. Dịch vụ vượt quá mong đợi của tôi.', 'a7d1f0e8-2a6f-4b9d-aa1c-10f58a1d5d32'),
('060885bc-24bc-4702-b0a4-9cc1e3eeba48', '482361d1-03e5-4a1f-9995-2f074fae8245', 0, '2024-02-13T00:00:00.000000', null, '2024-02-10T00:00:00.000000', null, 'de95ed4b-0451-4361-ab88-c93465202c84', 0, null, '8a9f22f1-3c67-49f7-bd84-ec290e4a37fd'),
('c1469659-fe85-4e4b-a86b-d640dee26355', 'd06cb386-db7b-4284-bb4a-1c8f624876e9', 300000, '2024-01-06T00:00:00.000000', '2024-01-06T00:00:00.000000', '2024-01-03T00:00:00.000000', '8d79590d-947b-4128-b230-89b3ea35ee9f', 'c3ba57a9-619a-4175-aa90-7d3fea0661b0', 5.0, N'Ngô Kiều Anh thật tuyệt vời! Dịch vụ vượt quá mong đợi của tôi.', 'a7d1f0e8-2a6f-4b9d-aa1c-10f58a1d5d32'),
('4fc20512-969e-42c2-b3bf-4fefa16fbf15', 'd06cb386-db7b-4284-bb4a-1c8f624876e9', 0, '2024-02-04T00:00:00.000000', null, '2024-02-01T00:00:00.000000', null, 'c3ba57a9-619a-4175-aa90-7d3fea0661b0', 0, null, '8a9f22f1-3c67-49f7-bd84-ec290e4a37fd'),
('aa0458a4-c44b-48c6-9729-87338ee94b46', 'd06cb386-db7b-4284-bb4a-1c8f624876e9', 0, '2024-01-31T00:00:00.000000', null, '2024-01-28T00:00:00.000000', null, 'c3ba57a9-619a-4175-aa90-7d3fea0661b0', 0, null, '8a9f22f1-3c67-49f7-bd84-ec290e4a37fd'),
('a3ead71f-5179-49ea-84f0-e94775870db2', '423a9fd3-ec2f-414e-9a44-18833f7e212b', 0, '2024-02-01T00:00:00.000000', null, '2024-01-31T00:00:00.000000', null, '1cc25961-55e8-4a94-8284-a75871e1a1c1', 0, null, '8a9f22f1-3c67-49f7-bd84-ec290e4a37fd'),
('791f068a-65e1-4b79-821d-d345077e0868', '423a9fd3-ec2f-414e-9a44-18833f7e212b', 0, '2024-03-06T00:00:00.000000', null, '2024-03-04T00:00:00.000000', null, '1cc25961-55e8-4a94-8284-a75871e1a1c1', 0, null, '8a9f22f1-3c67-49f7-bd84-ec290e4a37fd'),
('b30b3903-e35e-429f-a38d-69f75219095d', '423a9fd3-ec2f-414e-9a44-18833f7e212b', 600000, '2024-01-24T00:00:00.000000', '2024-01-24T00:00:00.000000', '2024-01-21T00:00:00.000000', 'fa0553fa-f9c8-44fd-ae9f-5dfbd1632d3f', '1cc25961-55e8-4a94-8284-a75871e1a1c1', 4.5, N'Nguyễn Hải Nhi vượt quá mong đợi của tôi. Tôi nhận được giá trị tuyệt vời với số tiền bỏ ra.', 'a7d1f0e8-2a6f-4b9d-aa1c-10f58a1d5d32'),
('6af659f7-b370-432f-89e3-d58662e81944', 'd78c0153-92a4-4ee5-a78c-06edd0481b70', 800000, '2024-02-11T00:00:00.000000', '2024-02-11T00:00:00.000000', '2024-02-09T00:00:00.000000', '8d79590d-947b-4128-b230-89b3ea35ee9f', 'e86d66bb-6e2f-4443-9d2a-82fa6c691ed8', 3.5, N'Tôi không thích dịch vụ từ Ngô Kiều Anh lắm. Dịch vụ không đạt được mong đợi của tôi.', 'a7d1f0e8-2a6f-4b9d-aa1c-10f58a1d5d32'),
('1587b292-2e9f-45e4-8a5a-d5935ae5bb0f', 'd78c0153-92a4-4ee5-a78c-06edd0481b70', 0, '2024-02-16T00:00:00.000000', null, '2024-02-14T00:00:00.000000', null, 'e86d66bb-6e2f-4443-9d2a-82fa6c691ed8', 0, null, '8a9f22f1-3c67-49f7-bd84-ec290e4a37fd'),
('02ed6775-d8ae-4fc9-bf1d-e1b0e621b44c', 'd78c0153-92a4-4ee5-a78c-06edd0481b70', 900000, '2024-01-27T00:00:00.000000', '2024-01-27T00:00:00.000000', '2024-01-24T00:00:00.000000', 'fa0553fa-f9c8-44fd-ae9f-5dfbd1632d3f', 'e86d66bb-6e2f-4443-9d2a-82fa6c691ed8', 4.5, N'Làm việc với Nguyễn Hải Nhi thật thú vị. Đó là một trải nghiệm suôn sẻ.', 'a7d1f0e8-2a6f-4b9d-aa1c-10f58a1d5d32'),
('e64ab596-c344-45f5-8f74-1157ba689113', 'e06f2f1e-ace9-4284-b396-98793aea3934', 0, '2024-01-08T00:00:00.000000', null, '2024-01-05T00:00:00.000000', null, '594b5af5-5775-4c7c-8b90-f32721c0b291', 0, null, '8a9f22f1-3c67-49f7-bd84-ec290e4a37fd'),
('242b0def-8b8a-43e2-951c-381c5504850f', 'e06f2f1e-ace9-4284-b396-98793aea3934', 0, '2024-02-11T00:00:00.000000', null, '2024-02-08T00:00:00.000000', null, '594b5af5-5775-4c7c-8b90-f32721c0b291', 0, null, '8a9f22f1-3c67-49f7-bd84-ec290e4a37fd'),
('c51e6ac9-7f15-4b2d-b70a-1e1a5a081546', 'e06f2f1e-ace9-4284-b396-98793aea3934', 400000, '2024-01-15T00:00:00.000000', '2024-01-15T00:00:00.000000', '2024-01-14T00:00:00.000000', '1d17bed6-48f2-415a-89b0-aeccba84b47c', '594b5af5-5775-4c7c-8b90-f32721c0b291', 3.5, N'Trần Thanh Nhã thân thiện và nhiệt tình. Chất lượng dịch vụ kém.', 'a7d1f0e8-2a6f-4b9d-aa1c-10f58a1d5d32'),
('acdc6b51-46d1-4cf9-aabf-bdde8d45ec93', 'd78c0153-92a4-4ee5-a78c-06edd0481b70', 0, '2024-03-12T00:00:00.000000', null, '2024-03-09T00:00:00.000000', null, 'e86d66bb-6e2f-4443-9d2a-82fa6c691ed8', 0, null, '8a9f22f1-3c67-49f7-bd84-ec290e4a37fd'),
('414c1624-a93e-430c-a269-7768d4c8425a', 'e06f2f1e-ace9-4284-b396-98793aea3934', 0, '2024-02-17T00:00:00.000000', null, '2024-02-16T00:00:00.000000', null, '594b5af5-5775-4c7c-8b90-f32721c0b291', 0, null, '8a9f22f1-3c67-49f7-bd84-ec290e4a37fd'),
('934d059e-93ba-4d6a-b1f7-626cc03741e7', 'e06f2f1e-ace9-4284-b396-98793aea3934', 0, '2024-02-23T00:00:00.000000', null, '2024-02-22T00:00:00.000000', null, '594b5af5-5775-4c7c-8b90-f32721c0b291', 0, null, '8a9f22f1-3c67-49f7-bd84-ec290e4a37fd'),
('8c65a168-3104-4fc3-88f3-24631ee56031', 'e06f2f1e-ace9-4284-b396-98793aea3934', 0, '2024-01-26T00:00:00.000000', null, '2024-01-25T00:00:00.000000', null, '594b5af5-5775-4c7c-8b90-f32721c0b291', 0, null, '8a9f22f1-3c67-49f7-bd84-ec290e4a37fd'),
('4cc0b200-3ce2-4acf-85db-d82d039adca3', 'e06f2f1e-ace9-4284-b396-98793aea3934', 0, '2024-02-05T00:00:00.000000', null, '2024-02-04T00:00:00.000000', null, '594b5af5-5775-4c7c-8b90-f32721c0b291', 0, null, '8a9f22f1-3c67-49f7-bd84-ec290e4a37fd'),
('c7c871d5-f710-4515-84d6-c407ce21ec21', 'e06f2f1e-ace9-4284-b396-98793aea3934', 0, '2024-03-21T00:00:00.000000', null, '2024-03-20T00:00:00.000000', null, '594b5af5-5775-4c7c-8b90-f32721c0b291', 0, null, '8a9f22f1-3c67-49f7-bd84-ec290e4a37fd'),
('2b5112d0-4bf1-49f7-8070-601b5dc3e7d3', '8ed35f94-50f1-4025-b44c-00696ebc9f56', 0, '2024-02-04T00:00:00.000000', null, '2024-02-01T00:00:00.000000', null, '6348bb16-cfd6-4cbd-825c-926c63c36222', 0, null, '8a9f22f1-3c67-49f7-bd84-ec290e4a37fd'),
('25b1b31f-2b95-4bb0-ab97-00ddf52b6648', 'f5f58eda-2cd9-4408-ae97-a63e1d7adac9', 700000, '2024-02-29T00:00:00.000000', '2024-02-29T00:00:00.000000', '2024-02-28T00:00:00.000000', '8d79590d-947b-4128-b230-89b3ea35ee9f', 'aebbfb3e-e5d0-494a-84d3-2bf57885d9e8', 3.5, N'Ngô Kiều Anh thân thiện và nhiệt tình. Freelancer không thân thiện và không nhiệt tình.', 'a7d1f0e8-2a6f-4b9d-aa1c-10f58a1d5d32'),
('d7f483ab-0b99-4807-98d1-e0a415ab4dd5', 'f5f58eda-2cd9-4408-ae97-a63e1d7adac9', 600000, '2024-03-04T00:00:00.000000', '2024-03-04T00:00:00.000000', '2024-03-01T00:00:00.000000', 'dce30e6d-c38b-443e-bb08-d337a30a443d', 'aebbfb3e-e5d0-494a-84d3-2bf57885d9e8', 4.0, N'Tôi không thể hài lòng hơn với dịch vụ của Hoàng Trọng Tấn. Tôi nhận được giá trị tuyệt vời với số tiền bỏ ra.', 'a7d1f0e8-2a6f-4b9d-aa1c-10f58a1d5d32'),
('5ac2a7f2-ba05-45ff-ad04-9c5fb6f5c4a9', '423a9fd3-ec2f-414e-9a44-18833f7e212b', 0, '2024-03-15T00:00:00.000000', null, '2024-03-14T00:00:00.000000', null, '1cc25961-55e8-4a94-8284-a75871e1a1c1', 0, null, '8a9f22f1-3c67-49f7-bd84-ec290e4a37fd'),
('741e246c-ca4c-42a5-97d2-070e01e261e5', '423a9fd3-ec2f-414e-9a44-18833f7e212b', 600000, '2024-01-26T00:00:00.000000', '2024-01-26T00:00:00.000000', '2024-01-25T00:00:00.000000', 'dce30e6d-c38b-443e-bb08-d337a30a443d', '1cc25961-55e8-4a94-8284-a75871e1a1c1', 5.0, N'Hoàng Trọng Tấn thật tuyệt vời! Chất lượng dịch vụ xuất sắc.', 'a7d1f0e8-2a6f-4b9d-aa1c-10f58a1d5d32'),
('7ef4dbd1-273e-4c4e-84bc-123dc2c23a0a', '482361d1-03e5-4a1f-9995-2f074fae8245', 0, '2024-02-14T00:00:00.000000', null, '2024-02-11T00:00:00.000000', null, 'de95ed4b-0451-4361-ab88-c93465202c84', 0, null, '8a9f22f1-3c67-49f7-bd84-ec290e4a37fd'),
('dee02395-843d-4d2d-97ee-c7c5500f06e2', '482361d1-03e5-4a1f-9995-2f074fae8245', 0, '2024-02-20T00:00:00.000000', null, '2024-02-19T00:00:00.000000', null, 'de95ed4b-0451-4361-ab88-c93465202c84', 0, null, '8a9f22f1-3c67-49f7-bd84-ec290e4a37fd'),
('c696ef9e-4cfd-455b-995f-d8ae20a1c8a1', 'f5f58eda-2cd9-4408-ae97-a63e1d7adac9', 100000, '2024-02-04T00:00:00.000000', '2024-02-04T00:00:00.000000', '2024-02-02T00:00:00.000000', 'dce30e6d-c38b-443e-bb08-d337a30a443d', 'aebbfb3e-e5d0-494a-84d3-2bf57885d9e8', 4.0, N'Tôi đã có một trải nghiệm tuyệt vời với Hoàng Trọng Tấn. Đó là một trải nghiệm suôn sẻ.', 'a7d1f0e8-2a6f-4b9d-aa1c-10f58a1d5d32'),
('0acb0571-8484-4454-85fd-6ad471e5ee37', 'd78c0153-92a4-4ee5-a78c-06edd0481b70', 200000, '2024-01-30T00:00:00.000000', '2024-01-30T00:00:00.000000', '2024-01-27T00:00:00.000000', 'fa0553fa-f9c8-44fd-ae9f-5dfbd1632d3f', 'e86d66bb-6e2f-4443-9d2a-82fa6c691ed8', 5.0, N'Nguyễn Hải Nhi vượt xa mong đợi. Tôi nhận được giá trị tuyệt vời với số tiền bỏ ra.', 'a7d1f0e8-2a6f-4b9d-aa1c-10f58a1d5d32'),
('7640c27e-339e-49eb-8b49-acbe7929b1d8', '8ed35f94-50f1-4025-b44c-00696ebc9f56', 0, '2024-02-01T00:00:00.000000', null, '2024-01-31T00:00:00.000000', null, '6348bb16-cfd6-4cbd-825c-926c63c36222', 0, null, '8a9f22f1-3c67-49f7-bd84-ec290e4a37fd'),
('187e5c31-5b63-4fe7-bd03-e0e5f3f9c75a', '8ed35f94-50f1-4025-b44c-00696ebc9f56', 800000, '2024-03-02T00:00:00.000000', '2024-03-02T00:00:00.000000', '2024-02-28T00:00:00.000000', 'dce30e6d-c38b-443e-bb08-d337a30a443d', '6348bb16-cfd6-4cbd-825c-926c63c36222', 5.0, N'Làm việc với Hoàng Trọng Tấn thật thú vị. Chất lượng dịch vụ xuất sắc.', 'a7d1f0e8-2a6f-4b9d-aa1c-10f58a1d5d32'),
('8d65b041-2431-4707-a5c2-3d7c3a94e749', '8ed35f94-50f1-4025-b44c-00696ebc9f56', 600000, '2024-01-24T00:00:00.000000', '2024-01-24T00:00:00.000000', '2024-01-22T00:00:00.000000', 'dce30e6d-c38b-443e-bb08-d337a30a443d', '6348bb16-cfd6-4cbd-825c-926c63c36222', 5.0, N'Hoàng Trọng Tấn vượt quá mong đợi của tôi. Nhanh chóng và hiệu quả.', 'a7d1f0e8-2a6f-4b9d-aa1c-10f58a1d5d32'),
('1198591f-8c7c-4c36-aac4-275c5bd493a6', 'e06f2f1e-ace9-4284-b396-98793aea3934', 0, '2024-02-22T00:00:00.000000', null, '2024-02-21T00:00:00.000000', null, '594b5af5-5775-4c7c-8b90-f32721c0b291', 0, null, '8a9f22f1-3c67-49f7-bd84-ec290e4a37fd'),
('0ec284a0-533f-4160-b89f-3a1ddb409192', 'e06f2f1e-ace9-4284-b396-98793aea3934', 0, '2024-03-11T00:00:00.000000', null, '2024-03-09T00:00:00.000000', null, '594b5af5-5775-4c7c-8b90-f32721c0b291', 0, null, '8a9f22f1-3c67-49f7-bd84-ec290e4a37fd'),
('357fb62d-535f-45b0-92d3-d7eeb71ea10e', '8ed35f94-50f1-4025-b44c-00696ebc9f56', 1000000, '2024-01-05T00:00:00.000000', '2024-01-05T00:00:00.000000', '2024-01-04T00:00:00.000000', '8d79590d-947b-4128-b230-89b3ea35ee9f', '6348bb16-cfd6-4cbd-825c-926c63c36222', 4.0, N'Tôi thực sự ấn tượng với Ngô Kiều Anh. Nhanh chóng và hiệu quả.', 'a7d1f0e8-2a6f-4b9d-aa1c-10f58a1d5d32'),
('bb221511-68fe-4c55-bdc2-1f62b7f7d3c6', '8ed35f94-50f1-4025-b44c-00696ebc9f56', 0, '2024-03-21T00:00:00.000000', null, '2024-03-18T00:00:00.000000', null, '6348bb16-cfd6-4cbd-825c-926c63c36222', 0, null, '8a9f22f1-3c67-49f7-bd84-ec290e4a37fd'),
('a82566f1-03a8-4836-a240-78298f1e46e9', '8ed35f94-50f1-4025-b44c-00696ebc9f56', 300000, '2024-02-20T00:00:00.000000', '2024-02-20T00:00:00.000000', '2024-02-17T00:00:00.000000', 'fa0553fa-f9c8-44fd-ae9f-5dfbd1632d3f', '6348bb16-cfd6-4cbd-825c-926c63c36222', 3.0, N'Nguyễn Hải Nhi thiếu chuyên nghiệp. Freelancer thiếu giao tiếp với khách hàng.', 'a7d1f0e8-2a6f-4b9d-aa1c-10f58a1d5d32'),
('e98fd57f-fd1b-4b91-83d6-b900be165cd6', '423a9fd3-ec2f-414e-9a44-18833f7e212b', 0, '2024-03-08T00:00:00.000000', null, '2024-03-05T00:00:00.000000', null, '1cc25961-55e8-4a94-8284-a75871e1a1c1', 0, null, '8a9f22f1-3c67-49f7-bd84-ec290e4a37fd'),
('d3691ba5-3504-4886-bab6-2063be3cfa4c', '423a9fd3-ec2f-414e-9a44-18833f7e212b', 600000, '2024-01-16T00:00:00.000000', '2024-01-16T00:00:00.000000', '2024-01-14T00:00:00.000000', 'dce30e6d-c38b-443e-bb08-d337a30a443d', '1cc25961-55e8-4a94-8284-a75871e1a1c1', 5.0, N'Hoàng Trọng Tấn vượt quá mong đợi của tôi. Chất lượng dịch vụ xuất sắc.', 'a7d1f0e8-2a6f-4b9d-aa1c-10f58a1d5d32'),
('b4a4aecf-e796-41e3-8743-dfe48bf49733', 'd78c0153-92a4-4ee5-a78c-06edd0481b70', 600000, '2024-01-08T00:00:00.000000', '2024-01-08T00:00:00.000000', '2024-01-05T00:00:00.000000', 'dce30e6d-c38b-443e-bb08-d337a30a443d', 'e86d66bb-6e2f-4443-9d2a-82fa6c691ed8', 4.5, N'Tôi không thể hài lòng hơn với dịch vụ của Hoàng Trọng Tấn. Chất lượng dịch vụ xuất sắc.', 'a7d1f0e8-2a6f-4b9d-aa1c-10f58a1d5d32'),
('89316191-a063-4f67-8b8e-3ec86a41eaff', 'd78c0153-92a4-4ee5-a78c-06edd0481b70', 0, '2024-03-08T00:00:00.000000', null, '2024-03-06T00:00:00.000000', null, 'e86d66bb-6e2f-4443-9d2a-82fa6c691ed8', 0, null, '8a9f22f1-3c67-49f7-bd84-ec290e4a37fd'),
('acc3044a-5c1d-499e-8e4a-1fa61988d20f', 'd78c0153-92a4-4ee5-a78c-06edd0481b70', 500000, '2024-03-22T00:00:00.000000', '2024-03-22T00:00:00.000000', '2024-03-21T00:00:00.000000', 'fa0553fa-f9c8-44fd-ae9f-5dfbd1632d3f', 'e86d66bb-6e2f-4443-9d2a-82fa6c691ed8', 5.0, N'Nguyễn Hải Nhi cung cấp dịch vụ thật hoàn hảo. Tôi nhận được giá trị tuyệt vời với số tiền bỏ ra.', 'a7d1f0e8-2a6f-4b9d-aa1c-10f58a1d5d32'),
('439a3164-cd69-4aa6-9c63-933e9600d726', 'd06cb386-db7b-4284-bb4a-1c8f624876e9', 500000, '2024-01-25T00:00:00.000000', '2024-01-25T00:00:00.000000', '2024-01-24T00:00:00.000000', '8d79590d-947b-4128-b230-89b3ea35ee9f', 'c3ba57a9-619a-4175-aa90-7d3fea0661b0', 3.5, N'Tôi không thích dịch vụ từ Ngô Kiều Anh lắm. Đó là một trải nghiệm khá khó chịu.', 'a7d1f0e8-2a6f-4b9d-aa1c-10f58a1d5d32'),
('445f9b78-9307-4d8b-946c-c5d8363d493c', 'd78c0153-92a4-4ee5-a78c-06edd0481b70', 0, '2024-02-14T00:00:00.000000', null, '2024-02-13T00:00:00.000000', null, 'e86d66bb-6e2f-4443-9d2a-82fa6c691ed8', 0, null, '8a9f22f1-3c67-49f7-bd84-ec290e4a37fd'),
('26284543-a0c8-49a2-85ae-c1551529be29', 'd78c0153-92a4-4ee5-a78c-06edd0481b70', 0, '2024-01-17T00:00:00.000000', null, '2024-01-15T00:00:00.000000', null, 'e86d66bb-6e2f-4443-9d2a-82fa6c691ed8', 0, null, '8a9f22f1-3c67-49f7-bd84-ec290e4a37fd'),
('4c5cc842-57b1-49d5-8c1d-bcef62ef36f2', 'd78c0153-92a4-4ee5-a78c-06edd0481b70', 0, '2024-02-04T00:00:00.000000', null, '2024-02-02T00:00:00.000000', null, 'e86d66bb-6e2f-4443-9d2a-82fa6c691ed8', 0, null, '8a9f22f1-3c67-49f7-bd84-ec290e4a37fd'),
('28ccc0f0-8a1e-4015-bd9b-ad1a9bd534bc', '423a9fd3-ec2f-414e-9a44-18833f7e212b', 300000, '2024-02-15T00:00:00.000000', '2024-02-15T00:00:00.000000', '2024-02-13T00:00:00.000000', 'dce30e6d-c38b-443e-bb08-d337a30a443d', '1cc25961-55e8-4a94-8284-a75871e1a1c1', 4.0, N'Tôi không thể hài lòng hơn với dịch vụ của Hoàng Trọng Tấn. Freelancer thật thân thiện và lịch sự.', 'a7d1f0e8-2a6f-4b9d-aa1c-10f58a1d5d32'),
('30fc703b-b1fd-4df5-806e-0cf14cad167c', '423a9fd3-ec2f-414e-9a44-18833f7e212b', 700000, '2024-03-23T00:00:00.000000', '2024-03-23T00:00:00.000000', '2024-03-20T00:00:00.000000', '8d79590d-947b-4128-b230-89b3ea35ee9f', '1cc25961-55e8-4a94-8284-a75871e1a1c1', 5.0, N'Làm việc với Ngô Kiều Anh thật thú vị. Dịch vụ vượt quá mong đợi của tôi.', 'a7d1f0e8-2a6f-4b9d-aa1c-10f58a1d5d32'),
('7408a031-8d0d-4730-b09e-887d8e4d09fc', '423a9fd3-ec2f-414e-9a44-18833f7e212b', 0, '2024-03-20T00:00:00.000000', null, '2024-03-17T00:00:00.000000', null, '1cc25961-55e8-4a94-8284-a75871e1a1c1', 0, null, '8a9f22f1-3c67-49f7-bd84-ec290e4a37fd'),
('94af395b-e60f-4245-aa0d-23185de2226e', '8ed35f94-50f1-4025-b44c-00696ebc9f56', 0, '2024-03-12T00:00:00.000000', null, '2024-03-10T00:00:00.000000', null, '6348bb16-cfd6-4cbd-825c-926c63c36222', 0, null, '8a9f22f1-3c67-49f7-bd84-ec290e4a37fd'),
('409c60d8-4528-45e9-9b7b-f70c8c8c6348', '8ed35f94-50f1-4025-b44c-00696ebc9f56', 300000, '2024-01-20T00:00:00.000000', '2024-01-20T00:00:00.000000', '2024-01-18T00:00:00.000000', '1d17bed6-48f2-415a-89b0-aeccba84b47c', '6348bb16-cfd6-4cbd-825c-926c63c36222', 3.0, N'Trần Thanh Nhã cần cải thiện khả năng giao tiếp. Chất lượng dịch vụ kém.', 'a7d1f0e8-2a6f-4b9d-aa1c-10f58a1d5d32'),
('273c4c87-acee-4a1b-a4ca-c936fbf16e3e', '8ed35f94-50f1-4025-b44c-00696ebc9f56', 0, '2024-03-01T00:00:00.000000', null, '2024-02-29T00:00:00.000000', null, '6348bb16-cfd6-4cbd-825c-926c63c36222', 0, null, '8a9f22f1-3c67-49f7-bd84-ec290e4a37fd'),
('aeb6c224-2175-4d43-903b-d31cfe49a539', '8ed35f94-50f1-4025-b44c-00696ebc9f56', 300000, '2024-02-12T00:00:00.000000', '2024-02-12T00:00:00.000000', '2024-02-09T00:00:00.000000', 'fa0553fa-f9c8-44fd-ae9f-5dfbd1632d3f', '6348bb16-cfd6-4cbd-825c-926c63c36222', 3.0, N'Nguyễn Hải Nhi thiếu chuyên nghiệp. Dịch vụ không đạt được mong đợi của tôi.', 'a7d1f0e8-2a6f-4b9d-aa1c-10f58a1d5d32'),
('9642f8dc-d6e5-4d11-bf64-bc2b68efa606', 'f5f58eda-2cd9-4408-ae97-a63e1d7adac9', 0, '2024-02-08T00:00:00.000000', null, '2024-02-05T00:00:00.000000', null, 'aebbfb3e-e5d0-494a-84d3-2bf57885d9e8', 0, null, '8a9f22f1-3c67-49f7-bd84-ec290e4a37fd'),
('04d8e065-231a-4abe-bb7c-705ef3b42472', 'f5f58eda-2cd9-4408-ae97-a63e1d7adac9', 0, '2024-01-13T00:00:00.000000', null, '2024-01-10T00:00:00.000000', null, 'aebbfb3e-e5d0-494a-84d3-2bf57885d9e8', 0, null, '8a9f22f1-3c67-49f7-bd84-ec290e4a37fd'),
('6d1021e3-d6c7-4662-a0ff-8adae04611b5', 'f5f58eda-2cd9-4408-ae97-a63e1d7adac9', 0, '2024-01-17T00:00:00.000000', null, '2024-01-16T00:00:00.000000', null, 'aebbfb3e-e5d0-494a-84d3-2bf57885d9e8', 0, null, '8a9f22f1-3c67-49f7-bd84-ec290e4a37fd'),
('6ad49486-23a6-433c-8a38-a8853a1d43eb', '423a9fd3-ec2f-414e-9a44-18833f7e212b', 0, '2024-01-31T00:00:00.000000', null, '2024-01-30T00:00:00.000000', null, '1cc25961-55e8-4a94-8284-a75871e1a1c1', 0, null, '8a9f22f1-3c67-49f7-bd84-ec290e4a37fd'),
('6d81d5c1-561a-462f-a180-bdee1abd2b45', '482361d1-03e5-4a1f-9995-2f074fae8245', 0, '2024-02-03T00:00:00.000000', null, '2024-02-02T00:00:00.000000', null, 'de95ed4b-0451-4361-ab88-c93465202c84', 0, null, '8a9f22f1-3c67-49f7-bd84-ec290e4a37fd'),
('7de50441-c07e-4f8f-bcf5-8c7b7acf7a75', '482361d1-03e5-4a1f-9995-2f074fae8245', 0, '2024-02-07T00:00:00.000000', null, '2024-02-05T00:00:00.000000', null, 'de95ed4b-0451-4361-ab88-c93465202c84', 0, null, '8a9f22f1-3c67-49f7-bd84-ec290e4a37fd'),
('c5d5e0fe-06a1-4f31-ac97-24b4844125ea', '482361d1-03e5-4a1f-9995-2f074fae8245', 0, '2024-01-01T00:00:00.000000', null, '2023-12-31T00:00:00.000000', null, 'de95ed4b-0451-4361-ab88-c93465202c84', 0, null, '8a9f22f1-3c67-49f7-bd84-ec290e4a37fd'),
('5bf4120c-ce89-4168-bfed-b66e1e06dc68', '8ed35f94-50f1-4025-b44c-00696ebc9f56', 0, '2024-02-25T00:00:00.000000', null, '2024-02-22T00:00:00.000000', null, '6348bb16-cfd6-4cbd-825c-926c63c36222', 0, null, '8a9f22f1-3c67-49f7-bd84-ec290e4a37fd'),
('23b228f3-3ee9-48e0-bd2d-88ace6701e0a', '8ed35f94-50f1-4025-b44c-00696ebc9f56', 0, '2024-02-11T00:00:00.000000', null, '2024-02-09T00:00:00.000000', null, '6348bb16-cfd6-4cbd-825c-926c63c36222', 0, null, '8a9f22f1-3c67-49f7-bd84-ec290e4a37fd'),
('d28aa129-0581-460e-baee-b32406ce1e2a', '8ed35f94-50f1-4025-b44c-00696ebc9f56', 400000, '2024-02-06T00:00:00.000000', '2024-02-06T00:00:00.000000', '2024-02-04T00:00:00.000000', '1d17bed6-48f2-415a-89b0-aeccba84b47c', '6348bb16-cfd6-4cbd-825c-926c63c36222', 3.5, N'Tôi không thích dịch vụ từ Trần Thanh Nhã lắm. Đó là một trải nghiệm khá khó chịu.', 'a7d1f0e8-2a6f-4b9d-aa1c-10f58a1d5d32'),
('017700a0-71a3-403c-961a-a4ed687534d0', 'd06cb386-db7b-4284-bb4a-1c8f624876e9', 900000, '2024-01-16T00:00:00.000000', '2024-01-16T00:00:00.000000', '2024-01-14T00:00:00.000000', 'fa0553fa-f9c8-44fd-ae9f-5dfbd1632d3f', 'c3ba57a9-619a-4175-aa90-7d3fea0661b0', 5.0, N'Tôi không thể hài lòng hơn với dịch vụ của Nguyễn Hải Nhi. Đó là một trải nghiệm suôn sẻ.', 'a7d1f0e8-2a6f-4b9d-aa1c-10f58a1d5d32'),
('c96ce8c6-aa1b-4664-a072-c73937f1b611', 'f5f58eda-2cd9-4408-ae97-a63e1d7adac9', 0, '2024-03-20T00:00:00.000000', null, '2024-03-17T00:00:00.000000', null, 'aebbfb3e-e5d0-494a-84d3-2bf57885d9e8', 0, null, '8a9f22f1-3c67-49f7-bd84-ec290e4a37fd'),
('7565e740-896f-4dd2-996f-ce41c8752892', 'f5f58eda-2cd9-4408-ae97-a63e1d7adac9', 0, '2024-01-23T00:00:00.000000', null, '2024-01-22T00:00:00.000000', null, 'aebbfb3e-e5d0-494a-84d3-2bf57885d9e8', 0, null, '8a9f22f1-3c67-49f7-bd84-ec290e4a37fd'),
('cfe9fbfd-8442-419d-b97e-34c3f202cec2', 'f5f58eda-2cd9-4408-ae97-a63e1d7adac9', 200000, '2024-03-20T00:00:00.000000', '2024-03-20T00:00:00.000000', '2024-03-17T00:00:00.000000', 'fa0553fa-f9c8-44fd-ae9f-5dfbd1632d3f', 'aebbfb3e-e5d0-494a-84d3-2bf57885d9e8', 4.0, N'Nguyễn Hải Nhi thật xuất sắc! Sự chuyên nghiệp của Freelancer này thật tuyệt đỉnh.', 'a7d1f0e8-2a6f-4b9d-aa1c-10f58a1d5d32'),
('172fc04b-faae-423a-91c7-a3fe35ff6fc4', 'd78c0153-92a4-4ee5-a78c-06edd0481b70', 0, '2024-01-13T00:00:00.000000', null, '2024-01-12T00:00:00.000000', null, 'e86d66bb-6e2f-4443-9d2a-82fa6c691ed8', 0, null, '8a9f22f1-3c67-49f7-bd84-ec290e4a37fd'),
('f409aedd-cfa7-4fa1-91f4-fd855e3bb1c6', 'd78c0153-92a4-4ee5-a78c-06edd0481b70', 0, '2024-01-04T00:00:00.000000', null, '2024-01-01T00:00:00.000000', null, 'e86d66bb-6e2f-4443-9d2a-82fa6c691ed8', 0, null, '8a9f22f1-3c67-49f7-bd84-ec290e4a37fd'),
('14d50dc4-eb95-4987-a36d-8ccadd97aa7f', 'd78c0153-92a4-4ee5-a78c-06edd0481b70', 600000, '2024-03-06T00:00:00.000000', '2024-03-06T00:00:00.000000', '2024-03-05T00:00:00.000000', '8d79590d-947b-4128-b230-89b3ea35ee9f', 'e86d66bb-6e2f-4443-9d2a-82fa6c691ed8', 4.0, N'Tôi thực sự ấn tượng với Ngô Kiều Anh. Chất lượng dịch vụ xuất sắc.', 'a7d1f0e8-2a6f-4b9d-aa1c-10f58a1d5d32'),
('1ac0ed6c-1190-417e-998a-ca3f65d386b6', 'f5f58eda-2cd9-4408-ae97-a63e1d7adac9', 0, '2024-01-04T00:00:00.000000', null, '2024-01-02T00:00:00.000000', null, 'aebbfb3e-e5d0-494a-84d3-2bf57885d9e8', 0, null, '8a9f22f1-3c67-49f7-bd84-ec290e4a37fd'),
('bef93763-b672-4fe0-ae13-800d2d3bd23e', 'f5f58eda-2cd9-4408-ae97-a63e1d7adac9', 0, '2024-03-14T00:00:00.000000', null, '2024-03-11T00:00:00.000000', null, 'aebbfb3e-e5d0-494a-84d3-2bf57885d9e8', 0, null, '8a9f22f1-3c67-49f7-bd84-ec290e4a37fd'),
('235c4107-8c92-4d88-8ef3-a5531910d021', 'f5f58eda-2cd9-4408-ae97-a63e1d7adac9', 200000, '2024-02-15T00:00:00.000000', '2024-02-15T00:00:00.000000', '2024-02-14T00:00:00.000000', 'dce30e6d-c38b-443e-bb08-d337a30a443d', 'aebbfb3e-e5d0-494a-84d3-2bf57885d9e8', 4.5, N'Hoàng Trọng Tấn đã làm một công việc rất ấn tượng. Dịch vụ vượt quá mong đợi của tôi.', 'a7d1f0e8-2a6f-4b9d-aa1c-10f58a1d5d32'),
('38cffdd7-fe9b-44ea-8a32-7880e4517e05', '482361d1-03e5-4a1f-9995-2f074fae8245', 0, '2024-01-09T00:00:00.000000', null, '2024-01-06T00:00:00.000000', null, 'de95ed4b-0451-4361-ab88-c93465202c84', 0, null, '8a9f22f1-3c67-49f7-bd84-ec290e4a37fd'),
('f226618a-4d71-4fe3-a900-0cbd2f69e1ee', '482361d1-03e5-4a1f-9995-2f074fae8245', 0, '2024-02-05T00:00:00.000000', null, '2024-02-02T00:00:00.000000', null, 'de95ed4b-0451-4361-ab88-c93465202c84', 0, null, '8a9f22f1-3c67-49f7-bd84-ec290e4a37fd'),
('792d2bbd-45f1-4d27-b9a7-c872c5e57cf8', '482361d1-03e5-4a1f-9995-2f074fae8245', 100000, '2024-01-14T00:00:00.000000', '2024-01-14T00:00:00.000000', '2024-01-12T00:00:00.000000', 'fa0553fa-f9c8-44fd-ae9f-5dfbd1632d3f', 'de95ed4b-0451-4361-ab88-c93465202c84', 3.0, N'Thật không may, trải nghiệm của tôi với Nguyễn Hải Nhi không được tốt. Chất lượng dịch vụ kém.', 'a7d1f0e8-2a6f-4b9d-aa1c-10f58a1d5d32'),
('e1c9a080-0de4-461f-a576-5412c2668690', '8ed35f94-50f1-4025-b44c-00696ebc9f56', 100000, '2024-02-17T00:00:00.000000', '2024-02-17T00:00:00.000000', '2024-02-16T00:00:00.000000', 'fa0553fa-f9c8-44fd-ae9f-5dfbd1632d3f', '6348bb16-cfd6-4cbd-825c-926c63c36222', 5.0, N'Làm việc với Nguyễn Hải Nhi thật thú vị. Nhanh chóng và hiệu quả.', 'a7d1f0e8-2a6f-4b9d-aa1c-10f58a1d5d32'),
('5cb1d33b-75c4-4081-9a8d-1912e8e4883a', '8ed35f94-50f1-4025-b44c-00696ebc9f56', 900000, '2024-03-12T00:00:00.000000', '2024-03-12T00:00:00.000000', '2024-03-09T00:00:00.000000', 'dce30e6d-c38b-443e-bb08-d337a30a443d', '6348bb16-cfd6-4cbd-825c-926c63c36222', 4.5, N'Hoàng Trọng Tấn vượt xa mong đợi. Chất lượng dịch vụ xuất sắc.', 'a7d1f0e8-2a6f-4b9d-aa1c-10f58a1d5d32'),
('f083ea22-749b-4b71-93cc-aaaea93d8b6b', '8ed35f94-50f1-4025-b44c-00696ebc9f56', 0, '2024-03-20T00:00:00.000000', null, '2024-03-17T00:00:00.000000', null, '6348bb16-cfd6-4cbd-825c-926c63c36222', 0, null, '8a9f22f1-3c67-49f7-bd84-ec290e4a37fd'),
('b399807a-a4f6-4bb6-a4a9-4c3dd945319e', 'e06f2f1e-ace9-4284-b396-98793aea3934', 0, '2024-01-25T00:00:00.000000', null, '2024-01-23T00:00:00.000000', null, '594b5af5-5775-4c7c-8b90-f32721c0b291', 0, null, '8a9f22f1-3c67-49f7-bd84-ec290e4a37fd'),
('47c4b9ce-657e-46e6-97b3-b43c11261982', 'e06f2f1e-ace9-4284-b396-98793aea3934', 0, '2024-02-02T00:00:00.000000', null, '2024-01-30T00:00:00.000000', null, '594b5af5-5775-4c7c-8b90-f32721c0b291', 0, null, '8a9f22f1-3c67-49f7-bd84-ec290e4a37fd'),
('c242de86-4bfb-4d53-9c5e-588c8d894cd3', '8ed35f94-50f1-4025-b44c-00696ebc9f56', 300000, '2024-02-29T00:00:00.000000', '2024-02-29T00:00:00.000000', '2024-02-27T00:00:00.000000', 'dce30e6d-c38b-443e-bb08-d337a30a443d', '6348bb16-cfd6-4cbd-825c-926c63c36222', 4.0, N'Tôi đã có một trải nghiệm tuyệt vời với Hoàng Trọng Tấn. Chất lượng dịch vụ xuất sắc.', 'a7d1f0e8-2a6f-4b9d-aa1c-10f58a1d5d32'),
('21cc93e7-0ea8-4349-826a-6e0fbb7a7dbc', '8ed35f94-50f1-4025-b44c-00696ebc9f56', 100000, '2024-03-09T00:00:00.000000', '2024-03-09T00:00:00.000000', '2024-03-06T00:00:00.000000', '8d79590d-947b-4128-b230-89b3ea35ee9f', '6348bb16-cfd6-4cbd-825c-926c63c36222', 3.0, N'Thật không may, trải nghiệm của tôi với Ngô Kiều Anh không được tốt. Tôi cảm thấy mình không nhận được giá trị tương xứng với số tiền bỏ ra.', 'a7d1f0e8-2a6f-4b9d-aa1c-10f58a1d5d32'),
('09969b05-b01f-4aa2-a799-30a253b4303f', '8ed35f94-50f1-4025-b44c-00696ebc9f56', 200000, '2024-02-09T00:00:00.000000', '2024-02-09T00:00:00.000000', '2024-02-08T00:00:00.000000', '1d17bed6-48f2-415a-89b0-aeccba84b47c', '6348bb16-cfd6-4cbd-825c-926c63c36222', 5.0, N'Trần Thanh Nhã cung cấp dịch vụ thật hoàn hảo. Freelancer thật thân thiện và lịch sự.', 'a7d1f0e8-2a6f-4b9d-aa1c-10f58a1d5d32'),
('299b42bd-19f2-4900-8037-195a0cee9154', '423a9fd3-ec2f-414e-9a44-18833f7e212b', 700000, '2024-02-22T00:00:00.000000', '2024-02-22T00:00:00.000000', '2024-02-21T00:00:00.000000', 'dce30e6d-c38b-443e-bb08-d337a30a443d', '1cc25961-55e8-4a94-8284-a75871e1a1c1', 4.5, N'Hoàng Trọng Tấn thật tuyệt vời! Nhanh chóng và hiệu quả.', 'a7d1f0e8-2a6f-4b9d-aa1c-10f58a1d5d32'),
('2fe8dae8-144e-480b-9096-7d6b09fab45a', '423a9fd3-ec2f-414e-9a44-18833f7e212b', 900000, '2024-03-11T00:00:00.000000', '2024-03-11T00:00:00.000000', '2024-03-10T00:00:00.000000', 'fa0553fa-f9c8-44fd-ae9f-5dfbd1632d3f', '1cc25961-55e8-4a94-8284-a75871e1a1c1', 4.5, N'Nguyễn Hải Nhi đã làm một công việc rất ấn tượng. Freelancer thật thân thiện và lịch sự.', 'a7d1f0e8-2a6f-4b9d-aa1c-10f58a1d5d32'),
('468ecfcc-0535-4e52-8800-6a90b9f80f5f', '423a9fd3-ec2f-414e-9a44-18833f7e212b', 1000000, '2024-02-11T00:00:00.000000', '2024-02-11T00:00:00.000000', '2024-02-08T00:00:00.000000', '8d79590d-947b-4128-b230-89b3ea35ee9f', '1cc25961-55e8-4a94-8284-a75871e1a1c1', 3.0, N'Ngô Kiều Anh thân thiện và nhiệt tình. Chất lượng dịch vụ kém.', 'a7d1f0e8-2a6f-4b9d-aa1c-10f58a1d5d32'),
('c0a7ed64-fd75-4a74-9f7d-4a5e69015314', '423a9fd3-ec2f-414e-9a44-18833f7e212b', 800000, '2024-02-19T00:00:00.000000', '2024-02-19T00:00:00.000000', '2024-02-17T00:00:00.000000', '8d79590d-947b-4128-b230-89b3ea35ee9f', '1cc25961-55e8-4a94-8284-a75871e1a1c1', 4.0, N'Tôi không thể hài lòng hơn với dịch vụ của Ngô Kiều Anh. Tôi nhận được giá trị tuyệt vời với số tiền bỏ ra.', 'a7d1f0e8-2a6f-4b9d-aa1c-10f58a1d5d32'); 

INSERT INTO [Services] ([Id], [Note], [AdditionalNote], [ServiceTypeId], [Requirement], [AdditionalRequirement]) VALUES
('83b4afbf-b279-4012-8e0e-aed8d0cbb59b', 'Sing after our car food record power.', 'none', '0CBF59EA-8DCB-4A62-BE82-617153952B1D', N'[{"Key": "Name", "Value": "Máy chiếu"}, {"Key": "Size", "Value": "Vừa"}, {"Key": "Quantity", "Value": "1"}, {"Key": "Price", "Value": "0"}]', '[]'),
('dc28f160-586e-4b1f-a72e-72b38de186d7', 'Small camera treatment son true.', 'none', 'E2E7B569-88B8-4BA6-8B60-3FAB42A6BCF5', N'[{"Key": "Name", "Value": "Mua"}, {"Key": "Image", "Value": "test.png"}, {"Key": "Price", "Value": "0"}, {"Key": "ShoppingItems", "Value": "[Rau cải ngọt, Rau cải bắp, Cua, Bắp cải, Muối, Dầu olive, Tôm bỏ vỏ, Khoai lang, Đường]"}]', '[]'),
('59407e44-be42-42fa-83cc-7300b739e1d4', 'Project occur democratic behavior standard thousand single.', 'none', 'A7E19817-AB88-43A8-B460-237735089C9F', N'[{"Key": "Name", "Value": "Mua"}, {"Key": "Image", "Value": "test.png"}, {"Key": "Price", "Value": "0"}, {"Key": "ShoppingItems", "Value": "[Thịt cừu, Bún, Cá chình]"}]', '[]'),
('3b90e666-3153-4173-831a-556d22a2cc43', 'Certainly through instead base.', 'none', '49993FA5-B4D5-4CBA-B448-7E2B70AFBDD4', N'[{"Key": "Name", "Value": "Sạc pin"}, {"Key": "Size", "Value": "Vừa"}, {"Key": "Quantity", "Value": "5"}, {"Key": "Price", "Value": "0"}]', '[]'),
('7c740ab5-6e66-4623-b2fa-6fd1982f1e3b', 'Bad audience grow ahead girl.', 'none', 'A7E19817-AB88-43A8-B460-237735089C9F', N'[{"Key": "Name", "Value": "Mua"}, {"Key": "Image", "Value": "test.png"}, {"Key": "Price", "Value": "0"}, {"Key": "ShoppingItems", "Value": "[Bắp ngô, Cá tầm, Cà rốt, Tôm càng vàng, Rau cần tây, Cải thảo, Cá tầm, Dưa cà, Rau ngò gai]"}]', '[]'),
('99ca1783-b28f-4c6e-9e77-e7452a32e6a8', 'Ready usually do center law live.', 'none', '49993FA5-B4D5-4CBA-B448-7E2B70AFBDD4', N'[{"Key": "Name", "Value": "Máy hút bụi"}, {"Key": "Size", "Value": "To"}, {"Key": "Quantity", "Value": "1"}, {"Key": "Price", "Value": "0"}]', '[]'),
('b34dcaa7-fb53-4a0c-be72-69d3620fa447', 'Drug senior fact information animal car after.', 'none', 'E0AE7D37-0CBB-4722-9700-4C13A0BA6D3D', N'[{"Key": "Name", "Value": "Máy sấy tóc"}, {"Key": "Size", "Value": "Nhỏ"}, {"Key": "Quantity", "Value": "2"}, {"Key": "Price", "Value": "0"}]', '[]'),
('375f7e14-e104-4f67-adcb-a12dafde6721', 'Fear great easy plan PM more.', 'none', 'A7E19817-AB88-43A8-B460-237735089C9F', N'[{"Key": "Name", "Value": "Mua"}, {"Key": "Image", "Value": "test.png"}, {"Key": "Price", "Value": "0"}, {"Key": "ShoppingItems", "Value": "[Cà chua cà chua, Cá dứa, Cá tầm, Thịt vịt]"}]', '[]'),
('11635069-118b-41f8-a1b3-4cfa1b87c50e', 'Future model green place beat sense far.', 'none', 'A7E19817-AB88-43A8-B460-237735089C9F', N'[{"Key": "Name", "Value": "Mua"}, {"Key": "Image", "Value": "test.png"}, {"Key": "Price", "Value": "0"}, {"Key": "ShoppingItems", "Value": "[Rau diếp, Cần tây, Cá tra, Rau cải baby, Cải thảo]"}]', '[]'),
('9f18353e-595f-4762-afbb-5d80b7ad3324', 'Despite boy without.', 'none', '9A1EA6DE-0149-42C3-B2A8-E1BFE7C62DF3', N'[{"Key": "Name", "Value": "Quạt treo tường cắm điện"}, {"Key": "Size", "Value": "Vừa"}, {"Key": "Quantity", "Value": "5"}, {"Key": "Price", "Value": "0"}]', '[]'),
('9109b148-41f9-4e91-9c80-93a760505948', 'Society figure future morning.', 'none', '41586551-C098-4FF2-8DEB-45AE7EF64173', N'[{"Key": "Name", "Value": "Mua"}, {"Key": "Image", "Value": "test.png"}, {"Key": "Price", "Value": "0"}, {"Key": "ShoppingItems", "Value": "[Dưa hấu hạt, Dưa lưới, Cá tra, Bột ngô, Cá chép, Cá dìa, Rau bắp cải, Thịt dê, Dầu hướng dương]"}]', '[]'),
('08ba09c5-9b15-4243-82fe-bb8564c9f1af', 'Black western myself scientist tough everything kind.', 'none', 'E2E7B569-88B8-4BA6-8B60-3FAB42A6BCF5', N'[{"Key": "Name", "Value": "Mua"}, {"Key": "Image", "Value": "test.png"}, {"Key": "Price", "Value": "0"}, {"Key": "ShoppingItems", "Value": "[Bắp non, Rau ngò gai, Cá dìa, Cà chua dẻo, Dưa hấu hạt]"}]', '[]'),
('164238fb-6baa-4983-82c8-1dd33bef253c', 'Place score design major maybe manage.', 'none', '6A4615D1-0E58-4206-B15E-708E48C1501C', N'[{"Key": "Name", "Value": "Mua"}, {"Key": "Image", "Value": "test.png"}, {"Key": "Price", "Value": "0"}, {"Key": "ShoppingItems", "Value": "[Cà rốt, Muối, Cá sặc, Dầu hào, Cà chua hạt]"}]', '[]'),
('c9de1916-536e-44c5-916e-a10f52704ad9', 'Per yourself their record.', 'none', 'A7E19817-AB88-43A8-B460-237735089C9F', N'[{"Key": "Name", "Value": "Mua"}, {"Key": "Image", "Value": "test.png"}, {"Key": "Price", "Value": "0"}, {"Key": "ShoppingItems", "Value": "[Khoai tây nghiền, Ngao, Khoai tây, Bí đao]"}]', '[]'),
('17731e3c-7bde-428e-9a70-cee0f57a7060', 'Black leave form collection instead.', 'none', '49993FA5-B4D5-4CBA-B448-7E2B70AFBDD4', N'[{"Key": "Name", "Value": "Máy đánh trứng"}, {"Key": "Size", "Value": "Nhỏ"}, {"Key": "Quantity", "Value": "5"}, {"Key": "Price", "Value": "0"}]', '[]'),
('fdcd9aad-3f1b-41a3-977f-4a5048336ff6', 'Vote only anyone home doctor be.', 'none', '0CBF59EA-8DCB-4A62-BE82-617153952B1D', N'[{"Key": "Name", "Value": "Máy chiếu"}, {"Key": "Size", "Value": "To"}, {"Key": "Quantity", "Value": "2"}, {"Key": "Price", "Value": "0"}]', '[]'),
('228bded5-e904-4861-966c-a1e161089146', 'Father beautiful than seem sign third in approach.', 'none', '99C88F92-A587-4110-8CBB-299EB2968727', N'[{"Key": "Name", "Value": "Máy lọc không khí"}, {"Key": "Size", "Value": "Nhỏ"}, {"Key": "Quantity", "Value": "2"}, {"Key": "Price", "Value": "0"}]', '[]'),
('00992188-d34b-4e3c-bd2a-ec6e4b147ec9', 'Wife however TV law fund.', 'none', '8800EE29-7A1F-48AD-989C-7669FB278DEA', N'[{"Key": "Name", "Value": "Tivi"}, {"Key": "Size", "Value": "Nhỏ"}, {"Key": "Quantity", "Value": "1"}, {"Key": "Price", "Value": "0"}]', '[]'),
('49ff6960-6388-49ed-8a26-6985dea994bb', 'And hard decide modern could cut pull.', 'none', 'A7E19817-AB88-43A8-B460-237735089C9F', N'[{"Key": "Name", "Value": "Mua"}, {"Key": "Image", "Value": "test.png"}, {"Key": "Price", "Value": "0"}, {"Key": "ShoppingItems", "Value": "[Rau diếp, Cá lăng, Củ cải, Cá lăng]"}]', '[]'),
('6845c289-20d4-43ed-abaa-fd828e8379c8', 'Lot the drive figure necessary.', 'none', '49993FA5-B4D5-4CBA-B448-7E2B70AFBDD4', N'[{"Key": "Name", "Value": "Máy phát điện"}, {"Key": "Size", "Value": "Vừa"}, {"Key": "Quantity", "Value": "5"}, {"Key": "Price", "Value": "0"}]', '[]'),
('d9e6595c-9bed-4285-aebc-96ec74f114e3', 'Partner stand next though house where.', 'none', 'A7E19817-AB88-43A8-B460-237735089C9F', N'[{"Key": "Name", "Value": "Mua"}, {"Key": "Image", "Value": "test.png"}, {"Key": "Price", "Value": "0"}, {"Key": "ShoppingItems", "Value": "[Bột khoai mì, Bột ngô, Rau cải baby, Cá tầm]"}]', '[]'),
('9f0b4418-b623-4ccc-b1ca-68d7b2154b7b', 'Painting movie end discussion budget situation between.', 'none', 'E2E7B569-88B8-4BA6-8B60-3FAB42A6BCF5', N'[{"Key": "Name", "Value": "Mua"}, {"Key": "Image", "Value": "test.png"}, {"Key": "Price", "Value": "0"}, {"Key": "ShoppingItems", "Value": "[Cá bóc tôm, Rau muống xanh, Cá dìa, Cá mập, Ớt sừng, Bột năng, Thịt cừu, Dầu mỡ, Rau cần tây, Măng]"}]', '[]'),
('1a549449-ff98-4307-9408-b116e0f6873d', 'Commercial special network foreign one agent candidate how.', 'none', 'E2E7B569-88B8-4BA6-8B60-3FAB42A6BCF5', N'[{"Key": "Name", "Value": "Mua"}, {"Key": "Image", "Value": "test.png"}, {"Key": "Price", "Value": "0"}, {"Key": "ShoppingItems", "Value": "[Cá bóc tôm, Rau muống bạch, Cá bớp, Dưa hấu dừa, Khoai tây bi, Cá bạch tuộc, Dầu đậu nành]"}]', '[]'),
('7a0b9703-068f-47cd-8b74-661250334696', 'Notice receive degree run staff service government.', 'none', '99C88F92-A587-4110-8CBB-299EB2968727', N'[{"Key": "Name", "Value": "Sạc điện thoại"}, {"Key": "Size", "Value": "Nhỏ"}, {"Key": "Quantity", "Value": "2"}, {"Key": "Price", "Value": "0"}]', '[]'),
('ab7bcf10-4652-4e9c-a869-6a67ceeeb60d', 'National region bad case I course first.', 'none', '41586551-C098-4FF2-8DEB-45AE7EF64173', N'[{"Key": "Name", "Value": "Mua"}, {"Key": "Image", "Value": "test.png"}, {"Key": "Price", "Value": "0"}, {"Key": "ShoppingItems", "Value": "[Tôm càng xanh, Dưa hấu ruột vàng, Cà rốt baby]"}]', '[]'),
('2286d654-3202-4125-bbac-bd385d4746f0', 'Agency and difficult president.', 'none', 'C82954A1-39D4-4012-86B3-6CAD42C2B399', N'[{"Key": "Name", "Value": "Mua"}, {"Key": "Image", "Value": "test.png"}, {"Key": "Price", "Value": "0"}, {"Key": "ShoppingItems", "Value": "[Mướp đắng, Cà chua rời, Bí đỏ hột]"}]', '[]'),
('6bf75ea9-17d7-4926-8908-d97111ea8404', 'Itself group computer forget would section him.', 'none', 'A7E19817-AB88-43A8-B460-237735089C9F', N'[{"Key": "Name", "Value": "Mua"}, {"Key": "Image", "Value": "test.png"}, {"Key": "Price", "Value": "0"}, {"Key": "ShoppingItems", "Value": "[Cá mòi, Khoai lang tím, Cà chua dẻo]"}]', '[]'),
('7fe48da6-4fe8-4145-9b27-3d7cac9e6b99', 'Bag down stock computer.', 'none', 'FD902642-4378-4376-9A77-072644668D15', N'[{"Key": "Name", "Value": "Bình điện"}, {"Key": "Size", "Value": "Nhỏ"}, {"Key": "Quantity", "Value": "5"}, {"Key": "Price", "Value": "0"}]', '[]'),
('bf4240c5-b275-4c0b-b08c-6815a315d796', 'Interview ten billion pick.', 'none', 'FD902642-4378-4376-9A77-072644668D15', N'[{"Key": "Name", "Value": "Chảo"}, {"Key": "Size", "Value": "To"}, {"Key": "Quantity", "Value": "5"}, {"Key": "Price", "Value": "0"}]', '[]'),
('288fa217-5a72-4e31-ba87-660b7d7d6d32', 'Financial too nearly.', 'none', 'A7E19817-AB88-43A8-B460-237735089C9F', N'[{"Key": "Name", "Value": "Mua"}, {"Key": "Image", "Value": "test.png"}, {"Key": "Price", "Value": "0"}, {"Key": "ShoppingItems", "Value": "[Cá dằm, Cà chua rời, Cá bạch tuộc, Cá mập, Mực, Cá trê, Cá chẽo, Dưa cà]"}]', '[]'),
('63269b70-fcbe-4b05-a240-e1cc1a954d8a', 'Several might history strong economy.', 'none', '41586551-C098-4FF2-8DEB-45AE7EF64173', N'[{"Key": "Name", "Value": "Mua"}, {"Key": "Image", "Value": "test.png"}, {"Key": "Price", "Value": "0"}, {"Key": "ShoppingItems", "Value": "[Cá chép, Khoai tây lát, Muối]"}]', '[]'),
('5de58c4a-6ee7-4929-a39d-7c23480173fa', 'Suffer star once anything choose general.', 'none', 'A7E19817-AB88-43A8-B460-237735089C9F', N'[{"Key": "Name", "Value": "Mua"}, {"Key": "Image", "Value": "test.png"}, {"Key": "Price", "Value": "0"}, {"Key": "ShoppingItems", "Value": "[Rau dưa leo, Tôm càng nhỏ, Cá chim, Khoai tây bi, Dưa hấu không hạt, Rau răm, Cà rốt baby, Rau ngót]"}]', '[]'),
('fd99aba2-5808-4751-bb90-4ab23cf7ca7c', 'Upon we lose water stand single.', 'none', '41586551-C098-4FF2-8DEB-45AE7EF64173', N'[{"Key": "Name", "Value": "Mua"}, {"Key": "Image", "Value": "test.png"}, {"Key": "Price", "Value": "0"}, {"Key": "ShoppingItems", "Value": "[Cá lăng, Rau cải ngọt, Dầu mè, Ớt, Bí xanh, Cà chua hạt, Bạch tuộc]"}]', '[]'),
('0c604621-5e55-4b04-bf89-27c5997d97fa', 'Relationship it center accept memory.', 'none', '41586551-C098-4FF2-8DEB-45AE7EF64173', N'[{"Key": "Name", "Value": "Mua"}, {"Key": "Image", "Value": "test.png"}, {"Key": "Price", "Value": "0"}, {"Key": "ShoppingItems", "Value": "[Bí đỏ, Rau cải bắp, Rau húng, Cá dìa, Cá chình, Dưa hấu hạt, Cá lóc]"}]', '[]'),
('8c708273-042e-45c8-a404-f292c93fc06e', 'Piece physical market room eat.', 'none', '6F8F6E58-2A20-413C-90DF-8F665F9B1B8D', N'[{"Key": "Name", "Value": "Mua"}, {"Key": "Image", "Value": "test.png"}, {"Key": "Price", "Value": "0"}, {"Key": "ShoppingItems", "Value": "[Cá ngừ, Tôm càng to, Dưa hấu ruột đen, Cá trích, Dầu olive, Rau dưa leo, Cá bơn, Bí đỏ, Dưa hấu không hạt]"}]', '[]'),
('63b560c0-3928-4a0f-9ba4-20fec24cfee0', 'Clearly type up play wait.', 'none', 'E2E7B569-88B8-4BA6-8B60-3FAB42A6BCF5', N'[{"Key": "Name", "Value": "Mua"}, {"Key": "Image", "Value": "test.png"}, {"Key": "Price", "Value": "0"}, {"Key": "ShoppingItems", "Value": "[Cà tím, Rau cải, Cá đuối, Dưa leo, Cá bớp, Măng, Rau ngò gai]"}]', '[]'),
('0a7bbf22-2b0b-451c-8cd2-1a55fc1c5425', 'Let stop camera report foreign agency list miss.', 'none', 'E0AE7D37-0CBB-4722-9700-4C13A0BA6D3D', N'[{"Key": "Name", "Value": "Quạt thông gió cắm điện"}, {"Key": "Size", "Value": "To"}, {"Key": "Quantity", "Value": "4"}, {"Key": "Price", "Value": "0"}]', '[]'),
('e9101e9f-ef71-4034-ad2b-04adbda81616', 'Attorney response provide.', 'none', 'FD902642-4378-4376-9A77-072644668D15', N'[{"Key": "Name", "Value": "Bình nóng lạnh"}, {"Key": "Size", "Value": "To"}, {"Key": "Quantity", "Value": "3"}, {"Key": "Price", "Value": "0"}]', '[]'),
('af990ff5-d377-4488-8955-0086222a8905', 'Role mind statement.', 'none', '6A4615D1-0E58-4206-B15E-708E48C1501C', N'[{"Key": "Name", "Value": "Mua"}, {"Key": "Image", "Value": "test.png"}, {"Key": "Price", "Value": "0"}, {"Key": "ShoppingItems", "Value": "[Cá trê, Cá gai, Bắp cải, Cà chua bi, Cà chua dẻo]"}]', '[]'),
('966384e8-9f5b-4936-b947-903b5559ddd6', 'Almost serious stand author possible lead draw.', 'none', '99C88F92-A587-4110-8CBB-299EB2968727', N'[{"Key": "Name", "Value": "Điều hòa"}, {"Key": "Size", "Value": "To"}, {"Key": "Quantity", "Value": "5"}, {"Key": "Price", "Value": "0"}]', '[]'),
('fa440b6a-381f-4fa2-bf0a-737f87a978e7', 'Sign arm bar military able simple billion.', 'none', '0CBF59EA-8DCB-4A62-BE82-617153952B1D', N'[{"Key": "Name", "Value": "Sạc laptop"}, {"Key": "Size", "Value": "Nhỏ"}, {"Key": "Quantity", "Value": "3"}, {"Key": "Price", "Value": "0"}]', '[]'),
('ffb2bddb-3ef3-4ae3-b7ec-b59c35ac3cff', 'Affect though cover including.', 'none', '6A4615D1-0E58-4206-B15E-708E48C1501C', N'[{"Key": "Name", "Value": "Mua"}, {"Key": "Image", "Value": "test.png"}, {"Key": "Price", "Value": "0"}, {"Key": "ShoppingItems", "Value": "[Dưa leo, Cá mè, Cá sặc, Cá ngừ, Rau muống xanh, Gạo, Cà chua dẻo, Thịt vịt]"}]', '[]'),
('efcddc28-0523-413d-a9f8-476ff6617a35', 'Sort couple hold group but go computer.', 'none', '9A1EA6DE-0149-42C3-B2A8-E1BFE7C62DF3', N'[{"Key": "Name", "Value": "Máy in"}, {"Key": "Size", "Value": "Vừa"}, {"Key": "Quantity", "Value": "2"}, {"Key": "Price", "Value": "0"}]', '[]'),
('71697926-7226-4b7d-812f-244e8524aacb', 'Ball appear television so teach energy possible.', 'none', '6A4615D1-0E58-4206-B15E-708E48C1501C', N'[{"Key": "Name", "Value": "Mua"}, {"Key": "Image", "Value": "test.png"}, {"Key": "Price", "Value": "0"}, {"Key": "ShoppingItems", "Value": "[Cá lăng, Rau cần tây, Nấm]"}]', '[]'),
('f84f30a3-9809-49ee-b56a-0848e9c8fe41', 'Source where a front war receive civil single.', 'none', 'A7E19817-AB88-43A8-B460-237735089C9F', N'[{"Key": "Name", "Value": "Mua"}, {"Key": "Image", "Value": "test.png"}, {"Key": "Price", "Value": "0"}, {"Key": "ShoppingItems", "Value": "[Cá mè, Tôm càng vàng, Củ cải đỏ, Bí đỏ tươi]"}]', '[]'),
('9bd55aba-afd5-4b93-8a93-e98255036540', 'Us accept hope soon.', 'none', 'E2E7B569-88B8-4BA6-8B60-3FAB42A6BCF5', N'[{"Key": "Name", "Value": "Mua"}, {"Key": "Image", "Value": "test.png"}, {"Key": "Price", "Value": "0"}, {"Key": "ShoppingItems", "Value": "[Rau răm, Củ cải trắng, Rau răm, Cà chua dẻo, Dưa hấu ruột đỏ]"}]', '[]'),
('67d993d1-01cd-4dcc-b7d0-ac8ed8257b64', 'Although since born.', 'none', '99C88F92-A587-4110-8CBB-299EB2968727', N'[{"Key": "Name", "Value": "Máy giặt"}, {"Key": "Size", "Value": "Nhỏ"}, {"Key": "Quantity", "Value": "3"}, {"Key": "Price", "Value": "0"}]', '[]'),
('6b6e37a2-6a58-41d7-b0aa-df088d657a8c', 'Two hair describe hundred candidate.', 'none', '6A4615D1-0E58-4206-B15E-708E48C1501C', N'[{"Key": "Name", "Value": "Mua"}, {"Key": "Image", "Value": "test.png"}, {"Key": "Price", "Value": "0"}, {"Key": "ShoppingItems", "Value": "[Rau cải bắp, Khoai tây bi, Cá sặc, Bí đỏ lát, Cải thảo]"}]', '[]'),
('09783084-cc83-45c9-b8c8-863fe98f87ae', 'Item bit leave left college listen.', 'none', '6F8F6E58-2A20-413C-90DF-8F665F9B1B8D', N'[{"Key": "Name", "Value": "Mua"}, {"Key": "Image", "Value": "test.png"}, {"Key": "Price", "Value": "0"}, {"Key": "ShoppingItems", "Value": "[Rau răm, Cá diêu hồng, Dầu mỡ, Rau ngót, Cá thu, Dầu đậu nành, Dưa hấu ruột hồng, Rau mơ, Cà chua hạt, Cá thu]"}]', '[]'),
('a8c8c551-fe42-4749-98b0-1df1c40d86a6', 'Generation pick she picture send cultural.', 'none', '99C88F92-A587-4110-8CBB-299EB2968727', N'[{"Key": "Name", "Value": "Quạt phun sương"}, {"Key": "Size", "Value": "Vừa"}, {"Key": "Quantity", "Value": "5"}, {"Key": "Price", "Value": "0"}]', '[]'),
('e3f2aeea-49cf-4da7-89da-6d028e1269c8', 'Especially road get car party close.', 'none', '41586551-C098-4FF2-8DEB-45AE7EF64173', N'[{"Key": "Name", "Value": "Mua"}, {"Key": "Image", "Value": "test.png"}, {"Key": "Price", "Value": "0"}, {"Key": "ShoppingItems", "Value": "[Mướp, Cá lăng, Cá sặc, Bún, Dưa hấu ruột trắng]"}]', '[]'),
('bdb77d58-4dd3-4940-ba40-c427b90de874', 'Range sort trial study significant energy.', 'none', '9A1EA6DE-0149-42C3-B2A8-E1BFE7C62DF3', N'[{"Key": "Name", "Value": "Ổ cắm điện"}, {"Key": "Size", "Value": "Vừa"}, {"Key": "Quantity", "Value": "5"}, {"Key": "Price", "Value": "0"}]', '[]'),
('e3ebabe2-1346-4ecc-a6d7-1ca84fa1ad96', 'Reason treatment worker season figure they yeah.', 'none', '99C88F92-A587-4110-8CBB-299EB2968727', N'[{"Key": "Name", "Value": "Máy phun thuốc"}, {"Key": "Size", "Value": "To"}, {"Key": "Quantity", "Value": "5"}, {"Key": "Price", "Value": "0"}]', '[]'),
('e462123d-1801-4c2f-9350-bf1a65c341d3', 'Recent positive daughter popular.', 'none', '289CEE0A-8041-4D60-9EB2-478F3311046E', N'[{"Key": "Name", "Value": "Mua"}, {"Key": "Image", "Value": "test.png"}, {"Key": "Price", "Value": "0"}, {"Key": "ShoppingItems", "Value": "[Tôm càng to, Dưa hấu chín, Đường, Ớt sừng, Rau dền xanh, Khoai tây lát, Cà rốt, Bí xanh, Dầu hướng dương]"}]', '[]'),
('63f264a0-abd5-42d9-8e01-3b735ded3a06', 'Throughout stage lose board.', 'none', '99C88F92-A587-4110-8CBB-299EB2968727', N'[{"Key": "Name", "Value": "Máy phát sóng"}, {"Key": "Size", "Value": "Nhỏ"}, {"Key": "Quantity", "Value": "1"}, {"Key": "Price", "Value": "0"}]', '[]'),
('4f1b4048-d3a8-439f-b4ef-76d3304c0f35', 'Remain if again care hold those.', 'none', '6F8F6E58-2A20-413C-90DF-8F665F9B1B8D', N'[{"Key": "Name", "Value": "Mua"}, {"Key": "Image", "Value": "test.png"}, {"Key": "Price", "Value": "0"}, {"Key": "ShoppingItems", "Value": "[Bí đỏ lát, Hành tây, Cà rốt hột, Ớt chuông, Cá trích]"}]', '[]'),
('3083937d-d5a8-414d-b8c5-0fd4cb0fe98d', 'Free medical lay lose big strategy.', 'none', '6A4615D1-0E58-4206-B15E-708E48C1501C', N'[{"Key": "Name", "Value": "Mua"}, {"Key": "Image", "Value": "test.png"}, {"Key": "Price", "Value": "0"}, {"Key": "ShoppingItems", "Value": "[Thịt heo, Tôm, Bột mì]"}]', '[]'),
('4d7ae462-a82c-481b-b871-8ccf95ce83fe', 'Well news enter director book cell speech.', 'none', '0CBF59EA-8DCB-4A62-BE82-617153952B1D', N'[{"Key": "Name", "Value": "Bếp từ"}, {"Key": "Size", "Value": "Nhỏ"}, {"Key": "Quantity", "Value": "4"}, {"Key": "Price", "Value": "0"}]', '[]'),
('61289c97-70aa-44f3-a185-560735a995f5', 'Cup almost identify record own research blood.', 'none', '99C88F92-A587-4110-8CBB-299EB2968727', N'[{"Key": "Name", "Value": "Quạt sưởi"}, {"Key": "Size", "Value": "Nhỏ"}, {"Key": "Quantity", "Value": "2"}, {"Key": "Price", "Value": "0"}]', '[]'),
('0434d073-e672-4974-a545-9c8a5c8621d7', 'Drop marriage worker.', 'none', '0CBF59EA-8DCB-4A62-BE82-617153952B1D', N'[{"Key": "Name", "Value": "Quạt treo tường"}, {"Key": "Size", "Value": "Vừa"}, {"Key": "Quantity", "Value": "3"}, {"Key": "Price", "Value": "0"}]', '[]'),
('d4f1dacf-f002-4598-929c-2e9b72de9492', 'Discuss very score loss.', 'none', '289CEE0A-8041-4D60-9EB2-478F3311046E', N'[{"Key": "Name", "Value": "Mua"}, {"Key": "Image", "Value": "test.png"}, {"Key": "Price", "Value": "0"}, {"Key": "ShoppingItems", "Value": "[Bắp trưởng thành, Dưa leo, Cá bơn, Cá nục]"}]', '[]'),
('0838f16d-e5f2-4d0e-9695-4b5abdc6dd3a', 'Tough building child usually sea upon full.', 'none', 'E0AE7D37-0CBB-4722-9700-4C13A0BA6D3D', N'[{"Key": "Name", "Value": "Quạt sưởi cắm điện"}, {"Key": "Size", "Value": "To"}, {"Key": "Quantity", "Value": "3"}, {"Key": "Price", "Value": "0"}]', '[]'),
('41d07e22-2879-43f5-bf67-cc08a50e8520', 'Determine human find discussion military ability line hour.', 'none', 'E2E7B569-88B8-4BA6-8B60-3FAB42A6BCF5', N'[{"Key": "Name", "Value": "Mua"}, {"Key": "Image", "Value": "test.png"}, {"Key": "Price", "Value": "0"}, {"Key": "ShoppingItems", "Value": "[Khoai tây lát, Đậu, Củ cải trắng, Củ cải trắng]"}]', '[]'),
('8fbc54a0-388d-4bfb-b0d2-19c16204ce46', 'Culture ability to suffer at computer doctor.', 'none', '6F8F6E58-2A20-413C-90DF-8F665F9B1B8D', N'[{"Key": "Name", "Value": "Mua"}, {"Key": "Image", "Value": "test.png"}, {"Key": "Price", "Value": "0"}, {"Key": "ShoppingItems", "Value": "[Bí đỏ lát, Tôm càng vàng, Bí đao, Dưa hấu ruột hồng, Cà chua cà chua, Rau húng, Dầu mè, Thịt gà]"}]', '[]'),
('9c6e81b6-b870-4b06-9e45-b11fcd6db0bc', 'High she past especially old.', 'none', 'E0AE7D37-0CBB-4722-9700-4C13A0BA6D3D', N'[{"Key": "Name", "Value": "Máy phát sóng"}, {"Key": "Size", "Value": "Vừa"}, {"Key": "Quantity", "Value": "1"}, {"Key": "Price", "Value": "0"}]', '[]'),
('ba4dad38-0bad-4531-b6bb-5fb466aa2961', 'Debate wish floor inside matter nice.', 'none', '41586551-C098-4FF2-8DEB-45AE7EF64173', N'[{"Key": "Name", "Value": "Mua"}, {"Key": "Image", "Value": "test.png"}, {"Key": "Price", "Value": "0"}, {"Key": "ShoppingItems", "Value": "[Măng, Cá diêu hồng, Khoai tây tươi, Dầu ăn]"}]', '[]'),
('2c721994-064c-4f22-9cb2-ab0c91a74bdd', 'Condition natural can effort bad measure star.', 'none', '49993FA5-B4D5-4CBA-B448-7E2B70AFBDD4', N'[{"Key": "Name", "Value": "Máy scan"}, {"Key": "Size", "Value": "Nhỏ"}, {"Key": "Quantity", "Value": "5"}, {"Key": "Price", "Value": "0"}]', '[]'),
('3481af0d-2873-4ad0-a424-f361f2e5e58c', 'Education little direction exist president.', 'none', 'E0AE7D37-0CBB-4722-9700-4C13A0BA6D3D', N'[{"Key": "Name", "Value": "Quạt hút bụi cắm điện"}, {"Key": "Size", "Value": "Vừa"}, {"Key": "Quantity", "Value": "2"}, {"Key": "Price", "Value": "0"}]', '[]'),
('ee338be5-bbdb-448e-a76a-03f9f2dc75ae', 'Question in court hospital skin soon.', 'none', 'FD902642-4378-4376-9A77-072644668D15', N'[{"Key": "Name", "Value": "Máy làm sạch"}, {"Key": "Size", "Value": "To"}, {"Key": "Quantity", "Value": "2"}, {"Key": "Price", "Value": "0"}]', '[]'),
('5aea5802-9549-46d0-9354-f3e1521b9b81', 'Difference range technology serious international position write those.', 'none', 'FD902642-4378-4376-9A77-072644668D15', N'[{"Key": "Name", "Value": "Bếp gas"}, {"Key": "Size", "Value": "Nhỏ"}, {"Key": "Quantity", "Value": "2"}, {"Key": "Price", "Value": "0"}]', '[]'),
('07cdb09c-9bc3-4727-b0e6-b7a73b1bdbbb', 'West hour less music.', 'none', '289CEE0A-8041-4D60-9EB2-478F3311046E', N'[{"Key": "Name", "Value": "Mua"}, {"Key": "Image", "Value": "test.png"}, {"Key": "Price", "Value": "0"}, {"Key": "ShoppingItems", "Value": "[Khoai tây nghiền, Cà rốt baby, Dưa hấu ruột vàng, Cá mập, Cải thảo baby, Cải thảo baby, Khoai lang tím, Rau mùi, Củ cải đỏ, Cà chua rời]"}]', '[]'),
('950abef3-c2c5-4057-b62a-d3cdf7044292', 'Them in decision above you carry poor.', 'none', '289CEE0A-8041-4D60-9EB2-478F3311046E', N'[{"Key": "Name", "Value": "Mua"}, {"Key": "Image", "Value": "test.png"}, {"Key": "Price", "Value": "0"}, {"Key": "ShoppingItems", "Value": "[Bí đỏ hột, Cá, Rau mơ]"}]', '[]'),
('5d4a342a-7643-47c1-b3d6-8673b83937cb', 'Should dream whose.', 'none', '6F8F6E58-2A20-413C-90DF-8F665F9B1B8D', N'[{"Key": "Name", "Value": "Mua"}, {"Key": "Image", "Value": "test.png"}, {"Key": "Price", "Value": "0"}, {"Key": "ShoppingItems", "Value": "[Cà tím tươi, Dầu olive, Cá ngừ]"}]', '[]'),
('b0ead8c7-80ff-4fdc-82bd-135906ea2f31', 'Election order everything stuff detail himself medical.', 'none', 'FD902642-4378-4376-9A77-072644668D15', N'[{"Key": "Name", "Value": "Quạt phun sương"}, {"Key": "Size", "Value": "To"}, {"Key": "Quantity", "Value": "3"}, {"Key": "Price", "Value": "0"}]', '[]'),
('ca8d2b56-a9e9-4576-bffd-e1277f674ee7', 'Picture enough break.', 'none', 'C82954A1-39D4-4012-86B3-6CAD42C2B399', N'[{"Key": "Name", "Value": "Mua"}, {"Key": "Image", "Value": "test.png"}, {"Key": "Price", "Value": "0"}, {"Key": "ShoppingItems", "Value": "[Cải thảo, Cá sứa, Rau ngót, Cà chua, Dầu mỡ, Tôm bỏ vỏ, Cà chua dẻo, Cà chua hạt, Bí đỏ tươi, Mì]"}]', '[]'),
('e446997f-d98c-490f-9175-3978733f74b7', 'Party individual so attack.', 'none', '9A1EA6DE-0149-42C3-B2A8-E1BFE7C62DF3', N'[{"Key": "Name", "Value": "Đèn hắt"}, {"Key": "Size", "Value": "Vừa"}, {"Key": "Quantity", "Value": "2"}, {"Key": "Price", "Value": "0"}]', '[]'),
('153cc29f-9f14-44ff-a8ec-cc334839a3f6', 'Girl newspaper religious yet really.', 'none', '6A4615D1-0E58-4206-B15E-708E48C1501C', N'[{"Key": "Name", "Value": "Mua"}, {"Key": "Image", "Value": "test.png"}, {"Key": "Price", "Value": "0"}, {"Key": "ShoppingItems", "Value": "[Dưa hấu dừa, Rau ngò gai, Dầu dừa, Dưa chuột]"}]', '[]'),
('fad710da-c7f8-45f0-82c1-5d65475ceb28', 'Bar standard final.', 'none', '0CBF59EA-8DCB-4A62-BE82-617153952B1D', N'[{"Key": "Name", "Value": "Máy cưa"}, {"Key": "Size", "Value": "Nhỏ"}, {"Key": "Quantity", "Value": "3"}, {"Key": "Price", "Value": "0"}]', '[]'),
('b79d4448-4da4-45bf-b609-0c88e3fda405', 'Add sound coach every cut never ten become.', 'none', '49993FA5-B4D5-4CBA-B448-7E2B70AFBDD4', N'[{"Key": "Name", "Value": "Quạt đứng dưới cắm điện"}, {"Key": "Size", "Value": "Vừa"}, {"Key": "Quantity", "Value": "1"}, {"Key": "Price", "Value": "0"}]', '[]'),
('8dbd1a5a-87a5-4cfc-bd3b-46c24aa544e1', 'Old effect fine speak majority.', 'none', 'C82954A1-39D4-4012-86B3-6CAD42C2B399', N'[{"Key": "Name", "Value": "Mua"}, {"Key": "Image", "Value": "test.png"}, {"Key": "Price", "Value": "0"}, {"Key": "ShoppingItems", "Value": "[Bạch tuộc, Mì, Rau mơ, Khoai tây tươi, Cà chua hạt, Dầu hướng dương, Rau cải ngọt]"}]', '[]'),
('1276f9e3-4da2-4753-9649-40736b154d7f', 'Minute discuss space himself.', 'none', '0CBF59EA-8DCB-4A62-BE82-617153952B1D', N'[{"Key": "Name", "Value": "Quạt công nghiệp cắm điện"}, {"Key": "Size", "Value": "Nhỏ"}, {"Key": "Quantity", "Value": "4"}, {"Key": "Price", "Value": "0"}]', '[]'),
('26f5285c-22b9-4233-9352-e825298eebad', 'Moment buy east example identify likely.', 'none', 'E2E7B569-88B8-4BA6-8B60-3FAB42A6BCF5', N'[{"Key": "Name", "Value": "Mua"}, {"Key": "Image", "Value": "test.png"}, {"Key": "Price", "Value": "0"}, {"Key": "ShoppingItems", "Value": "[Cá gai, Rau muống, Thịt dê, Tôm càng xanh]"}]', '[]'),
('6f76cff1-a629-43c2-a855-35fca1a0dd6f', 'Serve can street race seat.', 'none', '41586551-C098-4FF2-8DEB-45AE7EF64173', N'[{"Key": "Name", "Value": "Mua"}, {"Key": "Image", "Value": "test.png"}, {"Key": "Price", "Value": "0"}, {"Key": "ShoppingItems", "Value": "[Cà rốt tươi, Rau ngò gai, Mướp]"}]', '[]'),
('a47d5961-e842-4ea1-a6ab-f45b09c3184e', 'Late every include generation how risk.', 'none', 'C82954A1-39D4-4012-86B3-6CAD42C2B399', N'[{"Key": "Name", "Value": "Mua"}, {"Key": "Image", "Value": "test.png"}, {"Key": "Price", "Value": "0"}, {"Key": "ShoppingItems", "Value": "[Cá basa, Dưa hấu không hạt, Dưa cà, Cà chua bi, Bột mì, Bí đao, Rau muống, Bột khoai mì, Tôm càng xanh]"}]', '[]'),
('f0132cdc-90cb-45e5-9880-a6442ac01635', 'Eat report to product outside they eye.', 'none', '6F8F6E58-2A20-413C-90DF-8F665F9B1B8D', N'[{"Key": "Name", "Value": "Mua"}, {"Key": "Image", "Value": "test.png"}, {"Key": "Price", "Value": "0"}, {"Key": "ShoppingItems", "Value": "[Dầu dừa, Ngao, Rau mầm, Rau cải, Bầu]"}]', '[]'),
('6322a61a-aef1-498e-8c59-7931249eb54f', 'Look safe street.', 'none', '9A1EA6DE-0149-42C3-B2A8-E1BFE7C62DF3', N'[{"Key": "Name", "Value": "Máy phát điện"}, {"Key": "Size", "Value": "To"}, {"Key": "Quantity", "Value": "3"}, {"Key": "Price", "Value": "0"}]', '[]'),
('61cfeb25-8429-4f21-8410-aee4b3f1595f', 'Method meeting space military tonight.', 'none', '9A1EA6DE-0149-42C3-B2A8-E1BFE7C62DF3', N'[{"Key": "Name", "Value": "Đèn bàn"}, {"Key": "Size", "Value": "Nhỏ"}, {"Key": "Quantity", "Value": "4"}, {"Key": "Price", "Value": "0"}]', '[]'),
('6d82647a-8ae9-4b0c-ae54-503da8d842a5', 'Talk without wall stay.', 'none', '6F8F6E58-2A20-413C-90DF-8F665F9B1B8D', N'[{"Key": "Name", "Value": "Mua"}, {"Key": "Image", "Value": "test.png"}, {"Key": "Price", "Value": "0"}, {"Key": "ShoppingItems", "Value": "[Thịt heo, Cá chình, Cá dứa, Thịt dê, Dưa hấu hạt, Rau cần tây, Cà tím lát, Cá chình, Khoai tây tươi, Bí đỏ hột]"}]', '[]'),
('a3807766-07a5-4282-8f90-d1e69ad6e464', 'Parent up story.', 'none', 'E2E7B569-88B8-4BA6-8B60-3FAB42A6BCF5', N'[{"Key": "Name", "Value": "Mua"}, {"Key": "Image", "Value": "test.png"}, {"Key": "Price", "Value": "0"}, {"Key": "ShoppingItems", "Value": "[Dầu olive, Thịt dê, Khoai lang tím, Dầu mỡ, Cá chẽo]"}]', '[]'),
('4a785385-4cba-4d0f-8482-5a69de06788b', 'Record should add mother.', 'none', '9A1EA6DE-0149-42C3-B2A8-E1BFE7C62DF3', N'[{"Key": "Name", "Value": "Máy tạo ẩm"}, {"Key": "Size", "Value": "Nhỏ"}, {"Key": "Quantity", "Value": "5"}, {"Key": "Price", "Value": "0"}]', '[]'),
('96af0a23-e234-4af0-96d1-b0158e9bb39e', 'With participant form time back sound city.', 'none', '41586551-C098-4FF2-8DEB-45AE7EF64173', N'[{"Key": "Name", "Value": "Mua"}, {"Key": "Image", "Value": "test.png"}, {"Key": "Price", "Value": "0"}, {"Key": "ShoppingItems", "Value": "[Gia vị, Dầu đậu nành, Rau muống, Cà tím hột, Bắp ngô, Đậu, Cá lóc, Ốc]"}]', '[]'),
('7e11c045-777f-4dca-bb3c-54166c90356a', 'Significant stuff section lot rather beyond share energy.', 'none', 'A7E19817-AB88-43A8-B460-237735089C9F', N'[{"Key": "Name", "Value": "Mua"}, {"Key": "Image", "Value": "test.png"}, {"Key": "Price", "Value": "0"}, {"Key": "ShoppingItems", "Value": "[Dưa hấu ruột đen, Cá trê, Cần tây, Khoai tây, Dầu mỡ, Cá đuối, Cà chua bi]"}]', '[]'),
('720ee041-f864-49dc-83ca-25be3d81bbd0', 'Address simply catch but his within though finish.', 'none', '6F8F6E58-2A20-413C-90DF-8F665F9B1B8D', N'[{"Key": "Name", "Value": "Mua"}, {"Key": "Image", "Value": "test.png"}, {"Key": "Price", "Value": "0"}, {"Key": "ShoppingItems", "Value": "[Gia vị, Dưa hấu, Dưa hấu ruột hồng, Bắp trưởng thành]"}]', '[]'),
('34baf0cc-826c-4877-9f7f-b08085abc082', 'Image throughout western world area.', 'none', '6A4615D1-0E58-4206-B15E-708E48C1501C', N'[{"Key": "Name", "Value": "Mua"}, {"Key": "Image", "Value": "test.png"}, {"Key": "Price", "Value": "0"}, {"Key": "ShoppingItems", "Value": "[Bầu, Cá tầm, Thịt heo, Bí đỏ lát, Dầu hướng dương, Cá tra]"}]', '[]'),
('8180d75d-3d13-40e3-99a7-0b61d0a5e8a4', 'Care yet well according star study form.', 'none', '6A4615D1-0E58-4206-B15E-708E48C1501C', N'[{"Key": "Name", "Value": "Mua"}, {"Key": "Image", "Value": "test.png"}, {"Key": "Price", "Value": "0"}, {"Key": "ShoppingItems", "Value": "[Cá dạ cá, Cá chép, Cá trê, Bí đao, Gia vị, Bầu, Rau cải bó xôi, Bắp non, Bí đao, Cá dìa]"}]', '[]'),
('ca26394f-de1a-40dc-80ad-b5f87b060e08', 'Money ball keep since my necessary million.', 'none', '6F8F6E58-2A20-413C-90DF-8F665F9B1B8D', N'[{"Key": "Name", "Value": "Mua"}, {"Key": "Image", "Value": "test.png"}, {"Key": "Price", "Value": "0"}, {"Key": "ShoppingItems", "Value": "[Bột mì, Cá, Cần tây baby, Khoai tây lát]"}]', '[]'),
('23c14e00-ca58-4756-992c-23cabbfea1a8', 'Good program risk I spring.', 'none', 'A7E19817-AB88-43A8-B460-237735089C9F', N'[{"Key": "Name", "Value": "Mua"}, {"Key": "Image", "Value": "test.png"}, {"Key": "Price", "Value": "0"}, {"Key": "ShoppingItems", "Value": "[Cà rốt, Cá sứa, Dưa hấu ruột đỏ, Khoai lang tím, Dưa hấu hạt]"}]', '[]'),
('4f957694-c1b8-46e4-b746-7216a1f84580', 'Meet window now always hand game magazine.', 'none', '6A4615D1-0E58-4206-B15E-708E48C1501C', N'[{"Key": "Name", "Value": "Mua"}, {"Key": "Image", "Value": "test.png"}, {"Key": "Price", "Value": "0"}, {"Key": "ShoppingItems", "Value": "[Dưa bóp, Cá nục, Rau cải baby, Cá chim]"}]', '[]'),
('333f5f97-9515-4a36-8572-400d3ac98474', 'Seven lose probably.', 'none', '6F8F6E58-2A20-413C-90DF-8F665F9B1B8D', N'[{"Key": "Name", "Value": "Mua"}, {"Key": "Image", "Value": "test.png"}, {"Key": "Price", "Value": "0"}, {"Key": "ShoppingItems", "Value": "[Bí xanh, Hành tây, Cá bạch tuộc, Khoai lang, Ngao, Sò, Khoai tây lát, Rau mùi, Rau cải ngọt]"}]', '[]'),
('b9ed92f4-05a3-485d-859f-aa2deb532762', 'Defense agree lawyer perhaps stay provide particularly.', 'none', '99C88F92-A587-4110-8CBB-299EB2968727', N'[{"Key": "Name", "Value": "Máy chiếu"}, {"Key": "Size", "Value": "To"}, {"Key": "Quantity", "Value": "3"}, {"Key": "Price", "Value": "0"}]', '[]'),
('35883ef1-4353-4c1c-8e64-b2a415f2d089', 'Boy two look reality outside painting report become.', 'none', '6A4615D1-0E58-4206-B15E-708E48C1501C', N'[{"Key": "Name", "Value": "Mua"}, {"Key": "Image", "Value": "test.png"}, {"Key": "Price", "Value": "0"}, {"Key": "ShoppingItems", "Value": "[Tôm càng nhỏ, Cá bớp, Cá mè, Gia vị, Cá lăng, Cà chua hạt, Rau cải, Dưa hấu ruột trắng]"}]', '[]'),
('ff444f39-1bac-4505-b458-595fe916b191', 'Dark such firm again court culture story.', 'none', '0CBF59EA-8DCB-4A62-BE82-617153952B1D', N'[{"Key": "Name", "Value": "Máy phun sương"}, {"Key": "Size", "Value": "Vừa"}, {"Key": "Quantity", "Value": "4"}, {"Key": "Price", "Value": "0"}]', '[]'),
('7d8478e2-584a-42a9-b27b-bb1dd0e55a3a', 'Explain main sport summer sea record recent.', 'none', '9A1EA6DE-0149-42C3-B2A8-E1BFE7C62DF3', N'[{"Key": "Name", "Value": "Quạt treo tường"}, {"Key": "Size", "Value": "Vừa"}, {"Key": "Quantity", "Value": "1"}, {"Key": "Price", "Value": "0"}]', '[]'),
('295020be-8c49-45e3-9182-ea8611e5cd14', 'Yet so before wrong.', 'none', 'E0AE7D37-0CBB-4722-9700-4C13A0BA6D3D', N'[{"Key": "Name", "Value": "Máy photocopy"}, {"Key": "Size", "Value": "Vừa"}, {"Key": "Quantity", "Value": "2"}, {"Key": "Price", "Value": "0"}]', '[]'),
('21cf0200-7832-4cdc-89bc-3b492be045ca', 'Everyone city contain week carry.', 'none', '99C88F92-A587-4110-8CBB-299EB2968727', N'[{"Key": "Name", "Value": "Quạt sưởi cắm điện"}, {"Key": "Size", "Value": "To"}, {"Key": "Quantity", "Value": "5"}, {"Key": "Price", "Value": "0"}]', '[]'),
('4d9c5320-d8b0-4905-be90-a2f611751625', 'That admit Mrs look call.', 'none', 'E2E7B569-88B8-4BA6-8B60-3FAB42A6BCF5', N'[{"Key": "Name", "Value": "Mua"}, {"Key": "Image", "Value": "test.png"}, {"Key": "Price", "Value": "0"}, {"Key": "ShoppingItems", "Value": "[Dưa cà, Cá gai, Mực, Cá chẽo, Bắp trưởng thành, Thịt cừu, Khoai lang tím]"}]', '[]'),
('01da797e-9cf3-40ec-8c65-f77531649715', 'Social say about century debate.', 'none', '9A1EA6DE-0149-42C3-B2A8-E1BFE7C62DF3', N'[{"Key": "Name", "Value": "Quạt bàn cắm điện"}, {"Key": "Size", "Value": "Vừa"}, {"Key": "Quantity", "Value": "1"}, {"Key": "Price", "Value": "0"}]', '[]'),
('1ef164cc-caa9-4d2c-9f40-f6bbc5f79290', 'Glass evening much why.', 'none', '8800EE29-7A1F-48AD-989C-7669FB278DEA', N'[{"Key": "Name", "Value": "Quạt đứng cao cấp"}, {"Key": "Size", "Value": "To"}, {"Key": "Quantity", "Value": "3"}, {"Key": "Price", "Value": "0"}]', '[]'),
('19ba4e5b-5bd3-4dad-b189-cfc91176ef9b', 'Institution to movie seven.', 'none', 'E2E7B569-88B8-4BA6-8B60-3FAB42A6BCF5', N'[{"Key": "Name", "Value": "Mua"}, {"Key": "Image", "Value": "test.png"}, {"Key": "Price", "Value": "0"}, {"Key": "ShoppingItems", "Value": "[Dưa hấu ruột vàng, Bắp ngô, Cá rô, Tôm càng vàng, Thịt dê, Bột mì trứng, Rau mơ]"}]', '[]'),
('f38bd756-ae78-4cfe-8644-d0cb900c76be', 'Heavy anything strategy hope return near.', 'none', '99C88F92-A587-4110-8CBB-299EB2968727', N'[{"Key": "Name", "Value": "Quạt bàn cắm điện"}, {"Key": "Size", "Value": "Nhỏ"}, {"Key": "Quantity", "Value": "3"}, {"Key": "Price", "Value": "0"}]', '[]'),
('fbaf8c6e-114c-4605-9a6c-68f47fb5df92', 'Under between candidate crime officer.', 'none', 'A7E19817-AB88-43A8-B460-237735089C9F', N'[{"Key": "Name", "Value": "Mua"}, {"Key": "Image", "Value": "test.png"}, {"Key": "Price", "Value": "0"}, {"Key": "ShoppingItems", "Value": "[Nấm, Cà rốt hột, Cà tím tươi, Cá bớp, Dầu hướng dương, Cá trích, Sò, Dưa hấu ruột trắng, Dưa hấu hạt, Cá bóc tôm]"}]', '[]'),
('7c87ae81-39f1-4315-a5b8-e69a271fa343', 'Pull likely piece small go.', 'none', '8800EE29-7A1F-48AD-989C-7669FB278DEA', N'[{"Key": "Name", "Value": "Quạt mini"}, {"Key": "Size", "Value": "Vừa"}, {"Key": "Quantity", "Value": "5"}, {"Key": "Price", "Value": "0"}]', '[]'),
('3cfb4d97-7ace-4960-8240-65ca3b65a0a2', 'Law before everybody power hot.', 'none', '6F8F6E58-2A20-413C-90DF-8F665F9B1B8D', N'[{"Key": "Name", "Value": "Mua"}, {"Key": "Image", "Value": "test.png"}, {"Key": "Price", "Value": "0"}, {"Key": "ShoppingItems", "Value": "[Muối, Bí đỏ tươi, Cà tím lát, Cá basa, Khoai tây lát, Rau muống]"}]', '[]'),
('2f70040b-ea7f-466a-a39a-167985d322de', 'Recently prepare scene house central baby picture.', 'none', 'C82954A1-39D4-4012-86B3-6CAD42C2B399', N'[{"Key": "Name", "Value": "Mua"}, {"Key": "Image", "Value": "test.png"}, {"Key": "Price", "Value": "0"}, {"Key": "ShoppingItems", "Value": "[Mực, Cà chua rời, Dưa hấu, Cá lóc, Mướp, Cá ngừ, Rau dền, Cà tím hột]"}]', '[]'),
('c81e30ae-c965-4a02-8263-7006dcb373e8', 'Choice chance of enter deep walk.', 'none', '99C88F92-A587-4110-8CBB-299EB2968727', N'[{"Key": "Name", "Value": "Sạc pin"}, {"Key": "Size", "Value": "Nhỏ"}, {"Key": "Quantity", "Value": "5"}, {"Key": "Price", "Value": "0"}]', '[]'),
('30d9ecdd-169c-4cee-95c4-dbd5bdf863d6', 'Federal like be.', 'none', '99C88F92-A587-4110-8CBB-299EB2968727', '[{"Key": "Name", "Value": "Loa"}, {"Key": "Size", "Value": "To"}, {"Key": "Quantity", "Value": "4"}, {"Key": "Price", "Value": "0"}]', '[]'),
('34d721c0-b162-424d-a3d1-c01797216396', 'During difficult religious push the ten will summer.', 'none', '49993FA5-B4D5-4CBA-B448-7E2B70AFBDD4', N'[{"Key": "Name", "Value": "Quạt thông gió cắm điện"}, {"Key": "Size", "Value": "To"}, {"Key": "Quantity", "Value": "2"}, {"Key": "Price", "Value": "0"}]', '[]'),
('2b9d4ae2-05a6-4efa-b915-998fde7f1b3c', 'Yeah remain center without around four.', 'none', '6F8F6E58-2A20-413C-90DF-8F665F9B1B8D', N'[{"Key": "Name", "Value": "Mua"}, {"Key": "Image", "Value": "test.png"}, {"Key": "Price", "Value": "0"}, {"Key": "ShoppingItems", "Value": "[Bắp non, Cá dìa, Cá chẽo, Củ cải đỏ, Rau cải bắp]"}]', '[]'),
('d8cdacc5-ed3d-4292-9bac-c0ae91c50b9d', 'Defense become result easy mission.', 'none', '8800EE29-7A1F-48AD-989C-7669FB278DEA', N'[{"Key": "Name", "Value": "Modem"}, {"Key": "Size", "Value": "Vừa"}, {"Key": "Quantity", "Value": "1"}, {"Key": "Price", "Value": "0"}]', '[]'),
('0d345cab-ecc5-472c-84fe-f4420f9b13db', 'Hit poor appear.', 'none', '6A4615D1-0E58-4206-B15E-708E48C1501C', N'[{"Key": "Name", "Value": "Mua"}, {"Key": "Image", "Value": "test.png"}, {"Key": "Price", "Value": "0"}, {"Key": "ShoppingItems", "Value": "[Thịt vịt, Cá dứa, Cần tây, Gia vị, Cá bớp, Hành tây, Thịt dê, Cá gai, Cá nục]"}]', '[]'),
('9b92766c-24d7-427c-bd19-a5cb6f4ebdf4', 'Style remain cup they.', 'none', '6F8F6E58-2A20-413C-90DF-8F665F9B1B8D', N'[{"Key": "Name", "Value": "Mua"}, {"Key": "Image", "Value": "test.png"}, {"Key": "Price", "Value": "0"}, {"Key": "ShoppingItems", "Value": "[Dưa hấu chín, Rau cải bó xôi, Củ cải đỏ, Rau mùi, Ngao, Cà tím lát, Rau muống xanh]"}]', '[]'),
('797e67d2-9d69-43a1-b789-f3964bd0c556', 'Support improve once worry newspaper laugh.', 'none', '49993FA5-B4D5-4CBA-B448-7E2B70AFBDD4', N'[{"Key": "Name", "Value": "Máy scan"}, {"Key": "Size", "Value": "Vừa"}, {"Key": "Quantity", "Value": "2"}, {"Key": "Price", "Value": "0"}]', '[]'),
('ef433ec9-db26-49cc-89bd-ccc7fdab7897', 'Hotel result instead push fast.', 'none', 'A7E19817-AB88-43A8-B460-237735089C9F', N'[{"Key": "Name", "Value": "Mua"}, {"Key": "Image", "Value": "test.png"}, {"Key": "Price", "Value": "0"}, {"Key": "ShoppingItems", "Value": "[Tôm càng to, Dưa hấu hạt, Muối]"}]', '[]'),
('2bec871d-227a-43c5-80a8-cc8011445427', 'Protect front why ability fund front suggest.', 'none', '99C88F92-A587-4110-8CBB-299EB2968727', N'[{"Key": "Name", "Value": "Máy phát điện"}, {"Key": "Size", "Value": "Vừa"}, {"Key": "Quantity", "Value": "5"}, {"Key": "Price", "Value": "0"}]', '[]'),
('4891ea9d-1c1f-46a6-9690-7cf8b7d4b7e1', 'Know close election stop.', 'none', '41586551-C098-4FF2-8DEB-45AE7EF64173', N'[{"Key": "Name", "Value": "Mua"}, {"Key": "Image", "Value": "test.png"}, {"Key": "Price", "Value": "0"}, {"Key": "ShoppingItems", "Value": "[Bột ngô, Dầu olive, Ngao, Cá chim]"}]', '[]'),
('d78c4205-bde4-4e00-b9ba-ebc76b86bcaf', 'Her whether beyond bar shoulder decade rich.', 'none', '99C88F92-A587-4110-8CBB-299EB2968727', '[{"Key": "Name", "Value": "Loa"}, {"Key": "Size", "Value": "To"}, {"Key": "Quantity", "Value": "5"}, {"Key": "Price", "Value": "0"}]', '[]'),
('9e55a489-d31e-42dc-8589-929142d47b03', 'Put again big role stand.', 'none', '41586551-C098-4FF2-8DEB-45AE7EF64173', N'[{"Key": "Name", "Value": "Mua"}, {"Key": "Image", "Value": "test.png"}, {"Key": "Price", "Value": "0"}, {"Key": "ShoppingItems", "Value": "[Cà tím, Cá bóc tôm, Củ cải trắng, Hành tây, Cá rô]"}]', '[]'),
('115bb936-0845-4786-b0a6-baa834bbd771', 'Card man throughout society theory happy culture.', 'none', '99C88F92-A587-4110-8CBB-299EB2968727', N'[{"Key": "Name", "Value": "Máy ép trái cây"}, {"Key": "Size", "Value": "Vừa"}, {"Key": "Quantity", "Value": "5"}, {"Key": "Price", "Value": "0"}]', '[]'); 

INSERT INTO [OrderService] ([OrderId], [ServiceId]) VALUES
('bbe5ec4a-de88-4ee5-8a37-98f1fad49cd6', '83b4afbf-b279-4012-8e0e-aed8d0cbb59b'),
('e1f848c6-61ba-4c49-a651-52127ea8b641', 'dc28f160-586e-4b1f-a72e-72b38de186d7'),
('a421f40f-fc4a-4489-8eaa-12c6cb44ba99', '59407e44-be42-42fa-83cc-7300b739e1d4'),
('02f30f5f-ed40-4e84-8884-160ca78b63db', '3b90e666-3153-4173-831a-556d22a2cc43'),
('53e14619-23e6-4440-8749-f1463fc4e298', '7c740ab5-6e66-4623-b2fa-6fd1982f1e3b'),
('8af02a9e-c3ca-4dec-966f-dd318444eef3', '99ca1783-b28f-4c6e-9e77-e7452a32e6a8'),
('681c046c-1cc1-4d32-92eb-1408eba03b52', 'b34dcaa7-fb53-4a0c-be72-69d3620fa447'),
('411f089c-8f7e-4233-9269-7c6d9508e570', '375f7e14-e104-4f67-adcb-a12dafde6721'),
('f4979d8d-3dca-42a6-bfd4-0e3765d85e69', '11635069-118b-41f8-a1b3-4cfa1b87c50e'),
('8ee0ea62-a3c0-49ec-843a-42bebef58386', '9f18353e-595f-4762-afbb-5d80b7ad3324'),
('56c7e14b-5140-43e9-8edc-6ba1e826f056', '9109b148-41f9-4e91-9c80-93a760505948'),
('15583d1d-b704-44a0-ba5e-e6b2a3ca5743', '08ba09c5-9b15-4243-82fe-bb8564c9f1af'),
('9aae4a42-2c22-4d2b-bdb3-85afcf1ee500', '164238fb-6baa-4983-82c8-1dd33bef253c'),
('4e1b3761-858c-4eec-b7f8-7076dce0dd34', 'c9de1916-536e-44c5-916e-a10f52704ad9'),
('0984e1a2-5e10-4e0d-a056-823e376aa3a7', '17731e3c-7bde-428e-9a70-cee0f57a7060'),
('6921bf63-7b64-4511-b585-999a00f61149', 'fdcd9aad-3f1b-41a3-977f-4a5048336ff6'),
('abe4f1dc-8166-4801-9b43-152aecef21c9', '228bded5-e904-4861-966c-a1e161089146'),
('08805ca6-40c5-4b9b-b683-bf6281774ad3', '00992188-d34b-4e3c-bd2a-ec6e4b147ec9'),
('f1eac49b-fdfa-4bdf-91cb-70c87275790a', '49ff6960-6388-49ed-8a26-6985dea994bb'),
('cbb8fe9b-e9ac-4185-8ca9-ac30d03802cb', '6845c289-20d4-43ed-abaa-fd828e8379c8'),
('eb0f5b87-c57c-4dae-8ac3-775892c3d444', 'd9e6595c-9bed-4285-aebc-96ec74f114e3'),
('7284625c-7291-42fd-8417-4d9bb3a52725', '9f0b4418-b623-4ccc-b1ca-68d7b2154b7b'),
('779fafcf-3201-4fef-b290-063c845e65e7', '1a549449-ff98-4307-9408-b116e0f6873d'),
('6eed29d5-bbbe-44fa-93c3-43003bc390ca', '7a0b9703-068f-47cd-8b74-661250334696'),
('f4e7d7d6-288d-4510-bb8d-dbf84ebcccab', 'ab7bcf10-4652-4e9c-a869-6a67ceeeb60d'),
('563186e0-2bfa-4313-8a96-7834a14f8e60', '2286d654-3202-4125-bbac-bd385d4746f0'),
('854f43b2-22dc-4904-94f3-634fe129f1a5', '6bf75ea9-17d7-4926-8908-d97111ea8404'),
('7705b71d-b98a-4351-923c-414091b3425d', '7fe48da6-4fe8-4145-9b27-3d7cac9e6b99'),
('b8a8c9c1-e985-4b2c-b32a-5ff29f00581c', 'bf4240c5-b275-4c0b-b08c-6815a315d796'),
('a99685e2-d3fa-4f64-94fa-91ef5c7b39e8', '288fa217-5a72-4e31-ba87-660b7d7d6d32'),
('767dd14e-ae2c-4b02-a2c6-3e9d52f1ca59', '63269b70-fcbe-4b05-a240-e1cc1a954d8a'),
('cf94b546-578f-4666-8c63-0275e31ee27c', '5de58c4a-6ee7-4929-a39d-7c23480173fa'),
('0b7e0786-601f-4e6f-85eb-f2d36d718b7d', 'fd99aba2-5808-4751-bb90-4ab23cf7ca7c'),
('7146e5e1-5a2d-4d75-9c64-1b0d2578a23f', '0c604621-5e55-4b04-bf89-27c5997d97fa'),
('af593148-d907-4d2c-9eb6-f4ebf18130b8', '8c708273-042e-45c8-a404-f292c93fc06e'),
('118445ac-1354-44f0-8d18-2fc4ff63a3ae', '63b560c0-3928-4a0f-9ba4-20fec24cfee0'),
('135d270f-7cfd-454c-afb3-7c40da8f2b32', '0a7bbf22-2b0b-451c-8cd2-1a55fc1c5425'),
('4f57e09d-801b-48f0-96ca-d53a6d21d503', 'e9101e9f-ef71-4034-ad2b-04adbda81616'),
('a011c0fe-8399-470a-aef3-570eccb83b89', 'af990ff5-d377-4488-8955-0086222a8905'),
('03c03751-9af4-49e3-8b8e-7710850ff3b7', '966384e8-9f5b-4936-b947-903b5559ddd6'),
('12f016cb-2872-4ab0-a844-680238293173', 'fa440b6a-381f-4fa2-bf0a-737f87a978e7'),
('060885bc-24bc-4702-b0a4-9cc1e3eeba48', 'ffb2bddb-3ef3-4ae3-b7ec-b59c35ac3cff'),
('c1469659-fe85-4e4b-a86b-d640dee26355', 'efcddc28-0523-413d-a9f8-476ff6617a35'),
('4fc20512-969e-42c2-b3bf-4fefa16fbf15', '71697926-7226-4b7d-812f-244e8524aacb'),
('aa0458a4-c44b-48c6-9729-87338ee94b46', 'f84f30a3-9809-49ee-b56a-0848e9c8fe41'),
('a3ead71f-5179-49ea-84f0-e94775870db2', '9bd55aba-afd5-4b93-8a93-e98255036540'),
('791f068a-65e1-4b79-821d-d345077e0868', '67d993d1-01cd-4dcc-b7d0-ac8ed8257b64'),
('b30b3903-e35e-429f-a38d-69f75219095d', '6b6e37a2-6a58-41d7-b0aa-df088d657a8c'),
('6af659f7-b370-432f-89e3-d58662e81944', '09783084-cc83-45c9-b8c8-863fe98f87ae'),
('1587b292-2e9f-45e4-8a5a-d5935ae5bb0f', 'a8c8c551-fe42-4749-98b0-1df1c40d86a6'),
('02ed6775-d8ae-4fc9-bf1d-e1b0e621b44c', 'e3f2aeea-49cf-4da7-89da-6d028e1269c8'),
('e64ab596-c344-45f5-8f74-1157ba689113', 'bdb77d58-4dd3-4940-ba40-c427b90de874'),
('242b0def-8b8a-43e2-951c-381c5504850f', 'e3ebabe2-1346-4ecc-a6d7-1ca84fa1ad96'),
('c51e6ac9-7f15-4b2d-b70a-1e1a5a081546', 'e462123d-1801-4c2f-9350-bf1a65c341d3'),
('acdc6b51-46d1-4cf9-aabf-bdde8d45ec93', '63f264a0-abd5-42d9-8e01-3b735ded3a06'),
('414c1624-a93e-430c-a269-7768d4c8425a', '4f1b4048-d3a8-439f-b4ef-76d3304c0f35'),
('934d059e-93ba-4d6a-b1f7-626cc03741e7', '3083937d-d5a8-414d-b8c5-0fd4cb0fe98d'),
('8c65a168-3104-4fc3-88f3-24631ee56031', '4d7ae462-a82c-481b-b871-8ccf95ce83fe'),
('4cc0b200-3ce2-4acf-85db-d82d039adca3', '61289c97-70aa-44f3-a185-560735a995f5'),
('c7c871d5-f710-4515-84d6-c407ce21ec21', '0434d073-e672-4974-a545-9c8a5c8621d7'),
('2b5112d0-4bf1-49f7-8070-601b5dc3e7d3', 'd4f1dacf-f002-4598-929c-2e9b72de9492'),
('25b1b31f-2b95-4bb0-ab97-00ddf52b6648', '0838f16d-e5f2-4d0e-9695-4b5abdc6dd3a'),
('d7f483ab-0b99-4807-98d1-e0a415ab4dd5', '41d07e22-2879-43f5-bf67-cc08a50e8520'),
('5ac2a7f2-ba05-45ff-ad04-9c5fb6f5c4a9', '8fbc54a0-388d-4bfb-b0d2-19c16204ce46'),
('741e246c-ca4c-42a5-97d2-070e01e261e5', '9c6e81b6-b870-4b06-9e45-b11fcd6db0bc'),
('7ef4dbd1-273e-4c4e-84bc-123dc2c23a0a', 'ba4dad38-0bad-4531-b6bb-5fb466aa2961'),
('dee02395-843d-4d2d-97ee-c7c5500f06e2', '2c721994-064c-4f22-9cb2-ab0c91a74bdd'),
('c696ef9e-4cfd-455b-995f-d8ae20a1c8a1', '3481af0d-2873-4ad0-a424-f361f2e5e58c'),
('0acb0571-8484-4454-85fd-6ad471e5ee37', 'ee338be5-bbdb-448e-a76a-03f9f2dc75ae'),
('7640c27e-339e-49eb-8b49-acbe7929b1d8', '5aea5802-9549-46d0-9354-f3e1521b9b81'),
('187e5c31-5b63-4fe7-bd03-e0e5f3f9c75a', '07cdb09c-9bc3-4727-b0e6-b7a73b1bdbbb'),
('8d65b041-2431-4707-a5c2-3d7c3a94e749', '950abef3-c2c5-4057-b62a-d3cdf7044292'),
('1198591f-8c7c-4c36-aac4-275c5bd493a6', '5d4a342a-7643-47c1-b3d6-8673b83937cb'),
('0ec284a0-533f-4160-b89f-3a1ddb409192', 'b0ead8c7-80ff-4fdc-82bd-135906ea2f31'),
('357fb62d-535f-45b0-92d3-d7eeb71ea10e', 'ca8d2b56-a9e9-4576-bffd-e1277f674ee7'),
('bb221511-68fe-4c55-bdc2-1f62b7f7d3c6', 'e446997f-d98c-490f-9175-3978733f74b7'),
('a82566f1-03a8-4836-a240-78298f1e46e9', '153cc29f-9f14-44ff-a8ec-cc334839a3f6'),
('e98fd57f-fd1b-4b91-83d6-b900be165cd6', 'fad710da-c7f8-45f0-82c1-5d65475ceb28'),
('d3691ba5-3504-4886-bab6-2063be3cfa4c', 'b79d4448-4da4-45bf-b609-0c88e3fda405'),
('b4a4aecf-e796-41e3-8743-dfe48bf49733', '8dbd1a5a-87a5-4cfc-bd3b-46c24aa544e1'),
('89316191-a063-4f67-8b8e-3ec86a41eaff', '1276f9e3-4da2-4753-9649-40736b154d7f'),
('acc3044a-5c1d-499e-8e4a-1fa61988d20f', '26f5285c-22b9-4233-9352-e825298eebad'),
('439a3164-cd69-4aa6-9c63-933e9600d726', '6f76cff1-a629-43c2-a855-35fca1a0dd6f'),
('445f9b78-9307-4d8b-946c-c5d8363d493c', 'a47d5961-e842-4ea1-a6ab-f45b09c3184e'),
('26284543-a0c8-49a2-85ae-c1551529be29', 'f0132cdc-90cb-45e5-9880-a6442ac01635'),
('4c5cc842-57b1-49d5-8c1d-bcef62ef36f2', '6322a61a-aef1-498e-8c59-7931249eb54f'),
('28ccc0f0-8a1e-4015-bd9b-ad1a9bd534bc', '61cfeb25-8429-4f21-8410-aee4b3f1595f'),
('30fc703b-b1fd-4df5-806e-0cf14cad167c', '6d82647a-8ae9-4b0c-ae54-503da8d842a5'),
('7408a031-8d0d-4730-b09e-887d8e4d09fc', 'a3807766-07a5-4282-8f90-d1e69ad6e464'),
('94af395b-e60f-4245-aa0d-23185de2226e', '4a785385-4cba-4d0f-8482-5a69de06788b'),
('409c60d8-4528-45e9-9b7b-f70c8c8c6348', '96af0a23-e234-4af0-96d1-b0158e9bb39e'),
('273c4c87-acee-4a1b-a4ca-c936fbf16e3e', '7e11c045-777f-4dca-bb3c-54166c90356a'),
('aeb6c224-2175-4d43-903b-d31cfe49a539', '720ee041-f864-49dc-83ca-25be3d81bbd0'),
('9642f8dc-d6e5-4d11-bf64-bc2b68efa606', '34baf0cc-826c-4877-9f7f-b08085abc082'),
('04d8e065-231a-4abe-bb7c-705ef3b42472', '8180d75d-3d13-40e3-99a7-0b61d0a5e8a4'),
('6d1021e3-d6c7-4662-a0ff-8adae04611b5', 'ca26394f-de1a-40dc-80ad-b5f87b060e08'),
('6ad49486-23a6-433c-8a38-a8853a1d43eb', '23c14e00-ca58-4756-992c-23cabbfea1a8'),
('6d81d5c1-561a-462f-a180-bdee1abd2b45', '4f957694-c1b8-46e4-b746-7216a1f84580'),
('7de50441-c07e-4f8f-bcf5-8c7b7acf7a75', '333f5f97-9515-4a36-8572-400d3ac98474'),
('c5d5e0fe-06a1-4f31-ac97-24b4844125ea', 'b9ed92f4-05a3-485d-859f-aa2deb532762'),
('5bf4120c-ce89-4168-bfed-b66e1e06dc68', '35883ef1-4353-4c1c-8e64-b2a415f2d089'),
('23b228f3-3ee9-48e0-bd2d-88ace6701e0a', 'ff444f39-1bac-4505-b458-595fe916b191'),
('d28aa129-0581-460e-baee-b32406ce1e2a', '7d8478e2-584a-42a9-b27b-bb1dd0e55a3a'),
('017700a0-71a3-403c-961a-a4ed687534d0', '295020be-8c49-45e3-9182-ea8611e5cd14'),
('c96ce8c6-aa1b-4664-a072-c73937f1b611', '21cf0200-7832-4cdc-89bc-3b492be045ca'),
('7565e740-896f-4dd2-996f-ce41c8752892', '4d9c5320-d8b0-4905-be90-a2f611751625'),
('cfe9fbfd-8442-419d-b97e-34c3f202cec2', '01da797e-9cf3-40ec-8c65-f77531649715'),
('172fc04b-faae-423a-91c7-a3fe35ff6fc4', '1ef164cc-caa9-4d2c-9f40-f6bbc5f79290'),
('f409aedd-cfa7-4fa1-91f4-fd855e3bb1c6', '19ba4e5b-5bd3-4dad-b189-cfc91176ef9b'),
('14d50dc4-eb95-4987-a36d-8ccadd97aa7f', 'f38bd756-ae78-4cfe-8644-d0cb900c76be'),
('1ac0ed6c-1190-417e-998a-ca3f65d386b6', 'fbaf8c6e-114c-4605-9a6c-68f47fb5df92'),
('bef93763-b672-4fe0-ae13-800d2d3bd23e', '7c87ae81-39f1-4315-a5b8-e69a271fa343'),
('235c4107-8c92-4d88-8ef3-a5531910d021', '3cfb4d97-7ace-4960-8240-65ca3b65a0a2'),
('38cffdd7-fe9b-44ea-8a32-7880e4517e05', '2f70040b-ea7f-466a-a39a-167985d322de'),
('f226618a-4d71-4fe3-a900-0cbd2f69e1ee', 'c81e30ae-c965-4a02-8263-7006dcb373e8'),
('792d2bbd-45f1-4d27-b9a7-c872c5e57cf8', '30d9ecdd-169c-4cee-95c4-dbd5bdf863d6'),
('e1c9a080-0de4-461f-a576-5412c2668690', '34d721c0-b162-424d-a3d1-c01797216396'),
('5cb1d33b-75c4-4081-9a8d-1912e8e4883a', '2b9d4ae2-05a6-4efa-b915-998fde7f1b3c'),
('f083ea22-749b-4b71-93cc-aaaea93d8b6b', 'd8cdacc5-ed3d-4292-9bac-c0ae91c50b9d'),
('b399807a-a4f6-4bb6-a4a9-4c3dd945319e', '0d345cab-ecc5-472c-84fe-f4420f9b13db'),
('47c4b9ce-657e-46e6-97b3-b43c11261982', '9b92766c-24d7-427c-bd19-a5cb6f4ebdf4'),
('c242de86-4bfb-4d53-9c5e-588c8d894cd3', '797e67d2-9d69-43a1-b789-f3964bd0c556'),
('21cc93e7-0ea8-4349-826a-6e0fbb7a7dbc', 'ef433ec9-db26-49cc-89bd-ccc7fdab7897'),
('09969b05-b01f-4aa2-a799-30a253b4303f', '2bec871d-227a-43c5-80a8-cc8011445427'),
('299b42bd-19f2-4900-8037-195a0cee9154', '4891ea9d-1c1f-46a6-9690-7cf8b7d4b7e1'),
('2fe8dae8-144e-480b-9096-7d6b09fab45a', 'd78c4205-bde4-4e00-b9ba-ebc76b86bcaf'),
('468ecfcc-0535-4e52-8800-6a90b9f80f5f', '9e55a489-d31e-42dc-8589-929142d47b03'),
('c0a7ed64-fd75-4a74-9f7d-4a5e69015314', '115bb936-0845-4786-b0a6-baa834bbd771'); 

INSERT INTO [OrderServiceType] ([OrderId], [ServiceTypeId]) VALUES
('bbe5ec4a-de88-4ee5-8a37-98f1fad49cd6', '0CBF59EA-8DCB-4A62-BE82-617153952B1D'),
('e1f848c6-61ba-4c49-a651-52127ea8b641', 'E2E7B569-88B8-4BA6-8B60-3FAB42A6BCF5'),
('a421f40f-fc4a-4489-8eaa-12c6cb44ba99', 'A7E19817-AB88-43A8-B460-237735089C9F'),
('02f30f5f-ed40-4e84-8884-160ca78b63db', '49993FA5-B4D5-4CBA-B448-7E2B70AFBDD4'),
('53e14619-23e6-4440-8749-f1463fc4e298', 'A7E19817-AB88-43A8-B460-237735089C9F'),
('8af02a9e-c3ca-4dec-966f-dd318444eef3', '49993FA5-B4D5-4CBA-B448-7E2B70AFBDD4'),
('681c046c-1cc1-4d32-92eb-1408eba03b52', 'E0AE7D37-0CBB-4722-9700-4C13A0BA6D3D'),
('411f089c-8f7e-4233-9269-7c6d9508e570', 'A7E19817-AB88-43A8-B460-237735089C9F'),
('f4979d8d-3dca-42a6-bfd4-0e3765d85e69', 'A7E19817-AB88-43A8-B460-237735089C9F'),
('8ee0ea62-a3c0-49ec-843a-42bebef58386', '9A1EA6DE-0149-42C3-B2A8-E1BFE7C62DF3'),
('56c7e14b-5140-43e9-8edc-6ba1e826f056', '41586551-C098-4FF2-8DEB-45AE7EF64173'),
('15583d1d-b704-44a0-ba5e-e6b2a3ca5743', 'E2E7B569-88B8-4BA6-8B60-3FAB42A6BCF5'),
('9aae4a42-2c22-4d2b-bdb3-85afcf1ee500', '6A4615D1-0E58-4206-B15E-708E48C1501C'),
('4e1b3761-858c-4eec-b7f8-7076dce0dd34', 'A7E19817-AB88-43A8-B460-237735089C9F'),
('0984e1a2-5e10-4e0d-a056-823e376aa3a7', '49993FA5-B4D5-4CBA-B448-7E2B70AFBDD4'),
('6921bf63-7b64-4511-b585-999a00f61149', '0CBF59EA-8DCB-4A62-BE82-617153952B1D'),
('abe4f1dc-8166-4801-9b43-152aecef21c9', '99C88F92-A587-4110-8CBB-299EB2968727'),
('08805ca6-40c5-4b9b-b683-bf6281774ad3', '8800EE29-7A1F-48AD-989C-7669FB278DEA'),
('f1eac49b-fdfa-4bdf-91cb-70c87275790a', 'A7E19817-AB88-43A8-B460-237735089C9F'),
('cbb8fe9b-e9ac-4185-8ca9-ac30d03802cb', '49993FA5-B4D5-4CBA-B448-7E2B70AFBDD4'),
('eb0f5b87-c57c-4dae-8ac3-775892c3d444', 'A7E19817-AB88-43A8-B460-237735089C9F'),
('7284625c-7291-42fd-8417-4d9bb3a52725', 'E2E7B569-88B8-4BA6-8B60-3FAB42A6BCF5'),
('779fafcf-3201-4fef-b290-063c845e65e7', 'E2E7B569-88B8-4BA6-8B60-3FAB42A6BCF5'),
('6eed29d5-bbbe-44fa-93c3-43003bc390ca', '99C88F92-A587-4110-8CBB-299EB2968727'),
('f4e7d7d6-288d-4510-bb8d-dbf84ebcccab', '41586551-C098-4FF2-8DEB-45AE7EF64173'),
('563186e0-2bfa-4313-8a96-7834a14f8e60', 'C82954A1-39D4-4012-86B3-6CAD42C2B399'),
('854f43b2-22dc-4904-94f3-634fe129f1a5', 'A7E19817-AB88-43A8-B460-237735089C9F'),
('7705b71d-b98a-4351-923c-414091b3425d', 'FD902642-4378-4376-9A77-072644668D15'),
('b8a8c9c1-e985-4b2c-b32a-5ff29f00581c', 'FD902642-4378-4376-9A77-072644668D15'),
('a99685e2-d3fa-4f64-94fa-91ef5c7b39e8', 'A7E19817-AB88-43A8-B460-237735089C9F'),
('767dd14e-ae2c-4b02-a2c6-3e9d52f1ca59', '41586551-C098-4FF2-8DEB-45AE7EF64173'),
('cf94b546-578f-4666-8c63-0275e31ee27c', 'A7E19817-AB88-43A8-B460-237735089C9F'),
('0b7e0786-601f-4e6f-85eb-f2d36d718b7d', '41586551-C098-4FF2-8DEB-45AE7EF64173'),
('7146e5e1-5a2d-4d75-9c64-1b0d2578a23f', '41586551-C098-4FF2-8DEB-45AE7EF64173'),
('af593148-d907-4d2c-9eb6-f4ebf18130b8', '6F8F6E58-2A20-413C-90DF-8F665F9B1B8D'),
('118445ac-1354-44f0-8d18-2fc4ff63a3ae', 'E2E7B569-88B8-4BA6-8B60-3FAB42A6BCF5'),
('135d270f-7cfd-454c-afb3-7c40da8f2b32', 'E0AE7D37-0CBB-4722-9700-4C13A0BA6D3D'),
('4f57e09d-801b-48f0-96ca-d53a6d21d503', 'FD902642-4378-4376-9A77-072644668D15'),
('a011c0fe-8399-470a-aef3-570eccb83b89', '6A4615D1-0E58-4206-B15E-708E48C1501C'),
('03c03751-9af4-49e3-8b8e-7710850ff3b7', '99C88F92-A587-4110-8CBB-299EB2968727'),
('12f016cb-2872-4ab0-a844-680238293173', '0CBF59EA-8DCB-4A62-BE82-617153952B1D'),
('060885bc-24bc-4702-b0a4-9cc1e3eeba48', '6A4615D1-0E58-4206-B15E-708E48C1501C'),
('c1469659-fe85-4e4b-a86b-d640dee26355', '9A1EA6DE-0149-42C3-B2A8-E1BFE7C62DF3'),
('4fc20512-969e-42c2-b3bf-4fefa16fbf15', '6A4615D1-0E58-4206-B15E-708E48C1501C'),
('aa0458a4-c44b-48c6-9729-87338ee94b46', 'A7E19817-AB88-43A8-B460-237735089C9F'),
('a3ead71f-5179-49ea-84f0-e94775870db2', 'E2E7B569-88B8-4BA6-8B60-3FAB42A6BCF5'),
('791f068a-65e1-4b79-821d-d345077e0868', '99C88F92-A587-4110-8CBB-299EB2968727'),
('b30b3903-e35e-429f-a38d-69f75219095d', '6A4615D1-0E58-4206-B15E-708E48C1501C'),
('6af659f7-b370-432f-89e3-d58662e81944', '6F8F6E58-2A20-413C-90DF-8F665F9B1B8D'),
('1587b292-2e9f-45e4-8a5a-d5935ae5bb0f', '99C88F92-A587-4110-8CBB-299EB2968727'),
('02ed6775-d8ae-4fc9-bf1d-e1b0e621b44c', '41586551-C098-4FF2-8DEB-45AE7EF64173'),
('e64ab596-c344-45f5-8f74-1157ba689113', '9A1EA6DE-0149-42C3-B2A8-E1BFE7C62DF3'),
('242b0def-8b8a-43e2-951c-381c5504850f', '99C88F92-A587-4110-8CBB-299EB2968727'),
('c51e6ac9-7f15-4b2d-b70a-1e1a5a081546', '289CEE0A-8041-4D60-9EB2-478F3311046E'),
('acdc6b51-46d1-4cf9-aabf-bdde8d45ec93', '99C88F92-A587-4110-8CBB-299EB2968727'),
('414c1624-a93e-430c-a269-7768d4c8425a', '6F8F6E58-2A20-413C-90DF-8F665F9B1B8D'),
('934d059e-93ba-4d6a-b1f7-626cc03741e7', '6A4615D1-0E58-4206-B15E-708E48C1501C'),
('8c65a168-3104-4fc3-88f3-24631ee56031', '0CBF59EA-8DCB-4A62-BE82-617153952B1D'),
('4cc0b200-3ce2-4acf-85db-d82d039adca3', '99C88F92-A587-4110-8CBB-299EB2968727'),
('c7c871d5-f710-4515-84d6-c407ce21ec21', '0CBF59EA-8DCB-4A62-BE82-617153952B1D'),
('2b5112d0-4bf1-49f7-8070-601b5dc3e7d3', '289CEE0A-8041-4D60-9EB2-478F3311046E'),
('25b1b31f-2b95-4bb0-ab97-00ddf52b6648', 'E0AE7D37-0CBB-4722-9700-4C13A0BA6D3D'),
('d7f483ab-0b99-4807-98d1-e0a415ab4dd5', 'E2E7B569-88B8-4BA6-8B60-3FAB42A6BCF5'),
('5ac2a7f2-ba05-45ff-ad04-9c5fb6f5c4a9', '6F8F6E58-2A20-413C-90DF-8F665F9B1B8D'),
('741e246c-ca4c-42a5-97d2-070e01e261e5', 'E0AE7D37-0CBB-4722-9700-4C13A0BA6D3D'),
('7ef4dbd1-273e-4c4e-84bc-123dc2c23a0a', '41586551-C098-4FF2-8DEB-45AE7EF64173'),
('dee02395-843d-4d2d-97ee-c7c5500f06e2', '49993FA5-B4D5-4CBA-B448-7E2B70AFBDD4'),
('c696ef9e-4cfd-455b-995f-d8ae20a1c8a1', 'E0AE7D37-0CBB-4722-9700-4C13A0BA6D3D'),
('0acb0571-8484-4454-85fd-6ad471e5ee37', 'FD902642-4378-4376-9A77-072644668D15'),
('7640c27e-339e-49eb-8b49-acbe7929b1d8', 'FD902642-4378-4376-9A77-072644668D15'),
('187e5c31-5b63-4fe7-bd03-e0e5f3f9c75a', '289CEE0A-8041-4D60-9EB2-478F3311046E'),
('8d65b041-2431-4707-a5c2-3d7c3a94e749', '289CEE0A-8041-4D60-9EB2-478F3311046E'),
('1198591f-8c7c-4c36-aac4-275c5bd493a6', '6F8F6E58-2A20-413C-90DF-8F665F9B1B8D'),
('0ec284a0-533f-4160-b89f-3a1ddb409192', 'FD902642-4378-4376-9A77-072644668D15'),
('357fb62d-535f-45b0-92d3-d7eeb71ea10e', 'C82954A1-39D4-4012-86B3-6CAD42C2B399'),
('bb221511-68fe-4c55-bdc2-1f62b7f7d3c6', '9A1EA6DE-0149-42C3-B2A8-E1BFE7C62DF3'),
('a82566f1-03a8-4836-a240-78298f1e46e9', '6A4615D1-0E58-4206-B15E-708E48C1501C'),
('e98fd57f-fd1b-4b91-83d6-b900be165cd6', '0CBF59EA-8DCB-4A62-BE82-617153952B1D'),
('d3691ba5-3504-4886-bab6-2063be3cfa4c', '49993FA5-B4D5-4CBA-B448-7E2B70AFBDD4'),
('b4a4aecf-e796-41e3-8743-dfe48bf49733', 'C82954A1-39D4-4012-86B3-6CAD42C2B399'),
('89316191-a063-4f67-8b8e-3ec86a41eaff', '0CBF59EA-8DCB-4A62-BE82-617153952B1D'),
('acc3044a-5c1d-499e-8e4a-1fa61988d20f', 'E2E7B569-88B8-4BA6-8B60-3FAB42A6BCF5'),
('439a3164-cd69-4aa6-9c63-933e9600d726', '41586551-C098-4FF2-8DEB-45AE7EF64173'),
('445f9b78-9307-4d8b-946c-c5d8363d493c', 'C82954A1-39D4-4012-86B3-6CAD42C2B399'),
('26284543-a0c8-49a2-85ae-c1551529be29', '6F8F6E58-2A20-413C-90DF-8F665F9B1B8D'),
('4c5cc842-57b1-49d5-8c1d-bcef62ef36f2', '9A1EA6DE-0149-42C3-B2A8-E1BFE7C62DF3'),
('28ccc0f0-8a1e-4015-bd9b-ad1a9bd534bc', '9A1EA6DE-0149-42C3-B2A8-E1BFE7C62DF3'),
('30fc703b-b1fd-4df5-806e-0cf14cad167c', '6F8F6E58-2A20-413C-90DF-8F665F9B1B8D'),
('7408a031-8d0d-4730-b09e-887d8e4d09fc', 'E2E7B569-88B8-4BA6-8B60-3FAB42A6BCF5'),
('94af395b-e60f-4245-aa0d-23185de2226e', '9A1EA6DE-0149-42C3-B2A8-E1BFE7C62DF3'),
('409c60d8-4528-45e9-9b7b-f70c8c8c6348', '41586551-C098-4FF2-8DEB-45AE7EF64173'),
('273c4c87-acee-4a1b-a4ca-c936fbf16e3e', 'A7E19817-AB88-43A8-B460-237735089C9F'),
('aeb6c224-2175-4d43-903b-d31cfe49a539', '6F8F6E58-2A20-413C-90DF-8F665F9B1B8D'),
('9642f8dc-d6e5-4d11-bf64-bc2b68efa606', '6A4615D1-0E58-4206-B15E-708E48C1501C'),
('04d8e065-231a-4abe-bb7c-705ef3b42472', '6A4615D1-0E58-4206-B15E-708E48C1501C'),
('6d1021e3-d6c7-4662-a0ff-8adae04611b5', '6F8F6E58-2A20-413C-90DF-8F665F9B1B8D'),
('6ad49486-23a6-433c-8a38-a8853a1d43eb', 'A7E19817-AB88-43A8-B460-237735089C9F'),
('6d81d5c1-561a-462f-a180-bdee1abd2b45', '6A4615D1-0E58-4206-B15E-708E48C1501C'),
('7de50441-c07e-4f8f-bcf5-8c7b7acf7a75', '6F8F6E58-2A20-413C-90DF-8F665F9B1B8D'),
('c5d5e0fe-06a1-4f31-ac97-24b4844125ea', '99C88F92-A587-4110-8CBB-299EB2968727'),
('5bf4120c-ce89-4168-bfed-b66e1e06dc68', '6A4615D1-0E58-4206-B15E-708E48C1501C'),
('23b228f3-3ee9-48e0-bd2d-88ace6701e0a', '0CBF59EA-8DCB-4A62-BE82-617153952B1D'),
('d28aa129-0581-460e-baee-b32406ce1e2a', '9A1EA6DE-0149-42C3-B2A8-E1BFE7C62DF3'),
('017700a0-71a3-403c-961a-a4ed687534d0', 'E0AE7D37-0CBB-4722-9700-4C13A0BA6D3D'),
('c96ce8c6-aa1b-4664-a072-c73937f1b611', '99C88F92-A587-4110-8CBB-299EB2968727'),
('7565e740-896f-4dd2-996f-ce41c8752892', 'E2E7B569-88B8-4BA6-8B60-3FAB42A6BCF5'),
('cfe9fbfd-8442-419d-b97e-34c3f202cec2', '9A1EA6DE-0149-42C3-B2A8-E1BFE7C62DF3'),
('172fc04b-faae-423a-91c7-a3fe35ff6fc4', '8800EE29-7A1F-48AD-989C-7669FB278DEA'),
('f409aedd-cfa7-4fa1-91f4-fd855e3bb1c6', 'E2E7B569-88B8-4BA6-8B60-3FAB42A6BCF5'),
('14d50dc4-eb95-4987-a36d-8ccadd97aa7f', '99C88F92-A587-4110-8CBB-299EB2968727'),
('1ac0ed6c-1190-417e-998a-ca3f65d386b6', 'A7E19817-AB88-43A8-B460-237735089C9F'),
('bef93763-b672-4fe0-ae13-800d2d3bd23e', '8800EE29-7A1F-48AD-989C-7669FB278DEA'),
('235c4107-8c92-4d88-8ef3-a5531910d021', '6F8F6E58-2A20-413C-90DF-8F665F9B1B8D'),
('38cffdd7-fe9b-44ea-8a32-7880e4517e05', 'C82954A1-39D4-4012-86B3-6CAD42C2B399'),
('f226618a-4d71-4fe3-a900-0cbd2f69e1ee', '99C88F92-A587-4110-8CBB-299EB2968727'),
('792d2bbd-45f1-4d27-b9a7-c872c5e57cf8', '99C88F92-A587-4110-8CBB-299EB2968727'),
('e1c9a080-0de4-461f-a576-5412c2668690', '49993FA5-B4D5-4CBA-B448-7E2B70AFBDD4'),
('5cb1d33b-75c4-4081-9a8d-1912e8e4883a', '6F8F6E58-2A20-413C-90DF-8F665F9B1B8D'),
('f083ea22-749b-4b71-93cc-aaaea93d8b6b', '8800EE29-7A1F-48AD-989C-7669FB278DEA'),
('b399807a-a4f6-4bb6-a4a9-4c3dd945319e', '6A4615D1-0E58-4206-B15E-708E48C1501C'),
('47c4b9ce-657e-46e6-97b3-b43c11261982', '6F8F6E58-2A20-413C-90DF-8F665F9B1B8D'),
('c242de86-4bfb-4d53-9c5e-588c8d894cd3', '49993FA5-B4D5-4CBA-B448-7E2B70AFBDD4'),
('21cc93e7-0ea8-4349-826a-6e0fbb7a7dbc', 'A7E19817-AB88-43A8-B460-237735089C9F'),
('09969b05-b01f-4aa2-a799-30a253b4303f', '99C88F92-A587-4110-8CBB-299EB2968727'),
('299b42bd-19f2-4900-8037-195a0cee9154', '41586551-C098-4FF2-8DEB-45AE7EF64173'),
('2fe8dae8-144e-480b-9096-7d6b09fab45a', '99C88F92-A587-4110-8CBB-299EB2968727'),
('468ecfcc-0535-4e52-8800-6a90b9f80f5f', '41586551-C098-4FF2-8DEB-45AE7EF64173'),
('c0a7ed64-fd75-4a74-9f7d-4a5e69015314', '99C88F92-A587-4110-8CBB-299EB2968727'); 

INSERT INTO [FreelanceQuizQuestions] ([Id], [Type], [OfSkills], [Question], [Point]) VALUES
('f9ad7c78-9783-4fa4-8246-e78467608497', 'SingleChoice', '["CleaningService"]', N'Điện áp chuẩn của mạng điện xoay chiều trong gia đình là bao nhiêu?', 10),
('574ef8a8-75bf-41be-8af6-d8b5df12b301', 'SingleChoice', '["CleaningService","ShoppingService"]', N'Linh kiện nào điều khiển nhiệt độ trong tủ lạnh?', 10),
('54cd40d5-3222-4b45-8707-b4b4ee7efa1e', 'SingleChoice', '["ShoppingService","RepairingService","CleaningService"]', N'Thiết bị nào được sử dụng để đo điện trở?', 10),
('1cf592b7-2f7c-4478-a4ec-4bdf5cddb1e7', 'SingleChoice', '["CleaningService"]', N'Cách tốt nhất để xử lý thiết bị điện bị chập cháy là gì?', 10),
('8552a29d-4be9-4371-bd40-18a0d9d77560', 'SingleChoice', '["CleaningService","RepairingService"]', N'Công cụ nào được sử dụng để tháo lắp ốc vít?', 10),
('f5ea03e8-5bb9-4f8d-97fd-d0dc6639bac0', 'SingleChoice', '["ShoppingService","RepairingService","CleaningService"]', N'Linh kiện nào điều khiển tốc độ quay của máy giặt?', 10),
('52b51704-ccca-46c2-a6ac-6a3d0af250d5', 'SingleChoice', '["ShoppingService"]', N'Nguyên nhân phổ biến gây ra sự cố máy hút bụi?', 10),
('a0a22c6b-881e-4973-b3d7-5195196874e7', 'SingleChoice', '["RepairingService","ShoppingService"]', N'Thiết bị nào được sử dụng để kiểm tra sự liên tục của mạch điện?', 10),
('b1c8a8f1-4099-4f0f-bf98-f0daa651227d', 'SingleChoice', '["ShoppingService","RepairingService","CleaningService"]', N'Biện pháp an toàn nào cần thực hiện trước khi sửa chữa thiết bị điện?', 10),
('584dd8d7-d890-41ab-b1dd-2c11ef51ef72', 'SingleChoice', '["CleaningService"]', N'Nguyên nhân gây ra sự cố máy sấy quần áo không hoạt động?', 10),
('7255aa9b-188c-4f8c-8121-e03ab01d8750', 'SingleChoice', '["RepairingService","ShoppingService"]', N'Công cụ nào được sử dụng để đo điện áp?', 10),
('493bbd34-b265-4404-af12-497b82363431', 'SingleChoice', '["ShoppingService","CleaningService"]', N'Biện pháp an toàn nào cần thực hiện khi sửa chữa thiết bị điện ở độ cao?', 10),
('e8bcf18a-b6f5-419d-9068-cb8f86c76b1b', 'SingleChoice', '["RepairingService","ShoppingService"]', N'Nguyên nhân gây ra sự cố lò vi sóng không hoạt động?', 10),
('3f9aa2ba-6756-4170-bbd3-b286408b85e1', 'SingleChoice', '["CleaningService","RepairingService","ShoppingService"]', N'Công cụ nào được sử dụng để đo dòng điện?', 10),
('b7adf379-73ec-4339-b9f6-be0d14d19c12', 'SingleChoice', '["RepairingService","CleaningService","ShoppingService"]', N'Nguyên nhân gây ra sự cố máy gia đình phát ra tiếng ồn lớn?', 10),
('1876f12a-e4a5-4e3a-950e-18f494c55704', 'SingleChoice', '["RepairingService","ShoppingService","CleaningService"]', N'Công cụ nào được sử dụng để kiểm tra liên tục của mạch?', 10),
('eaefdc10-9308-4a4c-8b07-e6d1d5cf237e', 'SingleChoice', '["ShoppingService","RepairingService"]', N'Nguyên nhân gây ra sự cố máy ép trái cây không hoạt động?', 10),
('15f33938-fed7-4980-a897-e1108325385e', 'SingleChoice', '["RepairingService","CleaningService"]', N'Biện pháp an toàn nào cần thực hiện khi sửa chữa thiết bị điện ở khu vực hẹp?', 10),
('685f6ce3-79f3-43c0-99b9-68a3f59ce798', 'SingleChoice', '["CleaningService","RepairingService"]', N'Nguyên nhân gây ra sự cố quạt điện không hoạt động?', 10),
('09a268db-84be-4ca8-be46-c7f4a6318362', 'SingleChoice', '["RepairingService","ShoppingService"]', N'Công cụ nào được sử dụng để kiểm tra điện áp xoay chiều?', 10),
('4ab17612-a54f-41f6-afe7-f6fc78299bc0', 'SingleChoice', '["ShoppingService"]', N'Nguyên nhân gây ra sự cố bàn ủi hơi nước không phun hơi nước?', 10),
('12faa378-5dfa-4765-b1f8-32cb50401774', 'SingleChoice', '["RepairingService"]', N'Biện pháp an toàn nào cần thực hiện khi sửa chữa thiết bị điện ở môi trường ẩm ướt?', 10),
('44e3b0c1-72a4-4f72-ba3a-029ec2a98a87', 'SingleChoice', '["RepairingService"]', N'Nguyên nhân gây ra sự cố máy làm bánh mì không nướng được?', 10),
('ffccb714-e89c-4550-8499-e1c33bede8a8', 'SingleChoice', '["ShoppingService"]', N'Công cụ nào được sử dụng để đo công suất điện?', 10),
('34b4784e-146f-4ce7-b5d0-8cdc14f23b32', 'SingleChoice', '["CleaningService","ShoppingService"]', N'Nguyên nhân gây ra sự cố máy hút khói không hoạt động?', 10),
('12754458-67a1-46df-b8a2-dd42a7cd4af6', 'SingleChoice', '["CleaningService","ShoppingService"]', N'Công cụ nào được sử dụng để phát hiện sự rò rỉ điện?', 10),
('985af519-bc0b-4378-872f-6b3906a01527', 'SingleChoice', '["ShoppingService"]', N'Nguyên nhân gây ra sự cố đèn chiếu sáng không sáng?', 10),
('13032028-5ead-49ab-aa71-3877ad77483e', 'SingleChoice', '["CleaningService"]', N'Biện pháp an toàn nào cần thực hiện khi sửa chữa thiết bị điện ở nơi tối?', 10),
('233ec73e-e14a-4610-bbf6-2ed3fd9e6825', 'SingleChoice', '["CleaningService","ShoppingService","RepairingService"]', N'Nguyên nhân gây ra sự cố máy rửa bát không xả nước?', 10),
('9b05947e-ccf0-4f59-8bc7-3fa521357851', 'SingleChoice', '["RepairingService","CleaningService","ShoppingService"]', N'Công cụ nào được sử dụng để kiểm tra liên tục của mạch điện?', 10),
('a58ebe99-59a2-4a67-9a3f-285f0e45e3a5', 'SingleChoice', '["RepairingService","ShoppingService"]', N'Nguyên nhân gây ra sự cố máy xay sinh tố không hoạt động?', 10),
('80f18782-5e7c-493e-afa0-7e9ce11decad', 'SingleChoice', '["CleaningService","ShoppingService","RepairingService"]', N'Biện pháp an toàn nào cần thực hiện khi sửa chữa thiết bị điện ở nơi có nhiều bụi bẩn?', 10),
('7c608e7d-2c72-4a5b-8750-01eed36bee5d', 'SingleChoice', '["CleaningService"]', N'Nguyên nhân gây ra sự cố máy hút mùi không hoạt động?', 10),
('df61e688-a792-4411-9fa4-6379ef70f41f', 'SingleChoice', '["CleaningService","RepairingService","ShoppingService"]', N'Công cụ nào được sử dụng để đo điện trở của mạch điện?', 10),
('8b690b06-cafd-4197-99ec-658dab534ef3', 'SingleChoice', '["RepairingService","ShoppingService","CleaningService"]', N'Nguyên nhân gây ra sự cố máy sấy tóc không hoạt động?', 10),
('7d697797-bbee-403e-b361-bfe0ffe75e46', 'SingleChoice', '["ShoppingService"]', N'Biện pháp an toàn nào cần thực hiện khi sửa chữa thiết bị điện ở nơi có nguy cơ bị điện giật?', 10),
('15bf7719-fb7e-442e-a326-8cc058071b7a', 'SingleChoice', '["RepairingService","ShoppingService"]', N'Nguyên nhân gây ra sự cố máy ép nước cam không hoạt động?', 10),
('aea98d40-4d53-43b0-a811-628432de9215', 'SingleChoice', '["CleaningService"]', N'Công cụ nào được sử dụng để phát hiện điện áp xoay chiều?', 10),
('e30cb8f7-a9ed-4494-83fe-3cddcb7185cd', 'SingleChoice', '["ShoppingService","RepairingService","CleaningService"]', N'Nguyên nhân gây ra sự cố máy làm mát không hoạt động?', 10),
('5f5019a2-ed39-4e95-b75c-e4bc9ae2c37d', 'SingleChoice', '["ShoppingService","RepairingService"]', N'Biện pháp an toàn nào cần thực hiện khi sửa chữa thiết bị điện có nguy cơ bị điện giật cao?', 10),
('2aca8569-9dd9-4dc5-a267-559baa586780', 'SingleChoice', '["CleaningService","RepairingService","ShoppingService"]', N'Nguyên nhân gây ra sự cố máy pha cà phê không hoạt động?', 10),
('19a7bd13-5f42-4f25-a5c5-e40dcfd4a152', 'SingleChoice', '["CleaningService","ShoppingService"]', N'Công cụ nào được sử dụng để phát hiện điện áp một chiều?', 10),
('87ac2657-91af-41db-b788-fc54d931df76', 'SingleChoice', '["RepairingService"]', N'Nguyên nhân gây ra sự cố máy nướng bánh mì không hoạt động?', 10),
('d3da483a-2f50-47af-9b30-f2408b162615', 'SingleChoice', '["RepairingService"]', N'Biện pháp an toàn nào cần thực hiện khi sửa chữa thiết bị điện ở nơi có nguy cơ cháy nổ?', 10),
('330d5d41-1e7d-409e-833d-f30417812e87', 'SingleChoice', '["CleaningService","ShoppingService"]', N'Nguyên nhân gây ra sự cố máy trộn bột không hoạt động?', 10),
('f3064faf-257d-4204-a2d7-0427e79e9e48', 'SingleChoice', '["ShoppingService"]', N'Công cụ nào được sử dụng để kiểm tra sự liên tục của mạch điện?', 10),
('db5c6b22-9a7a-4ecf-a36f-7ab1cc62431d', 'SingleChoice', '["CleaningService"]', N'Nguyên nhân gây ra sự cố máy hút khói/mùi không hoạt động?', 10),
('e55e505b-4590-402b-ab16-1e6574efedb8', 'SingleChoice', '["CleaningService","RepairingService","ShoppingService"]', N'Biện pháp an toàn nào cần thực hiện khi sửa chữa thiết bị điện ở nơi có nguy cơ bị giật điện cao?', 10),
('570e323b-d24f-49c9-af48-a6e6a49f58c5', 'SingleChoice', '["CleaningService","ShoppingService","RepairingService"]', N'Nguyên nhân gây ra sự cố máy chà sàn không hoạt động?', 10),
('3ab0e9a1-e0a6-4a32-aa8d-78640775f6a4', 'SingleChoice', '["CleaningService"]', N'Công cụ nào được sử dụng để phát hiện sự cố trong mạch điện?', 10),
('91cf929a-8415-4c7a-a73b-80f82fcb3507', 'SingleChoice', '["CleaningService","ShoppingService","RepairingService"]', N'Nguyên nhân gây ra sự cố máy đánh trứng không hoạt động?', 10),
('ab349abf-dbb9-4529-96cd-324878dd27cb', 'SingleChoice', '["RepairingService"]', N'Biện pháp an toàn nào cần thực hiện khi sửa chữa thiết bị điện ở nơi có nguy cơ bị điện giật cao?', 10),
('7adee1cd-4bec-4fe6-9a45-57a95a39d967', 'SingleChoice', '["CleaningService","ShoppingService"]', N'Nguyên nhân gây ra sự cố máy hút bụi không hoạt động?', 10),
('cb734f80-2e0d-4e63-8788-88fea5d904d0', 'SingleChoice', '["ShoppingService","RepairingService"]', N'Công cụ nào được sử dụng để phát hiện sự rò rỉ điện trong mạch?', 10),
('d4531acc-1955-4463-9c4d-897ab7cd9e52', 'SingleChoice', '["ShoppingService","CleaningService","RepairingService"]', N'Nguyên nhân gây ra sự cố máy vắt ly tâm không hoạt động?', 10),
('da339305-9b9e-4c8c-9efd-591dfc69321a', 'SingleChoice', '["RepairingService"]', N'Biện pháp an toàn nào cần thực hiện khi sửa chữa thiết bị điện ở nơi có nguy cơ cháy nổ cao?', 10),
('efeaa8c2-9eae-40c2-9561-628b82592610', 'SingleChoice', '["RepairingService","CleaningService","ShoppingService"]', N'Nguyên nhân gây ra sự cố máy sấy quần áo không hoạt động?', 10),
('84e71fd7-e1e9-47f5-98a8-3492897f63d6', 'SingleChoice', '["ShoppingService","CleaningService","RepairingService"]', N'Công cụ nào được sử dụng để kiểm tra sự hoạt động của mạch điện?', 10),
('18d2df4e-a1bb-4d25-80a8-e5d30a8eff3a', 'SingleChoice', '["ShoppingService"]', N'Nguyên nhân gây ra sự cố máy xay thịt không hoạt động?', 10),
('757e5236-499f-46cb-b9bf-9f88984c13c3', 'SingleChoice', '["RepairingService","ShoppingService"]', N'Biện pháp an toàn nào cần thực hiện khi sửa chữa thiết bị điện ở nơi có nguy cơ cháy nổ cao?', 10),
('84651fc9-bbc9-454e-95d7-efb14ca8c938', 'SingleChoice', '["ShoppingService","RepairingService","CleaningService"]', N'Nguyên nhân gây ra sự cố máy ép trái cây không hoạt động?', 10),
('335ac142-f047-4cc0-b90d-7e3798a5b472', 'SingleChoice', '["ShoppingService"]', N'Công cụ nào được sử dụng để kiểm tra sự rò rỉ điện trong hệ thống điện?', 10),
('cf1de590-26df-4981-9feb-06554bd2ed95', 'SingleChoice', '["CleaningService","ShoppingService","RepairingService"]', N'Nguyên nhân gây ra sự cố máy ép nước cam không hoạt động?', 10),
('8e40d723-06bf-4c1c-be1b-5cbabf5d6e68', 'SingleChoice', '["ShoppingService","RepairingService"]', N'Biện pháp an toàn nào cần thực hiện khi sửa chữa thiết bị điện ở nơi có nguy cơ bị điện giật cao?', 10),
('1272fef9-6628-439d-b019-42cfef7072a1', 'SingleChoice', '["ShoppingService","RepairingService"]', N'Nguyên nhân gây ra sự cố máy gia đình không khởi động được?', 10),
('e166fd0b-59b5-4c2c-80c0-7772e3cbcc86', 'SingleChoice', '["CleaningService"]', N'Công cụ nào được sử dụng để phát hiện sự cố trong mạch điện?', 10),
('bab3d522-106e-4260-b615-af1e3ea48eba', 'SingleChoice', '["CleaningService"]', N'Nguyên nhân gây ra sự cố máy pha cà phê không hoạt động?', 10),
('d8fe92ce-da9e-4755-a498-e66425801999', 'SingleChoice', '["ShoppingService","CleaningService"]', N'Biện pháp an toàn nào cần thực hiện khi sửa chữa thiết bị điện ở nơi có nguy cơ bị điện giật cao?', 10),
('931831a8-135d-4eaf-9ddc-fc0ad9608938', 'SingleChoice', '["CleaningService","ShoppingService","RepairingService"]', N'Nguyên nhân gây ra sự cố máy đánh trứng không hoạt động?', 10),
('035dabe4-6d4a-45e6-9813-83afd43b8ea9', 'SingleChoice', '["ShoppingService","RepairingService"]', N'Công cụ nào được sử dụng để kiểm tra sự rò rỉ điện trong hệ thống điện?', 10),
('d3661698-718c-43c0-a48f-2aea6c22e70b', 'SingleChoice', '["CleaningService","RepairingService","ShoppingService"]', N'Nguyên nhân gây ra sự cố máy làm đá không hoạt động?', 10),
('d3a55816-c1e1-4b88-9a67-3eba5c37d09a', 'SingleChoice', '["CleaningService"]', N'Biện pháp an toàn nào cần thực hiện khi sửa chữa thiết bị điện ở nơi có nguy cơ bị điện giật cao?', 10),
('5e676c1a-dc51-4aed-892d-3b9f83850dd5', 'SingleChoice', '["ShoppingService"]', N'Nguyên nhân gây ra sự cố máy xay sinh tố không hoạt động?', 10),
('3b275958-975c-4c1c-8931-1f5ea7bb69a7', 'SingleChoice', '["ShoppingService","RepairingService"]', N'Công cụ nào được sử dụng để đo dòng điện xoay chiều?', 10),
('8d089b78-6327-48f3-abb1-84809b1f63d0', 'SingleChoice', '["ShoppingService"]', N'Nguyên nhân gây ra sự cố máy gia đình phát ra tiếng ồn lớn?', 10),
('794aae68-74ca-4956-b444-307b7ddd99db', 'SingleChoice', '["ShoppingService"]', N'Biện pháp an toàn nào cần thực hiện khi sửa chữa thiết bị điện ở nơi có nguy cơ giật điện cao?', 10),
('ea1049dd-b3a0-435d-ac2a-56415d12f729', 'SingleChoice', '["CleaningService","RepairingService"]', N'Nguyên nhân gây ra sự cố máy hút mùi không hoạt động?', 10),
('ac6b48c5-9cd2-4729-8e20-89b3f41c097a', 'SingleChoice', '["CleaningService","ShoppingService"]', N'Công cụ nào được sử dụng để kiểm tra sự hoạt động của mạch điện?', 10),
('7c9d1a34-3f09-44f1-a8f3-fd85bfa361c8', 'SingleChoice', '["ShoppingService","CleaningService","RepairingService"]', N'Nguyên nhân gây ra sự cố máy hút bụi không hoạt động?', 10),
('53bf484f-df17-4740-9abb-2db57fc5ede8', 'SingleChoice', '["CleaningService","RepairingService"]', N'Biện pháp an toàn nào cần thực hiện khi sửa chữa thiết bị điện ở nơi có nguy cơ cháy nổ cao?', 10),
('476449a3-2f4e-4040-b8cb-da9c8b1c2a0e', 'SingleChoice', '["ShoppingService","RepairingService"]', N'Dung dịch nào được sử dụng để làm sạch bề mặt bằng gỗ?', 10),
('4549e02b-75db-41d1-b723-264b52d72dd1', 'SingleChoice', '["ShoppingService"]', N'Cách nào là tốt nhất để loại bỏ vết bẩn cứng đầu trên sàn nhà?', 10),
('9d7f0e14-9dae-4bbc-b261-065d8cb28d0b', 'SingleChoice', '["CleaningService","RepairingService"]', N'Khi dọn dẹp phòng tắm, bạn nên lau chùi theo thứ tự nào?', 10),
('05f73c76-2200-425c-8d1b-7ea279466eda', 'SingleChoice', '["RepairingService"]', N'Cách nào là hiệu quả nhất để làm sạch bếp từ?', 10),
('4789e8c6-ee90-4163-87e5-e5ac7c189c3a', 'SingleChoice', '["RepairingService","CleaningService","ShoppingService"]', N'Khi làm sạch tủ lạnh, bạn nên thực hiện những bước nào?', 10),
('f0f5fb66-f93b-4a5c-987c-6b49e9fdc270', 'SingleChoice', '["ShoppingService"]', N'Cách nào là tốt nhất để làm sạch thảm trải sàn?', 10),
('3f0df54c-b2cd-473f-9991-e1885b054898', 'SingleChoice', '["ShoppingService","CleaningService"]', N'Làm thế nào để làm sạch vết bẩn trên tường?', 10),
('f4c97306-66c5-4bd7-ae6a-85e37c3d7aef', 'SingleChoice', '["ShoppingService","RepairingService"]', N'Cách nào là tốt nhất để làm sạch sàn gỗ?', 10),
('e61b977c-c640-4bc2-b12c-b34fafb846d8', 'SingleChoice', '["ShoppingService"]', N'Cách nào là hiệu quả nhất để làm sạch kính?', 10),
('dab8b2b9-cab1-40a3-995d-05b5a20a9c26', 'SingleChoice', '["CleaningService","ShoppingService"]', N'Làm thế nào để làm sạch bàn ghế bọc nỉ?', 10),
('de037e3d-b893-4a77-a19a-0cace01bcb73', 'SingleChoice', '["RepairingService","CleaningService"]', N'Cách nào là tốt nhất để làm sạch lò vi sóng?', 10),
('650cdfc4-cf07-4b0a-94fa-032c3f653d36', 'SingleChoice', '["RepairingService"]', N'Làm thế nào để làm sạch rèm cửa?', 10),
('6e7f4663-09ea-43dc-8ac8-464e32d228dc', 'SingleChoice', '["ShoppingService"]', N'Làm thế nào để làm sạch đồ dùng trong nhà bếp?', 10),
('c44e2bb6-0ba8-455e-9539-6f5f6cc678c8', 'SingleChoice', '["ShoppingService","CleaningService","RepairingService"]', N'Cách nào là hiệu quả nhất để làm sạch đồ gỗ?', 10),
('dd077ca8-f8c3-44ce-893d-bdb55362067e', 'SingleChoice', '["ShoppingService","CleaningService"]', N'Khi làm sạch khu vực xung quanh bồn rửa, bạn nên bắt đầu từ đâu?', 10),
('abdc512b-bbf5-43dd-9455-4bbd8cf34799', 'SingleChoice', '["CleaningService","ShoppingService"]', N'Cách nào là tốt nhất để làm sạch vết dầu mỡ trên bếp từ?', 10),
('462dbd56-2355-4e59-9097-bb78f8d7b28a', 'SingleChoice', '["CleaningService","RepairingService","ShoppingService"]', N'Làm thế nào để làm sạch đồ trang sức bằng bạc?', 10),
('132f20ed-a840-4333-85f0-3ae48ca25bd4', 'SingleChoice', '["CleaningService","ShoppingService"]', N'Tỷ lệ khuyến nghị giữa thuốc tẩy và nước để khử trùng bề mặt là gì?', 10),
('4a5788e1-21da-4492-8a63-dbaeb0c71c1d', 'SingleChoice', '["ShoppingService"]', N'Cách nào là hiệu quả nhất để làm sạch sàn gạch men?', 10),
('49b286ce-5dd5-476d-a349-605515ed1da2', 'SingleChoice', '["CleaningService","RepairingService","ShoppingService"]', N'Cách nào là tốt nhất để làm sạch vết bẩn cứng đầu trên tường?', 10),
('d399bdac-6771-4dd5-bc03-ad79fd32c48d', 'SingleChoice', '["ShoppingService","RepairingService","CleaningService"]', N'Cách nào là tốt nhất để làm sạch đồ trang sức bằng vàng?', 10),
('559e4785-56c9-4e26-9c4a-666c0f2b86d2', 'SingleChoice', '["CleaningService","ShoppingService"]', N'Làm thế nào để làm sạch đồ gốm sứ?', 10),
('98cfc4a3-daf1-4577-9a25-499eb9273c80', 'SingleChoice', '["RepairingService","CleaningService"]', N'Cách nào là tốt nhất để làm sạch vết bẩn trên đệm giường?', 10),
('448a0d61-5bfd-40f0-bd1f-93d54623504b', 'SingleChoice', '["CleaningService","RepairingService"]', N'Cách nào là hiệu quả nhất để làm sạch bồn tắm?', 10),
('a8b88549-eee0-4f1a-b9b9-b552faaf46a0', 'SingleChoice', '["CleaningService","ShoppingService","RepairingService"]', N'Cách nào là tốt nhất để làm sạch đồ bằng da?', 10),
('b4038314-03b5-4e17-8f33-0e75cb9664e0', 'SingleChoice', '["RepairingService","CleaningService"]', N'Khi dọn dẹp phòng ngủ, bạn nên làm việc theo thứ tự nào?', 10),
('3d63eee0-1e1b-437b-b458-78438beb3448', 'SingleChoice', '["ShoppingService"]', N'Cách nào là hiệu quả nhất để làm sạch khu vực nhà bếp?', 10),
('4b86c573-8838-4634-964d-818dbfb8a99b', 'SingleChoice', '["RepairingService","ShoppingService"]', N'Làm thế nào để làm sạch đồ trang sức bằng đá quý?', 10),
('670b4325-be7f-4e48-a71a-e98783c7128a', 'SingleChoice', '["ShoppingService","CleaningService","RepairingService"]', N'Cách nào là tốt nhất để làm sạch đồ trang sức bằng ngọc trai?', 10),
('232b7066-73c3-4630-87db-e2cc5b4a935b', 'SingleChoice', '["ShoppingService"]', N'Cách nào là hiệu quả nhất để làm sạch vết bẩn trên thảm trải sàn?', 10),
('66c57575-245e-4f4f-b2fe-139c643ce4e4', 'SingleChoice', '["ShoppingService"]', N'Cách nào là tốt nhất để làm sạch bồn vệ sinh?', 10),
('be9f7958-9acf-4527-9df3-5b3b4cc66424', 'SingleChoice', '["RepairingService"]', N'Cách nào là hiệu quả nhất để làm sạch đồ dùng bằng nhựa?', 10),
('3fff3fc1-f74f-4fee-9ea0-5b06016ba89b', 'SingleChoice', '["CleaningService","ShoppingService","RepairingService"]', N'Khi dọn dẹp phòng khách, bạn nên bắt đầu từ đâu?', 10),
('f6677447-e353-47b0-9e30-8928d05c56c8', 'SingleChoice', '["CleaningService","RepairingService"]', N'Cách nào là tốt nhất để làm sạch đồ dùng bằng kim loại?', 10); 

INSERT INTO [FreelanceQuizAnswers] ([Id], [Answer], [IsCorrect], [QuestionId]) VALUES
('a0c777a5-5d50-4373-b44c-ebc9b5d84652', '110V', 0, 'f9ad7c78-9783-4fa4-8246-e78467608497'),
('63679f7f-3530-4a01-a252-01cb35d6ece2', '220V', 1, 'f9ad7c78-9783-4fa4-8246-e78467608497'),
('fa49de77-1e30-4002-b916-292191a7920f', '380V', 0, 'f9ad7c78-9783-4fa4-8246-e78467608497'),
('721fcaf1-5add-46b5-8d96-14fe6f8b4fde', '500V', 0, 'f9ad7c78-9783-4fa4-8246-e78467608497'),
('c817c33f-c3e5-4a04-b909-e1bc861686c5', N'Máy nén', 0, '574ef8a8-75bf-41be-8af6-d8b5df12b301'),
('53696fa4-e9f3-4485-8636-1f846fdd4bfe', N'Quạt tản nhiệt', 0, '574ef8a8-75bf-41be-8af6-d8b5df12b301'),
('15973c2f-baa6-4f9f-8324-eebf1b6d71ce', 'Termostat', 1, '574ef8a8-75bf-41be-8af6-d8b5df12b301'),
('40b76bc9-915b-476f-8e9f-cd1e46c3ad68', N'Đồng hồ đo nhiệt độ', 0, '574ef8a8-75bf-41be-8af6-d8b5df12b301'),
('84b6f008-af72-44cb-ad62-f16c34eb83a4', N'Ampe kế', 0, '54cd40d5-3222-4b45-8707-b4b4ee7efa1e'),
('a689e99c-2485-449d-80d2-9c39d00dab7d', N'Vôn kế', 0, '54cd40d5-3222-4b45-8707-b4b4ee7efa1e'),
('2611bdba-17b3-4b3d-ad39-892d022aa0f0', N'Đồng hồ vạn năng', 1, '54cd40d5-3222-4b45-8707-b4b4ee7efa1e'),
('b2040b20-2825-4c4e-867e-593a6ee68ab4', N'Đồng hồ đo công suất', 0, '54cd40d5-3222-4b45-8707-b4b4ee7efa1e'),
('22d97ce3-f407-4319-92d3-2a6641f9f462', N'Dập lửa bằng nước', 0, '1cf592b7-2f7c-4478-a4ec-4bdf5cddb1e7'),
('e3ca735e-f42a-46ee-aa28-12b3606ee798', N'Ngắt điện và sử dụng bình chữa cháy', 1, '1cf592b7-2f7c-4478-a4ec-4bdf5cddb1e7'),
('1925b00d-69f9-4c94-b5a7-ca65eed5173a', N'Tiếp tục sử dụng thiết bị', 0, '1cf592b7-2f7c-4478-a4ec-4bdf5cddb1e7'),
('31abfb20-d874-4d4f-a900-1fd846c1ced6', N'Thổi để dập tắt lửa', 0, '1cf592b7-2f7c-4478-a4ec-4bdf5cddb1e7'),
('b4793201-6eb8-4ce2-b496-5f0e5275ce8e', N'Kìm', 0, '8552a29d-4be9-4371-bd40-18a0d9d77560'),
('8f71f7dd-81ff-4c16-80b5-4e5737d516f9', N'Tuốc nơ vít', 1, '8552a29d-4be9-4371-bd40-18a0d9d77560'),
('6b6b82fd-89f3-405f-ae13-34fe693c1a34', N'Búa', 0, '8552a29d-4be9-4371-bd40-18a0d9d77560'),
('e064ce03-f986-4b40-ba6a-658f77a8de2f', N'Kéo', 0, '8552a29d-4be9-4371-bd40-18a0d9d77560'),
('f6bf508b-5724-4ab2-9e92-e6d4abe61c3d', N'Mô tơ', 0, 'f5ea03e8-5bb9-4f8d-97fd-d0dc6639bac0'),
('783a3bbc-5906-41c9-b65d-ec07a4d492e2', N'Biến tần', 1, 'f5ea03e8-5bb9-4f8d-97fd-d0dc6639bac0'),
('32f2df56-8421-4775-99e0-03a192b1392b', N'Bơm nước', 0, 'f5ea03e8-5bb9-4f8d-97fd-d0dc6639bac0'),
('3a89c033-5865-4d3e-93a5-01b454fdbde0', N'Đồng hồ bấm giờ', 0, 'f5ea03e8-5bb9-4f8d-97fd-d0dc6639bac0'),
('0a836ac6-fa84-410c-a69a-99433e6b0ee3', N'Túi chứa đầy bụi', 1, '52b51704-ccca-46c2-a6ac-6a3d0af250d5'),
('5ca2d626-a5d1-4f11-9f22-2997b4e2cff1', N'Mô tơ bị quá tải', 0, '52b51704-ccca-46c2-a6ac-6a3d0af250d5'),
('ad2e813a-88dc-4a14-acdd-dc074ed28fb1', N'Dây điện bị đứt', 0, '52b51704-ccca-46c2-a6ac-6a3d0af250d5'),
('849d0b7b-9687-4085-8850-c012064aefc0', N'Thiếu dầu bôi trơn', 0, '52b51704-ccca-46c2-a6ac-6a3d0af250d5'),
('bf3f8191-6367-4970-bdc6-38fe8d352dbc', N'Đồng hồ vạn năng', 0, 'a0a22c6b-881e-4973-b3d7-5195196874e7'),
('2d137bdd-ef07-467b-92b1-cf2b069364f0', N'Máy đo ESD', 0, 'a0a22c6b-881e-4973-b3d7-5195196874e7'),
('40243100-2eb5-4bd7-8314-5b8ef6294d07', N'Máy kiểm tra liên tục', 1, 'a0a22c6b-881e-4973-b3d7-5195196874e7'),
('19bfbb03-55c6-4a90-8790-2ab4f17395c0', N'Ampe kế', 0, 'a0a22c6b-881e-4973-b3d7-5195196874e7'),
('39ae6141-b220-4c89-8124-ef732f9ca6c5', N'Ngắt nguồn điện', 1, 'b1c8a8f1-4099-4f0f-bf98-f0daa651227d'),
('28ae6d73-e823-42e8-9a36-c909b4355598', N'Mở nắp thiết bị', 0, 'b1c8a8f1-4099-4f0f-bf98-f0daa651227d'),
('912bab08-357c-4559-8ea8-4b6883671ed7', N'Kiểm tra bằng mắt thường', 0, 'b1c8a8f1-4099-4f0f-bf98-f0daa651227d'),
('683f008a-7a3b-4a8e-9129-a3c669ebe734', N'Căng dây điện', 0, 'b1c8a8f1-4099-4f0f-bf98-f0daa651227d'),
('dc2ad338-8e96-4055-8008-4d434a03dcb9', N'Quạt thông gió bị kẹt', 0, '584dd8d7-d890-41ab-b1dd-2c11ef51ef72'),
('26d229ba-e70c-4859-a4b4-081eb6547e82', N'Rơ le nhiệt độ bị hỏng', 1, '584dd8d7-d890-41ab-b1dd-2c11ef51ef72'),
('e033e1a9-e732-474c-820b-592aa6f0d2c1', N'Cửa không đóng kín', 0, '584dd8d7-d890-41ab-b1dd-2c11ef51ef72'),
('c78423fe-0996-47de-9e43-2db0065c6d76', N'Dây giũ quần áo bị rơi ra', 0, '584dd8d7-d890-41ab-b1dd-2c11ef51ef72'),
('370760f0-0ad0-44ca-af45-a923eed1644d', N'Ampe kế', 0, '7255aa9b-188c-4f8c-8121-e03ab01d8750'),
('420c248c-f7c1-46b8-b327-0f49676509ac', N'Vôn kế', 1, '7255aa9b-188c-4f8c-8121-e03ab01d8750'),
('2e2fba18-8a11-4e03-aa9d-af9b1f3cfa3b', N'Máy đo ESD', 0, '7255aa9b-188c-4f8c-8121-e03ab01d8750'),
('cd4d083f-1fb2-4800-9241-5ff2cd0f5775', N'Máy kiểm tra liên tục', 0, '7255aa9b-188c-4f8c-8121-e03ab01d8750'),
('3f8b578c-1d34-45d3-8728-61dda3899280', N'Sử dụng thang hoặc giàn giáo an toàn', 1, '493bbd34-b265-4404-af12-497b82363431'),
('cc8b015c-e1fb-4310-a54d-ee1147cbb874', N'Đứng trên ghế', 0, '493bbd34-b265-4404-af12-497b82363431'),
('15c41e8c-6445-46a0-9a3e-7a8ccc4ab7d1', N'Không cần biện pháp an toàn gì', 0, '493bbd34-b265-4404-af12-497b82363431'),
('f7eaf7ae-2470-40e3-baf6-e5933926c401', N'Sử dụng dây an toàn', 0, '493bbd34-b265-4404-af12-497b82363431'),
('c423709d-49f2-4975-9277-ed74bfa87de6', N'Đĩa xoay bị kẹt', 0, 'e8bcf18a-b6f5-419d-9068-cb8f86c76b1b'),
('675717f7-baf9-4664-999f-55a4e73323f8', N'Cuộn từ bị hỏng', 1, 'e8bcf18a-b6f5-419d-9068-cb8f86c76b1b'),
('58f0d3e0-e3b8-4922-a574-ee7e1438695e', N'Đèn chiếu sáng bị hỏng', 0, 'e8bcf18a-b6f5-419d-9068-cb8f86c76b1b'),
('031e0a65-86a8-4b8a-8bdc-5b7e8be8d305', N'Núm điều khiển bị gãy', 0, 'e8bcf18a-b6f5-419d-9068-cb8f86c76b1b'),
('99b180d8-3dd4-4c1a-8947-c629def5e950', N'Ampe kế', 1, '3f9aa2ba-6756-4170-bbd3-b286408b85e1'),
('a6655734-ac9d-4d2c-9079-35e23a935d6f', N'Vôn kế', 0, '3f9aa2ba-6756-4170-bbd3-b286408b85e1'),
('65cba835-3fb0-45f5-8103-ed11648ba1a8', N'Đồng hồ vạn năng', 0, '3f9aa2ba-6756-4170-bbd3-b286408b85e1'),
('5179405f-3a41-4382-9be8-299c376cb892', N'Máy đo ESD', 0, '3f9aa2ba-6756-4170-bbd3-b286408b85e1'),
('647ffe01-1d33-4453-9ee7-a4504c0897df', N'Lỏng ốc vít', 0, 'b7adf379-73ec-4339-b9f6-be0d14d19c12'),
('ae35bf1f-ebac-43cc-a587-7c76ffbee408', N'Quạt tản nhiệt bị hỏng', 0, 'b7adf379-73ec-4339-b9f6-be0d14d19c12'),
('a7397b04-5ff1-473d-aec4-dcc3ef82195b', N'Gỉ sét hoặc rung động', 1, 'b7adf379-73ec-4339-b9f6-be0d14d19c12'),
('40ed9f1d-d030-4a0e-a246-e82c57a16aaf', N'Dây điện bị đứt', 0, 'b7adf379-73ec-4339-b9f6-be0d14d19c12'),
('f96af400-f7af-4334-93eb-b459c75470bb', N'Ampe kế', 0, '1876f12a-e4a5-4e3a-950e-18f494c55704'),
('c7359d16-4445-4b63-8ba7-913204dd496a', N'Vôn kế', 0, '1876f12a-e4a5-4e3a-950e-18f494c55704'),
('26d58907-e262-4fb0-ba0f-38a477f5d343', N'Đồng hồ vạn năng', 0, '1876f12a-e4a5-4e3a-950e-18f494c55704'),
('fd19d337-9e34-4e0f-8144-2f782909a250', N'Máy kiểm tra liên tục', 1, '1876f12a-e4a5-4e3a-950e-18f494c55704'),
('054b2526-0e1d-49f3-809d-9f9f76441bcf', N'Lưỡi dao bị mòn', 0, 'eaefdc10-9308-4a4c-8b07-e6d1d5cf237e'),
('ba6b07cd-7f59-4110-b2c8-91407cd009a6', N'Núm điều khiển bị gãy', 0, 'eaefdc10-9308-4a4c-8b07-e6d1d5cf237e'),
('369c33bf-493d-49f6-964a-51830db9da80', N'Rơ le bảo vệ quá tải', 1, 'eaefdc10-9308-4a4c-8b07-e6d1d5cf237e'),
('3b317174-8e46-4834-bca5-54d5c5086d4f', N'Chậu đựng nước bị rò rỉ', 0, 'eaefdc10-9308-4a4c-8b07-e6d1d5cf237e'),
('ea6fabf5-56ca-4d25-8639-fee94cc7b48b', N'Đảm bảo thông gió tốt', 1, '15f33938-fed7-4980-a897-e1108325385e'),
('831b42dc-67e3-49ed-b845-0e89291b0ce6', N'Làm việc trong bóng tối', 0, '15f33938-fed7-4980-a897-e1108325385e'),
('624a70e6-4dba-49cc-8985-e413ba35f87c', N'Không cần biện pháp an toàn gì', 0, '15f33938-fed7-4980-a897-e1108325385e'),
('2a01626f-52d3-4ee9-a82a-7ee2ddd57afa', N'Sử dụng dụng cụ cầm tay', 0, '15f33938-fed7-4980-a897-e1108325385e'),
('d7751637-fb30-43cd-8ccc-f7b182e6142d', N'Cân bằng quạt bị mất', 0, '685f6ce3-79f3-43c0-99b9-68a3f59ce798'),
('58e5b8fb-6647-4643-947c-fc6ad48ccde0', N'Cuộn dây động cơ bị đoản mạch', 1, '685f6ce3-79f3-43c0-99b9-68a3f59ce798'),
('134f4fed-b82f-4fad-a151-b1f0882ee232', N'Lưỡi quạt bị gãy', 0, '685f6ce3-79f3-43c0-99b9-68a3f59ce798'),
('c67448a0-13b8-412d-b40f-e5b9a27cdb89', N'Núm điều khiển bị gãy', 0, '685f6ce3-79f3-43c0-99b9-68a3f59ce798'),
('2994cc83-040a-47b4-8e17-3dea82fb17e9', N'Ampe kế', 0, '09a268db-84be-4ca8-be46-c7f4a6318362'),
('f24a4565-b25a-4803-9ffe-6d4c50426f55', N'Vôn kế xoay chiều', 1, '09a268db-84be-4ca8-be46-c7f4a6318362'),
('501a86a1-f11e-489b-8d01-e03c7c8cf890', N'Máy kiểm tra liên tục', 0, '09a268db-84be-4ca8-be46-c7f4a6318362'),
('f99d197e-d3f3-423b-876c-2c5b5ee27386', N'Đồng hồ vạn năng', 0, '09a268db-84be-4ca8-be46-c7f4a6318362'),
('3b3d941c-6e21-411c-932a-27022d787785', N'Đế bàn ủi bị gỉ', 0, '4ab17612-a54f-41f6-afe7-f6fc78299bc0'),
('d4bfa29d-80f9-4845-8c67-1095a793f002', N'Núm điều khiển hơi nước bị kẹt', 0, '4ab17612-a54f-41f6-afe7-f6fc78299bc0'),
('3e09b817-dd23-4182-a11f-bf459106c55e', N'Vấn đề với bơm nước', 1, '4ab17612-a54f-41f6-afe7-f6fc78299bc0'),
('69817dfe-c0bf-4ae1-a939-d4aa2352cae0', N'Dây điện bị đứt', 0, '4ab17612-a54f-41f6-afe7-f6fc78299bc0'),
('89e7228a-4412-490c-9616-b49c715cf8de', N'Sử dụng dụng cụ cách điện', 1, '12faa378-5dfa-4765-b1f8-32cb50401774'),
('aec4a4ce-b736-4053-b4bc-5aacd7a041fd', N'Làm việc chân trần', 0, '12faa378-5dfa-4765-b1f8-32cb50401774'),
('32951cc5-adfc-4a77-a574-d5aaec2cd501', N'Không cần biện pháp an toàn gì', 0, '12faa378-5dfa-4765-b1f8-32cb50401774'),
('3fa685bf-4858-493c-8462-2a53064fa85c', N'Sử dụng dụng cụ bằng kim loại', 0, '12faa378-5dfa-4765-b1f8-32cb50401774'),
('0cea2e11-e817-4273-9280-3de5cef74a8d', N'Nhiệt độ không đủ cao', 1, '44e3b0c1-72a4-4f72-ba3a-029ec2a98a87'),
('0f69ce60-95fa-4766-a693-fdc1ceb7f8ec', N'Quạt thổi gió bị hỏng', 0, '44e3b0c1-72a4-4f72-ba3a-029ec2a98a87'),
('0177a87d-2c92-42f8-9ba6-77345e68340d', N'Rơ le nhiệt độ bị hỏng', 0, '44e3b0c1-72a4-4f72-ba3a-029ec2a98a87'),
('15b6b3ed-98b7-4fab-b660-8277b9cbb7ce', N'Núm điều khiển bị gãy', 0, '44e3b0c1-72a4-4f72-ba3a-029ec2a98a87'),
('69bb3c6e-4c04-4a7e-acf2-b188348e73f7', N'Ampe kế', 0, 'ffccb714-e89c-4550-8499-e1c33bede8a8'),
('3b1b2fce-b023-4030-9b27-91bb27870c26', N'Vôn kế', 0, 'ffccb714-e89c-4550-8499-e1c33bede8a8'),
('c9816dfd-b486-4b11-94ec-f1859f63d9bf', N'Đồng hồ vạn năng', 0, 'ffccb714-e89c-4550-8499-e1c33bede8a8'),
('52daad31-d674-41fd-9d92-ac150da89206', N'Watt kế', 1, 'ffccb714-e89c-4550-8499-e1c33bede8a8'),
('41c5f6aa-657f-4182-be1f-aa8220d2a505', N'Quạt hút bị kẹt', 0, '34b4784e-146f-4ce7-b5d0-8cdc14f23b32'),
('a1e59407-d152-4981-a495-dfdf77502073', N'Tắc nghẽn ống khói', 1, '34b4784e-146f-4ce7-b5d0-8cdc14f23b32'),
('4c8c7c3d-c0d1-4a47-b06a-d8b4f160ace9', N'Núm điều khiển bị gãy', 0, '34b4784e-146f-4ce7-b5d0-8cdc14f23b32'),
('61cde833-d225-4a51-a9af-08e814d9a4ae', N'Dây điện bị đứt', 0, '34b4784e-146f-4ce7-b5d0-8cdc14f23b32'),
('0580821d-3dbb-4c92-a078-34643c8cae44', N'Ampe kế', 0, '12754458-67a1-46df-b8a2-dd42a7cd4af6'),
('96bad00c-d18b-4b61-a4f5-f1028e1b7955', N'Máy dò rò rỉ điện', 1, '12754458-67a1-46df-b8a2-dd42a7cd4af6'),
('3795dfb2-8b90-4141-9565-ea9666e55190', N'Vôn kế', 0, '12754458-67a1-46df-b8a2-dd42a7cd4af6'),
('b57241d5-28b2-41ff-8f51-371c766e0212', N'Máy kiểm tra liên tục', 0, '12754458-67a1-46df-b8a2-dd42a7cd4af6'),
('39206495-1a9c-4538-a022-93815c96de59', N'Bóng đèn bị cháy', 1, '985af519-bc0b-4378-872f-6b3906a01527'),
('cd2b6f6b-d2ed-493f-a80d-ebe84969cfbd', N'Rơ le bảo vệ quá tải', 0, '985af519-bc0b-4378-872f-6b3906a01527'),
('c69bf6d5-44b4-48ca-8ba7-1663af96c8bb', N'Quạt làm mát bị hỏng', 0, '985af519-bc0b-4378-872f-6b3906a01527'),
('a0d9efc9-e8ee-4ab1-a726-024987a2e49c', N'Dây điện bị đứt', 0, '985af519-bc0b-4378-872f-6b3906a01527'),
('c304ebfa-f35b-441d-8535-b243f1e83c75', N'Sử dụng đèn pin hoặc đèn chiếu sáng', 1, '13032028-5ead-49ab-aa71-3877ad77483e'),
('8aca91c6-8b2b-42aa-8c2f-4fe311a7abc3', N'Làm việc trong bóng tối', 0, '13032028-5ead-49ab-aa71-3877ad77483e'),
('1966da6b-b7d4-43e6-a0d2-1f50cce80474', N'Không cần biện pháp an toàn gì', 0, '13032028-5ead-49ab-aa71-3877ad77483e'),
('fecb2dc2-12fa-4c9a-85c5-6a36e8438602', N'Sử dụng dụng cụ cầm tay', 0, '13032028-5ead-49ab-aa71-3877ad77483e'),
('d29e21e5-6511-4e84-b127-a876dbf6c3b2', N'Bơm nước bị kẹt', 0, '233ec73e-e14a-4610-bbf6-2ed3fd9e6825'),
('9e76a5b0-32b0-4f69-b098-c1b1b8270fef', N'Tắc nghẽn ống xả', 1, '233ec73e-e14a-4610-bbf6-2ed3fd9e6825'),
('853fef07-cd6b-4eb2-8d7e-93b39872bb08', N'Núm điều khiển bị gãy', 0, '233ec73e-e14a-4610-bbf6-2ed3fd9e6825'),
('e65637f6-917e-41cd-ac69-2cd046c2a3f7', N'Dây giũ chén bát bị rơi ra', 0, '233ec73e-e14a-4610-bbf6-2ed3fd9e6825'),
('95b3ee3d-9ea9-4aa5-878c-44d2a0420033', N'Ampe kế', 0, '9b05947e-ccf0-4f59-8bc7-3fa521357851'),
('58450aed-fd98-4595-a769-8f927b5ece94', N'Vôn kế', 0, '9b05947e-ccf0-4f59-8bc7-3fa521357851'),
('390cff71-4016-45a9-8f55-9f4dc9cb0d14', N'Máy kiểm tra liên tục', 1, '9b05947e-ccf0-4f59-8bc7-3fa521357851'),
('eea25f61-d6e5-48d7-8fe1-4c747a08af44', N'Watt kế', 0, '9b05947e-ccf0-4f59-8bc7-3fa521357851'),
('f65e2591-9dc7-4bc8-9d4d-c85aa505b692', N'Lưỡi dao bị mòn', 0, 'a58ebe99-59a2-4a67-9a3f-285f0e45e3a5'),
('412ee265-7b77-43fa-9b59-bf048b9cdbb4', N'Mô tơ bị quá tải', 1, 'a58ebe99-59a2-4a67-9a3f-285f0e45e3a5'),
('b481da36-4990-4bbb-8b0f-d20bf6b5f9f5', N'Núm điều khiển bị gãy', 0, 'a58ebe99-59a2-4a67-9a3f-285f0e45e3a5'),
('19210b11-b94f-4706-806f-977dfc1908a6', N'Dây điện bị đứt', 0, 'a58ebe99-59a2-4a67-9a3f-285f0e45e3a5'),
('5c67d307-47ae-4f15-9191-956bdc5ef71a', N'Sử dụng khẩu trang và kính bảo hộ', 1, '80f18782-5e7c-493e-afa0-7e9ce11decad'),
('5d87b124-61b4-4a01-bf6c-b0330c5919ea', N'Làm việc trong môi trường bụi bẩn', 0, '80f18782-5e7c-493e-afa0-7e9ce11decad'),
('4639104d-1d97-4010-8fb8-92471425da63', N'Không cần biện pháp an toàn gì', 0, '80f18782-5e7c-493e-afa0-7e9ce11decad'),
('20ce4589-729a-48aa-8802-78f1fa800237', N'Sử dụng dụng cụ cầm tay', 0, '80f18782-5e7c-493e-afa0-7e9ce11decad'),
('d43f8ca8-66f3-4200-a9f6-6e09aef35db1', N'Quạt hút bị kẹt', 0, '7c608e7d-2c72-4a5b-8750-01eed36bee5d'),
('804f0dd3-e311-4ecc-8fe9-5fe1cf8d7bcb', N'Tắc nghẽn ống khói', 1, '7c608e7d-2c72-4a5b-8750-01eed36bee5d'),
('8eef0af6-a9fa-4111-bc19-56dd98f007fd', N'Núm điều khiển bị gãy', 0, '7c608e7d-2c72-4a5b-8750-01eed36bee5d'),
('19ea46d6-a4b4-4423-93ba-920b87734d8b', N'Dây điện bị đứt', 0, '7c608e7d-2c72-4a5b-8750-01eed36bee5d'),
('3d123053-f2e2-4c88-ad14-2cb21fa85b23', N'Ampe kế', 0, 'df61e688-a792-4411-9fa4-6379ef70f41f'),
('28c290e6-1d66-49e2-a1cd-d875b73921f3', N'Vôn kế', 0, 'df61e688-a792-4411-9fa4-6379ef70f41f'),
('10a5fdd9-50c0-420e-868d-a6b22cffbe16', N'Đồng hồ vạn năng', 1, 'df61e688-a792-4411-9fa4-6379ef70f41f'),
('e8872911-66ee-438d-a244-c725e0194518', N'Watt kế', 0, 'df61e688-a792-4411-9fa4-6379ef70f41f'),
('abc76a94-b3d7-49b0-bea6-890dad52ab74', N'Nhiệt độ quá cao', 0, '8b690b06-cafd-4197-99ec-658dab534ef3'),
('784dc98b-9d97-4908-be86-c6cea92b4df9', N'Mô tơ bị quá tải', 1, '8b690b06-cafd-4197-99ec-658dab534ef3'),
('3c76e7b6-f34b-47fa-8465-ee9bf607b69c', N'Núm điều khiển bị gãy', 0, '8b690b06-cafd-4197-99ec-658dab534ef3'),
('050cd33a-4044-4dfa-8bad-734927a3f4ec', N'Dây điện bị đứt', 0, '8b690b06-cafd-4197-99ec-658dab534ef3'),
('a9e8a0b7-1b76-4de3-8b9c-97c44f8fd54f', N'Sử dụng dụng cụ cách điện', 1, '7d697797-bbee-403e-b361-bfe0ffe75e46'),
('8f1d82d3-7886-48d6-b246-9338a20b0444', N'Làm việc trong môi trường ẩm ướt', 0, '7d697797-bbee-403e-b361-bfe0ffe75e46'),
('5e15022b-0efe-4c51-b558-70d35beee20c', N'Không cần biện pháp an toàn gì', 0, '7d697797-bbee-403e-b361-bfe0ffe75e46'),
('4416cfb2-909e-4cbb-a550-96c3c76f801a', N'Sử dụng dụng cụ bằng kim loại', 0, '7d697797-bbee-403e-b361-bfe0ffe75e46'),
('dc979f49-3db6-4bb0-a484-39a5b58a87d7', N'Lưỡi dao bị mòn', 0, '15bf7719-fb7e-442e-a326-8cc058071b7a'),
('92868228-d558-41f4-a468-fd24c575c7f9', N'Rơ le bảo vệ quá tải', 1, '15bf7719-fb7e-442e-a326-8cc058071b7a'),
('f3988ba2-ca72-4c87-b918-2209d57bcc33', N'Núm điều khiển bị gãy', 0, '15bf7719-fb7e-442e-a326-8cc058071b7a'),
('74e72bf7-dbc2-4d20-bf24-cb05a6a1ca94', N'Dây điện bị đứt', 0, '15bf7719-fb7e-442e-a326-8cc058071b7a'),
('90199038-7c87-4257-b788-1e13c35880da', N'Ampe kế', 0, 'aea98d40-4d53-43b0-a811-628432de9215'),
('68d56342-c61f-4264-98ac-491c1f57e5fc', N'Vôn kế xoay chiều', 1, 'aea98d40-4d53-43b0-a811-628432de9215'),
('ecf3d985-5d75-4444-a3e6-f92a961463ce', N'Đồng hồ vạn năng', 0, 'aea98d40-4d53-43b0-a811-628432de9215'),
('911082ee-bd4c-4871-ae96-b69d29dc9bcc', N'Máy kiểm tra liên tục', 0, 'aea98d40-4d53-43b0-a811-628432de9215'),
('107db705-5340-48ef-9bde-ad6447fb72d2', N'Quạt tản nhiệt bị kẹt', 0, 'e30cb8f7-a9ed-4494-83fe-3cddcb7185cd'),
('ead122de-7262-4ab5-98b1-8d6ca9714063', N'Mô tơ bị quá tải', 0, 'e30cb8f7-a9ed-4494-83fe-3cddcb7185cd'),
('7155f8ba-de50-4a61-aca2-e72aec7f741f', N'Rơ le nhiệt độ bị hỏng', 1, 'e30cb8f7-a9ed-4494-83fe-3cddcb7185cd'),
('b9cf5bed-dbfc-42e9-8fbb-f9163bf686ba', N'Dây điện bị đứt', 0, 'e30cb8f7-a9ed-4494-83fe-3cddcb7185cd'),
('76747e73-9447-4125-b184-c64f9a914c80', N'Sử dụng găng tay cách điện', 1, '5f5019a2-ed39-4e95-b75c-e4bc9ae2c37d'),
('d06ed802-9b24-4b5b-83c5-2743853ff38e', N'Làm việc trong môi trường ẩm ướt', 0, '5f5019a2-ed39-4e95-b75c-e4bc9ae2c37d'),
('aa3ccf66-1785-4a63-b535-4b1677bb3627', N'Không cần biện pháp an toàn gì', 0, '5f5019a2-ed39-4e95-b75c-e4bc9ae2c37d'),
('d7133b50-ad88-4743-8d6d-6e839ad02687', N'Sử dụng dụng cụ bằng kim loại', 0, '5f5019a2-ed39-4e95-b75c-e4bc9ae2c37d'),
('a6c20a4f-61fb-43b1-8e3a-e98a6ad645a1', N'Bình chứa nước bị rò rỉ', 0, '2aca8569-9dd9-4dc5-a267-559baa586780'),
('a03aa0f3-8d82-461f-aa16-8320a9f7e205', N'Rơ le bảo vệ quá tải', 1, '2aca8569-9dd9-4dc5-a267-559baa586780'),
('dc3ec779-cf81-4487-a80c-0de19fe99d7e', N'Núm điều khiển bị gãy', 0, '2aca8569-9dd9-4dc5-a267-559baa586780'),
('af00b51b-6fa5-4a47-9c61-85fe54a93145', N'Dây điện bị đứt', 0, '2aca8569-9dd9-4dc5-a267-559baa586780'),
('92dcab7c-de0b-4e19-8b81-dd0cef1702e5', N'Ampe kế', 0, '19a7bd13-5f42-4f25-a5c5-e40dcfd4a152'),
('779693de-fce3-47a4-ae8c-5ca31a0223c8', N'Vôn kế một chiều', 1, '19a7bd13-5f42-4f25-a5c5-e40dcfd4a152'),
('506c8b1d-d970-4292-84a2-f9dd3201a30b', N'Máy kiểm tra liên tục', 0, '19a7bd13-5f42-4f25-a5c5-e40dcfd4a152'),
('a4d9231c-3576-4ac8-8f4c-0e7e8d706ff5', N'Watt kế', 0, '19a7bd13-5f42-4f25-a5c5-e40dcfd4a152'),
('3fcb8484-dca3-4121-b196-5bfcc5ff6ac8', N'Khay đựng bánh bị kẹt', 0, '87ac2657-91af-41db-b788-fc54d931df76'),
('21cb6ef1-2727-47b4-b0d5-fb541f8e6e9d', N'Rơ le nhiệt độ bị hỏng', 1, '87ac2657-91af-41db-b788-fc54d931df76'),
('50489a6e-35d7-4cdb-91a5-dd6f8d6d61d7', N'Núm điều khiển bị gãy', 0, '87ac2657-91af-41db-b788-fc54d931df76'),
('e8dc2850-ba3d-4b9c-8c40-ef6fecb08a88', N'Dây điện bị đứt', 0, '87ac2657-91af-41db-b788-fc54d931df76'),
('8ae661c7-b9d5-4a46-aa50-803a45c87ce6', N'Sử dụng dụng cụ chống tia lửa', 1, 'd3da483a-2f50-47af-9b30-f2408b162615'),
('0b1aa159-8235-49d5-8620-c982116fa1a0', N'Làm việc trong môi trường khói bụi', 0, 'd3da483a-2f50-47af-9b30-f2408b162615'),
('65409862-8a23-4d73-ae19-279f8c781c26', N'Không cần biện pháp an toàn gì', 0, 'd3da483a-2f50-47af-9b30-f2408b162615'),
('63e6a49f-9e5e-4e38-b4eb-75eb0fc39758', N'Sử dụng dụng cụ bằng kim loại', 0, 'd3da483a-2f50-47af-9b30-f2408b162615'),
('1bc327d3-5d42-4e32-bbf5-a312e92c3304', N'Lưỡi trộn bị kẹt', 0, '330d5d41-1e7d-409e-833d-f30417812e87'),
('2fc9a7cb-2c28-4a51-bd21-c670d453b455', N'Rơ le bảo vệ quá tải', 1, '330d5d41-1e7d-409e-833d-f30417812e87'),
('f92fd28e-8b06-484f-875b-404d892fb58f', N'Núm điều khiển bị gãy', 0, '330d5d41-1e7d-409e-833d-f30417812e87'),
('22124302-1dd2-43bd-b561-806faea97a40', N'Dây điện bị đứt', 0, '330d5d41-1e7d-409e-833d-f30417812e87'),
('ab307e98-e059-4403-ab9c-79881f7363d8', N'Ampe kế', 0, 'f3064faf-257d-4204-a2d7-0427e79e9e48'),
('cc6df851-9ea1-4666-8216-cddd6a738b9c', N'Vôn kế', 0, 'f3064faf-257d-4204-a2d7-0427e79e9e48'),
('1dba44da-87dd-42c7-acf7-5d295e550233', N'Máy kiểm tra liên tục', 1, 'f3064faf-257d-4204-a2d7-0427e79e9e48'),
('f1883b7c-8091-4b67-a9da-7e300a4a7b32', N'Watt kế', 0, 'f3064faf-257d-4204-a2d7-0427e79e9e48'),
('a44bbe43-8d3b-450d-b796-37f585082d16', N'Quạt hút bị kẹt', 0, 'db5c6b22-9a7a-4ecf-a36f-7ab1cc62431d'),
('b962ff0e-310d-4b29-b719-08636e519d71', N'Tắc nghẽn ống khói', 1, 'db5c6b22-9a7a-4ecf-a36f-7ab1cc62431d'),
('8cbe0e17-0990-4d65-a409-fccf5c232bfd', N'Núm điều khiển bị gãy', 0, 'db5c6b22-9a7a-4ecf-a36f-7ab1cc62431d'),
('4f20a6b2-db49-4dd8-984b-9cc3965240a1', N'Dây điện bị đứt', 0, 'db5c6b22-9a7a-4ecf-a36f-7ab1cc62431d'),
('0b8514ce-7ccf-4962-9bc0-59e81faa247a', N'Sử dụng giày cách điện', 1, 'e55e505b-4590-402b-ab16-1e6574efedb8'),
('39d68c44-9e64-48e6-adf6-ea99035cbe2e', N'Làm việc trên sàn ướt', 0, 'e55e505b-4590-402b-ab16-1e6574efedb8'),
('419389d9-48ca-491c-b4d3-bd73ae268a40', N'Không cần biện pháp an toàn gì', 0, 'e55e505b-4590-402b-ab16-1e6574efedb8'),
('4c8bd10c-2d32-4eb4-83a3-b6c166b4b37d', N'Sử dụng dụng cụ bằng kim loại', 0, 'e55e505b-4590-402b-ab16-1e6574efedb8'),
('de6b59ca-4fec-4838-a186-474557400813', N'Bàn chải bị mòn', 0, '570e323b-d24f-49c9-af48-a6e6a49f58c5'),
('01a7dc3f-62ec-4cf8-a20d-6959d80d00b1', N'Mô tơ bị quá tải', 1, '570e323b-d24f-49c9-af48-a6e6a49f58c5'),
('f451b27e-e979-4973-8b2e-1967747f9aea', N'Núm điều khiển bị gãy', 0, '570e323b-d24f-49c9-af48-a6e6a49f58c5'),
('6835822f-8dcf-45f5-8b8b-a6528b3f8118', N'Dây điện bị đứt', 0, '570e323b-d24f-49c9-af48-a6e6a49f58c5'),
('541893b6-68a3-4ff4-8941-dc0b0336b935', N'Ampe kế', 0, '3ab0e9a1-e0a6-4a32-aa8d-78640775f6a4'),
('3b273ec5-9629-45c1-8971-413ee35a9d1c', N'Vôn kế', 0, '3ab0e9a1-e0a6-4a32-aa8d-78640775f6a4'),
('1d1b8df9-39ec-49b1-9bc4-e21caf46e561', N'Máy kiểm tra liên tục', 0, '3ab0e9a1-e0a6-4a32-aa8d-78640775f6a4'),
('79eb8265-851a-4712-a37c-f235a461231a', N'Máy dò sự cố mạch điện', 1, '3ab0e9a1-e0a6-4a32-aa8d-78640775f6a4'),
('bb7b1d01-b38a-478b-b406-4ed5b499ebe0', N'Que đánh trứng bị kẹt', 0, '91cf929a-8415-4c7a-a73b-80f82fcb3507'),
('2f44d8a0-96f2-424b-8e8a-47350182e733', N'Rơ le bảo vệ quá tải', 1, '91cf929a-8415-4c7a-a73b-80f82fcb3507'),
('e90b90bc-6a81-4101-90ca-af564fd8a503', N'Núm điều khiển bị gãy', 0, '91cf929a-8415-4c7a-a73b-80f82fcb3507'),
('5572269a-366a-4cba-86b7-47784e521ec8', N'Dây điện bị đứt', 0, '91cf929a-8415-4c7a-a73b-80f82fcb3507'),
('eb7ec3da-2c41-4e61-8982-9623cac1506e', N'Sử dụng khay cách điện', 1, 'ab349abf-dbb9-4529-96cd-324878dd27cb'),
('9720d2bc-aa6e-4fcc-b9b3-ae99097e2a70', N'Làm việc trên sàn lát gạch men', 0, 'ab349abf-dbb9-4529-96cd-324878dd27cb'),
('29c3174c-09dd-4b23-9d94-75275e0bb731', N'Không cần biện pháp an toàn gì', 0, 'ab349abf-dbb9-4529-96cd-324878dd27cb'),
('b964b574-9605-4c6e-83fd-09e073c3b049', N'Sử dụng dụng cụ bằng kim loại', 0, 'ab349abf-dbb9-4529-96cd-324878dd27cb'),
('b4d3cd33-6e63-4000-a9a6-bdb5dbaa0310', N'Quạt hút bị kẹt', 0, '7adee1cd-4bec-4fe6-9a45-57a95a39d967'),
('906030c0-6030-4cd2-87e3-59cb314cb39b', N'Túi chứa đầy bụi', 1, '7adee1cd-4bec-4fe6-9a45-57a95a39d967'),
('5cd29137-881c-4ba3-80ef-2691d8da363d', N'Núm điều khiển bị gãy', 0, '7adee1cd-4bec-4fe6-9a45-57a95a39d967'),
('63c95e78-feb0-41d4-bfdd-9ebc2e2ce917', N'Dây điện bị đứt', 0, '7adee1cd-4bec-4fe6-9a45-57a95a39d967'),
('6792be38-23b0-4dd5-b134-fcc1d607cb28', N'Ampe kế', 0, 'cb734f80-2e0d-4e63-8788-88fea5d904d0'),
('a0ddc4e1-32de-4dda-a53d-f48a3894df7b', N'Vôn kế', 0, 'cb734f80-2e0d-4e63-8788-88fea5d904d0'),
('57ce8a1a-353f-4524-b8e8-0f1376daf00f', N'Máy kiểm tra liên tục', 0, 'cb734f80-2e0d-4e63-8788-88fea5d904d0'),
('5d579840-03f7-4354-8286-84451f46db23', N'Máy dò rò rỉ điện', 1, 'cb734f80-2e0d-4e63-8788-88fea5d904d0'),
('79b8101f-9a31-4cd5-b172-8ebbc3936f07', N'Cân bằng ly bị mất', 0, 'd4531acc-1955-4463-9c4d-897ab7cd9e52'),
('8c2abee1-c002-42dc-9142-27e00d091e76', N'Rơ le bảo vệ quá tải', 1, 'd4531acc-1955-4463-9c4d-897ab7cd9e52'),
('956a7137-9344-420b-ae6d-ccaff5eae29b', N'Núm điều khiển bị gãy', 0, 'd4531acc-1955-4463-9c4d-897ab7cd9e52'),
('7e98cc30-1633-4b8a-b0e3-0a25705b1ba5', N'Dây điện bị đứt', 0, 'd4531acc-1955-4463-9c4d-897ab7cd9e52'),
('c52946d4-e729-4d2d-a752-193d7e6b444f', N'Sử dụng dụng cụ chống tia lửa', 1, 'da339305-9b9e-4c8c-9efd-591dfc69321a'),
('478b74ff-659d-40e4-9431-2fe67ae70431', N'Làm việc trong không gian hẹp', 0, 'da339305-9b9e-4c8c-9efd-591dfc69321a'),
('fe9acd12-e970-40a5-b49c-f10e40d87fba', N'Không cần biện pháp an toàn gì', 0, 'da339305-9b9e-4c8c-9efd-591dfc69321a'),
('7d6ec34c-4099-4528-8a27-fa929734888b', N'Sử dụng dụng cụ bằng kim loại', 0, 'da339305-9b9e-4c8c-9efd-591dfc69321a'),
('60107f39-b8a9-4379-b0af-df41e7e63a02', N'Quạt thông gió bị kẹt', 0, 'efeaa8c2-9eae-40c2-9561-628b82592610'),
('e414feac-540e-40ff-9a1e-5f300c951d5b', N'Rơ le nhiệt độ bị hỏng', 1, 'efeaa8c2-9eae-40c2-9561-628b82592610'),
('6ad3260f-8208-4941-9545-f6ed5127daeb', N'Cửa không đóng kín', 0, 'efeaa8c2-9eae-40c2-9561-628b82592610'),
('bc03ae58-dc67-4fd3-9497-f33073c7c089', N'Dây giũ quần áo bị rơi ra', 0, 'efeaa8c2-9eae-40c2-9561-628b82592610'),
('e8b82a56-309e-467d-a962-30f21db71fe7', N'Ampe kế', 0, '84e71fd7-e1e9-47f5-98a8-3492897f63d6'),
('c600c019-e219-4d91-9dab-304a7e517b66', N'Vôn kế', 0, '84e71fd7-e1e9-47f5-98a8-3492897f63d6'),
('756083e2-154a-4855-a2ec-78ec66be42b0', N'Máy kiểm tra liên tục', 0, '84e71fd7-e1e9-47f5-98a8-3492897f63d6'),
('716ae203-dc88-49c9-8a24-72e0012a82ed', N'Máy kiểm tra mạch', 1, '84e71fd7-e1e9-47f5-98a8-3492897f63d6'),
('6bd08767-ccbb-4c8c-b76f-c47f92ff47be', N'Lưỡi dao bị mòn', 0, '18d2df4e-a1bb-4d25-80a8-e5d30a8eff3a'),
('150ea438-ba97-44a9-b2ca-546867759f8e', N'Mô tơ bị quá tải', 1, '18d2df4e-a1bb-4d25-80a8-e5d30a8eff3a'),
('4efd1826-5ab1-4930-aed5-d22e299ff034', N'Núm điều khiển bị gãy', 0, '18d2df4e-a1bb-4d25-80a8-e5d30a8eff3a'),
('a64ec3bd-2e76-4a3a-a1df-4958ad659a49', N'Dây điện bị đứt', 0, '18d2df4e-a1bb-4d25-80a8-e5d30a8eff3a'),
('3d780d49-db2b-433c-a64e-f9bc7f0c5008', N'Sử dụng dụng cụ chống tia lửa', 1, '757e5236-499f-46cb-b9bf-9f88984c13c3'),
('d5c5aa55-18aa-4ac9-91dd-5d812f78b5cd', N'Làm việc trong không gian hẹp', 0, '757e5236-499f-46cb-b9bf-9f88984c13c3'),
('a16c851b-18b8-4650-be48-d3adfb81c000', N'Không cần biện pháp an toàn gì', 0, '757e5236-499f-46cb-b9bf-9f88984c13c3'),
('1425ec63-cfbe-43ca-9481-03d057452dbe', N'Sử dụng dụng cụ bằng kim loại', 0, '757e5236-499f-46cb-b9bf-9f88984c13c3'),
('df23087c-8108-4c56-8ab5-cf9d913db228', N'Lưỡi dao bị mòn', 0, '84651fc9-bbc9-454e-95d7-efb14ca8c938'),
('3ee66fcd-c436-44ad-afbd-3eea15826f7d', N'Rơ le bảo vệ quá tải', 1, '84651fc9-bbc9-454e-95d7-efb14ca8c938'),
('f0b241e7-8596-444e-88bf-4cde2cb1655e', N'Núm điều khiển bị gãy', 0, '84651fc9-bbc9-454e-95d7-efb14ca8c938'),
('4d9d4e85-82fb-454f-981b-19b7aeb4d7cf', N'Dây điện bị đứt', 0, '84651fc9-bbc9-454e-95d7-efb14ca8c938'),
('c71b53a5-83ed-4914-9956-30687acf8a96', N'Ampe kế', 0, '335ac142-f047-4cc0-b90d-7e3798a5b472'),
('cd1b9de2-953d-45ae-8a3f-c9694845a3f3', N'Vôn kế', 0, '335ac142-f047-4cc0-b90d-7e3798a5b472'),
('cbd8a9a6-dc18-4f71-b4d0-e99254d97e1a', N'Máy kiểm tra liên tục', 0, '335ac142-f047-4cc0-b90d-7e3798a5b472'),
('56868901-3159-4b59-85bd-30991b9aa454', N'Máy dò rò rỉ điện', 1, '335ac142-f047-4cc0-b90d-7e3798a5b472'),
('427cc63c-bd1c-46a7-ae25-47427b011f02', N'Lưỡi dao bị mòn', 0, 'cf1de590-26df-4981-9feb-06554bd2ed95'),
('2b05745a-3aaf-4205-bc09-e10df125509d', N'Rơ le bảo vệ quá tải', 1, 'cf1de590-26df-4981-9feb-06554bd2ed95'),
('48c63543-2b9a-489a-a22d-018ef31525db', N'Núm điều khiển bị gãy', 0, 'cf1de590-26df-4981-9feb-06554bd2ed95'),
('9020dbcb-0cf4-466d-98fa-44c9e0e14806', N'Dây điện bị đứt', 0, 'cf1de590-26df-4981-9feb-06554bd2ed95'),
('07a38781-e61e-4cb4-9cf6-91528048ed92', N'Sử dụng khay cách điện', 1, '8e40d723-06bf-4c1c-be1b-5cbabf5d6e68'),
('e21af263-a7f4-4d58-8855-53667b0725d5', N'Làm việc trên sàn lát gạch men', 0, '8e40d723-06bf-4c1c-be1b-5cbabf5d6e68'),
('0abfabdd-7c08-4955-b0e7-5c3cbe8b6dd9', N'Không cần biện pháp an toàn gì', 0, '8e40d723-06bf-4c1c-be1b-5cbabf5d6e68'),
('a66b10b9-a972-4766-95e7-a492fdc9a4a5', N'Sử dụng dụng cụ bằng kim loại', 0, '8e40d723-06bf-4c1c-be1b-5cbabf5d6e68'),
('b4c5a27b-ea1f-4171-b1c6-864afd047499', N'Bộ nguồn bị hỏng', 1, '1272fef9-6628-439d-b019-42cfef7072a1'),
('b9c357ff-bef4-4196-b13c-558635626fc9', N'Quạt làm mát bị kẹt', 0, '1272fef9-6628-439d-b019-42cfef7072a1'),
('af50f422-a06a-4e74-8aaf-9c878f49db68', N'Núm điều khiển bị gãy', 0, '1272fef9-6628-439d-b019-42cfef7072a1'),
('1b0bb6c9-93bd-4d7e-a17b-4921edc5be7a', N'Dây điện bị đứt', 0, '1272fef9-6628-439d-b019-42cfef7072a1'),
('f12c9854-dbd5-464f-a675-9372147a0162', N'Ampe kế', 0, 'e166fd0b-59b5-4c2c-80c0-7772e3cbcc86'),
('0005817f-85f3-4981-ba26-74c77fe131e5', N'Vôn kế', 0, 'e166fd0b-59b5-4c2c-80c0-7772e3cbcc86'),
('0f4b0a3b-a646-42bd-b0eb-46284a59cfe0', N'Máy kiểm tra liên tục', 0, 'e166fd0b-59b5-4c2c-80c0-7772e3cbcc86'),
('e4e075b5-db03-4d37-86fa-d69725dff9b4', N'Máy dò sự cố mạch điện', 1, 'e166fd0b-59b5-4c2c-80c0-7772e3cbcc86'),
('3e846c3d-3afc-4390-b47d-b3a7095f2ae5', N'Bình chứa nước bị rò rỉ', 0, 'bab3d522-106e-4260-b615-af1e3ea48eba'),
('01ae87d6-db4d-4ebe-875e-abb87e68fe96', N'Rơ le bảo vệ quá tải', 1, 'bab3d522-106e-4260-b615-af1e3ea48eba'),
('cb027328-a3ea-4a23-baa0-d6d55091afc1', N'Núm điều khiển bị gãy', 0, 'bab3d522-106e-4260-b615-af1e3ea48eba'),
('f3372ac1-8553-4a30-b5c3-f340a79a6716', N'Dây điện bị đứt', 0, 'bab3d522-106e-4260-b615-af1e3ea48eba'),
('d4225fc1-f3a0-49a2-afec-d3f2054ee953', N'Sử dụng găng tay cách điện', 1, 'd8fe92ce-da9e-4755-a498-e66425801999'),
('ba6e9e53-0e54-49d1-bf5e-9817b7e0f18f', N'Làm việc trong môi trường ẩm ướt', 0, 'd8fe92ce-da9e-4755-a498-e66425801999'),
('d2247bb4-e0fe-4673-846e-8fbbedb0503e', N'Không cần biện pháp an toàn gì', 0, 'd8fe92ce-da9e-4755-a498-e66425801999'),
('bec54dfd-186d-4b2b-93d1-6e6508aa9c47', N'Sử dụng dụng cụ bằng kim loại', 0, 'd8fe92ce-da9e-4755-a498-e66425801999'),
('b986298a-62a0-4487-9209-1f6c1afdce55', N'Que đánh trứng bị kẹt', 0, '931831a8-135d-4eaf-9ddc-fc0ad9608938'),
('01824d79-2b87-40ee-a8fa-425ceaed9056', N'Rơ le bảo vệ quá tải', 1, '931831a8-135d-4eaf-9ddc-fc0ad9608938'),
('3fdc55c1-d454-4f7f-a032-c1a3850ded73', N'Núm điều khiển bị gãy', 0, '931831a8-135d-4eaf-9ddc-fc0ad9608938'),
('f2d7130d-c2c7-4fc8-a4f5-27c8e8c1272d', N'Dây điện bị đứt', 0, '931831a8-135d-4eaf-9ddc-fc0ad9608938'),
('4cb870e5-4a3e-4c0d-89d4-985e8dc89c31', N'Ampe kế', 0, '035dabe4-6d4a-45e6-9813-83afd43b8ea9'),
('6c97cdb1-9496-4b8f-a0e7-06f245aa39a1', N'Vôn kế', 0, '035dabe4-6d4a-45e6-9813-83afd43b8ea9'),
('75f0c430-d9c8-4854-93c1-c2feeebd496c', N'Máy kiểm tra liên tục', 0, '035dabe4-6d4a-45e6-9813-83afd43b8ea9'),
('58ea58ed-f111-4d17-9043-3b8931e6429b', N'Máy dò rò rỉ điện', 1, '035dabe4-6d4a-45e6-9813-83afd43b8ea9'),
('a24111ef-a678-4883-b77c-d6e0b78bb3d4', N'Khay đá bị kẹt', 0, 'd3661698-718c-43c0-a48f-2aea6c22e70b'),
('009b0270-fcf3-497b-8a5a-b1ba4b73078d', N'Rơ le nhiệt độ bị hỏng', 1, 'd3661698-718c-43c0-a48f-2aea6c22e70b'),
('88bcf83e-8680-4af7-a266-00a2a6041035', N'Núm điều khiển bị gãy', 0, 'd3661698-718c-43c0-a48f-2aea6c22e70b'),
('266a7735-2687-42b7-8fc3-bda73cb1672c', N'Dây điện bị đứt', 0, 'd3661698-718c-43c0-a48f-2aea6c22e70b'),
('538d8371-16f6-44c3-8f98-a7c75b5965e8', N'Sử dụng tấm lót cách điện', 1, 'd3a55816-c1e1-4b88-9a67-3eba5c37d09a'),
('9380774f-e3e8-4ed4-8e23-eb38856438ec', N'Làm việc trong môi trường ẩm ướt', 0, 'd3a55816-c1e1-4b88-9a67-3eba5c37d09a'),
('c51a1f99-ebc1-41c8-866a-98711a95eace', N'Không cần biện pháp an toàn gì', 0, 'd3a55816-c1e1-4b88-9a67-3eba5c37d09a'),
('adf9e654-7093-4768-a7ef-dc98d2ec5d35', N'Sử dụng dụng cụ bằng kim loại', 0, 'd3a55816-c1e1-4b88-9a67-3eba5c37d09a'),
('77cee71e-878b-494e-86a0-f4eebd8652f5', N'Lưỡi dao bị mòn', 0, '5e676c1a-dc51-4aed-892d-3b9f83850dd5'),
('54695561-382d-44d7-ac84-acccde78eea9', N'Mô tơ bị quá tải', 1, '5e676c1a-dc51-4aed-892d-3b9f83850dd5'),
('d2c3ef45-1c05-4562-840d-f1c87ee3e9b7', N'Núm điều khiển bị gãy', 0, '5e676c1a-dc51-4aed-892d-3b9f83850dd5'),
('eed6473b-0d46-42e9-a8b2-c932e247b520', N'Dây điện bị đứt', 0, '5e676c1a-dc51-4aed-892d-3b9f83850dd5'),
('943c2dcf-a218-490b-859e-87f50bdfcc23', N'Ampe kế xoay chiều', 1, '3b275958-975c-4c1c-8931-1f5ea7bb69a7'),
('4da8f414-324d-4c1f-af02-8fa9bfd4c11b', N'Vôn kế', 0, '3b275958-975c-4c1c-8931-1f5ea7bb69a7'),
('28dcfaf6-698a-4f30-a34b-3d0223998883', N'Máy kiểm tra liên tục', 0, '3b275958-975c-4c1c-8931-1f5ea7bb69a7'),
('2da7432f-dc6d-430d-a761-d80c8766f7a6', N'Máy dò rò rỉ điện', 0, '3b275958-975c-4c1c-8931-1f5ea7bb69a7'),
('43cff297-026f-4fbd-9cf7-42b06e3fd58d', N'Lỏng ốc vít', 0, '8d089b78-6327-48f3-abb1-84809b1f63d0'),
('8c1e7665-02ba-4f32-870e-5ea9b0313c2d', N'Quạt tản nhiệt bị hỏng', 0, '8d089b78-6327-48f3-abb1-84809b1f63d0'),
('96835d8c-e96f-4148-a0f7-249e13a486dd', N'Gỉ sét hoặc rung động', 1, '8d089b78-6327-48f3-abb1-84809b1f63d0'),
('407a490d-a9bb-4fa3-9dc1-dd768fc6da17', N'Dây điện bị đứt', 0, '8d089b78-6327-48f3-abb1-84809b1f63d0'),
('44f55b5b-4c92-4449-bb60-596f0e5088ad', N'Sử dụng tấm lót cách điện', 1, '794aae68-74ca-4956-b444-307b7ddd99db'),
('395fd31c-aeb9-4b0e-8e04-da00ee324ad6', N'Làm việc trong môi trường ẩm ướt', 0, '794aae68-74ca-4956-b444-307b7ddd99db'),
('a0b551a8-86b1-4b05-bc8f-f82d3149df56', N'Không cần biện pháp an toàn gì', 0, '794aae68-74ca-4956-b444-307b7ddd99db'),
('772f3d6c-9e23-4f9f-ab8c-b8839669f7cd', N'Sử dụng dụng cụ bằng kim loại', 0, '794aae68-74ca-4956-b444-307b7ddd99db'),
('bcf7ffb1-34f3-4d21-ad75-94ed8542b0cc', N'Quạt hút bị kẹt', 0, 'ea1049dd-b3a0-435d-ac2a-56415d12f729'),
('c8839b1c-3a24-4215-b3dc-d6d3ee74c311', N'Tắc nghẽn ống khói', 1, 'ea1049dd-b3a0-435d-ac2a-56415d12f729'),
('aa72065f-761c-4a27-8490-c20e09c0eced', N'Núm điều khiển bị gãy', 0, 'ea1049dd-b3a0-435d-ac2a-56415d12f729'),
('6b4b934d-6070-4dea-ac9c-50a74fc13cc0', N'Dây điện bị đứt', 0, 'ea1049dd-b3a0-435d-ac2a-56415d12f729'),
('9f431a3d-134d-4297-8298-bffd72dd909d', N'Ampe kế', 0, 'ac6b48c5-9cd2-4729-8e20-89b3f41c097a'),
('9fc2d719-12ea-4a5f-b8db-166842c69de1', N'Vôn kế', 0, 'ac6b48c5-9cd2-4729-8e20-89b3f41c097a'),
('f1cdcc61-e422-4573-aea8-e916cb116d21', N'Máy kiểm tra liên tục', 0, 'ac6b48c5-9cd2-4729-8e20-89b3f41c097a'),
('36432a01-2fbc-4679-9edd-4adfdd41e85d', N'Máy kiểm tra mạch', 1, 'ac6b48c5-9cd2-4729-8e20-89b3f41c097a'),
('ee97df0b-f610-4603-83ef-692bb3ec50b6', N'Quạt hút bị kẹt', 0, '7c9d1a34-3f09-44f1-a8f3-fd85bfa361c8'),
('48cf40ac-3fb7-4b9a-9e66-cafb7e76e6bf', N'Túi chứa đầy bụi', 1, '7c9d1a34-3f09-44f1-a8f3-fd85bfa361c8'),
('261f9862-160c-4948-9730-00c5bfe5a5b5', N'Núm điều khiển bị gãy', 0, '7c9d1a34-3f09-44f1-a8f3-fd85bfa361c8'),
('4a17cf61-1ac6-4cc5-8d25-f91a3626594e', N'Dây điện bị đứt', 0, '7c9d1a34-3f09-44f1-a8f3-fd85bfa361c8'),
('03d23116-0ff0-4368-9fa2-8b316c848436', N'Sử dụng dụng cụ chống tia lửa', 1, '53bf484f-df17-4740-9abb-2db57fc5ede8'),
('06d2d9b6-63df-4a1c-977d-fb92cc16b693', N'Làm việc trong không gian hẹp', 0, '53bf484f-df17-4740-9abb-2db57fc5ede8'),
('df76e8ae-7d92-458a-9d12-87ac3b6ac127', N'Không cần biện pháp an toàn gì', 0, '53bf484f-df17-4740-9abb-2db57fc5ede8'),
('47d3eb63-c987-4823-8e70-14422203e049', N'Sử dụng dụng cụ bằng kim loại', 0, '53bf484f-df17-4740-9abb-2db57fc5ede8'),
('fe674ae0-dba1-44eb-ae37-5bba3314ea7f', N'Xà phòng nhẹ', 1, '476449a3-2f4e-4040-b8cb-da9c8b1c2a0e'),
('a2b59fbf-ad99-4ae6-9fa0-58d3440b3d7b', N'Dầu gội', 0, '476449a3-2f4e-4040-b8cb-da9c8b1c2a0e'),
('bd3da81d-6760-44af-a478-b2d4c85aa339', N'Chất tẩy rửa mạnh', 0, '476449a3-2f4e-4040-b8cb-da9c8b1c2a0e'),
('ded22125-aa08-49f6-b498-04fbfaa01813', N'Nước lau sàn', 0, '476449a3-2f4e-4040-b8cb-da9c8b1c2a0e'),
('7ff8d261-730d-4877-9687-15f6a8e6d774', N'Sử dụng chất tẩy rửa mạnh', 0, '4549e02b-75db-41d1-b723-264b52d72dd1'),
('91d8a004-88d2-4dd5-8294-7ce94132eae0', N'Cạo bằng dao', 0, '4549e02b-75db-41d1-b723-264b52d72dd1'),
('640f8170-3356-4db6-899e-21ff62e86009', N'Ngâm nước ấm và chà bằng bàn chải cứng', 1, '4549e02b-75db-41d1-b723-264b52d72dd1'),
('1073206f-7d69-4b5f-b545-40ceb133d7ae', N'Để yên vết bẩn', 0, '4549e02b-75db-41d1-b723-264b52d72dd1'),
('26ba84f4-f6e6-478c-8f1e-e88ead54db83', N'Bồn tắm - Gương - Bồn vệ sinh - Sàn nhà', 1, '9d7f0e14-9dae-4bbc-b261-065d8cb28d0b'),
('ec1d45fd-5167-4255-8153-988e4e9b418c', N'Bồn vệ sinh - Gương - Bồn tắm - Sàn nhà', 0, '9d7f0e14-9dae-4bbc-b261-065d8cb28d0b'),
('851e78bb-c6da-41ec-9ece-de5c24051796', N'Sàn nhà - Bồn tắm - Gương - Bồn vệ sinh', 0, '9d7f0e14-9dae-4bbc-b261-065d8cb28d0b'),
('521cdbdf-f75f-4d1d-aa75-9bcf766bd891', N'Gương - Bồn tắm - Bồn vệ sinh - Sàn nhà', 0, '9d7f0e14-9dae-4bbc-b261-065d8cb28d0b'),
('a7b6b8a3-c7f0-44e7-b36f-e0726e7de13c', N'Sử dụng chất tẩy rửa chuyên dụng', 1, '05f73c76-2200-425c-8d1b-7ea279466eda'),
('6c096363-ffc3-4035-a719-fd401d8af439', N'Cạo bằng dao', 0, '05f73c76-2200-425c-8d1b-7ea279466eda'),
('e49433bb-b6ba-430b-a526-a1df0669dfcb', N'Sử dụng giấm', 0, '05f73c76-2200-425c-8d1b-7ea279466eda'),
('37184c7b-e31b-471c-8e2d-967624c77faa', N'Để yên vết bẩn', 0, '05f73c76-2200-425c-8d1b-7ea279466eda'),
('d7a9d669-fb24-4adb-9ff5-df9f6b6540e3', N'Tháo ráy nước đông đá, lau dọn bên trong và bên ngoài, vệ sinh dây điện', 1, '4789e8c6-ee90-4163-87e5-e5ac7c189c3a'),
('9c787d1c-4ba7-4ca2-9c84-a21dd52f48aa', N'Chỉ lau dọn bên trong', 0, '4789e8c6-ee90-4163-87e5-e5ac7c189c3a'),
('00b207bc-6092-4bc4-be96-2059a27bd4fe', N'Chỉ lau dọn bên ngoài', 0, '4789e8c6-ee90-4163-87e5-e5ac7c189c3a'),
('84101354-1212-4acb-bf7d-15aa555f9595', N'Không cần làm gì', 0, '4789e8c6-ee90-4163-87e5-e5ac7c189c3a'),
('35cd2912-2034-4821-aeb4-cd34b519f6a3', N'Hút bụi thường xuyên và sử dụng máy giặt thảm định kỳ', 1, 'f0f5fb66-f93b-4a5c-987c-6b49e9fdc270'),
('a5d63ae7-bcd7-4408-a45e-7425a97405b5', N'Quét bằng chổi', 0, 'f0f5fb66-f93b-4a5c-987c-6b49e9fdc270'),
('8568abe3-d423-49e6-b983-c069800e7fd2', N'Lau bằng khăn ẩm', 0, 'f0f5fb66-f93b-4a5c-987c-6b49e9fdc270'),
('736c9c6f-36e5-4191-98b1-5e84725a9279', N'Không cần làm gì', 0, 'f0f5fb66-f93b-4a5c-987c-6b49e9fdc270'),
('6daa3b37-255d-4561-abae-9db5390e8a53', N'Sử dụng miếng bọt biển và xà phòng lau nhẹ nhàng', 1, '3f0df54c-b2cd-473f-9991-e1885b054898'),
('a39bfa4f-ddd8-4877-9b6f-d24b6c86d1a3', N'Cạo bằng dao', 0, '3f0df54c-b2cd-473f-9991-e1885b054898'),
('255c88e4-3d0e-46b2-b653-d4d325a34cee', N'Lau bằng khăn ẩm', 0, '3f0df54c-b2cd-473f-9991-e1885b054898'),
('4a183634-5f72-4f43-91d1-997447f83be1', N'Để yên vết bẩn', 0, '3f0df54c-b2cd-473f-9991-e1885b054898'),
('b6056dfc-7ecd-4278-8279-3ec8d12dda24', N'Quét và lau bằng dung dịch vệ sinh gỗ nhẹ', 1, 'f4c97306-66c5-4bd7-ae6a-85e37c3d7aef'),
('18e139c6-e00d-4cb3-9cd8-f266445b235a', N'Sử dụng chất tẩy rửa mạnh', 0, 'f4c97306-66c5-4bd7-ae6a-85e37c3d7aef'),
('2de85f0c-947f-40ff-8047-1daa737fd2c0', N'Lau bằng khăn ẩm', 0, 'f4c97306-66c5-4bd7-ae6a-85e37c3d7aef'),
('de1e60ac-bbc5-4035-979f-29fdbd68e099', N'Không cần làm gì', 0, 'f4c97306-66c5-4bd7-ae6a-85e37c3d7aef'),
('a803f41a-dded-47c5-a337-5c54567757c4', N'Sử dụng dung dịch lau kính chuyên dụng', 1, 'e61b977c-c640-4bc2-b12c-b34fafb846d8'),
('d47a796c-91cc-46f7-afae-2ec68a8e8e34', N'Lau bằng khăn khô', 0, 'e61b977c-c640-4bc2-b12c-b34fafb846d8'),
('438c0d74-967b-41b2-b47b-067702fccb1c', N'Sử dụng giấm', 0, 'e61b977c-c640-4bc2-b12c-b34fafb846d8'),
('4955e570-53fc-4fb9-bd29-124a69e4fa71', N'Để yên vết bẩn', 0, 'e61b977c-c640-4bc2-b12c-b34fafb846d8'),
('45f586ea-3155-4848-9c66-bbb07f5e2c77', N'Hút bụi thường xuyên và sử dụng máy giặt ghế định kỳ', 1, 'dab8b2b9-cab1-40a3-995d-05b5a20a9c26'),
('e2a18908-41d1-432c-9257-860f5af21de6', N'Lau bằng khăn ẩm', 0, 'dab8b2b9-cab1-40a3-995d-05b5a20a9c26'),
('188423ee-0358-4670-a888-f682e49edf2b', N'Sử dụng chất tẩy rửa mạnh', 0, 'dab8b2b9-cab1-40a3-995d-05b5a20a9c26'),
('8d71d50a-b00a-4ad6-a408-6c44fa4de6fc', N'Không cần làm gì', 0, 'dab8b2b9-cab1-40a3-995d-05b5a20a9c26'),
('688b4c3f-6b97-4b61-9670-6588581ac501', N'Sử dụng chất tẩy rửa nhẹ và miếng bọt biển', 1, 'de037e3d-b893-4a77-a19a-0cace01bcb73'),
('ce635044-0c8d-4e8d-8c52-1f07d4331f04', N'Cạo bằng dao', 0, 'de037e3d-b893-4a77-a19a-0cace01bcb73'),
('23c708f9-0bd4-4f6e-b0ad-18fa6dd727eb', N'Sử dụng chất tẩy rửa mạnh', 0, 'de037e3d-b893-4a77-a19a-0cace01bcb73'),
('22638666-806b-4ccd-8faf-76e8a36ae1f0', N'Để yên vết bẩn', 0, 'de037e3d-b893-4a77-a19a-0cace01bcb73'),
('43254662-3168-411a-9542-4a26385976b4', N'Tháo rèm và giặt máy hoặc giặt tay', 1, '650cdfc4-cf07-4b0a-94fa-032c3f653d36'),
('164ceafd-b06c-41ab-9c7d-628d01066c54', N'Lau bằng khăn ẩm', 0, '650cdfc4-cf07-4b0a-94fa-032c3f653d36'),
('c8406e3e-f295-47aa-88fd-1d9a69d47c10', N'Sử dụng chất tẩy rửa mạnh', 0, '650cdfc4-cf07-4b0a-94fa-032c3f653d36'),
('15eb4cbb-5472-424c-9a84-daeb15bdd55d', N'Không cần làm gì', 0, '650cdfc4-cf07-4b0a-94fa-032c3f653d36'),
('78a8cf6d-74b9-49a4-b7c4-6f4f68ba6781', N'Ngâm trong dung dịch nước nóng và xà phòng', 1, '6e7f4663-09ea-43dc-8ac8-464e32d228dc'),
('b8e94ffa-bb4b-4231-9a75-3f8f21d2c2a9', N'Lau bằng khăn khô', 0, '6e7f4663-09ea-43dc-8ac8-464e32d228dc'),
('fb318b89-ea2a-4084-868e-b2a7ecfbbf5a', N'Sử dụng chất tẩy rửa mạnh', 0, '6e7f4663-09ea-43dc-8ac8-464e32d228dc'),
('d18d2526-3c67-4af3-a01d-3f2390f11227', N'Không cần làm gì', 0, '6e7f4663-09ea-43dc-8ac8-464e32d228dc'),
('6d89ab7e-f9bd-430f-9759-1947ae17ace2', N'Sử dụng dung dịch vệ sinh gỗ chuyên dụng', 1, 'c44e2bb6-0ba8-455e-9539-6f5f6cc678c8'),
('88fb10f7-848b-4b10-8564-230b6c562ef9', N'Lau bằng khăn ẩm', 0, 'c44e2bb6-0ba8-455e-9539-6f5f6cc678c8'),
('19063154-5fb7-49a0-8b7f-6f866cb3ea8b', N'Sử dụng chất tẩy rửa mạnh', 0, 'c44e2bb6-0ba8-455e-9539-6f5f6cc678c8'),
('81baae95-7c1d-4e20-a9c7-6330d3eb9075', N'Không cần làm gì', 0, 'c44e2bb6-0ba8-455e-9539-6f5f6cc678c8'),
('24940910-e60c-4a63-b110-ad6a93b9a776', N'Vòi nước', 1, 'dd077ca8-f8c3-44ce-893d-bdb55362067e'),
('ae946060-bd5a-413f-b8f4-daebbed7757e', N'Sàn nhà', 0, 'dd077ca8-f8c3-44ce-893d-bdb55362067e'),
('dbdceec6-4b2e-4aed-b3fa-a98e91a68a8f', N'Tủ dưới', 0, 'dd077ca8-f8c3-44ce-893d-bdb55362067e'),
('3df5797e-969f-455f-be72-a5e5e3bf8b4c', N'Không quan trọng', 0, 'dd077ca8-f8c3-44ce-893d-bdb55362067e'),
('48a399f8-c28d-40aa-a9ed-c67295e42987', N'Sử dụng dung dịch vệ sinh chuyên dụng', 1, 'abdc512b-bbf5-43dd-9455-4bbd8cf34799'),
('43054a54-b6a9-4ffb-a7a6-8777bf6f715d', N'Cạo bằng dao', 0, 'abdc512b-bbf5-43dd-9455-4bbd8cf34799'),
('ef51cdf8-c931-4c28-9e0b-322122020cba', N'Lau bằng khăn ẩm', 0, 'abdc512b-bbf5-43dd-9455-4bbd8cf34799'),
('c6b19627-c9ac-4e69-bbc5-1c64d5e07304', N'Để yên vết bẩn', 0, 'abdc512b-bbf5-43dd-9455-4bbd8cf34799'),
('4b71916a-7c27-4837-9b2e-35c9a1198749', N'Sử dụng dung dịch giấm và muối', 1, '462dbd56-2355-4e59-9097-bb78f8d7b28a'),
('3993549c-afa5-45e9-8351-43b8d452c8ee', N'Lau bằng khăn ẩm', 0, '462dbd56-2355-4e59-9097-bb78f8d7b28a'),
('d3a52014-6197-4b32-8282-c2eadff0702f', N'Sử dụng chất tẩy rửa mạnh', 0, '462dbd56-2355-4e59-9097-bb78f8d7b28a'),
('1ee0a9b0-3ee8-4dd3-8fc8-f1146385b526', N'Không cần làm gì', 0, '462dbd56-2355-4e59-9097-bb78f8d7b28a'),
('0c522842-6944-4954-a14d-11fb410dcb6c', '1:3', 0, '132f20ed-a840-4333-85f0-3ae48ca25bd4'),
('9a0a45fc-cda6-4afa-adbb-f662ed900dc9', '1:1', 0, '132f20ed-a840-4333-85f0-3ae48ca25bd4'),
('58d83ff9-2a22-408f-9f1c-68a4dcea7a9a', '1:10', 1, '132f20ed-a840-4333-85f0-3ae48ca25bd4'),
('2493446d-9daf-4a46-bd0e-8f6006447a47', '1:20', 0, '132f20ed-a840-4333-85f0-3ae48ca25bd4'),
('0689a517-629a-4b72-a52e-1a95a86e285a', N'Sử dụng chất tẩy rửa chuyên dụng', 1, '4a5788e1-21da-4492-8a63-dbaeb0c71c1d'),
('0db5bf0a-b888-444a-8769-6b058e022831', N'Lau bằng khăn ẩm', 0, '4a5788e1-21da-4492-8a63-dbaeb0c71c1d'),
('bb2f5e01-24eb-4c6f-810d-271f014e9036', N'Sử dụng chất tẩy rửa mạnh', 0, '4a5788e1-21da-4492-8a63-dbaeb0c71c1d'),
('53d6f9c3-1244-432d-8cca-cfdfe0b6e607', N'Không cần làm gì', 0, '4a5788e1-21da-4492-8a63-dbaeb0c71c1d'),
('eee4a48b-3719-44f0-8b46-d4710dd342fe', N'Sử dụng bàn chải cứng và chất tẩy rửa nhẹ', 1, '49b286ce-5dd5-476d-a349-605515ed1da2'),
('67d8111d-2a57-493d-9a4f-c8e0da32a390', N'Cạo bằng dao', 0, '49b286ce-5dd5-476d-a349-605515ed1da2'),
('b8cae5e0-8550-49e7-a81b-0b5bb8bd695d', N'Lau bằng khăn ẩm', 0, '49b286ce-5dd5-476d-a349-605515ed1da2'),
('9e2d0593-c4bd-46f4-be23-74acdb538230', N'Để yên vết bẩn', 0, '49b286ce-5dd5-476d-a349-605515ed1da2'),
('4cd5ca80-9397-4dbd-9fa4-833afaa4ee6b', N'Sử dụng dung dịch oxy già', 1, 'd399bdac-6771-4dd5-bc03-ad79fd32c48d'),
('a49d6cb6-37cb-4e86-9b72-5f3ecc9bf045', N'Lau bằng khăn ẩm', 0, 'd399bdac-6771-4dd5-bc03-ad79fd32c48d'),
('f288cd48-ef4f-4e06-b08c-8a2cab6fc9ac', N'Sử dụng chất tẩy rửa mạnh', 0, 'd399bdac-6771-4dd5-bc03-ad79fd32c48d'),
('bfa806cb-c910-49d8-b112-306547632e31', N'Không cần làm gì', 0, 'd399bdac-6771-4dd5-bc03-ad79fd32c48d'),
('b69d6f3a-9b5e-41b0-86a5-d0f05daf2380', N'Sử dụng dung dịch giấm và nước ấm', 1, '559e4785-56c9-4e26-9c4a-666c0f2b86d2'),
('dc3be5c9-a64c-4e65-8804-be0de7d0bcdc', N'Lau bằng khăn khô', 0, '559e4785-56c9-4e26-9c4a-666c0f2b86d2'),
('2e1633ab-2b13-4047-a937-abec5624c5f5', N'Sử dụng chất tẩy rửa mạnh', 0, '559e4785-56c9-4e26-9c4a-666c0f2b86d2'),
('faf52bff-9b45-49cd-9622-c81deea32380', N'Không cần làm gì', 0, '559e4785-56c9-4e26-9c4a-666c0f2b86d2'),
('6027fad0-2712-43f7-8b7a-e695122b99e5', N'Hút bụi thường xuyên và sử dụng máy giặt đệm định kỳ', 1, '98cfc4a3-daf1-4577-9a25-499eb9273c80'),
('aef08651-a348-45fe-b5b6-4b1a57a3966e', N'Lau bằng khăn ẩm', 0, '98cfc4a3-daf1-4577-9a25-499eb9273c80'),
('374a090e-b550-4521-b9e1-69d3ec6c4645', N'Sử dụng chất tẩy rửa mạnh', 0, '98cfc4a3-daf1-4577-9a25-499eb9273c80'),
('026b542d-c87a-45cb-a395-578045f244af', N'Không cần làm gì', 0, '98cfc4a3-daf1-4577-9a25-499eb9273c80'),
('f79394e7-73cd-4d1c-a81c-b20bd0a76616', N'Sử dụng dung dịch tẩy rửa chuyên dụng', 1, '448a0d61-5bfd-40f0-bd1f-93d54623504b'),
('8d374d5f-bb31-437b-a30e-ea823d5f51e0', N'Cạo bằng dao', 0, '448a0d61-5bfd-40f0-bd1f-93d54623504b'),
('64110b65-f6b2-4dde-b0dc-b03942d2c80b', N'Lau bằng khăn ẩm', 0, '448a0d61-5bfd-40f0-bd1f-93d54623504b'),
('0e808ae1-d2bb-4de1-be77-cc4e40686932', N'Để yên vết bẩn', 0, '448a0d61-5bfd-40f0-bd1f-93d54623504b'),
('a6f38bfb-17cd-4938-9806-59f76d645614', N'Sử dụng dung dịch vệ sinh da chuyên dụng', 1, 'a8b88549-eee0-4f1a-b9b9-b552faaf46a0'),
('7abd16d1-eee8-4b32-850c-09eb62f699c6', N'Lau bằng khăn ẩm', 0, 'a8b88549-eee0-4f1a-b9b9-b552faaf46a0'),
('c54c6cfe-609b-48e8-b6df-7d6f8884eaaa', N'Sử dụng chất tẩy rửa mạnh', 0, 'a8b88549-eee0-4f1a-b9b9-b552faaf46a0'),
('35620a73-8f33-40a0-b074-8f3a4428ada2', N'Không cần làm gì', 0, 'a8b88549-eee0-4f1a-b9b9-b552faaf46a0'),
('8f1a6e9d-87dc-4c70-acc4-41f7cc578e0a', N'Dọn dẹp giường đệm - Lau chùi đồ nội thất - Quét và lau sàn nhà', 1, 'b4038314-03b5-4e17-8f33-0e75cb9664e0'),
('4253ce11-bce9-4338-8193-2dd29c4f6785', N'Quét và lau sàn nhà - Dọn dẹp giường đệm - Lau chùi đồ nội thất', 0, 'b4038314-03b5-4e17-8f33-0e75cb9664e0'),
('55ef18b9-95d0-4f99-8f18-a7ced9e8f547', N'Lau chùi đồ nội thất - Dọn dẹp giường đệm - Quét và lau sàn nhà', 0, 'b4038314-03b5-4e17-8f33-0e75cb9664e0'),
('294ef912-f229-4340-b93d-d7757ece85d3', N'Không quan trọng', 0, 'b4038314-03b5-4e17-8f33-0e75cb9664e0'),
('5efff42d-86bf-4a9d-8111-e52c9cd0923e', N'Lau chùi bề mặt và dụng cụ bằng dung dịch vệ sinh chuyên dụng', 1, '3d63eee0-1e1b-437b-b458-78438beb3448'),
('f0dce4bb-2fa5-4265-8fd7-6446c765b8d9', N'Quét và lau sàn nhà', 0, '3d63eee0-1e1b-437b-b458-78438beb3448'),
('3f6d6cc0-ad81-43b6-87e2-7a91ebe0354a', N'Sử dụng chất tẩy rửa mạnh', 0, '3d63eee0-1e1b-437b-b458-78438beb3448'),
('b24a486c-3ff7-4bac-b290-365a39ad39f7', N'Không cần làm gì', 0, '3d63eee0-1e1b-437b-b458-78438beb3448'),
('e73c3155-6629-466c-a325-f9dd390a167d', N'Sử dụng bàn chải mềm và dung dịch xà phòng nhẹ', 1, '4b86c573-8838-4634-964d-818dbfb8a99b'),
('f050a5ab-1328-4d25-8c7e-12d8c3c1433c', N'Lau bằng khăn ẩm', 0, '4b86c573-8838-4634-964d-818dbfb8a99b'),
('21960c11-8f44-42dd-a5a6-bb77f8138b75', N'Sử dụng chất tẩy rửa mạnh', 0, '4b86c573-8838-4634-964d-818dbfb8a99b'),
('e4fc6882-a264-43e8-b65d-312e07adcbcd', N'Không cần làm gì', 0, '4b86c573-8838-4634-964d-818dbfb8a99b'),
('1a8b2bec-44a3-4894-8c26-f8e15912a446', N'Sử dụng nước ấm và xà phòng nhẹ', 1, '670b4325-be7f-4e48-a71a-e98783c7128a'),
('0b519b82-96bd-4a36-8dc3-754783210c4d', N'Lau bằng khăn khô', 0, '670b4325-be7f-4e48-a71a-e98783c7128a'),
('a68f26cd-e047-4ac7-a619-116675158e86', N'Sử dụng chất tẩy rửa mạnh', 0, '670b4325-be7f-4e48-a71a-e98783c7128a'),
('7d29882d-4f7d-4c8b-8acb-80a20e346dfa', N'Không cần làm gì', 0, '670b4325-be7f-4e48-a71a-e98783c7128a'),
('e2d383c3-f927-4f5d-a0db-a2c6f25a6ff8', N'Sử dụng máy hút bụi và chất tẩy rửa chuyên dụng', 1, '232b7066-73c3-4630-87db-e2cc5b4a935b'),
('15aada12-fb2a-484d-9c0e-0f3ed3049e32', N'Lau bằng khăn ẩm', 0, '232b7066-73c3-4630-87db-e2cc5b4a935b'),
('34c3fd64-ef0b-49fb-8980-61bc2bdf1982', N'Sử dụng chất tẩy rửa mạnh', 0, '232b7066-73c3-4630-87db-e2cc5b4a935b'),
('12c5f26a-b121-4cd6-9f1f-d07abebc3f62', N'Không cần làm gì', 0, '232b7066-73c3-4630-87db-e2cc5b4a935b'),
('0f3e43ba-3d05-491c-b28c-b10806036d3f', N'Sử dụng dung dịch tẩy rửa chuyên dụng', 1, '66c57575-245e-4f4f-b2fe-139c643ce4e4'),
('c3bdd15f-506d-4df2-ba23-6dd82429c35c', N'Cạo bằng dao', 0, '66c57575-245e-4f4f-b2fe-139c643ce4e4'),
('9b6fbe01-93c6-4c2f-85f6-368858efbe0a', N'Lau bằng khăn ẩm', 0, '66c57575-245e-4f4f-b2fe-139c643ce4e4'),
('497be526-0c0e-44d8-a7f6-228a5b57ead8', N'Để yên vết bẩn', 0, '66c57575-245e-4f4f-b2fe-139c643ce4e4'),
('3a39a997-cbc9-4af1-ae76-99dbd3530d3a', N'Sử dụng dung dịch tẩy rửa nhẹ', 1, 'be9f7958-9acf-4527-9df3-5b3b4cc66424'),
('6455966d-8365-4c63-a816-f3daf6aba649', N'Lau bằng khăn khô', 0, 'be9f7958-9acf-4527-9df3-5b3b4cc66424'),
('280547ba-690e-4a4a-9326-f51e9bd7e9ce', N'Sử dụng chất tẩy rửa mạnh', 0, 'be9f7958-9acf-4527-9df3-5b3b4cc66424'),
('1fb98494-19ef-4d31-bbc0-85afee9df85a', N'Không cần làm gì', 0, 'be9f7958-9acf-4527-9df3-5b3b4cc66424'),
('83735f5d-091a-4b99-8bbe-44054ac3f625', N'Dọn dẹp đồ nội thất', 1, '3fff3fc1-f74f-4fee-9ea0-5b06016ba89b'),
('857ff844-325a-4b3a-b9ee-be704283a415', N'Quét và lau sàn nhà', 0, '3fff3fc1-f74f-4fee-9ea0-5b06016ba89b'),
('a1bee84f-12bf-43d9-acf6-f50fa45fb725', N'Lau chùi bàn trà', 0, '3fff3fc1-f74f-4fee-9ea0-5b06016ba89b'),
('2d0c806c-a3f0-468d-8146-e2acc1f228b1', N'Không quan trọng', 0, '3fff3fc1-f74f-4fee-9ea0-5b06016ba89b'),
('3c1bef81-ce29-4831-a2fd-626ee14e09e3', N'Sử dụng dung dịch giấm và nước ấm', 1, 'f6677447-e353-47b0-9e30-8928d05c56c8'),
('36fe48b7-2aa7-4798-b54c-451cf7a602ad', N'Lau bằng khăn khô', 0, 'f6677447-e353-47b0-9e30-8928d05c56c8'),
('d4965b55-c7c4-4d47-be68-fe28c18a3dbf', N'Sử dụng chất tẩy rửa mạnh', 0, 'f6677447-e353-47b0-9e30-8928d05c56c8'),
('9aa9e7ea-a6cd-4f5a-ae5d-72f0eb587788', N'Không cần làm gì', 0, 'f6677447-e353-47b0-9e30-8928d05c56c8'); 

INSERT INTO [FreelanceQuizzes] ([Id], [TotalTime], [TotalQuestion]) VALUES
('cd8df333-1a43-4943-98d8-146d67b737ad', 600, 10); 

INSERT INTO [QuizQuestions] ([QuizId], [QuestionId]) VALUES
('cd8df333-1a43-4943-98d8-146d67b737ad', '7c608e7d-2c72-4a5b-8750-01eed36bee5d'),
('cd8df333-1a43-4943-98d8-146d67b737ad', 'bab3d522-106e-4260-b615-af1e3ea48eba'),
('cd8df333-1a43-4943-98d8-146d67b737ad', '9d7f0e14-9dae-4bbc-b261-065d8cb28d0b'),
('cd8df333-1a43-4943-98d8-146d67b737ad', 'cb734f80-2e0d-4e63-8788-88fea5d904d0'),
('cd8df333-1a43-4943-98d8-146d67b737ad', '19a7bd13-5f42-4f25-a5c5-e40dcfd4a152'),
('cd8df333-1a43-4943-98d8-146d67b737ad', '931831a8-135d-4eaf-9ddc-fc0ad9608938'),
('cd8df333-1a43-4943-98d8-146d67b737ad', 'c44e2bb6-0ba8-455e-9539-6f5f6cc678c8'),
('cd8df333-1a43-4943-98d8-146d67b737ad', 'd4531acc-1955-4463-9c4d-897ab7cd9e52'),
('cd8df333-1a43-4943-98d8-146d67b737ad', 'cf1de590-26df-4981-9feb-06554bd2ed95'),
('cd8df333-1a43-4943-98d8-146d67b737ad', '757e5236-499f-46cb-b9bf-9f88984c13c3'); 

INSERT INTO [FreelanceQuizResults] ([Id], [CompletedAt], [TotalCorrect], [FreelanceId]) VALUES
('56e8ea82-544b-409c-a045-8830502bd5a6', '2024-03-24T17:13:31.973757', 5, '8d79590d-947b-4128-b230-89b3ea35ee9f'); 

INSERT INTO [FreelanceCorrectQuestions] ([ResultId], [QuestionId]) VALUES
('56e8ea82-544b-409c-a045-8830502bd5a6', '757e5236-499f-46cb-b9bf-9f88984c13c3'),
('56e8ea82-544b-409c-a045-8830502bd5a6', '931831a8-135d-4eaf-9ddc-fc0ad9608938'),
('56e8ea82-544b-409c-a045-8830502bd5a6', '19a7bd13-5f42-4f25-a5c5-e40dcfd4a152'),
('56e8ea82-544b-409c-a045-8830502bd5a6', '9d7f0e14-9dae-4bbc-b261-065d8cb28d0b'),
('56e8ea82-544b-409c-a045-8830502bd5a6', 'cf1de590-26df-4981-9feb-06554bd2ed95'); 

