-- DELETE ALL!!!
Delete from [OrderServiceType];
Delete from [OrderService];
Delete from [Orders];
Delete from [Services];

Delete from [FreelanceSkills];
Delete from [Skills];

DELETE from FreelanceCorrectQuestions;
delete from QuizQuestions;
delete from FreelanceQuizAnswers;
delete from FreelanceQuizQuestions;
delete from FreelanceQuizzes;
DELETE from FreelanceQuizResults;

Delete from [Addresses];
Delete from [Freelancers];
Delete from [Customers];
Delete from [Accounts];

DELETE FROM [ServiceTypes] Where [Id] not in (
'3B8A2D6A-B0E7-46AF-A688-397CEA642603',
'49A42267-D9DC-4E11-87A5-36525D4254D9',
'EF2632F0-47BD-4BBE-A46F-628A28F03D8B',
'DBB78597-043D-47C1-8810-93D392FD09BA');

INSERT INTO [ServiceTypes] ([Id], [Name], [BasePrice], [Description], [ServiceCategoryId], [Image], [Keys]) VALUES
('96D250D4-0C0E-4521-B94E-05F3CAFCA3F3', N'Đi siêu thị hộ', 50000.0, N'Mua sắm hộ siêu nhanh', '6F57D993-EB26-4B35-8C7D-7871A7FD624F', null, null),
('73BF981F-1CFD-483D-80EE-14AB6D2E55EF', N'Đi siêu thị sang trọng', 100000.0, N'Mua sắm hộ siêu nhanh', '6F57D993-EB26-4B35-8C7D-7871A7FD624F', null, null),
('3779D349-ABCB-4DBC-ABF1-25BA9E94A695', N'Đi mua quần áo', 60000.0, N'Mua sắm hộ siêu nhanh', '6F57D993-EB26-4B35-8C7D-7871A7FD624F', null, null),
('3361BC88-9F58-4BE8-AC37-561606430F8A', N'Đi mua giày camping', 300000.0, N'Mua sắm hộ siêu nhanh', '6F57D993-EB26-4B35-8C7D-7871A7FD624F', null, null),
('07CB166A-4B4E-4637-B224-6277A69003D9', N'Đi mua vé concert', 4000000.0, N'Mua sắm hộ siêu nhanh', '6F57D993-EB26-4B35-8C7D-7871A7FD624F', null, null),
('C82954A1-39D4-4012-86B3-6CAD42C2B399', N'Đi chợ hộ', 40000.0, N'Mua sắm hộ siêu nhanh', '6F57D993-EB26-4B35-8C7D-7871A7FD624F', null, null),
('63CE2EBF-EF36-4B4A-891E-ABBDE2A75B38', N'Sửa máy giặt', 200000.0, N'Sửa máy giặt', '8A21B21E-DC31-49C8-8B5B-84B69204DC3A', null, null),
('F1B832B2-49F3-456F-BACB-B1F8DA766BEA', N'Sửa máy lạnh', 200000.0, N'Sửa chữa để tôi lo', '8A21B21E-DC31-49C8-8B5B-84B69204DC3A', null, null),
('B9F74F9E-F792-4C48-B1B6-B6F0BC402D07', N'Sửa bàn ủi', 200000.0, N'Sửa chữa để tôi lo', '8A21B21E-DC31-49C8-8B5B-84B69204DC3A', null, null),
('88006A8C-D757-4B85-8B91-C88E6078FE9C', N'Sửa tivi', 200000.0, N'Sửa chữa để tôi lo', '8A21B21E-DC31-49C8-8B5B-84B69204DC3A', null, null),
('662A64BE-F7EA-4419-8978-DBF8F19159DC', N'Sửa ống nước', 200000.0, N'Sửa chữa để tôi lo', '8A21B21E-DC31-49C8-8B5B-84B69204DC3A', null, null),
('EF2034C1-7F44-4D07-B9C0-E2A497999A9D', N'Sửa bình gas', 50000000.0, N'Hãy yên tâm không nổ đâu', '8A21B21E-DC31-49C8-8B5B-84B69204DC3A', null, null),
('CCA752D4-C17C-4C31-906F-F33CB8A18E48', N'Sửa máy tính laptop', 200000.0, N'Hãy yên tâm không nổ đâu', '8A21B21E-DC31-49C8-8B5B-84B69204DC3A', null, null),
('A5677DE0-A6A7-42C0-AB77-F34B75BEB63D', N'Đi mua vé xem phim', 20000.0, N'Mua sắm hộ siêu nhanh', '6F57D993-EB26-4B35-8C7D-7871A7FD624F', null, null); 

INSERT INTO [Accounts] ([Id], [Email], [FullName], [DateOfBirth], [Phone], [Role], [Avatar], [RefreshToken], [LoginToken], [LoginTokenExpires], [TokenCreated], [TokenExpires], [IsActive], [IsVerified]) VALUES
('ce0202d1-077a-4e05-8f3a-29ad9f0b105b', null, N'Nguyễn Hải Nhi', '2004-04-27', '+84337839146', 'Freelancer', 'https://detoivn.sirv.com/customer_avt/user-avt%20(2).png', 'string', 'default', '2024-03-24T21:48:24.090039', '2024-03-24 21:38:24.090039', '2024-03-24 21:48:24.090039', 1, 1),
('6c0ad217-5de5-4f5d-8c2a-50d77365101f', null, N'Hoàng An Nhàn', '1984-07-27', '+84387160618', 'Customer', 'https://detoivn.sirv.com/customer_avt/user-avt%20(2).png', 'string', 'default', '2024-03-24T21:48:24.159762', '2024-03-24 21:38:24.159762', '2024-03-24 21:48:24.159762', 1, 1),
('520ee4c6-a765-458d-9351-4a4162b9756d', null, N'Trần Thanh Nhã', '1978-10-20', '+84325857521', 'Freelancer', 'https://detoivn.sirv.com/customer_avt/user-avt%20(2).png', 'string', 'default', '2024-03-24T21:48:24.176480', '2024-03-24 21:38:24.176480', '2024-03-24 21:48:24.176480', 1, 1),
('306e5035-8b3d-4f91-a591-a93785ab0db6', null, N'Ngô Đinh Bích Hạnh', '1975-06-20', '+84842420519', 'Customer', 'https://detoivn.sirv.com/customer_avt/user-avt%20(3).png', 'string', 'default', '2024-03-24T21:48:24.183478', '2024-03-24 21:38:24.183478', '2024-03-24 21:48:24.183478', 1, 1),
('506b6866-2af1-4cf1-8af1-251bae15ba97', null, N'Ngô Kiều Anh', '1976-07-24', '+84909707437', 'Freelancer', 'https://detoivn.sirv.com/customer_avt/user-avt%20(2).png', 'string', 'default', '2024-03-24T21:48:24.184991', '2024-03-24 21:38:24.184991', '2024-03-24 21:48:24.184991', 1, 1),
('376ed006-0868-4c13-9903-67e8e5fee72b', null, N'Đỗ Đỗ Trúc Phương', '2001-01-23', '+84381595058', 'Customer', 'https://detoivn.sirv.com/customer_avt/user-avt%20(2).png', 'string', 'default', '2024-03-24T21:48:24.187013', '2024-03-24 21:38:24.187013', '2024-03-24 21:48:24.187013', 1, 1),
('600e0a8b-caee-49d3-9527-5069b80dbf3f', null, N'Ngô Thái Ðức', '1983-03-30', '+84818892528', 'Customer', 'https://detoivn.sirv.com/customer_avt/user-avt%20(1).png', 'string', 'default', '2024-03-24T21:48:24.189009', '2024-03-24 21:38:24.189009', '2024-03-24 21:48:24.189009', 1, 1),
('c601a8fb-514a-4e48-8a07-e00af6096fa0', null, N'Lê Xuân Mai', '1977-08-31', '+84966040685', 'Customer', 'https://detoivn.sirv.com/customer_avt/user-avt%20(2).png', 'string', 'default', '2024-03-24T21:48:24.191005', '2024-03-24 21:38:24.191005', '2024-03-24 21:48:24.191005', 1, 1),
('fb65aab5-4880-4707-9d59-b3d376275580', null, N'Hoàng Trọng Tấn', '1995-07-20', '+84897229747', 'Freelancer', 'https://detoivn.sirv.com/customer_avt/user-avt%20(3).png', 'string', 'default', '2024-03-24T21:48:24.192013', '2024-03-24 21:38:24.192013', '2024-03-24 21:48:24.192013', 1, 1),
('ee7ad7ef-66ca-4c97-85e4-f12e89f68eac', null, N'Đinh Hoàng Ánh Tuyết', '1986-04-19', '+84847437072', 'Customer', 'https://detoivn.sirv.com/customer_avt/user-avt%20(1).png', 'string', 'default', '2024-03-24T21:48:24.194609', '2024-03-24 21:38:24.194609', '2024-03-24 21:48:24.194609', 1, 1),
('c865d751-2b9e-4c85-bb98-ece9b9c30bd3', null, N'Trương Ðình Lộc', '2001-06-19', '+84381931589', 'Customer', 'https://detoivn.sirv.com/customer_avt/user-avt%20(2).png', 'string', 'default', '2024-03-24T21:48:24.196537', '2024-03-24 21:38:24.196537', '2024-03-24 21:48:24.196537', 1, 1); 

INSERT INTO [Freelancers] ([Id], [AccountId], [Rating], [TotalReviewCount], [Balance], [OrderCount], [LoveCount], [PositiveReviewCount], [IdentityNumber], [IsTeam], [Description], [TeamMemberCount]) VALUES
('cf2550ab-b558-47e8-b8a5-7842b8a24a82', 'ce0202d1-077a-4e05-8f3a-29ad9f0b105b', 0, 0, 0, 0, 0, 0, '051200000011', 1, 'President stage population boy. Everything affect American race. Fire happen nothing support suffer which parent. Republican total policy head Mrs debate onto.', 2),
('b0b52260-0fd3-4efd-8258-40230e3b81b1', '520ee4c6-a765-458d-9351-4a4162b9756d', 0, 0, 0, 0, 0, 0, '051200000012', 0, 'Boy room value film tax. Few structure federal board. Training listen subject wish gas look record.', 1),
('7dd97441-f8b7-4f99-b15a-fcbfe4401c50', '506b6866-2af1-4cf1-8af1-251bae15ba97', 0, 0, 0, 0, 0, 0, '051200000013', 0, 'Institution happy write end since. Court boy state table agree moment. Budget huge debate among way. Perhaps bit learn gun still. Writer work chance image. There many true follow marriage material.', 1),
('eef8b1be-8dd2-4c5e-8da9-8b9131b5cf94', 'fb65aab5-4880-4707-9d59-b3d376275580', 0, 0, 0, 0, 0, 0, '051200000014', 0, 'Before some military outside baby interview senior. Movement out stay lot social. Parent do ten after those scientist.', 1); 

INSERT INTO [Customers] ([Id], [AccountId], [CustomerRank], [MemberPoint]) VALUES
('cc94ecdf-4966-4a21-a930-6903c26743ee', '6c0ad217-5de5-4f5d-8c2a-50d77365101f', 'Unranked', 0),
('8f9077ab-d6c5-4a75-8d5c-362254e4d816', '306e5035-8b3d-4f91-a591-a93785ab0db6', 'Unranked', 0),
('1cdcffbd-dca1-4357-8395-7b8511f7fdd4', '376ed006-0868-4c13-9903-67e8e5fee72b', 'Unranked', 0),
('8ecbf701-ea7e-4ab6-be2f-4a410bc2888d', '600e0a8b-caee-49d3-9527-5069b80dbf3f', 'Unranked', 0),
('40398d6d-fcca-4466-b051-20c25d737036', 'c601a8fb-514a-4e48-8a07-e00af6096fa0', 'Unranked', 0),
('64c86608-2c3e-4def-9846-6826254aec82', 'ee7ad7ef-66ca-4c97-85e4-f12e89f68eac', 'Unranked', 0),
('64851199-af31-4f39-9154-064e46866f3f', 'c865d751-2b9e-4c85-bb98-ece9b9c30bd3', 'Unranked', 0); 

INSERT INTO [Addresses] ([Id], [Lat], [Lon], [CustomerAccountId], [FreelanceAccountId], [AddressLine], [Ward], [District], [Province], [Country]) VALUES
('862feb90-83f4-49df-b4a9-6cd38c9831ba', 10.515508203375319, 106.99998415048867, 'cc94ecdf-4966-4a21-a930-6903c26743ee', null, 'test address', N'Phường 12', N'Quận 4', N'Thành phố Hồ Chí Minh', N'Việt Nam'),
('8749871c-bb5e-4dd3-b018-d423e3abfa82', 10.817297919347922, 106.61233717380325, null, 'b0b52260-0fd3-4efd-8258-40230e3b81b1', 'test address', N'Phường 8', N'Quận Gò Vấp', N'Thành phố Hồ Chí Minh', N'Việt Nam'),
('786dd6b5-dea6-4159-83f0-f79e35d2fccc', 10.483131216409427, 106.60239728683061, '8f9077ab-d6c5-4a75-8d5c-362254e4d816', null, 'test address', N'Phường 9', N'Quận Phú Nhuận', N'Thành phố Hồ Chí Minh', N'Việt Nam'),
('8b83f575-871f-4750-8b11-ed33b2729f6a', 10.74514615253717, 106.81554629051067, null, '7dd97441-f8b7-4f99-b15a-fcbfe4401c50', 'test address', N'Phường Cầu Ông Lãnh', N'Quận 1', N'Thành phố Hồ Chí Minh', N'Việt Nam'),
('d8a10256-2dd9-467b-acbc-13c192c570bc', 10.925124080050601, 106.72557485815388, '1cdcffbd-dca1-4357-8395-7b8511f7fdd4', null, 'test address', N'Phường 1', N'Quận 4', N'Thành phố Hồ Chí Minh', N'Việt Nam'),
('16a5a61a-b852-43f6-a05a-8728ef5ed5ab', 10.556648003558143, 106.88204514617927, '8ecbf701-ea7e-4ab6-be2f-4a410bc2888d', null, 'test address', N'Phường 11', N'Quận Tân Bình', N'Thành phố Hồ Chí Minh', N'Việt Nam'),
('5f60d61d-5124-47b4-98b3-cbb2cbfad04f', 10.648982919497389, 106.84104704520145, '40398d6d-fcca-4466-b051-20c25d737036', null, 'test address', N'Xã Tân Thới Nhì', N'Huyện Hóc Môn', N'Thành phố Hồ Chí Minh', N'Việt Nam'),
('8b10abd6-cf46-4a88-942e-8415b7a069a4', 10.516308639470289, 106.69701220916838, null, 'eef8b1be-8dd2-4c5e-8da9-8b9131b5cf94', 'test address', N'Phường Tân Tạo', N'Quận Bình Tân', N'Thành phố Hồ Chí Minh', N'Việt Nam'),
('4ffdb476-14f5-4468-ac2b-e1d7e290017e', 10.486371377026654, 106.72837220690026, '64c86608-2c3e-4def-9846-6826254aec82', null, 'test address', N'Phường 3', N'Quận 11', N'Thành phố Hồ Chí Minh', N'Việt Nam'),
('5e5964b8-7c23-44e8-ac2d-4135152877d0', 10.752505722956213, 106.75143425490832, '64851199-af31-4f39-9154-064e46866f3f', null, 'test address', N'Phường 8', N'Quận 10', N'Thành phố Hồ Chí Minh', N'Việt Nam'); 

INSERT INTO [Skills] (Id, Name, Description, SkillCategory) VALUES
('d7e1c3d0-b608-4b14-846c-76b1cf6dcdbf', 'House Cleaning', 'American whole magazine truth stop whose.', 'CleaningService'),
('cdecbd4d-d4a5-4baf-b22a-2c1335a8378a', 'Office Cleaning', 'Through despite cause cause believe son would mouth.', 'CleaningService'),
('09b56473-84ce-4438-8a2c-7d6be4e249cb', 'Deep Cleaning', 'Financial role together range.', 'CleaningService'),
('a3c1dc82-3b9f-4fdf-b742-10b931cf3769', 'Carpet Cleaning', 'Beyond its particularly tree whom local tend.', 'CleaningService'),
('0fdafb30-d378-4859-95ce-ba79b58c7d80', 'Window Cleaning', 'Source nature add rest.', 'CleaningService'),
('6f1cddd2-7155-46ad-ae0f-5f8a46db6fa1', 'Maid Service', 'Ability management test during foot that course nothing.', 'CleaningService'),
('db08aa79-8e56-4d65-9c0a-5583e8637fcc', 'Janitorial Service', 'Sort language ball floor.', 'CleaningService'),
('59ed43a0-7b33-45a1-a522-b89fefcd8a63', 'Disinfection Service', 'Board necessary religious natural sport music white.', 'CleaningService'),
('1ff3b373-d917-4c00-96d3-275677961df2', 'Eco-friendly Cleaning', 'Onto knowledge other his offer face country.', 'CleaningService'),
('77828582-7e63-42ca-9af9-a38975dbb80c', 'Move-in/Move-out Cleaning', 'Party prevent live.', 'CleaningService'),
('0554f84e-afe0-4840-bd0c-3bdae402484c', 'Appliance Repair', 'Theory type successful together.', 'RepairingService'),
('434df428-1b27-4b9b-bfbc-1db25b7676e1', 'Refrigerator Repair', 'Study modern miss dog Democrat quickly.', 'RepairingService'),
('81f3a19d-4ff6-4482-acee-60e0513851eb', 'Washer/Dryer Repair', 'Every manage political record word group food break.', 'RepairingService'),
('8ab79d55-5169-4093-acd8-b767a99b9789', 'Oven/Range Repair', 'Friend couple administration even relate head color international.', 'RepairingService'),
('a6a8dd92-8d38-43eb-964f-96dbc15fbf80', 'Dishwasher Repair', 'Situation talk despite stage.', 'RepairingService'),
('6607447f-2cda-4e0c-900e-c12e8a00fdeb', 'HVAC Repair', 'Quite ago play paper office hospital have wonder.', 'RepairingService'),
('12e90931-3d01-4b7c-aa4e-37b44752804b', 'Plumbing Repair', 'Against which continue buy decision song view age.', 'RepairingService'),
('7c768ec7-564a-42ec-918f-7a5d7243b01c', 'Electrical Repair', 'Big employee determine positive go Congress mean always.', 'RepairingService'),
('9ab54b9b-6e98-435a-ad04-21b018c88867', 'Small Appliance Repair', 'Current grow rule stuff truth college.', 'RepairingService'),
('526aef31-33f8-4950-a4fa-2fe29b5cc815', 'Garbage Disposal Repair', 'Small citizen class morning.', 'RepairingService'),
('4fe5755c-f418-475a-a8dc-619157003831', 'Personal Shopping', 'Tv program actually race tonight themselves true power.', 'ShoppingService'),
('b97255c9-0c9c-4236-9eb0-1f71c70c0047', 'Grocery Shopping', 'Check real leader bad school.', 'ShoppingService'),
('49935901-f4cf-433d-901d-76cd11e14b21', 'Errand Service', 'Care several loss particular pull.', 'ShoppingService'),
('ae1ffd58-bbdb-45a9-835b-dfe21d08ffaf', 'Shopping Assistance', 'Car financial security stock ball organization recognize civil.', 'ShoppingService'),
('d91dc971-4ec2-4be7-88db-5cbe59a736f9', 'Gift Shopping', 'Her then nothing increase I reduce industry.', 'ShoppingService'),
('9a709917-2939-49cc-92f3-d4f7f5dcb120', 'Online Shopping', 'Knowledge else citizen month.', 'ShoppingService'),
('a1172b41-982b-4a53-9e23-6878a32ef9ac', 'Bulk Shopping', 'Page a although for study anyone state.', 'ShoppingService'),
('348f23bb-f9e7-4fd4-abae-e40e2c9ff94b', 'Specialty Store Shopping', 'Nature white without study candidate.', 'ShoppingService'),
('44b1b7ba-ac3b-4aaf-b95c-48277ae247f8', 'Holiday Shopping', 'Wear individual about add senior woman.', 'ShoppingService'),
('73a3f829-b1c0-4230-a9ac-45435cc81991', 'Fashion Styling', 'Best budget power them evidence without beyond take.', 'ShoppingService'); 

INSERT INTO [FreelanceSkills] ([FreelancerId], [SkillId]) VALUES
('b0b52260-0fd3-4efd-8258-40230e3b81b1', 'cdecbd4d-d4a5-4baf-b22a-2c1335a8378a'),
('b0b52260-0fd3-4efd-8258-40230e3b81b1', '77828582-7e63-42ca-9af9-a38975dbb80c'),
('b0b52260-0fd3-4efd-8258-40230e3b81b1', '0554f84e-afe0-4840-bd0c-3bdae402484c'),
('b0b52260-0fd3-4efd-8258-40230e3b81b1', 'ae1ffd58-bbdb-45a9-835b-dfe21d08ffaf'),
('b0b52260-0fd3-4efd-8258-40230e3b81b1', 'b97255c9-0c9c-4236-9eb0-1f71c70c0047'),
('b0b52260-0fd3-4efd-8258-40230e3b81b1', '0fdafb30-d378-4859-95ce-ba79b58c7d80'),
('7dd97441-f8b7-4f99-b15a-fcbfe4401c50', '7c768ec7-564a-42ec-918f-7a5d7243b01c'),
('7dd97441-f8b7-4f99-b15a-fcbfe4401c50', '526aef31-33f8-4950-a4fa-2fe29b5cc815'),
('7dd97441-f8b7-4f99-b15a-fcbfe4401c50', '73a3f829-b1c0-4230-a9ac-45435cc81991'),
('7dd97441-f8b7-4f99-b15a-fcbfe4401c50', '59ed43a0-7b33-45a1-a522-b89fefcd8a63'),
('eef8b1be-8dd2-4c5e-8da9-8b9131b5cf94', '12e90931-3d01-4b7c-aa4e-37b44752804b'),
('eef8b1be-8dd2-4c5e-8da9-8b9131b5cf94', '9ab54b9b-6e98-435a-ad04-21b018c88867'),
('eef8b1be-8dd2-4c5e-8da9-8b9131b5cf94', '1ff3b373-d917-4c00-96d3-275677961df2'),
('eef8b1be-8dd2-4c5e-8da9-8b9131b5cf94', '0554f84e-afe0-4840-bd0c-3bdae402484c'),
('eef8b1be-8dd2-4c5e-8da9-8b9131b5cf94', '09b56473-84ce-4438-8a2c-7d6be4e249cb'); 

INSERT INTO [Orders] ([Id], [AddressId], [EstimatedPrice], [StartTime], [FinishTime], [CreatedTime], [FreelancerId], [CustomerId], [Rating], [Comment], [ServiceStatusId]) VALUES
('6785315a-5f4b-49b3-b2db-81c12f493a4b', '786dd6b5-dea6-4159-83f0-f79e35d2fccc', 0, '2024-03-08T00:00:00.000000', null, '2024-03-07T00:00:00.000000', null, '8f9077ab-d6c5-4a75-8d5c-362254e4d816', 0, null, '8a9f22f1-3c67-49f7-bd84-ec290e4a37fd'),
('1b3188f1-f139-4580-873f-ac52572edc97', '786dd6b5-dea6-4159-83f0-f79e35d2fccc', 0, '2024-01-04T00:00:00.000000', null, '2024-01-01T00:00:00.000000', null, '8f9077ab-d6c5-4a75-8d5c-362254e4d816', 0, null, '8a9f22f1-3c67-49f7-bd84-ec290e4a37fd'),
('189b9b0e-cdc7-4672-b616-fdb76ccc8a47', '5e5964b8-7c23-44e8-ac2d-4135152877d0', 0, '2024-03-17T00:00:00.000000', null, '2024-03-16T00:00:00.000000', null, '64851199-af31-4f39-9154-064e46866f3f', 0, null, '8a9f22f1-3c67-49f7-bd84-ec290e4a37fd'),
('42b818af-63e9-471c-85c3-bb25e4f4da80', '5e5964b8-7c23-44e8-ac2d-4135152877d0', 0, '2024-02-13T00:00:00.000000', null, '2024-02-11T00:00:00.000000', null, '64851199-af31-4f39-9154-064e46866f3f', 0, null, '8a9f22f1-3c67-49f7-bd84-ec290e4a37fd'),
('dbdaf7f7-82f5-4565-b222-1f071a506106', '5e5964b8-7c23-44e8-ac2d-4135152877d0', 0, '2024-02-04T00:00:00.000000', null, '2024-02-01T00:00:00.000000', null, '64851199-af31-4f39-9154-064e46866f3f', 0, null, '8a9f22f1-3c67-49f7-bd84-ec290e4a37fd'),
('e4f694f0-cdf1-4f9f-bbf4-b67183089c21', '862feb90-83f4-49df-b4a9-6cd38c9831ba', 100000, '2024-02-27T00:00:00.000000', '2024-02-27T00:00:00.000000', '2024-02-26T00:00:00.000000', '7dd97441-f8b7-4f99-b15a-fcbfe4401c50', 'cc94ecdf-4966-4a21-a930-6903c26743ee', 3.5, N'Ngô Kiều Anh cần cải thiện khả năng giao tiếp. Freelancer thiếu giao tiếp với khách hàng.', 'a7d1f0e8-2a6f-4b9d-aa1c-10f58a1d5d32'),
('3dd6008c-3c36-4905-bac0-81e4bbc142b9', '4ffdb476-14f5-4468-ac2b-e1d7e290017e', 800000, '2024-01-21T00:00:00.000000', '2024-01-21T00:00:00.000000', '2024-01-19T00:00:00.000000', 'b0b52260-0fd3-4efd-8258-40230e3b81b1', '64c86608-2c3e-4def-9846-6826254aec82', 4.5, N'Tôi không thể hài lòng hơn với dịch vụ của Trần Thanh Nhã. Đó là một trải nghiệm suôn sẻ.', 'a7d1f0e8-2a6f-4b9d-aa1c-10f58a1d5d32'),
('a845bbe9-ba41-4a5a-8823-22cea69a5ec7', '4ffdb476-14f5-4468-ac2b-e1d7e290017e', 900000, '2024-02-27T00:00:00.000000', '2024-02-27T00:00:00.000000', '2024-02-26T00:00:00.000000', '7dd97441-f8b7-4f99-b15a-fcbfe4401c50', '64c86608-2c3e-4def-9846-6826254aec82', 3.0, N'Thật không may, trải nghiệm của tôi với Ngô Kiều Anh không được tốt. Chất lượng dịch vụ kém.', 'a7d1f0e8-2a6f-4b9d-aa1c-10f58a1d5d32'),
('8f2b16da-c682-459f-8b62-2b5f6e599453', '16a5a61a-b852-43f6-a05a-8728ef5ed5ab', 0, '2024-03-11T00:00:00.000000', null, '2024-03-09T00:00:00.000000', null, '8ecbf701-ea7e-4ab6-be2f-4a410bc2888d', 0, null, '8a9f22f1-3c67-49f7-bd84-ec290e4a37fd'),
('b86913fa-1c39-437f-bde5-34ad993efa15', '16a5a61a-b852-43f6-a05a-8728ef5ed5ab', 200000, '2024-02-06T00:00:00.000000', '2024-02-06T00:00:00.000000', '2024-02-04T00:00:00.000000', 'eef8b1be-8dd2-4c5e-8da9-8b9131b5cf94', '8ecbf701-ea7e-4ab6-be2f-4a410bc2888d', 4.5, N'Hoàng Trọng Tấn thật tuyệt vời! Tôi nhận được giá trị tuyệt vời với số tiền bỏ ra.', 'a7d1f0e8-2a6f-4b9d-aa1c-10f58a1d5d32'),
('157e4445-35fb-4fcc-890c-d660cb44e723', '5f60d61d-5124-47b4-98b3-cbb2cbfad04f', 0, '2024-01-10T00:00:00.000000', null, '2024-01-07T00:00:00.000000', null, '40398d6d-fcca-4466-b051-20c25d737036', 0, null, '8a9f22f1-3c67-49f7-bd84-ec290e4a37fd'),
('bc2aff87-52c9-4610-bb73-8adfa059dd5a', '5f60d61d-5124-47b4-98b3-cbb2cbfad04f', 1000000, '2024-01-28T00:00:00.000000', '2024-01-28T00:00:00.000000', '2024-01-25T00:00:00.000000', '7dd97441-f8b7-4f99-b15a-fcbfe4401c50', '40398d6d-fcca-4466-b051-20c25d737036', 3.5, N'Ngô Kiều Anh thiếu chuyên nghiệp. Chậm và kém hiệu quả.', 'a7d1f0e8-2a6f-4b9d-aa1c-10f58a1d5d32'),
('0ec2d9fd-27ac-4539-9c7a-a4d5fa489b4a', '5f60d61d-5124-47b4-98b3-cbb2cbfad04f', 900000, '2024-02-21T00:00:00.000000', '2024-02-21T00:00:00.000000', '2024-02-19T00:00:00.000000', '7dd97441-f8b7-4f99-b15a-fcbfe4401c50', '40398d6d-fcca-4466-b051-20c25d737036', 3.5, N'Tôi không thích dịch vụ từ Ngô Kiều Anh lắm. Chậm và kém hiệu quả.', 'a7d1f0e8-2a6f-4b9d-aa1c-10f58a1d5d32'),
('063df4e6-1ad3-4ef9-84c2-5480602b2472', '16a5a61a-b852-43f6-a05a-8728ef5ed5ab', 500000, '2024-01-12T00:00:00.000000', '2024-01-12T00:00:00.000000', '2024-01-09T00:00:00.000000', '7dd97441-f8b7-4f99-b15a-fcbfe4401c50', '8ecbf701-ea7e-4ab6-be2f-4a410bc2888d', 3.0, N'Ngô Kiều Anh cần cải thiện khả năng giao tiếp. Tôi cảm thấy mình không nhận được giá trị tương xứng với số tiền bỏ ra.', 'a7d1f0e8-2a6f-4b9d-aa1c-10f58a1d5d32'),
('1495078c-1c81-4128-8be0-1008537c07da', '4ffdb476-14f5-4468-ac2b-e1d7e290017e', 0, '2024-03-09T00:00:00.000000', null, '2024-03-08T00:00:00.000000', null, '64c86608-2c3e-4def-9846-6826254aec82', 0, null, '8a9f22f1-3c67-49f7-bd84-ec290e4a37fd'),
('e24061c0-644f-4f65-89dd-51a2f91cfe07', '4ffdb476-14f5-4468-ac2b-e1d7e290017e', 600000, '2024-01-21T00:00:00.000000', '2024-01-21T00:00:00.000000', '2024-01-20T00:00:00.000000', '7dd97441-f8b7-4f99-b15a-fcbfe4401c50', '64c86608-2c3e-4def-9846-6826254aec82', 4.5, N'Ngô Kiều Anh thật xuất sắc! Freelancer thật thân thiện và lịch sự.', 'a7d1f0e8-2a6f-4b9d-aa1c-10f58a1d5d32'),
('2061395e-881b-421f-8a7c-32d513ffbb1c', '16a5a61a-b852-43f6-a05a-8728ef5ed5ab', 0, '2024-01-25T00:00:00.000000', null, '2024-01-22T00:00:00.000000', null, '8ecbf701-ea7e-4ab6-be2f-4a410bc2888d', 0, null, '8a9f22f1-3c67-49f7-bd84-ec290e4a37fd'),
('ab612428-4ae8-44b1-9648-d1657fa13214', '16a5a61a-b852-43f6-a05a-8728ef5ed5ab', 100000, '2024-02-02T00:00:00.000000', '2024-02-02T00:00:00.000000', '2024-01-31T00:00:00.000000', 'eef8b1be-8dd2-4c5e-8da9-8b9131b5cf94', '8ecbf701-ea7e-4ab6-be2f-4a410bc2888d', 3.5, N'Tôi không thích dịch vụ từ Hoàng Trọng Tấn lắm. Tôi cảm thấy mình không nhận được giá trị tương xứng với số tiền bỏ ra.', 'a7d1f0e8-2a6f-4b9d-aa1c-10f58a1d5d32'),
('13bdfc56-ef4b-43ef-905f-d28a5e8bad9c', '16a5a61a-b852-43f6-a05a-8728ef5ed5ab', 200000, '2024-03-04T00:00:00.000000', '2024-03-04T00:00:00.000000', '2024-03-03T00:00:00.000000', 'cf2550ab-b558-47e8-b8a5-7842b8a24a82', '8ecbf701-ea7e-4ab6-be2f-4a410bc2888d', 3.0, N'Nguyễn Hải Nhi cần cải thiện khả năng giao tiếp. Chất lượng dịch vụ kém.', 'a7d1f0e8-2a6f-4b9d-aa1c-10f58a1d5d32'),
('13bebe28-dcb0-4d38-a5f0-10781330fc5c', '16a5a61a-b852-43f6-a05a-8728ef5ed5ab', 0, '2024-02-14T00:00:00.000000', null, '2024-02-12T00:00:00.000000', null, '8ecbf701-ea7e-4ab6-be2f-4a410bc2888d', 0, null, '8a9f22f1-3c67-49f7-bd84-ec290e4a37fd'),
('a435bfb5-5c84-4717-8706-dc6c1e562195', '786dd6b5-dea6-4159-83f0-f79e35d2fccc', 600000, '2024-03-22T00:00:00.000000', '2024-03-22T00:00:00.000000', '2024-03-20T00:00:00.000000', 'b0b52260-0fd3-4efd-8258-40230e3b81b1', '8f9077ab-d6c5-4a75-8d5c-362254e4d816', 4.0, N'Trần Thanh Nhã thật tuyệt vời! Đó là một trải nghiệm suôn sẻ.', 'a7d1f0e8-2a6f-4b9d-aa1c-10f58a1d5d32'),
('e0dad99c-a8c9-42f9-baf7-fd04b7537730', '786dd6b5-dea6-4159-83f0-f79e35d2fccc', 0, '2024-02-22T00:00:00.000000', null, '2024-02-21T00:00:00.000000', null, '8f9077ab-d6c5-4a75-8d5c-362254e4d816', 0, null, '8a9f22f1-3c67-49f7-bd84-ec290e4a37fd'),
('9aa73ae6-21e3-4b5e-a353-123b4f08cccf', '4ffdb476-14f5-4468-ac2b-e1d7e290017e', 0, '2024-03-21T00:00:00.000000', null, '2024-03-20T00:00:00.000000', null, '64c86608-2c3e-4def-9846-6826254aec82', 0, null, '8a9f22f1-3c67-49f7-bd84-ec290e4a37fd'),
('49f2a0df-ed5a-4a0e-97a8-fdb0a6393c51', '4ffdb476-14f5-4468-ac2b-e1d7e290017e', 0, '2024-01-30T00:00:00.000000', null, '2024-01-27T00:00:00.000000', null, '64c86608-2c3e-4def-9846-6826254aec82', 0, null, '8a9f22f1-3c67-49f7-bd84-ec290e4a37fd'),
('0e9420cc-199e-45f2-81f3-a0da0306d7f4', '4ffdb476-14f5-4468-ac2b-e1d7e290017e', 0, '2024-03-21T00:00:00.000000', null, '2024-03-20T00:00:00.000000', null, '64c86608-2c3e-4def-9846-6826254aec82', 0, null, '8a9f22f1-3c67-49f7-bd84-ec290e4a37fd'),
('3c5edcbb-9f7a-40be-9270-e6790c286996', '4ffdb476-14f5-4468-ac2b-e1d7e290017e', 0, '2024-02-14T00:00:00.000000', null, '2024-02-12T00:00:00.000000', null, '64c86608-2c3e-4def-9846-6826254aec82', 0, null, '8a9f22f1-3c67-49f7-bd84-ec290e4a37fd'),
('75e37430-64e7-4467-9007-9ec31d8f9d3c', '4ffdb476-14f5-4468-ac2b-e1d7e290017e', 100000, '2024-02-17T00:00:00.000000', '2024-02-17T00:00:00.000000', '2024-02-14T00:00:00.000000', '7dd97441-f8b7-4f99-b15a-fcbfe4401c50', '64c86608-2c3e-4def-9846-6826254aec82', 3.5, N'Ngô Kiều Anh thiếu chuyên nghiệp. Chậm và kém hiệu quả.', 'a7d1f0e8-2a6f-4b9d-aa1c-10f58a1d5d32'),
('c08229b1-2a2f-4176-950e-ddf643e95deb', '5e5964b8-7c23-44e8-ac2d-4135152877d0', 0, '2024-01-05T00:00:00.000000', null, '2024-01-02T00:00:00.000000', null, '64851199-af31-4f39-9154-064e46866f3f', 0, null, '8a9f22f1-3c67-49f7-bd84-ec290e4a37fd'),
('d220c6b5-d62e-4785-94e8-9504706a4c0a', '5e5964b8-7c23-44e8-ac2d-4135152877d0', 0, '2024-02-07T00:00:00.000000', null, '2024-02-06T00:00:00.000000', null, '64851199-af31-4f39-9154-064e46866f3f', 0, null, '8a9f22f1-3c67-49f7-bd84-ec290e4a37fd'),
('669a29c4-61bb-4821-8df6-cb97fee37be2', '5e5964b8-7c23-44e8-ac2d-4135152877d0', 0, '2024-01-14T00:00:00.000000', null, '2024-01-11T00:00:00.000000', null, '64851199-af31-4f39-9154-064e46866f3f', 0, null, '8a9f22f1-3c67-49f7-bd84-ec290e4a37fd'),
('7eccbcad-801b-437a-b148-1b70a77b162e', '862feb90-83f4-49df-b4a9-6cd38c9831ba', 0, '2024-01-04T00:00:00.000000', null, '2024-01-02T00:00:00.000000', null, 'cc94ecdf-4966-4a21-a930-6903c26743ee', 0, null, '8a9f22f1-3c67-49f7-bd84-ec290e4a37fd'),
('7a26011d-6b1b-497d-9369-6a584a0c58e4', '862feb90-83f4-49df-b4a9-6cd38c9831ba', 0, '2024-01-12T00:00:00.000000', null, '2024-01-10T00:00:00.000000', null, 'cc94ecdf-4966-4a21-a930-6903c26743ee', 0, null, '8a9f22f1-3c67-49f7-bd84-ec290e4a37fd'),
('0910c5c6-7e5f-404b-b348-047e5990b91c', '862feb90-83f4-49df-b4a9-6cd38c9831ba', 0, '2024-01-05T00:00:00.000000', null, '2024-01-04T00:00:00.000000', null, 'cc94ecdf-4966-4a21-a930-6903c26743ee', 0, null, '8a9f22f1-3c67-49f7-bd84-ec290e4a37fd'),
('ba90e211-e1f0-47b9-8d77-4578f1971a32', '4ffdb476-14f5-4468-ac2b-e1d7e290017e', 300000, '2024-02-23T00:00:00.000000', '2024-02-23T00:00:00.000000', '2024-02-21T00:00:00.000000', 'b0b52260-0fd3-4efd-8258-40230e3b81b1', '64c86608-2c3e-4def-9846-6826254aec82', 4.0, N'Trần Thanh Nhã vượt xa mong đợi. Nhanh chóng và hiệu quả.', 'a7d1f0e8-2a6f-4b9d-aa1c-10f58a1d5d32'),
('f381d46f-b92b-4169-9ec5-b3089e2c5509', '4ffdb476-14f5-4468-ac2b-e1d7e290017e', 0, '2024-01-11T00:00:00.000000', null, '2024-01-08T00:00:00.000000', null, '64c86608-2c3e-4def-9846-6826254aec82', 0, null, '8a9f22f1-3c67-49f7-bd84-ec290e4a37fd'),
('85956243-c52c-4494-8eba-c46cbda43348', '4ffdb476-14f5-4468-ac2b-e1d7e290017e', 0, '2024-02-12T00:00:00.000000', null, '2024-02-10T00:00:00.000000', null, '64c86608-2c3e-4def-9846-6826254aec82', 0, null, '8a9f22f1-3c67-49f7-bd84-ec290e4a37fd'),
('78cf91cd-9b03-4a51-98e9-bb2a04e23918', '4ffdb476-14f5-4468-ac2b-e1d7e290017e', 700000, '2024-01-16T00:00:00.000000', '2024-01-16T00:00:00.000000', '2024-01-14T00:00:00.000000', 'cf2550ab-b558-47e8-b8a5-7842b8a24a82', '64c86608-2c3e-4def-9846-6826254aec82', 3.0, N'Nguyễn Hải Nhi cần được cải thiện. Tôi cảm thấy mình không nhận được giá trị tương xứng với số tiền bỏ ra.', 'a7d1f0e8-2a6f-4b9d-aa1c-10f58a1d5d32'),
('47eef477-6ce6-4d7b-938e-9a40276fb89b', '4ffdb476-14f5-4468-ac2b-e1d7e290017e', 0, '2024-03-14T00:00:00.000000', null, '2024-03-12T00:00:00.000000', null, '64c86608-2c3e-4def-9846-6826254aec82', 0, null, '8a9f22f1-3c67-49f7-bd84-ec290e4a37fd'),
('2786a7e2-9348-456d-92f6-8f8ec4cbd93b', '5f60d61d-5124-47b4-98b3-cbb2cbfad04f', 200000, '2024-01-07T00:00:00.000000', '2024-01-07T00:00:00.000000', '2024-01-06T00:00:00.000000', '7dd97441-f8b7-4f99-b15a-fcbfe4401c50', '40398d6d-fcca-4466-b051-20c25d737036', 5.0, N'Ngô Kiều Anh đã làm một công việc rất ấn tượng. Dịch vụ vượt quá mong đợi của tôi.', 'a7d1f0e8-2a6f-4b9d-aa1c-10f58a1d5d32'),
('22d7c631-d819-473a-8574-027161da2b65', '5f60d61d-5124-47b4-98b3-cbb2cbfad04f', 700000, '2024-03-22T00:00:00.000000', '2024-03-22T00:00:00.000000', '2024-03-21T00:00:00.000000', 'cf2550ab-b558-47e8-b8a5-7842b8a24a82', '40398d6d-fcca-4466-b051-20c25d737036', 4.5, N'Tôi không thể hài lòng hơn với dịch vụ của Nguyễn Hải Nhi. Dịch vụ vượt quá mong đợi của tôi.', 'a7d1f0e8-2a6f-4b9d-aa1c-10f58a1d5d32'),
('d43586c2-98da-4eed-ac91-15d760381166', '16a5a61a-b852-43f6-a05a-8728ef5ed5ab', 0, '2024-03-19T00:00:00.000000', null, '2024-03-18T00:00:00.000000', null, '8ecbf701-ea7e-4ab6-be2f-4a410bc2888d', 0, null, '8a9f22f1-3c67-49f7-bd84-ec290e4a37fd'),
('09932250-b9b4-481f-9d51-60462cd315a1', '4ffdb476-14f5-4468-ac2b-e1d7e290017e', 0, '2024-01-31T00:00:00.000000', null, '2024-01-30T00:00:00.000000', null, '64c86608-2c3e-4def-9846-6826254aec82', 0, null, '8a9f22f1-3c67-49f7-bd84-ec290e4a37fd'),
('5314312f-942b-4ddf-9df9-2985228e54fa', '4ffdb476-14f5-4468-ac2b-e1d7e290017e', 0, '2024-03-17T00:00:00.000000', null, '2024-03-15T00:00:00.000000', null, '64c86608-2c3e-4def-9846-6826254aec82', 0, null, '8a9f22f1-3c67-49f7-bd84-ec290e4a37fd'),
('5860c512-790c-4650-bf94-313bee142a95', '4ffdb476-14f5-4468-ac2b-e1d7e290017e', 0, '2024-02-20T00:00:00.000000', null, '2024-02-19T00:00:00.000000', null, '64c86608-2c3e-4def-9846-6826254aec82', 0, null, '8a9f22f1-3c67-49f7-bd84-ec290e4a37fd'),
('231267c8-1628-4407-9a77-e50cdd8b2343', 'd8a10256-2dd9-467b-acbc-13c192c570bc', 0, '2024-03-23T00:00:00.000000', null, '2024-03-21T00:00:00.000000', null, '1cdcffbd-dca1-4357-8395-7b8511f7fdd4', 0, null, '8a9f22f1-3c67-49f7-bd84-ec290e4a37fd'),
('297639f9-f125-43b7-a0bb-02925be51a9b', 'd8a10256-2dd9-467b-acbc-13c192c570bc', 400000, '2024-01-03T00:00:00.000000', '2024-01-03T00:00:00.000000', '2024-01-01T00:00:00.000000', 'eef8b1be-8dd2-4c5e-8da9-8b9131b5cf94', '1cdcffbd-dca1-4357-8395-7b8511f7fdd4', 4.5, N'Hoàng Trọng Tấn thật tuyệt vời! Tôi nhận được giá trị tuyệt vời với số tiền bỏ ra.', 'a7d1f0e8-2a6f-4b9d-aa1c-10f58a1d5d32'),
('b5f9a048-ea34-41d8-825b-278df7e4a78e', 'd8a10256-2dd9-467b-acbc-13c192c570bc', 300000, '2024-01-03T00:00:00.000000', '2024-01-03T00:00:00.000000', '2024-01-01T00:00:00.000000', 'cf2550ab-b558-47e8-b8a5-7842b8a24a82', '1cdcffbd-dca1-4357-8395-7b8511f7fdd4', 3.0, N'Nguyễn Hải Nhi thân thiện và nhiệt tình. Freelancer thiếu giao tiếp với khách hàng.', 'a7d1f0e8-2a6f-4b9d-aa1c-10f58a1d5d32'),
('ab4522c4-4d8a-4133-aedc-2e7ba7b94548', '5f60d61d-5124-47b4-98b3-cbb2cbfad04f', 0, '2024-03-01T00:00:00.000000', null, '2024-02-27T00:00:00.000000', null, '40398d6d-fcca-4466-b051-20c25d737036', 0, null, '8a9f22f1-3c67-49f7-bd84-ec290e4a37fd'),
('86a15c68-9d6d-4062-9f78-0f28cffbafac', '5f60d61d-5124-47b4-98b3-cbb2cbfad04f', 500000, '2024-01-22T00:00:00.000000', '2024-01-22T00:00:00.000000', '2024-01-21T00:00:00.000000', 'eef8b1be-8dd2-4c5e-8da9-8b9131b5cf94', '40398d6d-fcca-4466-b051-20c25d737036', 5.0, N'Hoàng Trọng Tấn vượt xa mong đợi. Chất lượng dịch vụ xuất sắc.', 'a7d1f0e8-2a6f-4b9d-aa1c-10f58a1d5d32'),
('052e1a11-ac0f-4e28-801b-b8a4fccdc994', '4ffdb476-14f5-4468-ac2b-e1d7e290017e', 900000, '2024-02-05T00:00:00.000000', '2024-02-05T00:00:00.000000', '2024-02-02T00:00:00.000000', 'b0b52260-0fd3-4efd-8258-40230e3b81b1', '64c86608-2c3e-4def-9846-6826254aec82', 3.0, N'Trần Thanh Nhã thiếu chuyên nghiệp. Chất lượng dịch vụ kém.', 'a7d1f0e8-2a6f-4b9d-aa1c-10f58a1d5d32'),
('700685e1-8a89-4162-a0e1-ee4273fbe1a9', '4ffdb476-14f5-4468-ac2b-e1d7e290017e', 0, '2024-03-04T00:00:00.000000', null, '2024-03-02T00:00:00.000000', null, '64c86608-2c3e-4def-9846-6826254aec82', 0, null, '8a9f22f1-3c67-49f7-bd84-ec290e4a37fd'),
('8fe18742-a12e-439d-a5aa-b7150967e9a8', '4ffdb476-14f5-4468-ac2b-e1d7e290017e', 800000, '2024-03-10T00:00:00.000000', '2024-03-10T00:00:00.000000', '2024-03-08T00:00:00.000000', 'eef8b1be-8dd2-4c5e-8da9-8b9131b5cf94', '64c86608-2c3e-4def-9846-6826254aec82', 5.0, N'Hoàng Trọng Tấn vượt xa mong đợi. Tôi nhận được giá trị tuyệt vời với số tiền bỏ ra.', 'a7d1f0e8-2a6f-4b9d-aa1c-10f58a1d5d32'),
('d519329a-ab1b-4204-8b92-a2048bc472af', '4ffdb476-14f5-4468-ac2b-e1d7e290017e', 0, '2024-01-16T00:00:00.000000', null, '2024-01-13T00:00:00.000000', null, '64c86608-2c3e-4def-9846-6826254aec82', 0, null, '8a9f22f1-3c67-49f7-bd84-ec290e4a37fd'),
('aa1cacbc-58e3-4c5a-beff-0fae6073ce17', '4ffdb476-14f5-4468-ac2b-e1d7e290017e', 0, '2024-02-11T00:00:00.000000', null, '2024-02-08T00:00:00.000000', null, '64c86608-2c3e-4def-9846-6826254aec82', 0, null, '8a9f22f1-3c67-49f7-bd84-ec290e4a37fd'),
('6f551cb1-33c7-4c33-a0a2-8ff2bf841819', '4ffdb476-14f5-4468-ac2b-e1d7e290017e', 400000, '2024-01-15T00:00:00.000000', '2024-01-15T00:00:00.000000', '2024-01-14T00:00:00.000000', 'b0b52260-0fd3-4efd-8258-40230e3b81b1', '64c86608-2c3e-4def-9846-6826254aec82', 3.5, N'Trần Thanh Nhã thân thiện và nhiệt tình. Chất lượng dịch vụ kém.', 'a7d1f0e8-2a6f-4b9d-aa1c-10f58a1d5d32'),
('4b31fd82-a9a3-40ff-b0d8-7a1e72768a29', '4ffdb476-14f5-4468-ac2b-e1d7e290017e', 600000, '2024-03-01T00:00:00.000000', '2024-03-01T00:00:00.000000', '2024-02-27T00:00:00.000000', 'eef8b1be-8dd2-4c5e-8da9-8b9131b5cf94', '64c86608-2c3e-4def-9846-6826254aec82', 4.0, N'Hoàng Trọng Tấn thật tuyệt vời! Freelancer thật thân thiện và lịch sự.', 'a7d1f0e8-2a6f-4b9d-aa1c-10f58a1d5d32'),
('32bdd717-7c22-4f5a-b0d8-5075b56dd404', '16a5a61a-b852-43f6-a05a-8728ef5ed5ab', 0, '2024-03-09T00:00:00.000000', null, '2024-03-06T00:00:00.000000', null, '8ecbf701-ea7e-4ab6-be2f-4a410bc2888d', 0, null, '8a9f22f1-3c67-49f7-bd84-ec290e4a37fd'),
('820f6678-2362-4fd8-8e59-0ba4dc005203', '16a5a61a-b852-43f6-a05a-8728ef5ed5ab', 700000, '2024-01-03T00:00:00.000000', '2024-01-03T00:00:00.000000', '2023-12-31T00:00:00.000000', 'eef8b1be-8dd2-4c5e-8da9-8b9131b5cf94', '8ecbf701-ea7e-4ab6-be2f-4a410bc2888d', 3.5, N'Hoàng Trọng Tấn cần được cải thiện. Đó là một trải nghiệm khá khó chịu.', 'a7d1f0e8-2a6f-4b9d-aa1c-10f58a1d5d32'),
('80b83523-ac16-484c-8b88-60703382edba', '16a5a61a-b852-43f6-a05a-8728ef5ed5ab', 1000000, '2024-03-18T00:00:00.000000', '2024-03-18T00:00:00.000000', '2024-03-17T00:00:00.000000', 'cf2550ab-b558-47e8-b8a5-7842b8a24a82', '8ecbf701-ea7e-4ab6-be2f-4a410bc2888d', 5.0, N'Nguyễn Hải Nhi cung cấp dịch vụ thật hoàn hảo. Chất lượng dịch vụ xuất sắc.', 'a7d1f0e8-2a6f-4b9d-aa1c-10f58a1d5d32'),
('2787a64e-cdf7-4f04-a84c-7ca2a840dc42', '5f60d61d-5124-47b4-98b3-cbb2cbfad04f', 400000, '2024-03-07T00:00:00.000000', '2024-03-07T00:00:00.000000', '2024-03-06T00:00:00.000000', '7dd97441-f8b7-4f99-b15a-fcbfe4401c50', '40398d6d-fcca-4466-b051-20c25d737036', 3.0, N'Thật không may, trải nghiệm của tôi với Ngô Kiều Anh không được tốt. Tôi cảm thấy mình không nhận được giá trị tương xứng với số tiền bỏ ra.', 'a7d1f0e8-2a6f-4b9d-aa1c-10f58a1d5d32'),
('3e9cb185-b436-4055-82fc-2ffedbca79c1', '5f60d61d-5124-47b4-98b3-cbb2cbfad04f', 600000, '2024-02-18T00:00:00.000000', '2024-02-18T00:00:00.000000', '2024-02-16T00:00:00.000000', 'b0b52260-0fd3-4efd-8258-40230e3b81b1', '40398d6d-fcca-4466-b051-20c25d737036', 5.0, N'Trần Thanh Nhã thật tuyệt vời! Tôi nhận được giá trị tuyệt vời với số tiền bỏ ra.', 'a7d1f0e8-2a6f-4b9d-aa1c-10f58a1d5d32'),
('f7f88e58-7e8a-431b-ac24-9addcb181db8', '786dd6b5-dea6-4159-83f0-f79e35d2fccc', 0, '2024-02-04T00:00:00.000000', null, '2024-02-02T00:00:00.000000', null, '8f9077ab-d6c5-4a75-8d5c-362254e4d816', 0, null, '8a9f22f1-3c67-49f7-bd84-ec290e4a37fd'),
('78da61a5-2178-41d3-b805-5e33fc3dcea2', '786dd6b5-dea6-4159-83f0-f79e35d2fccc', 200000, '2024-02-08T00:00:00.000000', '2024-02-08T00:00:00.000000', '2024-02-05T00:00:00.000000', '7dd97441-f8b7-4f99-b15a-fcbfe4401c50', '8f9077ab-d6c5-4a75-8d5c-362254e4d816', 4.0, N'Tôi không thể hài lòng hơn với dịch vụ của Ngô Kiều Anh. Nhanh chóng và hiệu quả.', 'a7d1f0e8-2a6f-4b9d-aa1c-10f58a1d5d32'),
('fe7ae5db-3216-49f6-99ef-5f81bb97700a', '786dd6b5-dea6-4159-83f0-f79e35d2fccc', 300000, '2024-02-03T00:00:00.000000', '2024-02-03T00:00:00.000000', '2024-02-02T00:00:00.000000', 'eef8b1be-8dd2-4c5e-8da9-8b9131b5cf94', '8f9077ab-d6c5-4a75-8d5c-362254e4d816', 5.0, N'Tôi thực sự ấn tượng với Hoàng Trọng Tấn. Chất lượng dịch vụ xuất sắc.', 'a7d1f0e8-2a6f-4b9d-aa1c-10f58a1d5d32'),
('10372d25-bcc8-43dc-97f6-125080699533', '5f60d61d-5124-47b4-98b3-cbb2cbfad04f', 100000, '2024-03-12T00:00:00.000000', '2024-03-12T00:00:00.000000', '2024-03-10T00:00:00.000000', 'b0b52260-0fd3-4efd-8258-40230e3b81b1', '40398d6d-fcca-4466-b051-20c25d737036', 3.0, N'Trần Thanh Nhã thân thiện và nhiệt tình. Freelancer không thân thiện và không nhiệt tình.', 'a7d1f0e8-2a6f-4b9d-aa1c-10f58a1d5d32'),
('d3a7eba7-0b06-448e-b3e0-7d2c5fd8bf0b', '5f60d61d-5124-47b4-98b3-cbb2cbfad04f', 400000, '2024-02-22T00:00:00.000000', '2024-02-22T00:00:00.000000', '2024-02-21T00:00:00.000000', 'eef8b1be-8dd2-4c5e-8da9-8b9131b5cf94', '40398d6d-fcca-4466-b051-20c25d737036', 3.0, N'Hoàng Trọng Tấn cần được cải thiện. Dịch vụ không đạt được mong đợi của tôi.', 'a7d1f0e8-2a6f-4b9d-aa1c-10f58a1d5d32'),
('71eec19c-9ec5-4ce9-b638-9bdaaf255a3d', '5f60d61d-5124-47b4-98b3-cbb2cbfad04f', 0, '2024-01-21T00:00:00.000000', null, '2024-01-19T00:00:00.000000', null, '40398d6d-fcca-4466-b051-20c25d737036', 0, null, '8a9f22f1-3c67-49f7-bd84-ec290e4a37fd'),
('ff6b1e16-4766-4a51-ab04-df445b7403ca', '5e5964b8-7c23-44e8-ac2d-4135152877d0', 0, '2024-03-11T00:00:00.000000', null, '2024-03-10T00:00:00.000000', null, '64851199-af31-4f39-9154-064e46866f3f', 0, null, '8a9f22f1-3c67-49f7-bd84-ec290e4a37fd'),
('0f5f3965-ec37-4b6d-ba53-e08860b8baa5', '5e5964b8-7c23-44e8-ac2d-4135152877d0', 0, '2024-03-16T00:00:00.000000', null, '2024-03-14T00:00:00.000000', null, '64851199-af31-4f39-9154-064e46866f3f', 0, null, '8a9f22f1-3c67-49f7-bd84-ec290e4a37fd'),
('ffb01399-eeb6-406a-b344-526af41d07e9', '4ffdb476-14f5-4468-ac2b-e1d7e290017e', 0, '2024-02-25T00:00:00.000000', null, '2024-02-24T00:00:00.000000', null, '64c86608-2c3e-4def-9846-6826254aec82', 0, null, '8a9f22f1-3c67-49f7-bd84-ec290e4a37fd'),
('10d2a3ca-8656-491c-a3af-4f5b0579ce9b', '4ffdb476-14f5-4468-ac2b-e1d7e290017e', 600000, '2024-01-24T00:00:00.000000', '2024-01-24T00:00:00.000000', '2024-01-22T00:00:00.000000', 'eef8b1be-8dd2-4c5e-8da9-8b9131b5cf94', '64c86608-2c3e-4def-9846-6826254aec82', 5.0, N'Hoàng Trọng Tấn vượt quá mong đợi của tôi. Nhanh chóng và hiệu quả.', 'a7d1f0e8-2a6f-4b9d-aa1c-10f58a1d5d32'),
('8a9ebaa7-74c3-49c2-97b1-6e4d3376e270', '4ffdb476-14f5-4468-ac2b-e1d7e290017e', 1000000, '2024-01-14T00:00:00.000000', '2024-01-14T00:00:00.000000', '2024-01-13T00:00:00.000000', 'cf2550ab-b558-47e8-b8a5-7842b8a24a82', '64c86608-2c3e-4def-9846-6826254aec82', 4.5, N'Nguyễn Hải Nhi thật tuyệt vời! Freelancer thật thân thiện và lịch sự.', 'a7d1f0e8-2a6f-4b9d-aa1c-10f58a1d5d32'),
('39a40a37-8a16-4b2f-825b-9480e54ece64', '5f60d61d-5124-47b4-98b3-cbb2cbfad04f', 1000000, '2024-03-13T00:00:00.000000', '2024-03-13T00:00:00.000000', '2024-03-12T00:00:00.000000', '7dd97441-f8b7-4f99-b15a-fcbfe4401c50', '40398d6d-fcca-4466-b051-20c25d737036', 3.5, N'Ngô Kiều Anh thân thiện và nhiệt tình. Freelancer không thân thiện và không nhiệt tình.', 'a7d1f0e8-2a6f-4b9d-aa1c-10f58a1d5d32'),
('d3b01f89-6ab2-4e17-80c8-536e43488584', '5f60d61d-5124-47b4-98b3-cbb2cbfad04f', 1000000, '2024-02-15T00:00:00.000000', '2024-02-15T00:00:00.000000', '2024-02-13T00:00:00.000000', '7dd97441-f8b7-4f99-b15a-fcbfe4401c50', '40398d6d-fcca-4466-b051-20c25d737036', 3.0, N'Thật không may, trải nghiệm của tôi với Ngô Kiều Anh không được tốt. Freelancer không thân thiện và không nhiệt tình.', 'a7d1f0e8-2a6f-4b9d-aa1c-10f58a1d5d32'),
('ef2f3a32-b9d0-46d1-8ecd-ae4d4b4a7eee', '5e5964b8-7c23-44e8-ac2d-4135152877d0', 0, '2024-03-21T00:00:00.000000', null, '2024-03-18T00:00:00.000000', null, '64851199-af31-4f39-9154-064e46866f3f', 0, null, '8a9f22f1-3c67-49f7-bd84-ec290e4a37fd'),
('f818b249-e6db-47b1-9d15-589dda4757b4', '5e5964b8-7c23-44e8-ac2d-4135152877d0', 300000, '2024-02-20T00:00:00.000000', '2024-02-20T00:00:00.000000', '2024-02-17T00:00:00.000000', 'cf2550ab-b558-47e8-b8a5-7842b8a24a82', '64851199-af31-4f39-9154-064e46866f3f', 3.0, N'Nguyễn Hải Nhi thiếu chuyên nghiệp. Freelancer thiếu giao tiếp với khách hàng.', 'a7d1f0e8-2a6f-4b9d-aa1c-10f58a1d5d32'),
('577a7247-eb6d-4d22-8b83-cd8b24e3b392', '5e5964b8-7c23-44e8-ac2d-4135152877d0', 1000000, '2024-01-14T00:00:00.000000', '2024-01-14T00:00:00.000000', '2024-01-12T00:00:00.000000', '7dd97441-f8b7-4f99-b15a-fcbfe4401c50', '64851199-af31-4f39-9154-064e46866f3f', 3.0, N'Ngô Kiều Anh cần được cải thiện. Freelancer không thân thiện và không nhiệt tình.', 'a7d1f0e8-2a6f-4b9d-aa1c-10f58a1d5d32'),
('5ad4430c-3c23-4ea1-b06a-1d781de22029', '862feb90-83f4-49df-b4a9-6cd38c9831ba', 800000, '2024-02-19T00:00:00.000000', '2024-02-19T00:00:00.000000', '2024-02-16T00:00:00.000000', '7dd97441-f8b7-4f99-b15a-fcbfe4401c50', 'cc94ecdf-4966-4a21-a930-6903c26743ee', 4.5, N'Ngô Kiều Anh thật xuất sắc! Đó là một trải nghiệm suôn sẻ.', 'a7d1f0e8-2a6f-4b9d-aa1c-10f58a1d5d32'),
('1046b935-b236-49da-a88a-ac4a9feb8fa4', '4ffdb476-14f5-4468-ac2b-e1d7e290017e', 0, '2024-01-31T00:00:00.000000', null, '2024-01-29T00:00:00.000000', null, '64c86608-2c3e-4def-9846-6826254aec82', 0, null, '8a9f22f1-3c67-49f7-bd84-ec290e4a37fd'),
('8e9cf3b2-f286-4579-9033-913d6d323fe3', '4ffdb476-14f5-4468-ac2b-e1d7e290017e', 900000, '2024-03-17T00:00:00.000000', '2024-03-17T00:00:00.000000', '2024-03-14T00:00:00.000000', '7dd97441-f8b7-4f99-b15a-fcbfe4401c50', '64c86608-2c3e-4def-9846-6826254aec82', 3.5, N'Thật không may, trải nghiệm của tôi với Ngô Kiều Anh không được tốt. Đó là một trải nghiệm khá khó chịu.', 'a7d1f0e8-2a6f-4b9d-aa1c-10f58a1d5d32'),
('1a9e2ff8-535b-4a95-842c-387b3b7707a7', '862feb90-83f4-49df-b4a9-6cd38c9831ba', 500000, '2024-01-25T00:00:00.000000', '2024-01-25T00:00:00.000000', '2024-01-24T00:00:00.000000', '7dd97441-f8b7-4f99-b15a-fcbfe4401c50', 'cc94ecdf-4966-4a21-a930-6903c26743ee', 3.5, N'Tôi không thích dịch vụ từ Ngô Kiều Anh lắm. Đó là một trải nghiệm khá khó chịu.', 'a7d1f0e8-2a6f-4b9d-aa1c-10f58a1d5d32'),
('3b66dd9e-08d4-4b92-a64b-df37a92fef9d', '5f60d61d-5124-47b4-98b3-cbb2cbfad04f', 0, '2024-02-14T00:00:00.000000', null, '2024-02-13T00:00:00.000000', null, '40398d6d-fcca-4466-b051-20c25d737036', 0, null, '8a9f22f1-3c67-49f7-bd84-ec290e4a37fd'),
('a4febdd9-b460-4ba7-90b3-0eee070fbd64', '5f60d61d-5124-47b4-98b3-cbb2cbfad04f', 0, '2024-01-17T00:00:00.000000', null, '2024-01-15T00:00:00.000000', null, '40398d6d-fcca-4466-b051-20c25d737036', 0, null, '8a9f22f1-3c67-49f7-bd84-ec290e4a37fd'),
('ad19669d-0e91-4dee-8504-0e113f9b13c5', '4ffdb476-14f5-4468-ac2b-e1d7e290017e', 0, '2024-03-09T00:00:00.000000', null, '2024-03-06T00:00:00.000000', null, '64c86608-2c3e-4def-9846-6826254aec82', 0, null, '8a9f22f1-3c67-49f7-bd84-ec290e4a37fd'),
('8d279569-d277-49f9-a7c2-00ac6ced8b03', '4ffdb476-14f5-4468-ac2b-e1d7e290017e', 0, '2024-03-01T00:00:00.000000', null, '2024-02-27T00:00:00.000000', null, '64c86608-2c3e-4def-9846-6826254aec82', 0, null, '8a9f22f1-3c67-49f7-bd84-ec290e4a37fd'),
('296de39e-4f23-4c1d-8ec9-5cd6f902b7c1', '5f60d61d-5124-47b4-98b3-cbb2cbfad04f', 0, '2024-02-20T00:00:00.000000', null, '2024-02-17T00:00:00.000000', null, '40398d6d-fcca-4466-b051-20c25d737036', 0, null, '8a9f22f1-3c67-49f7-bd84-ec290e4a37fd'),
('cdccfc11-25dc-46f2-9042-efcee45ae229', 'd8a10256-2dd9-467b-acbc-13c192c570bc', 500000, '2024-01-20T00:00:00.000000', '2024-01-20T00:00:00.000000', '2024-01-17T00:00:00.000000', 'cf2550ab-b558-47e8-b8a5-7842b8a24a82', '1cdcffbd-dca1-4357-8395-7b8511f7fdd4', 3.5, N'Tôi không thích dịch vụ từ Nguyễn Hải Nhi lắm. Chất lượng dịch vụ kém.', 'a7d1f0e8-2a6f-4b9d-aa1c-10f58a1d5d32'),
('fce75366-91d6-4331-900f-4d1bc8fe17de', 'd8a10256-2dd9-467b-acbc-13c192c570bc', 0, '2024-02-04T00:00:00.000000', null, '2024-02-01T00:00:00.000000', null, '1cdcffbd-dca1-4357-8395-7b8511f7fdd4', 0, null, '8a9f22f1-3c67-49f7-bd84-ec290e4a37fd'),
('249a2bdd-beb6-494c-a0b0-9ba444bb387e', '4ffdb476-14f5-4468-ac2b-e1d7e290017e', 300000, '2024-02-12T00:00:00.000000', '2024-02-12T00:00:00.000000', '2024-02-09T00:00:00.000000', 'cf2550ab-b558-47e8-b8a5-7842b8a24a82', '64c86608-2c3e-4def-9846-6826254aec82', 3.0, N'Nguyễn Hải Nhi thiếu chuyên nghiệp. Dịch vụ không đạt được mong đợi của tôi.', 'a7d1f0e8-2a6f-4b9d-aa1c-10f58a1d5d32'),
('c601c60d-21ee-4b42-91cf-10dc7a6b905c', '862feb90-83f4-49df-b4a9-6cd38c9831ba', 0, '2024-03-10T00:00:00.000000', null, '2024-03-08T00:00:00.000000', null, 'cc94ecdf-4966-4a21-a930-6903c26743ee', 0, null, '8a9f22f1-3c67-49f7-bd84-ec290e4a37fd'),
('91b2cebc-b8ca-4a60-a642-fbccc280aff3', '862feb90-83f4-49df-b4a9-6cd38c9831ba', 0, '2024-03-06T00:00:00.000000', null, '2024-03-05T00:00:00.000000', null, 'cc94ecdf-4966-4a21-a930-6903c26743ee', 0, null, '8a9f22f1-3c67-49f7-bd84-ec290e4a37fd'),
('c8dccd7a-fb59-4eeb-8fd0-e320a405c434', '862feb90-83f4-49df-b4a9-6cd38c9831ba', 0, '2024-01-13T00:00:00.000000', null, '2024-01-10T00:00:00.000000', null, 'cc94ecdf-4966-4a21-a930-6903c26743ee', 0, null, '8a9f22f1-3c67-49f7-bd84-ec290e4a37fd'),
('89014d5b-ff66-40eb-944c-56b951a203d3', '862feb90-83f4-49df-b4a9-6cd38c9831ba', 300000, '2024-01-05T00:00:00.000000', '2024-01-05T00:00:00.000000', '2024-01-02T00:00:00.000000', 'eef8b1be-8dd2-4c5e-8da9-8b9131b5cf94', 'cc94ecdf-4966-4a21-a930-6903c26743ee', 4.0, N'Tôi không thể hài lòng hơn với dịch vụ của Hoàng Trọng Tấn. Dịch vụ vượt quá mong đợi của tôi.', 'a7d1f0e8-2a6f-4b9d-aa1c-10f58a1d5d32'),
('1f2f2520-494b-4c08-894c-8ff417c5e54b', '786dd6b5-dea6-4159-83f0-f79e35d2fccc', 700000, '2024-01-27T00:00:00.000000', '2024-01-27T00:00:00.000000', '2024-01-25T00:00:00.000000', 'eef8b1be-8dd2-4c5e-8da9-8b9131b5cf94', '8f9077ab-d6c5-4a75-8d5c-362254e4d816', 3.0, N'Hoàng Trọng Tấn thiếu chuyên nghiệp. Freelancer không thân thiện và không nhiệt tình.', 'a7d1f0e8-2a6f-4b9d-aa1c-10f58a1d5d32'),
('b10249a1-fb07-4934-98e2-cc673b78c856', 'd8a10256-2dd9-467b-acbc-13c192c570bc', 200000, '2024-02-02T00:00:00.000000', '2024-02-02T00:00:00.000000', '2024-01-30T00:00:00.000000', '7dd97441-f8b7-4f99-b15a-fcbfe4401c50', '1cdcffbd-dca1-4357-8395-7b8511f7fdd4', 3.5, N'Tôi không thích dịch vụ từ Ngô Kiều Anh lắm. Tôi cảm thấy mình không nhận được giá trị tương xứng với số tiền bỏ ra.', 'a7d1f0e8-2a6f-4b9d-aa1c-10f58a1d5d32'),
('b4a3dc9b-cf93-4992-96fb-b3fadddfaa39', '786dd6b5-dea6-4159-83f0-f79e35d2fccc', 0, '2024-01-31T00:00:00.000000', null, '2024-01-30T00:00:00.000000', null, '8f9077ab-d6c5-4a75-8d5c-362254e4d816', 0, null, '8a9f22f1-3c67-49f7-bd84-ec290e4a37fd'),
('a06d5313-f410-4687-8a38-c9f845342bef', '4ffdb476-14f5-4468-ac2b-e1d7e290017e', 0, '2024-02-03T00:00:00.000000', null, '2024-02-02T00:00:00.000000', null, '64c86608-2c3e-4def-9846-6826254aec82', 0, null, '8a9f22f1-3c67-49f7-bd84-ec290e4a37fd'),
('667312cc-1f05-4afe-a371-e32039fb4b28', '4ffdb476-14f5-4468-ac2b-e1d7e290017e', 0, '2024-02-07T00:00:00.000000', null, '2024-02-05T00:00:00.000000', null, '64c86608-2c3e-4def-9846-6826254aec82', 0, null, '8a9f22f1-3c67-49f7-bd84-ec290e4a37fd'),
('007943e3-5a5c-4d73-a4f3-53983090fdf1', '4ffdb476-14f5-4468-ac2b-e1d7e290017e', 0, '2024-01-01T00:00:00.000000', null, '2023-12-31T00:00:00.000000', null, '64c86608-2c3e-4def-9846-6826254aec82', 0, null, '8a9f22f1-3c67-49f7-bd84-ec290e4a37fd'),
('9483dbc2-00e4-4f62-92f2-e3be9d7b2367', '5f60d61d-5124-47b4-98b3-cbb2cbfad04f', 0, '2024-03-15T00:00:00.000000', null, '2024-03-12T00:00:00.000000', null, '40398d6d-fcca-4466-b051-20c25d737036', 0, null, '8a9f22f1-3c67-49f7-bd84-ec290e4a37fd'),
('94a7364d-1777-4a29-a919-084fb372e818', '5f60d61d-5124-47b4-98b3-cbb2cbfad04f', 0, '2024-02-11T00:00:00.000000', null, '2024-02-09T00:00:00.000000', null, '40398d6d-fcca-4466-b051-20c25d737036', 0, null, '8a9f22f1-3c67-49f7-bd84-ec290e4a37fd'),
('b18be903-a7eb-4916-b0e4-e78351f83d9f', 'd8a10256-2dd9-467b-acbc-13c192c570bc', 0, '2024-01-20T00:00:00.000000', null, '2024-01-18T00:00:00.000000', null, '1cdcffbd-dca1-4357-8395-7b8511f7fdd4', 0, null, '8a9f22f1-3c67-49f7-bd84-ec290e4a37fd'),
('ece85be9-77e5-4f22-9be1-8e6f3fa7bce8', 'd8a10256-2dd9-467b-acbc-13c192c570bc', 400000, '2024-03-11T00:00:00.000000', '2024-03-11T00:00:00.000000', '2024-03-10T00:00:00.000000', 'eef8b1be-8dd2-4c5e-8da9-8b9131b5cf94', '1cdcffbd-dca1-4357-8395-7b8511f7fdd4', 3.5, N'Hoàng Trọng Tấn thân thiện và nhiệt tình. Freelancer không thân thiện và không nhiệt tình.', 'a7d1f0e8-2a6f-4b9d-aa1c-10f58a1d5d32'),
('f200ed64-6150-4393-879f-1d337c9b2aa1', '862feb90-83f4-49df-b4a9-6cd38c9831ba', 0, '2024-03-20T00:00:00.000000', null, '2024-03-17T00:00:00.000000', null, 'cc94ecdf-4966-4a21-a930-6903c26743ee', 0, null, '8a9f22f1-3c67-49f7-bd84-ec290e4a37fd'),
('506882b2-14f5-4365-9d34-4854669c5d8b', '862feb90-83f4-49df-b4a9-6cd38c9831ba', 0, '2024-01-23T00:00:00.000000', null, '2024-01-22T00:00:00.000000', null, 'cc94ecdf-4966-4a21-a930-6903c26743ee', 0, null, '8a9f22f1-3c67-49f7-bd84-ec290e4a37fd'),
('5f0f90e4-58bd-4c31-9208-2e099d780c93', '862feb90-83f4-49df-b4a9-6cd38c9831ba', 200000, '2024-03-20T00:00:00.000000', '2024-03-20T00:00:00.000000', '2024-03-17T00:00:00.000000', 'cf2550ab-b558-47e8-b8a5-7842b8a24a82', 'cc94ecdf-4966-4a21-a930-6903c26743ee', 4.0, N'Nguyễn Hải Nhi thật xuất sắc! Sự chuyên nghiệp của Freelancer này thật tuyệt đỉnh.', 'a7d1f0e8-2a6f-4b9d-aa1c-10f58a1d5d32'),
('b5451f3b-a468-424e-9cbb-289b7d1ffa6b', '786dd6b5-dea6-4159-83f0-f79e35d2fccc', 0, '2024-01-31T00:00:00.000000', null, '2024-01-30T00:00:00.000000', null, '8f9077ab-d6c5-4a75-8d5c-362254e4d816', 0, null, '8a9f22f1-3c67-49f7-bd84-ec290e4a37fd'),
('10749cf5-4dfc-4f39-8434-4dc9bc1ec9d1', '786dd6b5-dea6-4159-83f0-f79e35d2fccc', 0, '2024-01-31T00:00:00.000000', null, '2024-01-28T00:00:00.000000', null, '8f9077ab-d6c5-4a75-8d5c-362254e4d816', 0, null, '8a9f22f1-3c67-49f7-bd84-ec290e4a37fd'),
('ae992160-9038-4a1c-9fd1-47de44d414fc', '786dd6b5-dea6-4159-83f0-f79e35d2fccc', 900000, '2024-02-12T00:00:00.000000', '2024-02-12T00:00:00.000000', '2024-02-10T00:00:00.000000', 'cf2550ab-b558-47e8-b8a5-7842b8a24a82', '8f9077ab-d6c5-4a75-8d5c-362254e4d816', 4.5, N'Nguyễn Hải Nhi cung cấp dịch vụ thật hoàn hảo. Freelancer thật thân thiện và lịch sự.', 'a7d1f0e8-2a6f-4b9d-aa1c-10f58a1d5d32'),
('392bb915-a3c1-4c11-aa92-0fcca526a114', '786dd6b5-dea6-4159-83f0-f79e35d2fccc', 0, '2024-03-11T00:00:00.000000', null, '2024-03-09T00:00:00.000000', null, '8f9077ab-d6c5-4a75-8d5c-362254e4d816', 0, null, '8a9f22f1-3c67-49f7-bd84-ec290e4a37fd'),
('72e2ea63-24a0-42fb-ad1d-777ad0fd9f57', '786dd6b5-dea6-4159-83f0-f79e35d2fccc', 0, '2024-03-09T00:00:00.000000', null, '2024-03-06T00:00:00.000000', null, '8f9077ab-d6c5-4a75-8d5c-362254e4d816', 0, null, '8a9f22f1-3c67-49f7-bd84-ec290e4a37fd'),
('6ffba7e7-a020-4f2b-863f-b040279be8d8', '5f60d61d-5124-47b4-98b3-cbb2cbfad04f', 100000, '2024-03-15T00:00:00.000000', '2024-03-15T00:00:00.000000', '2024-03-14T00:00:00.000000', '7dd97441-f8b7-4f99-b15a-fcbfe4401c50', '40398d6d-fcca-4466-b051-20c25d737036', 5.0, N'Tôi thực sự ấn tượng với Ngô Kiều Anh. Chất lượng dịch vụ xuất sắc.', 'a7d1f0e8-2a6f-4b9d-aa1c-10f58a1d5d32'),
('e150f3e2-bd41-4a69-8705-fcac45424cb2', '4ffdb476-14f5-4468-ac2b-e1d7e290017e', 0, '2024-01-09T00:00:00.000000', null, '2024-01-06T00:00:00.000000', null, '64c86608-2c3e-4def-9846-6826254aec82', 0, null, '8a9f22f1-3c67-49f7-bd84-ec290e4a37fd'),
('aded944a-c91a-4b6b-8ac3-acef2fa843fb', '4ffdb476-14f5-4468-ac2b-e1d7e290017e', 0, '2024-02-05T00:00:00.000000', null, '2024-02-02T00:00:00.000000', null, '64c86608-2c3e-4def-9846-6826254aec82', 0, null, '8a9f22f1-3c67-49f7-bd84-ec290e4a37fd'),
('49dfbdfb-9240-4c53-bde2-9621cc48eb01', '4ffdb476-14f5-4468-ac2b-e1d7e290017e', 100000, '2024-01-14T00:00:00.000000', '2024-01-14T00:00:00.000000', '2024-01-12T00:00:00.000000', 'cf2550ab-b558-47e8-b8a5-7842b8a24a82', '64c86608-2c3e-4def-9846-6826254aec82', 3.0, N'Thật không may, trải nghiệm của tôi với Nguyễn Hải Nhi không được tốt. Chất lượng dịch vụ kém.', 'a7d1f0e8-2a6f-4b9d-aa1c-10f58a1d5d32'),
('05b14f3a-0d10-46b2-ab2a-ed69beaebd46', '786dd6b5-dea6-4159-83f0-f79e35d2fccc', 0, '2024-02-15T00:00:00.000000', null, '2024-02-12T00:00:00.000000', null, '8f9077ab-d6c5-4a75-8d5c-362254e4d816', 0, null, '8a9f22f1-3c67-49f7-bd84-ec290e4a37fd'),
('f5cc8087-48c6-4d53-96ef-15237b77e92b', '786dd6b5-dea6-4159-83f0-f79e35d2fccc', 1000000, '2024-01-22T00:00:00.000000', '2024-01-22T00:00:00.000000', '2024-01-21T00:00:00.000000', 'b0b52260-0fd3-4efd-8258-40230e3b81b1', '8f9077ab-d6c5-4a75-8d5c-362254e4d816', 5.0, N'Trần Thanh Nhã vượt xa mong đợi. Freelancer thật thân thiện và lịch sự.', 'a7d1f0e8-2a6f-4b9d-aa1c-10f58a1d5d32'),
('b9774fe4-5c8b-40f8-9e59-3def353998f2', '786dd6b5-dea6-4159-83f0-f79e35d2fccc', 0, '2024-03-19T00:00:00.000000', null, '2024-03-16T00:00:00.000000', null, '8f9077ab-d6c5-4a75-8d5c-362254e4d816', 0, null, '8a9f22f1-3c67-49f7-bd84-ec290e4a37fd'),
('e2bc60c9-60e7-4a8f-b42c-2a2c80ab3112', '786dd6b5-dea6-4159-83f0-f79e35d2fccc', 0, '2024-02-01T00:00:00.000000', null, '2024-01-31T00:00:00.000000', null, '8f9077ab-d6c5-4a75-8d5c-362254e4d816', 0, null, '8a9f22f1-3c67-49f7-bd84-ec290e4a37fd'),
('314a121f-a9f9-44c3-a11b-7eb26db4b15d', '786dd6b5-dea6-4159-83f0-f79e35d2fccc', 0, '2024-02-26T00:00:00.000000', null, '2024-02-23T00:00:00.000000', null, '8f9077ab-d6c5-4a75-8d5c-362254e4d816', 0, null, '8a9f22f1-3c67-49f7-bd84-ec290e4a37fd'),
('c372a92f-6e68-4ad0-8d70-5aa016e3155c', '786dd6b5-dea6-4159-83f0-f79e35d2fccc', 0, '2024-02-02T00:00:00.000000', null, '2024-01-30T00:00:00.000000', null, '8f9077ab-d6c5-4a75-8d5c-362254e4d816', 0, null, '8a9f22f1-3c67-49f7-bd84-ec290e4a37fd'),
('48304de2-fc37-4adb-aa28-7476f9f57a68', '786dd6b5-dea6-4159-83f0-f79e35d2fccc', 1000000, '2024-02-20T00:00:00.000000', '2024-02-20T00:00:00.000000', '2024-02-18T00:00:00.000000', 'eef8b1be-8dd2-4c5e-8da9-8b9131b5cf94', '8f9077ab-d6c5-4a75-8d5c-362254e4d816', 3.0, N'Thật không may, trải nghiệm của tôi với Hoàng Trọng Tấn không được tốt. Freelancer không thân thiện và không nhiệt tình.', 'a7d1f0e8-2a6f-4b9d-aa1c-10f58a1d5d32'),
('f952e1f0-249c-4a54-bc46-396e84c567a6', '786dd6b5-dea6-4159-83f0-f79e35d2fccc', 0, '2024-01-02T00:00:00.000000', null, '2024-01-01T00:00:00.000000', null, '8f9077ab-d6c5-4a75-8d5c-362254e4d816', 0, null, '8a9f22f1-3c67-49f7-bd84-ec290e4a37fd'),
('fd6845eb-e163-4549-a18c-65e31da75d02', '5e5964b8-7c23-44e8-ac2d-4135152877d0', 0, '2024-02-16T00:00:00.000000', null, '2024-02-15T00:00:00.000000', null, '64851199-af31-4f39-9154-064e46866f3f', 0, null, '8a9f22f1-3c67-49f7-bd84-ec290e4a37fd'),
('da49ce6a-6130-4907-9130-052037767e2c', '5e5964b8-7c23-44e8-ac2d-4135152877d0', 0, '2024-03-10T00:00:00.000000', null, '2024-03-09T00:00:00.000000', null, '64851199-af31-4f39-9154-064e46866f3f', 0, null, '8a9f22f1-3c67-49f7-bd84-ec290e4a37fd'),
('ba80d77b-f8c7-4383-97d9-9fa6f7fde363', '5e5964b8-7c23-44e8-ac2d-4135152877d0', 300000, '2024-03-06T00:00:00.000000', '2024-03-06T00:00:00.000000', '2024-03-04T00:00:00.000000', 'eef8b1be-8dd2-4c5e-8da9-8b9131b5cf94', '64851199-af31-4f39-9154-064e46866f3f', 5.0, N'Tôi không thể hài lòng hơn với dịch vụ của Hoàng Trọng Tấn. Đó là một trải nghiệm suôn sẻ.', 'a7d1f0e8-2a6f-4b9d-aa1c-10f58a1d5d32'); 

INSERT INTO [Services] ([Id], [Note], [AdditionalNote], [ServiceTypeId], [Requirement], [AdditionalRequirement]) VALUES
('b6a0fb65-309b-43a5-9192-c19716fa4cd4', 'Sing after our car food record power.', 'none', 'F1B832B2-49F3-456F-BACB-B1F8DA766BEA', N'[{"Key": "Name", "Value": "Máy chiếu"}, {"Key": "Size", "Value": "Vừa"}, {"Key": "Quantity", "Value": "1"}, {"Key": "Price", "Value": "0"}]', '[]'),
('9a22f329-0469-4e6e-9556-e79af87edcd6', 'Small camera treatment son true.', 'none', '3361BC88-9F58-4BE8-AC37-561606430F8A', N'[{"Key": "Name", "Value": "Mua"}, {"Key": "Image", "Value": "test.png"}, {"Key": "Price", "Value": "0"}, {"Key": "ShoppingItems", "Value": "[Rau cải ngọt, Rau cải bắp, Cua, Bắp cải, Muối, Dầu olive, Tôm bỏ vỏ, Khoai lang, Đường]"}]', '[]'),
('05341de3-f7c4-4ce5-aeb2-b2205b080f82', 'Project occur democratic behavior standard thousand single.', 'none', '73BF981F-1CFD-483D-80EE-14AB6D2E55EF', N'[{"Key": "Name", "Value": "Mua"}, {"Key": "Image", "Value": "test.png"}, {"Key": "Price", "Value": "0"}, {"Key": "ShoppingItems", "Value": "[Thịt cừu, Bún, Cá chình]"}]', '[]'),
('8203fb35-8c4f-4641-b842-3e0dfd4957f2', 'Certainly through instead base.', 'none', 'EF2034C1-7F44-4D07-B9C0-E2A497999A9D', N'[{"Key": "Name", "Value": "Sạc pin"}, {"Key": "Size", "Value": "Vừa"}, {"Key": "Quantity", "Value": "5"}, {"Key": "Price", "Value": "0"}]', '[]'),
('e61fdbe2-24af-41a2-9c17-8fd504f20e73', 'Bad audience grow ahead girl.', 'none', '73BF981F-1CFD-483D-80EE-14AB6D2E55EF', N'[{"Key": "Name", "Value": "Mua"}, {"Key": "Image", "Value": "test.png"}, {"Key": "Price", "Value": "0"}, {"Key": "ShoppingItems", "Value": "[Bắp ngô, Cá tầm, Cà rốt, Tôm càng vàng, Rau cần tây, Cải thảo, Cá tầm, Dưa cà, Rau ngò gai]"}]', '[]'),
('ab497376-7c90-40cb-8155-b20df9e5fb43', 'Ready usually do center law live.', 'none', 'EF2034C1-7F44-4D07-B9C0-E2A497999A9D', N'[{"Key": "Name", "Value": "Máy hút bụi"}, {"Key": "Size", "Value": "To"}, {"Key": "Quantity", "Value": "1"}, {"Key": "Price", "Value": "0"}]', '[]'),
('b79bbd1c-329a-4c21-9deb-05b0dd8f24c0', 'Drug senior fact information animal car after.', 'none', '63CE2EBF-EF36-4B4A-891E-ABBDE2A75B38', N'[{"Key": "Name", "Value": "Máy sấy tóc"}, {"Key": "Size", "Value": "Nhỏ"}, {"Key": "Quantity", "Value": "2"}, {"Key": "Price", "Value": "0"}]', '[]'),
('5724bf29-7e7c-45bc-8ba8-395ad4de997d', 'Fear great easy plan PM more.', 'none', '73BF981F-1CFD-483D-80EE-14AB6D2E55EF', N'[{"Key": "Name", "Value": "Mua"}, {"Key": "Image", "Value": "test.png"}, {"Key": "Price", "Value": "0"}, {"Key": "ShoppingItems", "Value": "[Cà chua cà chua, Cá dứa, Cá tầm, Thịt vịt]"}]', '[]'),
('6b779e55-a88a-405b-b570-30578b3a1d1f', 'Future model green place beat sense far.', 'none', '73BF981F-1CFD-483D-80EE-14AB6D2E55EF', N'[{"Key": "Name", "Value": "Mua"}, {"Key": "Image", "Value": "test.png"}, {"Key": "Price", "Value": "0"}, {"Key": "ShoppingItems", "Value": "[Rau diếp, Cần tây, Cá tra, Rau cải baby, Cải thảo]"}]', '[]'),
('d69dda54-8a28-4c2a-a795-e2ea393be148', 'Seven evidence worker building this American either.', 'none', 'A5677DE0-A6A7-42C0-AB77-F34B75BEB63D', N'[{"Key": "Name", "Value": "Mua"}, {"Key": "Image", "Value": "test.png"}, {"Key": "Price", "Value": "0"}, {"Key": "ShoppingItems", "Value": "[Dầu ăn, Bí đao, Cá dứa, Rau cải baby, Dầu đậu nành, Dưa hấu ruột nâu, Cà rốt, Mì, Củ cải đỏ, Khoai tây bi]"}]', '[]'),
('434fbb79-87b6-47fd-9b03-25b5691ba984', 'Mission decision black western myself scientist tough.', 'none', '63CE2EBF-EF36-4B4A-891E-ABBDE2A75B38', N'[{"Key": "Name", "Value": "Máy cắt cỏ"}, {"Key": "Size", "Value": "Vừa"}, {"Key": "Quantity", "Value": "5"}, {"Key": "Price", "Value": "0"}]', '[]'),
('6e7b33f4-8720-403c-8ce8-573ba912d637', 'Government line indeed live reason.', 'none', '07CB166A-4B4E-4637-B224-6277A69003D9', N'[{"Key": "Name", "Value": "Mua"}, {"Key": "Image", "Value": "test.png"}, {"Key": "Price", "Value": "0"}, {"Key": "ShoppingItems", "Value": "[Cải thảo baby, Dưa hấu ruột đỏ, Cà chua dẻo, Cà chua bi, Cà chua, Cá trê, Củ cải đỏ]"}]', '[]'),
('a06026c3-d141-4361-84be-097ed34f3ae9', 'Rather bank we under.', 'none', 'C82954A1-39D4-4012-86B3-6CAD42C2B399', N'[{"Key": "Name", "Value": "Mua"}, {"Key": "Image", "Value": "test.png"}, {"Key": "Price", "Value": "0"}, {"Key": "ShoppingItems", "Value": "[Khoai lang, Bắp cải, Cá dứa, Ngao, Bầu, Dầu ăn, Bí đỏ lát, Củ cải đỏ, Sò, Bí đao]"}]', '[]'),
('4d743f1a-067d-4324-a687-21f7640b87f7', 'Black leave form collection instead.', 'none', 'EF2034C1-7F44-4D07-B9C0-E2A497999A9D', N'[{"Key": "Name", "Value": "Máy đánh trứng"}, {"Key": "Size", "Value": "Nhỏ"}, {"Key": "Quantity", "Value": "5"}, {"Key": "Price", "Value": "0"}]', '[]'),
('cd2c887c-b0dd-4dd6-8a5d-098f4fa9fbab', 'Vote only anyone home doctor be.', 'none', 'F1B832B2-49F3-456F-BACB-B1F8DA766BEA', N'[{"Key": "Name", "Value": "Máy chiếu"}, {"Key": "Size", "Value": "To"}, {"Key": "Quantity", "Value": "2"}, {"Key": "Price", "Value": "0"}]', '[]'),
('2d510e72-8489-4cbb-b1fc-75581f25517f', 'Learn place might what western upon.', 'none', '3779D349-ABCB-4DBC-ABF1-25BA9E94A695', N'[{"Key": "Name", "Value": "Mua"}, {"Key": "Image", "Value": "test.png"}, {"Key": "Price", "Value": "0"}, {"Key": "ShoppingItems", "Value": "[Bắp cải, Gạo, Cà rốt lát, Dầu mỡ, Dầu olive, Mì, Dưa hấu chín, Cá dìa]"}]', '[]'),
('64f3d35d-7533-4066-a8af-226913226136', 'Fund bill third some follow.', 'none', '88006A8C-D757-4B85-8B91-C88E6078FE9C', N'[{"Key": "Name", "Value": "Máy tính"}, {"Key": "Size", "Value": "To"}, {"Key": "Quantity", "Value": "2"}, {"Key": "Price", "Value": "0"}]', '[]'),
('f705e035-7384-44d5-a4c7-c0edcc391f90', 'Couple bag thank.', 'none', 'F1B832B2-49F3-456F-BACB-B1F8DA766BEA', N'[{"Key": "Name", "Value": "Máy nén khí"}, {"Key": "Size", "Value": "Vừa"}, {"Key": "Quantity", "Value": "1"}, {"Key": "Price", "Value": "0"}]', '[]'),
('bfc0a332-cc85-418c-8b15-6e5b7c73d7af', 'The drive figure necessary across manager.', 'none', 'C82954A1-39D4-4012-86B3-6CAD42C2B399', N'[{"Key": "Name", "Value": "Mua"}, {"Key": "Image", "Value": "test.png"}, {"Key": "Price", "Value": "0"}, {"Key": "ShoppingItems", "Value": "[Rau muống xanh, Cá chép, Mướp đắng, Cá dứa, Dưa hấu dừa, Cá sứa]"}]', '[]'),
('12e17378-b848-4991-8de7-0d2ab47c5c70', 'Partner stand next though house where.', 'none', '73BF981F-1CFD-483D-80EE-14AB6D2E55EF', N'[{"Key": "Name", "Value": "Mua"}, {"Key": "Image", "Value": "test.png"}, {"Key": "Price", "Value": "0"}, {"Key": "ShoppingItems", "Value": "[Bột khoai mì, Bột ngô, Rau cải baby, Cá tầm]"}]', '[]'),
('62a62508-16e9-45ab-a3da-0cf4fe960591', 'Movie end discussion budget situation between run.', 'none', 'EF2034C1-7F44-4D07-B9C0-E2A497999A9D', N'[{"Key": "Name", "Value": "Máy cắt cỏ"}, {"Key": "Size", "Value": "Vừa"}, {"Key": "Quantity", "Value": "5"}, {"Key": "Price", "Value": "0"}]', '[]'),
('3cbce637-14ff-438c-b310-78ff7c570154', 'Population brother say grow push region.', 'none', '3361BC88-9F58-4BE8-AC37-561606430F8A', N'[{"Key": "Name", "Value": "Mua"}, {"Key": "Image", "Value": "test.png"}, {"Key": "Price", "Value": "0"}, {"Key": "ShoppingItems", "Value": "[Cá dìa, Mực, Khoai lang mật, Ngao, Dưa hấu dừa, Rau mầm]"}]', '[]'),
('3edb63bb-32e5-4705-bc34-277d557575c0', 'Play speech theory choice computer yard career deal.', 'none', 'C82954A1-39D4-4012-86B3-6CAD42C2B399', N'[{"Key": "Name", "Value": "Mua"}, {"Key": "Image", "Value": "test.png"}, {"Key": "Price", "Value": "0"}, {"Key": "ShoppingItems", "Value": "[Cá rô, Dưa bắp, Dầu dừa, Cà chua dẻo, Bí đỏ, Dưa hấu]"}]', '[]'),
('cd5f8232-5860-492c-8e06-8a7f276db4ec', 'Staff service government opportunity.', 'none', 'CCA752D4-C17C-4C31-906F-F33CB8A18E48', N'[{"Key": "Name", "Value": "Ổ cắm điện"}, {"Key": "Size", "Value": "To"}, {"Key": "Quantity", "Value": "2"}, {"Key": "Price", "Value": "0"}]', '[]'),
('6f52a37a-79d4-4b8e-b746-d45df1f80d42', 'Case I course first factor.', 'none', '96D250D4-0C0E-4521-B94E-05F3CAFCA3F3', N'[{"Key": "Name", "Value": "Mua"}, {"Key": "Image", "Value": "test.png"}, {"Key": "Price", "Value": "0"}, {"Key": "ShoppingItems", "Value": "[Dưa hấu ruột vàng, Cà rốt baby, Rau sống, Rau dền, Mực, Dưa hấu ruột trắng]"}]', '[]'),
('efb245fc-9ec8-4f60-b6d8-9dfddd1f7628', 'General class admit of around.', 'none', '96D250D4-0C0E-4521-B94E-05F3CAFCA3F3', N'[{"Key": "Name", "Value": "Mua"}, {"Key": "Image", "Value": "test.png"}, {"Key": "Price", "Value": "0"}, {"Key": "ShoppingItems", "Value": "[Bún, Mướp, Tôm càng xanh, Cá mòi, Cải thảo baby, Mướp]"}]', '[]'),
('a6ee4feb-cf01-4135-ba22-ffb980bd3fd4', 'Road size impact act through move.', 'none', '3361BC88-9F58-4BE8-AC37-561606430F8A', N'[{"Key": "Name", "Value": "Mua"}, {"Key": "Image", "Value": "test.png"}, {"Key": "Price", "Value": "0"}, {"Key": "ShoppingItems", "Value": "[Bắp ngô, Bắp ngô, Đậu, Cá đuối, Thịt bò, Cá basa, Cải thảo, Cá ngừ]"}]', '[]'),
('90387ea2-6a1a-46c2-bc08-7125108d929e', 'Collection bad until our per leader change.', 'none', 'A5677DE0-A6A7-42C0-AB77-F34B75BEB63D', N'[{"Key": "Name", "Value": "Mua"}, {"Key": "Image", "Value": "test.png"}, {"Key": "Price", "Value": "0"}, {"Key": "ShoppingItems", "Value": "[Bột khoai mì, Cá bớp, Rau muống, Cà rốt tươi, Tôm càng to]"}]', '[]'),
('a3569829-8f31-4fa3-9059-9e9918b92fa2', 'Personal threat many.', 'none', '88006A8C-D757-4B85-8B91-C88E6078FE9C', N'[{"Key": "Name", "Value": "Quạt điện"}, {"Key": "Size", "Value": "Vừa"}, {"Key": "Quantity", "Value": "3"}, {"Key": "Price", "Value": "0"}]', '[]'),
('038a45cc-fd94-410d-8210-7971735daa76', 'Financial too nearly.', 'none', 'C82954A1-39D4-4012-86B3-6CAD42C2B399', N'[{"Key": "Name", "Value": "Mua"}, {"Key": "Image", "Value": "test.png"}, {"Key": "Price", "Value": "0"}, {"Key": "ShoppingItems", "Value": "[Khoai tây, Củ cải, Dưa hấu, Cà rốt baby, Rau bắp cải, Cá mè, Rau dưa leo]"}]', '[]'),
('9a36a318-2efb-4195-a26b-0cf4d2c706fd', 'Several might history strong economy.', 'none', '07CB166A-4B4E-4637-B224-6277A69003D9', N'[{"Key": "Name", "Value": "Mua"}, {"Key": "Image", "Value": "test.png"}, {"Key": "Price", "Value": "0"}, {"Key": "ShoppingItems", "Value": "[Cá chép, Khoai tây lát, Muối]"}]', '[]'),
('a73ea76a-a95f-43df-a31d-9a2eac647711', 'Suffer star once anything choose general.', 'none', '73BF981F-1CFD-483D-80EE-14AB6D2E55EF', N'[{"Key": "Name", "Value": "Mua"}, {"Key": "Image", "Value": "test.png"}, {"Key": "Price", "Value": "0"}, {"Key": "ShoppingItems", "Value": "[Rau dưa leo, Tôm càng nhỏ, Cá chim, Khoai tây bi, Dưa hấu không hạt, Rau răm, Cà rốt baby, Rau ngót]"}]', '[]'),
('d1902a53-1619-418c-8bbf-d3d69b23841f', 'Upon we lose water stand single.', 'none', '07CB166A-4B4E-4637-B224-6277A69003D9', N'[{"Key": "Name", "Value": "Mua"}, {"Key": "Image", "Value": "test.png"}, {"Key": "Price", "Value": "0"}, {"Key": "ShoppingItems", "Value": "[Cá lăng, Rau cải ngọt, Dầu mè, Ớt, Bí xanh, Cà chua hạt, Bạch tuộc]"}]', '[]'),
('ddc45a6f-e396-4a4e-a311-2f86ffebca78', 'Relationship it center accept memory.', 'none', '07CB166A-4B4E-4637-B224-6277A69003D9', N'[{"Key": "Name", "Value": "Mua"}, {"Key": "Image", "Value": "test.png"}, {"Key": "Price", "Value": "0"}, {"Key": "ShoppingItems", "Value": "[Bí đỏ, Rau cải bắp, Rau húng, Cá dìa, Cá chình, Dưa hấu hạt, Cá lóc]"}]', '[]'),
('17617070-ee4b-4e14-b4ff-258dba5171fa', 'Less already treatment PM sometimes set.', 'none', 'CCA752D4-C17C-4C31-906F-F33CB8A18E48', N'[{"Key": "Name", "Value": "Quạt sưởi"}, {"Key": "Size", "Value": "To"}, {"Key": "Quantity", "Value": "5"}, {"Key": "Price", "Value": "0"}]', '[]'),
('6d7f232e-e589-420a-92a4-fc7df9e99808', 'Continue serve information of door.', 'none', '96D250D4-0C0E-4521-B94E-05F3CAFCA3F3', N'[{"Key": "Name", "Value": "Mua"}, {"Key": "Image", "Value": "test.png"}, {"Key": "Price", "Value": "0"}, {"Key": "ShoppingItems", "Value": "[Dưa hấu không hạt, Tôm càng nhỏ, Khoai tây lát, Gia vị, Dầu đậu nành, Dưa gang, Mướp đắng, Cá chép]"}]', '[]'),
('81b39b50-109a-44dc-8d36-cc722eded1ae', 'Action economy several hit simple personal home.', 'none', '88006A8C-D757-4B85-8B91-C88E6078FE9C', N'[{"Key": "Name", "Value": "Máy nén khí"}, {"Key": "Size", "Value": "Nhỏ"}, {"Key": "Quantity", "Value": "3"}, {"Key": "Price", "Value": "0"}]', '[]'),
('f20a8a25-f9a7-4aad-a7e0-ec1552368a4a', 'Foreign agency list miss among.', 'none', 'A5677DE0-A6A7-42C0-AB77-F34B75BEB63D', N'[{"Key": "Name", "Value": "Mua"}, {"Key": "Image", "Value": "test.png"}, {"Key": "Price", "Value": "0"}, {"Key": "ShoppingItems", "Value": "[Dầu dừa, Cá mập, Dưa hấu ruột đỏ]"}]', '[]'),
('a201fd03-ac3a-48c0-b408-2b6fe3d61ee2', 'Memory clear throughout treat relate.', 'none', '662A64BE-F7EA-4419-8978-DBF8F19159DC', N'[{"Key": "Name", "Value": "Máy sấy tóc"}, {"Key": "Size", "Value": "To"}, {"Key": "Quantity", "Value": "2"}, {"Key": "Price", "Value": "0"}]', '[]'),
('dd4401c1-f966-4b28-920b-39b1cc33a5e5', 'Statement reality recently.', 'none', 'EF2034C1-7F44-4D07-B9C0-E2A497999A9D', N'[{"Key": "Name", "Value": "Quạt hút bụi cắm điện"}, {"Key": "Size", "Value": "To"}, {"Key": "Quantity", "Value": "1"}, {"Key": "Price", "Value": "0"}]', '[]'),
('ac73a592-9e49-4eeb-a980-0c2eea42b601', 'Very your choice too need although one.', 'none', '73BF981F-1CFD-483D-80EE-14AB6D2E55EF', N'[{"Key": "Name", "Value": "Mua"}, {"Key": "Image", "Value": "test.png"}, {"Key": "Price", "Value": "0"}, {"Key": "ShoppingItems", "Value": "[Rau dền xanh, Cà tím tươi, Cá chẽm, Muối, Cá chép]"}]', '[]'),
('548921ca-ed88-404d-a788-8b8bab2c8a5e', 'Arm bar military able simple billion parent.', 'none', 'EF2034C1-7F44-4D07-B9C0-E2A497999A9D', N'[{"Key": "Name", "Value": "Máy làm sạch"}, {"Key": "Size", "Value": "To"}, {"Key": "Quantity", "Value": "2"}, {"Key": "Price", "Value": "0"}]', '[]'),
('7dbcaa68-fe89-4ab2-8750-73752cd3798b', 'Would technology budget first age safe.', 'none', '88006A8C-D757-4B85-8B91-C88E6078FE9C', N'[{"Key": "Name", "Value": "Tai nghe"}, {"Key": "Size", "Value": "Vừa"}, {"Key": "Quantity", "Value": "4"}, {"Key": "Price", "Value": "0"}]', '[]'),
('60f643de-71fc-40f1-88b8-816b6310afbb', 'Truth unit impact key page per.', 'none', '96D250D4-0C0E-4521-B94E-05F3CAFCA3F3', N'[{"Key": "Name", "Value": "Mua"}, {"Key": "Image", "Value": "test.png"}, {"Key": "Price", "Value": "0"}, {"Key": "ShoppingItems", "Value": "[Sò, Cà tím hột, Cá tầm, Bắp ngô, Cá hồi, Cá thu, Bầu, Rau cải baby]"}]', '[]'),
('df450f00-66fc-4f45-ad35-6715fc0cd1d2', 'Live teach movie I situation understand agree.', 'none', '662A64BE-F7EA-4419-8978-DBF8F19159DC', N'[{"Key": "Name", "Value": "Tủ lạnh"}, {"Key": "Size", "Value": "Vừa"}, {"Key": "Quantity", "Value": "4"}, {"Key": "Price", "Value": "0"}]', '[]'),
('094fdb33-99f0-483c-a8b2-39401c414db6', 'Likely almost training personal.', 'none', 'B9F74F9E-F792-4C48-B1B6-B6F0BC402D07', N'[{"Key": "Name", "Value": "Lò nướng"}, {"Key": "Size", "Value": "Nhỏ"}, {"Key": "Quantity", "Value": "3"}, {"Key": "Price", "Value": "0"}]', '[]'),
('c54f7c07-9829-4ea2-afc7-6daea6b9537a', 'Company TV policy drug.', 'none', '07CB166A-4B4E-4637-B224-6277A69003D9', N'[{"Key": "Name", "Value": "Mua"}, {"Key": "Image", "Value": "test.png"}, {"Key": "Price", "Value": "0"}, {"Key": "ShoppingItems", "Value": "[Bí xanh, Cá mè, Tôm càng nhỏ]"}]', '[]'),
('249f6b83-f2f7-4d84-a873-337296f5afeb', 'Accept hope soon yourself affect station member although.', 'none', 'C82954A1-39D4-4012-86B3-6CAD42C2B399', N'[{"Key": "Name", "Value": "Mua"}, {"Key": "Image", "Value": "test.png"}, {"Key": "Price", "Value": "0"}, {"Key": "ShoppingItems", "Value": "[Cà rốt baby, Cá đuối, Cá ngừ, Dưa hấu ruột đỏ, Cá sứa, Rau cải bó xôi]"}]', '[]'),
('8d3e2e28-8f34-4140-9b41-dc07a9c2103d', 'Purpose here ago job.', 'none', 'CCA752D4-C17C-4C31-906F-F33CB8A18E48', N'[{"Key": "Name", "Value": "Bình đun nước"}, {"Key": "Size", "Value": "To"}, {"Key": "Quantity", "Value": "5"}, {"Key": "Price", "Value": "0"}]', '[]'),
('4ab5bfe5-9d8f-4c42-b0cf-3d5e21ca75f2', 'Head against particularly listen down American focus.', 'none', '73BF981F-1CFD-483D-80EE-14AB6D2E55EF', N'[{"Key": "Name", "Value": "Mua"}, {"Key": "Image", "Value": "test.png"}, {"Key": "Price", "Value": "0"}, {"Key": "ShoppingItems", "Value": "[Thịt bò, Cá chim, Cá sặc, Thịt heo, Cá bớp, Dưa bắp, Thịt heo, Bắp non, Cá chép]"}]', '[]'),
('a669ec97-48f3-45e0-bf2b-793411f51b20', 'Certain hotel should.', 'none', 'CCA752D4-C17C-4C31-906F-F33CB8A18E48', N'[{"Key": "Name", "Value": "Máy tính"}, {"Key": "Size", "Value": "To"}, {"Key": "Quantity", "Value": "1"}, {"Key": "Price", "Value": "0"}]', '[]'),
('de36bb19-c4b9-495e-b0bb-f40522ba203f', 'Theory election rich foot herself.', 'none', 'A5677DE0-A6A7-42C0-AB77-F34B75BEB63D', N'[{"Key": "Name", "Value": "Mua"}, {"Key": "Image", "Value": "test.png"}, {"Key": "Price", "Value": "0"}, {"Key": "ShoppingItems", "Value": "[Rau cải, Cua, Cá nục, Cà chua hạt, Cá ngừ, Củ cải đỏ, Dưa hấu dừa]"}]', '[]'),
('e66e92ce-2243-40d7-b0ca-0c9d4cd7f755', 'All office less politics.', 'none', '96D250D4-0C0E-4521-B94E-05F3CAFCA3F3', N'[{"Key": "Name", "Value": "Mua"}, {"Key": "Image", "Value": "test.png"}, {"Key": "Price", "Value": "0"}, {"Key": "ShoppingItems", "Value": "[Dưa hấu ruột trắng, Bí đỏ tươi, Cá trích, Cá rô, Cá, Cà chua dẻo, Cua]"}]', '[]'),
('81ccb5b5-12fb-44df-a1aa-4e3a289f3724', 'Doctor trip her hope likely.', 'none', 'A5677DE0-A6A7-42C0-AB77-F34B75BEB63D', N'[{"Key": "Name", "Value": "Mua"}, {"Key": "Image", "Value": "test.png"}, {"Key": "Price", "Value": "0"}, {"Key": "ShoppingItems", "Value": "[Rau cải bó xôi, Cá chẽm, Cà rốt baby, Dầu đậu nành, Đường, Dưa hấu không hạt, Cà chua hạt, Cá sặc, Ngao]"}]', '[]'),
('0f8c75b1-28e5-4581-afa0-41969e95be9c', 'Popular word book read pass heart soldier action.', 'none', '07CB166A-4B4E-4637-B224-6277A69003D9', N'[{"Key": "Name", "Value": "Mua"}, {"Key": "Image", "Value": "test.png"}, {"Key": "Price", "Value": "0"}, {"Key": "ShoppingItems", "Value": "[Ớt sừng, Rau dền xanh, Khoai tây lát, Cà rốt, Bí xanh, Dầu hướng dương, Mì, Tôm bỏ vỏ, Dưa hấu dừa]"}]', '[]'),
('282e2c97-7e37-4ef8-91c0-1a93adfb511d', 'Ago poor coach year.', 'none', 'C82954A1-39D4-4012-86B3-6CAD42C2B399', N'[{"Key": "Name", "Value": "Mua"}, {"Key": "Image", "Value": "test.png"}, {"Key": "Price", "Value": "0"}, {"Key": "ShoppingItems", "Value": "[Cá lóc, Khoai tây bi, Cá nục, Khoai tây tươi, Khoai lang tím, Rau dền, Cá bơn, Cà rốt baby, Dưa hấu ruột vàng, Thịt bò]"}]', '[]'),
('9fe209a2-8d2b-4ce2-b39f-58c9b5e50da3', 'Environmental medical nearly hour.', 'none', 'B9F74F9E-F792-4C48-B1B6-B6F0BC402D07', N'[{"Key": "Name", "Value": "Máy in"}, {"Key": "Size", "Value": "Nhỏ"}, {"Key": "Quantity", "Value": "4"}, {"Key": "Price", "Value": "0"}]', '[]'),
('4f8dac1b-6676-45b6-97af-e2baacf43bdd', 'While long not improve.', 'none', '07CB166A-4B4E-4637-B224-6277A69003D9', N'[{"Key": "Name", "Value": "Mua"}, {"Key": "Image", "Value": "test.png"}, {"Key": "Price", "Value": "0"}, {"Key": "ShoppingItems", "Value": "[Cá bơn, Cá nục, Cá dứa, Dầu mỡ, Thịt heo]"}]', '[]'),
('a47a4e1d-d557-4b4e-ba98-14b674568bcc', 'Next according television next sense make real use.', 'none', '73BF981F-1CFD-483D-80EE-14AB6D2E55EF', N'[{"Key": "Name", "Value": "Mua"}, {"Key": "Image", "Value": "test.png"}, {"Key": "Price", "Value": "0"}, {"Key": "ShoppingItems", "Value": "[Dưa bắp, Rau dền xanh, Cá dằm, Cá ngừ, Bột mì trứng, Khoai lang mật, Bắp cải]"}]', '[]'),
('95069369-e06f-467c-b454-ecde272a32d7', 'Discuss very score loss.', 'none', '88006A8C-D757-4B85-8B91-C88E6078FE9C', N'[{"Key": "Name", "Value": "Máy ảnh"}, {"Key": "Size", "Value": "Nhỏ"}, {"Key": "Quantity", "Value": "3"}, {"Key": "Price", "Value": "0"}]', '[]'),
('53f1df96-7d47-4663-9742-068ed46d266e', 'Story budget great than.', 'none', 'CCA752D4-C17C-4C31-906F-F33CB8A18E48', N'[{"Key": "Name", "Value": "Máy tạo ẩm"}, {"Key": "Size", "Value": "Vừa"}, {"Key": "Quantity", "Value": "4"}, {"Key": "Price", "Value": "0"}]', '[]'),
('0e3cec44-ed12-4e31-8cf8-bee1b3f7e87f', 'Military ability line hour wear star.', 'none', '73BF981F-1CFD-483D-80EE-14AB6D2E55EF', N'[{"Key": "Name", "Value": "Mua"}, {"Key": "Image", "Value": "test.png"}, {"Key": "Price", "Value": "0"}, {"Key": "ShoppingItems", "Value": "[Đậu, Củ cải trắng, Củ cải trắng, Tôm bỏ vỏ, Ớt sừng, Rau muống, Cá bóc tôm, Cá tra, Cá hồi]"}]', '[]'),
('9834bdb6-caf5-4008-ae14-1cf4f3e3b949', 'Enjoy rise condition Congress.', 'none', '63CE2EBF-EF36-4B4A-891E-ABBDE2A75B38', N'[{"Key": "Name", "Value": "Lò vi sóng"}, {"Key": "Size", "Value": "To"}, {"Key": "Quantity", "Value": "1"}, {"Key": "Price", "Value": "0"}]', '[]'),
('9d91f077-e1c7-4997-a273-a425cc4d8618', 'Him above bring.', 'none', 'EF2034C1-7F44-4D07-B9C0-E2A497999A9D', N'[{"Key": "Name", "Value": "Máy lọc không khí"}, {"Key": "Size", "Value": "Nhỏ"}, {"Key": "Quantity", "Value": "2"}, {"Key": "Price", "Value": "0"}]', '[]'),
('78c36219-710a-41fd-ae18-32c29faecd84', 'Girl happen front law care military edge billion.', 'none', 'CCA752D4-C17C-4C31-906F-F33CB8A18E48', N'[{"Key": "Name", "Value": "Quạt điện"}, {"Key": "Size", "Value": "To"}, {"Key": "Quantity", "Value": "3"}, {"Key": "Price", "Value": "0"}]', '[]'),
('762e3fd9-d74d-4d2e-b119-22e9f80ae4e5', 'Matter nice really listen meeting language condition.', 'none', '73BF981F-1CFD-483D-80EE-14AB6D2E55EF', N'[{"Key": "Name", "Value": "Mua"}, {"Key": "Image", "Value": "test.png"}, {"Key": "Price", "Value": "0"}, {"Key": "ShoppingItems", "Value": "[Bí đỏ hột, Cà chua hạt, Rau cải bó xôi, Cà chua dẻo, Cá, Ốc, Cá lóc]"}]', '[]'),
('30cb6af1-32fb-4177-9036-8f3e8e90e690', 'Bad measure star tell law go.', 'none', 'B9F74F9E-F792-4C48-B1B6-B6F0BC402D07', N'[{"Key": "Name", "Value": "Máy phun thuốc"}, {"Key": "Size", "Value": "Nhỏ"}, {"Key": "Quantity", "Value": "4"}, {"Key": "Price", "Value": "0"}]', '[]'),
('33692434-e83f-4da6-88e7-1d07bd796322', 'Feel military pull watch choice.', 'none', '3361BC88-9F58-4BE8-AC37-561606430F8A', N'[{"Key": "Name", "Value": "Mua"}, {"Key": "Image", "Value": "test.png"}, {"Key": "Price", "Value": "0"}, {"Key": "ShoppingItems", "Value": "[Cá bớp, Dưa bóp, Cà chua hạt, Cải thảo baby, Cá ngừ, Dưa chuột, Tôm, Cà chua rời, Rau muống bạch]"}]', '[]'),
('3cf5dc38-b38a-477b-9cc5-da434f8a2ba2', 'Could foreign mind myself surface old charge.', 'none', '96D250D4-0C0E-4521-B94E-05F3CAFCA3F3', N'[{"Key": "Name", "Value": "Mua"}, {"Key": "Image", "Value": "test.png"}, {"Key": "Price", "Value": "0"}, {"Key": "ShoppingItems", "Value": "[Rau ngót, Rau dưa leo, Rau cải baby, Củ cải đỏ, Khoai tây bi, Cá trích, Cà tím hột, Cá thu]"}]', '[]'),
('e059de44-515f-4282-9bd4-b5c1ca8c1469', 'Rate clear newspaper ground just keep production.', 'none', 'CCA752D4-C17C-4C31-906F-F33CB8A18E48', N'[{"Key": "Name", "Value": "Sạc laptop"}, {"Key": "Size", "Value": "Vừa"}, {"Key": "Quantity", "Value": "3"}, {"Key": "Price", "Value": "0"}]', '[]'),
('6d88b8e5-6104-4289-ab3f-f2ecacccca7b', 'Because include now so must.', 'none', 'A5677DE0-A6A7-42C0-AB77-F34B75BEB63D', N'[{"Key": "Name", "Value": "Mua"}, {"Key": "Image", "Value": "test.png"}, {"Key": "Price", "Value": "0"}, {"Key": "ShoppingItems", "Value": "[Bắp non, Cá bóc tôm, Cua, Cà rốt, Tôm bỏ vỏ, Tôm càng to, Mì, Cá, Cá nục, Bạch tuộc]"}]', '[]'),
('2449c75c-261b-46b6-8a29-61d526dcd92b', 'Final name at painting room sell daughter.', 'none', '662A64BE-F7EA-4419-8978-DBF8F19159DC', '[{"Key": "Name", "Value": "Tivi"}, {"Key": "Size", "Value": "To"}, {"Key": "Quantity", "Value": "2"}, {"Key": "Price", "Value": "0"}]', '[]'),
('a3a99739-7fb3-4df5-a7e3-8cfd1db17fc8', 'Look floor role agency its professor while.', 'none', '3361BC88-9F58-4BE8-AC37-561606430F8A', N'[{"Key": "Name", "Value": "Mua"}, {"Key": "Image", "Value": "test.png"}, {"Key": "Price", "Value": "0"}, {"Key": "ShoppingItems", "Value": "[Cá sứa, Dưa hấu, Cá mòi, Rau húng, Cá chẽm, Bột mì, Cà rốt, Dầu đậu nành, Dưa hấu ruột đen]"}]', '[]'),
('427953e6-80f4-4cdc-a806-5251d62d2710', 'All evening his gas health.', 'none', 'CCA752D4-C17C-4C31-906F-F33CB8A18E48', N'[{"Key": "Name", "Value": "Máy sấy tóc"}, {"Key": "Size", "Value": "Nhỏ"}, {"Key": "Quantity", "Value": "1"}, {"Key": "Price", "Value": "0"}]', '[]'),
('2a98e632-c538-46b7-8c7b-ffb4d3d5e994', 'Avoid yourself campaign alone subject development best.', 'none', 'CCA752D4-C17C-4C31-906F-F33CB8A18E48', N'[{"Key": "Name", "Value": "Bếp từ"}, {"Key": "Size", "Value": "Vừa"}, {"Key": "Quantity", "Value": "5"}, {"Key": "Price", "Value": "0"}]', '[]'),
('b17c7fe5-a902-4b77-88c8-1e8c3257f0a9', 'Especially win give yourself.', 'none', 'A5677DE0-A6A7-42C0-AB77-F34B75BEB63D', N'[{"Key": "Name", "Value": "Mua"}, {"Key": "Image", "Value": "test.png"}, {"Key": "Price", "Value": "0"}, {"Key": "ShoppingItems", "Value": "[Ớt sừng, Khoai tây tươi, Tôm càng xanh, Cá tra, Dầu mỡ, Ngao]"}]', '[]'),
('63f98e7f-d684-461c-b060-983a1020d21d', 'Final relationship wear along particularly factor.', 'none', 'A5677DE0-A6A7-42C0-AB77-F34B75BEB63D', N'[{"Key": "Name", "Value": "Mua"}, {"Key": "Image", "Value": "test.png"}, {"Key": "Price", "Value": "0"}, {"Key": "ShoppingItems", "Value": "[Cá basa, Rau muống, Ớt, Cá diêu hồng, Khoai lang tím, Rau cải baby]"}]', '[]'),
('32de632b-607b-44b2-8947-1eef1a74ea90', 'You company drop join recognize all structure.', 'none', 'B9F74F9E-F792-4C48-B1B6-B6F0BC402D07', N'[{"Key": "Name", "Value": "Modem"}, {"Key": "Size", "Value": "Nhỏ"}, {"Key": "Quantity", "Value": "1"}, {"Key": "Price", "Value": "0"}]', '[]'),
('6731b857-a758-4abf-87ac-efdfbc2d24b3', 'Discuss space himself.', 'none', '96D250D4-0C0E-4521-B94E-05F3CAFCA3F3', N'[{"Key": "Name", "Value": "Mua"}, {"Key": "Image", "Value": "test.png"}, {"Key": "Price", "Value": "0"}, {"Key": "ShoppingItems", "Value": "[Cá đuối, Dầu dừa, Cá chép, Cá hồi, Rau dền, Dưa chuột, Cần tây baby, Cà chua bi, Cá rô]"}]', '[]'),
('fda3dc9d-1337-411b-adc5-37dd70366852', 'Moment buy east example identify likely.', 'none', '3361BC88-9F58-4BE8-AC37-561606430F8A', N'[{"Key": "Name", "Value": "Mua"}, {"Key": "Image", "Value": "test.png"}, {"Key": "Price", "Value": "0"}, {"Key": "ShoppingItems", "Value": "[Cá gai, Rau muống, Thịt dê, Tôm càng xanh]"}]', '[]'),
('b5c90f77-0e1d-4d85-a7a8-5432eec7962d', 'Serve can street race seat.', 'none', '07CB166A-4B4E-4637-B224-6277A69003D9', N'[{"Key": "Name", "Value": "Mua"}, {"Key": "Image", "Value": "test.png"}, {"Key": "Price", "Value": "0"}, {"Key": "ShoppingItems", "Value": "[Cà rốt tươi, Rau ngò gai, Mướp]"}]', '[]'),
('ddd21955-8ca3-4875-950e-4f25315d3b5f', 'Manage camera beat activity stay bank which.', 'none', 'B9F74F9E-F792-4C48-B1B6-B6F0BC402D07', N'[{"Key": "Name", "Value": "Máy chiếu"}, {"Key": "Size", "Value": "Nhỏ"}, {"Key": "Quantity", "Value": "4"}, {"Key": "Price", "Value": "0"}]', '[]'),
('0bff3e03-23c4-4163-a4d5-077c617c24fc', 'Seven approach speak.', 'none', '3361BC88-9F58-4BE8-AC37-561606430F8A', N'[{"Key": "Name", "Value": "Mua"}, {"Key": "Image", "Value": "test.png"}, {"Key": "Price", "Value": "0"}, {"Key": "ShoppingItems", "Value": "[Cần tây baby, Cá diêu hồng, Cá tầm, Cá mòi, Cá tra, Mướp, Thịt bò, Cà rốt baby, Cá chim]"}]', '[]'),
('080e0c17-ed6e-48da-bcaa-44d47dea2e5d', 'Politics effect against southern very talk part.', 'none', '07CB166A-4B4E-4637-B224-6277A69003D9', N'[{"Key": "Name", "Value": "Mua"}, {"Key": "Image", "Value": "test.png"}, {"Key": "Price", "Value": "0"}, {"Key": "ShoppingItems", "Value": "[Dầu hướng dương, Cá mú, Cá ngừ]"}]', '[]'),
('3e678e8b-0a7c-4ab1-8814-f56ad224d484', 'Push serious successful country describe.', 'none', 'C82954A1-39D4-4012-86B3-6CAD42C2B399', N'[{"Key": "Name", "Value": "Mua"}, {"Key": "Image", "Value": "test.png"}, {"Key": "Price", "Value": "0"}, {"Key": "ShoppingItems", "Value": "[Cá dứa, Cà chua dẻo, Rau húng, Tôm bỏ vỏ, Muối, Cá lưỡi, Rau mơ, Dầu mè, Cá tra, Cá trê]"}]', '[]'),
('9ab38806-7cf2-434b-97d0-585dcc85f2e1', 'Item lay practice appear role.', 'none', 'CCA752D4-C17C-4C31-906F-F33CB8A18E48', N'[{"Key": "Name", "Value": "Bình điện"}, {"Key": "Size", "Value": "To"}, {"Key": "Quantity", "Value": "4"}, {"Key": "Price", "Value": "0"}]', '[]'),
('e1c27613-3b15-45f5-a4c0-9a0edfb29148', 'Trouble cold thank while door statement scene teach.', 'none', 'CCA752D4-C17C-4C31-906F-F33CB8A18E48', N'[{"Key": "Name", "Value": "Bình chữa cháy"}, {"Key": "Size", "Value": "Nhỏ"}, {"Key": "Quantity", "Value": "1"}, {"Key": "Price", "Value": "0"}]', '[]'),
('6929ef7e-54dc-4302-92fb-ebe4c6c3b3a7', 'Many character option imagine.', 'none', '73BF981F-1CFD-483D-80EE-14AB6D2E55EF', N'[{"Key": "Name", "Value": "Mua"}, {"Key": "Image", "Value": "test.png"}, {"Key": "Price", "Value": "0"}, {"Key": "ShoppingItems", "Value": "[Rau cải ngọt, Muối, Rau cải baby, Bí đỏ, Dưa hấu không hạt, Cá mập, Cá, Thịt heo, Cà tím lát]"}]', '[]'),
('4c14517f-5395-46b6-8514-b7b9be4a918f', 'With participant form time back sound city.', 'none', '07CB166A-4B4E-4637-B224-6277A69003D9', N'[{"Key": "Name", "Value": "Mua"}, {"Key": "Image", "Value": "test.png"}, {"Key": "Price", "Value": "0"}, {"Key": "ShoppingItems", "Value": "[Gia vị, Dầu đậu nành, Rau muống, Cà tím hột, Bắp ngô, Đậu, Cá lóc, Ốc]"}]', '[]'),
('cd4e3356-d8cf-423a-bbfe-d3964271e595', 'Section lot rather beyond.', 'none', '662A64BE-F7EA-4419-8978-DBF8F19159DC', N'[{"Key": "Name", "Value": "Quạt thông gió cắm điện"}, {"Key": "Size", "Value": "Nhỏ"}, {"Key": "Quantity", "Value": "5"}, {"Key": "Price", "Value": "0"}]', '[]'),
('2fda088f-2fa8-4d2e-8a98-a75b2688c95d', 'Meeting movie avoid American address simply.', 'none', 'CCA752D4-C17C-4C31-906F-F33CB8A18E48', N'[{"Key": "Name", "Value": "Máy ảnh"}, {"Key": "Size", "Value": "Vừa"}, {"Key": "Quantity", "Value": "3"}, {"Key": "Price", "Value": "0"}]', '[]'),
('c319343c-6def-47fd-be25-2816024cda0e', 'Be hot often worry.', 'none', '3779D349-ABCB-4DBC-ABF1-25BA9E94A695', N'[{"Key": "Name", "Value": "Mua"}, {"Key": "Image", "Value": "test.png"}, {"Key": "Price", "Value": "0"}, {"Key": "ShoppingItems", "Value": "[Cá trích, Rau cải ngọt, Dưa bắp, Bí đỏ lát]"}]', '[]'),
('49e73869-08e9-4dac-a26a-50a3af9baee9', 'Night top popular open.', 'none', '63CE2EBF-EF36-4B4A-891E-ABBDE2A75B38', N'[{"Key": "Name", "Value": "Quạt cây"}, {"Key": "Size", "Value": "Nhỏ"}, {"Key": "Quantity", "Value": "4"}, {"Key": "Price", "Value": "0"}]', '[]'),
('7cc5dc17-4bb6-407d-b1e4-a2d0a4640658', 'Choice cell seven care yet.', 'none', '662A64BE-F7EA-4419-8978-DBF8F19159DC', N'[{"Key": "Name", "Value": "Lò vi sóng"}, {"Key": "Size", "Value": "To"}, {"Key": "Quantity", "Value": "1"}, {"Key": "Price", "Value": "0"}]', '[]'),
('af16fb10-6ba1-47a5-a38e-20e2b6ce9d87', 'Money ball keep since my necessary million.', 'none', 'F1B832B2-49F3-456F-BACB-B1F8DA766BEA', N'[{"Key": "Name", "Value": "Máy làm sạch"}, {"Key": "Size", "Value": "To"}, {"Key": "Quantity", "Value": "4"}, {"Key": "Price", "Value": "0"}]', '[]'),
('52311e66-e17c-4ef4-b444-2e20fb736bfa', 'Good program risk I spring.', 'none', '73BF981F-1CFD-483D-80EE-14AB6D2E55EF', N'[{"Key": "Name", "Value": "Mua"}, {"Key": "Image", "Value": "test.png"}, {"Key": "Price", "Value": "0"}, {"Key": "ShoppingItems", "Value": "[Cà rốt, Cá sứa, Dưa hấu ruột đỏ, Khoai lang tím, Dưa hấu hạt]"}]', '[]'),
('af23fdae-ade4-47de-b1b7-f5e6b1dcfab5', 'Short during agency meet window now.', 'none', '88006A8C-D757-4B85-8B91-C88E6078FE9C', N'[{"Key": "Name", "Value": "Ổ điện"}, {"Key": "Size", "Value": "Vừa"}, {"Key": "Quantity", "Value": "1"}, {"Key": "Price", "Value": "0"}]', '[]'),
('e66ee692-726a-48c8-87b2-eb24607b37dc', 'Raise suggest six claim analysis school.', 'none', '96D250D4-0C0E-4521-B94E-05F3CAFCA3F3', N'[{"Key": "Name", "Value": "Mua"}, {"Key": "Image", "Value": "test.png"}, {"Key": "Price", "Value": "0"}, {"Key": "ShoppingItems", "Value": "[Cà rốt tươi, Cá chẽo, Dưa bắp, Thịt gà, Tôm càng to, Bí xanh, Hành tây, Cá bạch tuộc]"}]', '[]'),
('0d66ced1-e209-4b74-b020-c629f5aab24a', 'Low trial religious your outside wish community kid.', 'none', 'B9F74F9E-F792-4C48-B1B6-B6F0BC402D07', N'[{"Key": "Name", "Value": "Quạt sưởi"}, {"Key": "Size", "Value": "Nhỏ"}, {"Key": "Quantity", "Value": "4"}, {"Key": "Price", "Value": "0"}]', '[]'),
('8d0e52dd-47be-4d73-b533-b2752401704a', 'Perhaps chair during such either common.', 'none', '3361BC88-9F58-4BE8-AC37-561606430F8A', N'[{"Key": "Name", "Value": "Mua"}, {"Key": "Image", "Value": "test.png"}, {"Key": "Price", "Value": "0"}, {"Key": "ShoppingItems", "Value": "[Cá sặc, Cá bớp, Cá chình, Cá bớp, Dầu dừa, Tôm, Cá rô, Củ cải]"}]', '[]'),
('b684fd0e-495a-4f12-a4ee-58588b67de09', 'Daughter consider group eat soon must toward.', 'none', 'EF2034C1-7F44-4D07-B9C0-E2A497999A9D', N'[{"Key": "Name", "Value": "Quạt công nghiệp cắm điện"}, {"Key": "Size", "Value": "To"}, {"Key": "Quantity", "Value": "1"}, {"Key": "Price", "Value": "0"}]', '[]'),
('3fc96536-798f-468b-9d44-94f8d83c9498', 'Free civil entire result.', 'none', '3779D349-ABCB-4DBC-ABF1-25BA9E94A695', N'[{"Key": "Name", "Value": "Mua"}, {"Key": "Image", "Value": "test.png"}, {"Key": "Price", "Value": "0"}, {"Key": "ShoppingItems", "Value": "[Bột khoai mì, Dưa gang, Khoai tây nghiền, Cá đuối, Cá hồi, Khoai tây bi, Tôm bỏ vỏ, Rau răm, Cá sứa, Rau ngò gai]"}]', '[]'),
('32901a74-2e04-461f-a48f-701bb118c6dc', 'Detail put risk yet so before.', 'none', 'F1B832B2-49F3-456F-BACB-B1F8DA766BEA', N'[{"Key": "Name", "Value": "Máy hàn"}, {"Key": "Size", "Value": "To"}, {"Key": "Quantity", "Value": "4"}, {"Key": "Price", "Value": "0"}]', '[]'),
('7cfc62c7-3c78-402b-b9a1-b08773cf248d', 'Small certainly pattern daughter carry successful imagine.', 'none', '3779D349-ABCB-4DBC-ABF1-25BA9E94A695', N'[{"Key": "Name", "Value": "Mua"}, {"Key": "Image", "Value": "test.png"}, {"Key": "Price", "Value": "0"}, {"Key": "ShoppingItems", "Value": "[Cá diêu hồng, Cà rốt baby, Cà tím, Tôm càng to, Cà chua dẻo, Rau răm]"}]', '[]'),
('3bb6ea7e-3c51-42d0-9916-2155073d6f3d', 'Together record system term.', 'none', '3779D349-ABCB-4DBC-ABF1-25BA9E94A695', N'[{"Key": "Name", "Value": "Mua"}, {"Key": "Image", "Value": "test.png"}, {"Key": "Price", "Value": "0"}, {"Key": "ShoppingItems", "Value": "[Rau ngót, Bí đỏ, Dưa hấu ruột hồng, Dưa bắp, Cà chua bi, Rau dền xanh]"}]', '[]'),
('10b12fd0-131f-484f-927e-bedc175f60f8', 'Station science push industry.', 'none', 'CCA752D4-C17C-4C31-906F-F33CB8A18E48', N'[{"Key": "Name", "Value": "Quạt hút"}, {"Key": "Size", "Value": "To"}, {"Key": "Quantity", "Value": "2"}, {"Key": "Price", "Value": "0"}]', '[]'),
('986c9467-feae-4b47-b1df-0d373e07adb9', 'Glass evening much why.', 'none', 'F1B832B2-49F3-456F-BACB-B1F8DA766BEA', N'[{"Key": "Name", "Value": "Máy đánh trứng"}, {"Key": "Size", "Value": "To"}, {"Key": "Quantity", "Value": "3"}, {"Key": "Price", "Value": "0"}]', '[]'),
('61fd9201-e03a-424b-9e2a-3f821a8e4b0a', 'Institution to movie seven.', 'none', '3361BC88-9F58-4BE8-AC37-561606430F8A', N'[{"Key": "Name", "Value": "Mua"}, {"Key": "Image", "Value": "test.png"}, {"Key": "Price", "Value": "0"}, {"Key": "ShoppingItems", "Value": "[Dưa hấu ruột vàng, Bắp ngô, Cá rô, Tôm càng vàng, Thịt dê, Bột mì trứng, Rau mơ]"}]', '[]'),
('81fc36b1-18c0-4770-b948-274f6e783c13', 'Kitchen seven write decision data wrong best I.', 'none', 'B9F74F9E-F792-4C48-B1B6-B6F0BC402D07', N'[{"Key": "Name", "Value": "Quạt hơi nước"}, {"Key": "Size", "Value": "Nhỏ"}, {"Key": "Quantity", "Value": "1"}, {"Key": "Price", "Value": "0"}]', '[]'),
('8ac35a3f-f64c-4956-97e3-2407e2b23e2b', 'Do believe her attorney stock.', 'none', 'B9F74F9E-F792-4C48-B1B6-B6F0BC402D07', N'[{"Key": "Name", "Value": "Quạt đứng dưới"}, {"Key": "Size", "Value": "Vừa"}, {"Key": "Quantity", "Value": "2"}, {"Key": "Price", "Value": "0"}]', '[]'),
('33a22a07-c759-492e-b5c5-c90eb37b80ab', 'Police it house political energy song policy.', 'none', '3361BC88-9F58-4BE8-AC37-561606430F8A', N'[{"Key": "Name", "Value": "Mua"}, {"Key": "Image", "Value": "test.png"}, {"Key": "Price", "Value": "0"}, {"Key": "ShoppingItems", "Value": "[Cá bóc tôm, Bột mì, Thịt vịt, Bột ngô, Cà chua cà chua, Cà tím lát]"}]', '[]'),
('bf2b82ef-3030-4216-af64-aa1566915454', 'Law before everybody power hot.', 'none', 'B9F74F9E-F792-4C48-B1B6-B6F0BC402D07', N'[{"Key": "Name", "Value": "Quạt cắm điện"}, {"Key": "Size", "Value": "Nhỏ"}, {"Key": "Quantity", "Value": "1"}, {"Key": "Price", "Value": "0"}]', '[]'),
('9a9ede6e-f83c-40f9-9f7e-7fa675935978', 'Focus raise away tough subject customer far.', 'none', 'B9F74F9E-F792-4C48-B1B6-B6F0BC402D07', N'[{"Key": "Name", "Value": "Quạt đứng cao cấp"}, {"Key": "Size", "Value": "Vừa"}, {"Key": "Quantity", "Value": "2"}, {"Key": "Price", "Value": "0"}]', '[]'),
('24495d9e-3d24-4da2-bf10-13eb35c50d9a', 'Central baby picture.', 'none', 'EF2034C1-7F44-4D07-B9C0-E2A497999A9D', N'[{"Key": "Name", "Value": "Máy ảnh"}, {"Key": "Size", "Value": "To"}, {"Key": "Quantity", "Value": "4"}, {"Key": "Price", "Value": "0"}]', '[]'),
('245f24e2-2cfe-4aef-9d70-a09de5585634', 'Walk cause trouble movie.', 'none', '3779D349-ABCB-4DBC-ABF1-25BA9E94A695', N'[{"Key": "Name", "Value": "Mua"}, {"Key": "Image", "Value": "test.png"}, {"Key": "Price", "Value": "0"}, {"Key": "ShoppingItems", "Value": "[Rau muống, Dưa chuột, Cà rốt, Cà chua rời, Dưa leo, Cá chẽm]"}]', '[]'),
('983dbfae-cf7f-4532-bf00-b4d3c9fe4da0', 'Either none heavy down business state way sister.', 'none', '73BF981F-1CFD-483D-80EE-14AB6D2E55EF', N'[{"Key": "Name", "Value": "Mua"}, {"Key": "Image", "Value": "test.png"}, {"Key": "Price", "Value": "0"}, {"Key": "ShoppingItems", "Value": "[Hành tây, Bột ngô, Dưa cà, Dưa hấu dừa, Bí đỏ lát, Măng, Rau dưa leo, Bột mì]"}]', '[]'),
('dcbb7fd5-9358-4bcb-8fe1-349dad88aa46', 'Especially life sister official.', 'none', '88006A8C-D757-4B85-8B91-C88E6078FE9C', N'[{"Key": "Name", "Value": "Nồi"}, {"Key": "Size", "Value": "Nhỏ"}, {"Key": "Quantity", "Value": "1"}, {"Key": "Price", "Value": "0"}]', '[]'),
('1ac86999-ff0c-47a2-9f3b-b09e619f22c9', 'Town worker present defense become result.', 'none', '96D250D4-0C0E-4521-B94E-05F3CAFCA3F3', N'[{"Key": "Name", "Value": "Mua"}, {"Key": "Image", "Value": "test.png"}, {"Key": "Price", "Value": "0"}, {"Key": "ShoppingItems", "Value": "[Cà chua hạt, Ốc, Bắp cải, Cá lưỡi]"}]', '[]'),
('48296404-60e9-4111-8073-f284083388a4', 'Believe power especially song energy.', 'none', '88006A8C-D757-4B85-8B91-C88E6078FE9C', N'[{"Key": "Name", "Value": "Quạt hút bụi"}, {"Key": "Size", "Value": "To"}, {"Key": "Quantity", "Value": "4"}, {"Key": "Price", "Value": "0"}]', '[]'),
('0e13809e-5e06-40f8-a8bb-6e2c1487c221', 'Ago whom language place side member sign.', 'none', 'CCA752D4-C17C-4C31-906F-F33CB8A18E48', N'[{"Key": "Name", "Value": "Máy hàn"}, {"Key": "Size", "Value": "Nhỏ"}, {"Key": "Quantity", "Value": "3"}, {"Key": "Price", "Value": "0"}]', '[]'),
('dea41a47-2383-4592-8ac6-e066ce6d1844', 'Study environment style remain.', 'none', 'F1B832B2-49F3-456F-BACB-B1F8DA766BEA', N'[{"Key": "Name", "Value": "Quạt máy"}, {"Key": "Size", "Value": "To"}, {"Key": "Quantity", "Value": "5"}, {"Key": "Price", "Value": "0"}]', '[]'),
('3920992b-5072-4bb4-a3e0-2719873ec2a5', 'Single camera political economic seven treatment.', 'none', 'C82954A1-39D4-4012-86B3-6CAD42C2B399', N'[{"Key": "Name", "Value": "Mua"}, {"Key": "Image", "Value": "test.png"}, {"Key": "Price", "Value": "0"}, {"Key": "ShoppingItems", "Value": "[Mì, Rau ngò gai, Cua, Bí đỏ tươi, Cá hồi, Dầu ăn, Thịt heo]"}]', '[]'),
('b41df9a1-3872-401c-b71b-76585a9a20d3', 'Improve once worry newspaper laugh benefit.', 'none', 'F1B832B2-49F3-456F-BACB-B1F8DA766BEA', N'[{"Key": "Name", "Value": "Nồi"}, {"Key": "Size", "Value": "To"}, {"Key": "Quantity", "Value": "3"}, {"Key": "Price", "Value": "0"}]', '[]'),
('e585d51c-6b99-4d26-95e6-34199e1d0089', 'National visit hundred billion blue.', 'none', '73BF981F-1CFD-483D-80EE-14AB6D2E55EF', N'[{"Key": "Name", "Value": "Mua"}, {"Key": "Image", "Value": "test.png"}, {"Key": "Price", "Value": "0"}, {"Key": "ShoppingItems", "Value": "[Bí xanh, Cà chua hạt, Bột mì trứng, Rau bắp cải, Cần tây baby, Cà tím lát, Cá rô, Khoai tây]"}]', '[]'),
('5e6fca52-32fe-40a8-a800-f5e010a406b7', 'Sing threat bill pattern scientist early student.', 'none', 'EF2034C1-7F44-4D07-B9C0-E2A497999A9D', N'[{"Key": "Name", "Value": "Máy phun sương"}, {"Key": "Size", "Value": "Vừa"}, {"Key": "Quantity", "Value": "5"}, {"Key": "Price", "Value": "0"}]', '[]'),
('9061bfff-9c2d-4b23-aacc-363550393a08', 'Election stop cold relate number night administration.', 'none', '662A64BE-F7EA-4419-8978-DBF8F19159DC', N'[{"Key": "Name", "Value": "Chảo"}, {"Key": "Size", "Value": "Vừa"}, {"Key": "Quantity", "Value": "2"}, {"Key": "Price", "Value": "0"}]', '[]'); 

INSERT INTO [OrderService] ([OrderId], [ServiceId]) VALUES
('6785315a-5f4b-49b3-b2db-81c12f493a4b', 'b6a0fb65-309b-43a5-9192-c19716fa4cd4'),
('1b3188f1-f139-4580-873f-ac52572edc97', '9a22f329-0469-4e6e-9556-e79af87edcd6'),
('189b9b0e-cdc7-4672-b616-fdb76ccc8a47', '05341de3-f7c4-4ce5-aeb2-b2205b080f82'),
('42b818af-63e9-471c-85c3-bb25e4f4da80', '8203fb35-8c4f-4641-b842-3e0dfd4957f2'),
('dbdaf7f7-82f5-4565-b222-1f071a506106', 'e61fdbe2-24af-41a2-9c17-8fd504f20e73'),
('e4f694f0-cdf1-4f9f-bbf4-b67183089c21', 'ab497376-7c90-40cb-8155-b20df9e5fb43'),
('3dd6008c-3c36-4905-bac0-81e4bbc142b9', 'b79bbd1c-329a-4c21-9deb-05b0dd8f24c0'),
('a845bbe9-ba41-4a5a-8823-22cea69a5ec7', '5724bf29-7e7c-45bc-8ba8-395ad4de997d'),
('8f2b16da-c682-459f-8b62-2b5f6e599453', '6b779e55-a88a-405b-b570-30578b3a1d1f'),
('b86913fa-1c39-437f-bde5-34ad993efa15', 'd69dda54-8a28-4c2a-a795-e2ea393be148'),
('157e4445-35fb-4fcc-890c-d660cb44e723', '434fbb79-87b6-47fd-9b03-25b5691ba984'),
('bc2aff87-52c9-4610-bb73-8adfa059dd5a', '6e7b33f4-8720-403c-8ce8-573ba912d637'),
('0ec2d9fd-27ac-4539-9c7a-a4d5fa489b4a', 'a06026c3-d141-4361-84be-097ed34f3ae9'),
('063df4e6-1ad3-4ef9-84c2-5480602b2472', '4d743f1a-067d-4324-a687-21f7640b87f7'),
('1495078c-1c81-4128-8be0-1008537c07da', 'cd2c887c-b0dd-4dd6-8a5d-098f4fa9fbab'),
('e24061c0-644f-4f65-89dd-51a2f91cfe07', '2d510e72-8489-4cbb-b1fc-75581f25517f'),
('2061395e-881b-421f-8a7c-32d513ffbb1c', '64f3d35d-7533-4066-a8af-226913226136'),
('ab612428-4ae8-44b1-9648-d1657fa13214', 'f705e035-7384-44d5-a4c7-c0edcc391f90'),
('13bdfc56-ef4b-43ef-905f-d28a5e8bad9c', 'bfc0a332-cc85-418c-8b15-6e5b7c73d7af'),
('13bebe28-dcb0-4d38-a5f0-10781330fc5c', '12e17378-b848-4991-8de7-0d2ab47c5c70'),
('a435bfb5-5c84-4717-8706-dc6c1e562195', '62a62508-16e9-45ab-a3da-0cf4fe960591'),
('e0dad99c-a8c9-42f9-baf7-fd04b7537730', '3cbce637-14ff-438c-b310-78ff7c570154'),
('9aa73ae6-21e3-4b5e-a353-123b4f08cccf', '3edb63bb-32e5-4705-bc34-277d557575c0'),
('49f2a0df-ed5a-4a0e-97a8-fdb0a6393c51', 'cd5f8232-5860-492c-8e06-8a7f276db4ec'),
('0e9420cc-199e-45f2-81f3-a0da0306d7f4', '6f52a37a-79d4-4b8e-b746-d45df1f80d42'),
('3c5edcbb-9f7a-40be-9270-e6790c286996', 'efb245fc-9ec8-4f60-b6d8-9dfddd1f7628'),
('75e37430-64e7-4467-9007-9ec31d8f9d3c', 'a6ee4feb-cf01-4135-ba22-ffb980bd3fd4'),
('c08229b1-2a2f-4176-950e-ddf643e95deb', '90387ea2-6a1a-46c2-bc08-7125108d929e'),
('d220c6b5-d62e-4785-94e8-9504706a4c0a', 'a3569829-8f31-4fa3-9059-9e9918b92fa2'),
('669a29c4-61bb-4821-8df6-cb97fee37be2', '038a45cc-fd94-410d-8210-7971735daa76'),
('7eccbcad-801b-437a-b148-1b70a77b162e', '9a36a318-2efb-4195-a26b-0cf4d2c706fd'),
('7a26011d-6b1b-497d-9369-6a584a0c58e4', 'a73ea76a-a95f-43df-a31d-9a2eac647711'),
('0910c5c6-7e5f-404b-b348-047e5990b91c', 'd1902a53-1619-418c-8bbf-d3d69b23841f'),
('ba90e211-e1f0-47b9-8d77-4578f1971a32', 'ddc45a6f-e396-4a4e-a311-2f86ffebca78'),
('f381d46f-b92b-4169-9ec5-b3089e2c5509', '17617070-ee4b-4e14-b4ff-258dba5171fa'),
('85956243-c52c-4494-8eba-c46cbda43348', '6d7f232e-e589-420a-92a4-fc7df9e99808'),
('78cf91cd-9b03-4a51-98e9-bb2a04e23918', '81b39b50-109a-44dc-8d36-cc722eded1ae'),
('47eef477-6ce6-4d7b-938e-9a40276fb89b', 'f20a8a25-f9a7-4aad-a7e0-ec1552368a4a'),
('2786a7e2-9348-456d-92f6-8f8ec4cbd93b', 'a201fd03-ac3a-48c0-b408-2b6fe3d61ee2'),
('22d7c631-d819-473a-8574-027161da2b65', 'dd4401c1-f966-4b28-920b-39b1cc33a5e5'),
('d43586c2-98da-4eed-ac91-15d760381166', 'ac73a592-9e49-4eeb-a980-0c2eea42b601'),
('09932250-b9b4-481f-9d51-60462cd315a1', '548921ca-ed88-404d-a788-8b8bab2c8a5e'),
('5314312f-942b-4ddf-9df9-2985228e54fa', '7dbcaa68-fe89-4ab2-8750-73752cd3798b'),
('5860c512-790c-4650-bf94-313bee142a95', '60f643de-71fc-40f1-88b8-816b6310afbb'),
('231267c8-1628-4407-9a77-e50cdd8b2343', 'df450f00-66fc-4f45-ad35-6715fc0cd1d2'),
('297639f9-f125-43b7-a0bb-02925be51a9b', '094fdb33-99f0-483c-a8b2-39401c414db6'),
('b5f9a048-ea34-41d8-825b-278df7e4a78e', 'c54f7c07-9829-4ea2-afc7-6daea6b9537a'),
('ab4522c4-4d8a-4133-aedc-2e7ba7b94548', '249f6b83-f2f7-4d84-a873-337296f5afeb'),
('86a15c68-9d6d-4062-9f78-0f28cffbafac', '8d3e2e28-8f34-4140-9b41-dc07a9c2103d'),
('052e1a11-ac0f-4e28-801b-b8a4fccdc994', '4ab5bfe5-9d8f-4c42-b0cf-3d5e21ca75f2'),
('700685e1-8a89-4162-a0e1-ee4273fbe1a9', 'a669ec97-48f3-45e0-bf2b-793411f51b20'),
('8fe18742-a12e-439d-a5aa-b7150967e9a8', 'de36bb19-c4b9-495e-b0bb-f40522ba203f'),
('d519329a-ab1b-4204-8b92-a2048bc472af', 'e66e92ce-2243-40d7-b0ca-0c9d4cd7f755'),
('aa1cacbc-58e3-4c5a-beff-0fae6073ce17', '81ccb5b5-12fb-44df-a1aa-4e3a289f3724'),
('6f551cb1-33c7-4c33-a0a2-8ff2bf841819', '0f8c75b1-28e5-4581-afa0-41969e95be9c'),
('4b31fd82-a9a3-40ff-b0d8-7a1e72768a29', '282e2c97-7e37-4ef8-91c0-1a93adfb511d'),
('32bdd717-7c22-4f5a-b0d8-5075b56dd404', '9fe209a2-8d2b-4ce2-b39f-58c9b5e50da3'),
('820f6678-2362-4fd8-8e59-0ba4dc005203', '4f8dac1b-6676-45b6-97af-e2baacf43bdd'),
('80b83523-ac16-484c-8b88-60703382edba', 'a47a4e1d-d557-4b4e-ba98-14b674568bcc'),
('2787a64e-cdf7-4f04-a84c-7ca2a840dc42', '95069369-e06f-467c-b454-ecde272a32d7'),
('3e9cb185-b436-4055-82fc-2ffedbca79c1', '53f1df96-7d47-4663-9742-068ed46d266e'),
('f7f88e58-7e8a-431b-ac24-9addcb181db8', '0e3cec44-ed12-4e31-8cf8-bee1b3f7e87f'),
('78da61a5-2178-41d3-b805-5e33fc3dcea2', '9834bdb6-caf5-4008-ae14-1cf4f3e3b949'),
('fe7ae5db-3216-49f6-99ef-5f81bb97700a', '9d91f077-e1c7-4997-a273-a425cc4d8618'),
('10372d25-bcc8-43dc-97f6-125080699533', '78c36219-710a-41fd-ae18-32c29faecd84'),
('d3a7eba7-0b06-448e-b3e0-7d2c5fd8bf0b', '762e3fd9-d74d-4d2e-b119-22e9f80ae4e5'),
('71eec19c-9ec5-4ce9-b638-9bdaaf255a3d', '30cb6af1-32fb-4177-9036-8f3e8e90e690'),
('ff6b1e16-4766-4a51-ab04-df445b7403ca', '33692434-e83f-4da6-88e7-1d07bd796322'),
('0f5f3965-ec37-4b6d-ba53-e08860b8baa5', '3cf5dc38-b38a-477b-9cc5-da434f8a2ba2'),
('ffb01399-eeb6-406a-b344-526af41d07e9', 'e059de44-515f-4282-9bd4-b5c1ca8c1469'),
('10d2a3ca-8656-491c-a3af-4f5b0579ce9b', '6d88b8e5-6104-4289-ab3f-f2ecacccca7b'),
('8a9ebaa7-74c3-49c2-97b1-6e4d3376e270', '2449c75c-261b-46b6-8a29-61d526dcd92b'),
('39a40a37-8a16-4b2f-825b-9480e54ece64', 'a3a99739-7fb3-4df5-a7e3-8cfd1db17fc8'),
('d3b01f89-6ab2-4e17-80c8-536e43488584', '427953e6-80f4-4cdc-a806-5251d62d2710'),
('ef2f3a32-b9d0-46d1-8ecd-ae4d4b4a7eee', '2a98e632-c538-46b7-8c7b-ffb4d3d5e994'),
('f818b249-e6db-47b1-9d15-589dda4757b4', 'b17c7fe5-a902-4b77-88c8-1e8c3257f0a9'),
('577a7247-eb6d-4d22-8b83-cd8b24e3b392', '63f98e7f-d684-461c-b060-983a1020d21d'),
('5ad4430c-3c23-4ea1-b06a-1d781de22029', '32de632b-607b-44b2-8947-1eef1a74ea90'),
('1046b935-b236-49da-a88a-ac4a9feb8fa4', '6731b857-a758-4abf-87ac-efdfbc2d24b3'),
('8e9cf3b2-f286-4579-9033-913d6d323fe3', 'fda3dc9d-1337-411b-adc5-37dd70366852'),
('1a9e2ff8-535b-4a95-842c-387b3b7707a7', 'b5c90f77-0e1d-4d85-a7a8-5432eec7962d'),
('3b66dd9e-08d4-4b92-a64b-df37a92fef9d', 'ddd21955-8ca3-4875-950e-4f25315d3b5f'),
('a4febdd9-b460-4ba7-90b3-0eee070fbd64', '0bff3e03-23c4-4163-a4d5-077c617c24fc'),
('ad19669d-0e91-4dee-8504-0e113f9b13c5', '080e0c17-ed6e-48da-bcaa-44d47dea2e5d'),
('8d279569-d277-49f9-a7c2-00ac6ced8b03', '3e678e8b-0a7c-4ab1-8814-f56ad224d484'),
('296de39e-4f23-4c1d-8ec9-5cd6f902b7c1', '9ab38806-7cf2-434b-97d0-585dcc85f2e1'),
('cdccfc11-25dc-46f2-9042-efcee45ae229', 'e1c27613-3b15-45f5-a4c0-9a0edfb29148'),
('fce75366-91d6-4331-900f-4d1bc8fe17de', '6929ef7e-54dc-4302-92fb-ebe4c6c3b3a7'),
('249a2bdd-beb6-494c-a0b0-9ba444bb387e', '4c14517f-5395-46b6-8514-b7b9be4a918f'),
('c601c60d-21ee-4b42-91cf-10dc7a6b905c', 'cd4e3356-d8cf-423a-bbfe-d3964271e595'),
('91b2cebc-b8ca-4a60-a642-fbccc280aff3', '2fda088f-2fa8-4d2e-8a98-a75b2688c95d'),
('c8dccd7a-fb59-4eeb-8fd0-e320a405c434', 'c319343c-6def-47fd-be25-2816024cda0e'),
('89014d5b-ff66-40eb-944c-56b951a203d3', '49e73869-08e9-4dac-a26a-50a3af9baee9'),
('1f2f2520-494b-4c08-894c-8ff417c5e54b', '7cc5dc17-4bb6-407d-b1e4-a2d0a4640658'),
('b10249a1-fb07-4934-98e2-cc673b78c856', 'af16fb10-6ba1-47a5-a38e-20e2b6ce9d87'),
('b4a3dc9b-cf93-4992-96fb-b3fadddfaa39', '52311e66-e17c-4ef4-b444-2e20fb736bfa'),
('a06d5313-f410-4687-8a38-c9f845342bef', 'af23fdae-ade4-47de-b1b7-f5e6b1dcfab5'),
('667312cc-1f05-4afe-a371-e32039fb4b28', 'e66ee692-726a-48c8-87b2-eb24607b37dc'),
('007943e3-5a5c-4d73-a4f3-53983090fdf1', '0d66ced1-e209-4b74-b020-c629f5aab24a'),
('9483dbc2-00e4-4f62-92f2-e3be9d7b2367', '8d0e52dd-47be-4d73-b533-b2752401704a'),
('94a7364d-1777-4a29-a919-084fb372e818', 'b684fd0e-495a-4f12-a4ee-58588b67de09'),
('b18be903-a7eb-4916-b0e4-e78351f83d9f', '3fc96536-798f-468b-9d44-94f8d83c9498'),
('ece85be9-77e5-4f22-9be1-8e6f3fa7bce8', '32901a74-2e04-461f-a48f-701bb118c6dc'),
('f200ed64-6150-4393-879f-1d337c9b2aa1', '7cfc62c7-3c78-402b-b9a1-b08773cf248d'),
('506882b2-14f5-4365-9d34-4854669c5d8b', '3bb6ea7e-3c51-42d0-9916-2155073d6f3d'),
('5f0f90e4-58bd-4c31-9208-2e099d780c93', '10b12fd0-131f-484f-927e-bedc175f60f8'),
('b5451f3b-a468-424e-9cbb-289b7d1ffa6b', '986c9467-feae-4b47-b1df-0d373e07adb9'),
('10749cf5-4dfc-4f39-8434-4dc9bc1ec9d1', '61fd9201-e03a-424b-9e2a-3f821a8e4b0a'),
('ae992160-9038-4a1c-9fd1-47de44d414fc', '81fc36b1-18c0-4770-b948-274f6e783c13'),
('392bb915-a3c1-4c11-aa92-0fcca526a114', '8ac35a3f-f64c-4956-97e3-2407e2b23e2b'),
('72e2ea63-24a0-42fb-ad1d-777ad0fd9f57', '33a22a07-c759-492e-b5c5-c90eb37b80ab'),
('6ffba7e7-a020-4f2b-863f-b040279be8d8', 'bf2b82ef-3030-4216-af64-aa1566915454'),
('e150f3e2-bd41-4a69-8705-fcac45424cb2', '9a9ede6e-f83c-40f9-9f7e-7fa675935978'),
('aded944a-c91a-4b6b-8ac3-acef2fa843fb', '24495d9e-3d24-4da2-bf10-13eb35c50d9a'),
('49dfbdfb-9240-4c53-bde2-9621cc48eb01', '245f24e2-2cfe-4aef-9d70-a09de5585634'),
('05b14f3a-0d10-46b2-ab2a-ed69beaebd46', '983dbfae-cf7f-4532-bf00-b4d3c9fe4da0'),
('f5cc8087-48c6-4d53-96ef-15237b77e92b', 'dcbb7fd5-9358-4bcb-8fe1-349dad88aa46'),
('b9774fe4-5c8b-40f8-9e59-3def353998f2', '1ac86999-ff0c-47a2-9f3b-b09e619f22c9'),
('e2bc60c9-60e7-4a8f-b42c-2a2c80ab3112', '48296404-60e9-4111-8073-f284083388a4'),
('314a121f-a9f9-44c3-a11b-7eb26db4b15d', '0e13809e-5e06-40f8-a8bb-6e2c1487c221'),
('c372a92f-6e68-4ad0-8d70-5aa016e3155c', 'dea41a47-2383-4592-8ac6-e066ce6d1844'),
('48304de2-fc37-4adb-aa28-7476f9f57a68', '3920992b-5072-4bb4-a3e0-2719873ec2a5'),
('f952e1f0-249c-4a54-bc46-396e84c567a6', 'b41df9a1-3872-401c-b71b-76585a9a20d3'),
('fd6845eb-e163-4549-a18c-65e31da75d02', 'e585d51c-6b99-4d26-95e6-34199e1d0089'),
('da49ce6a-6130-4907-9130-052037767e2c', '5e6fca52-32fe-40a8-a800-f5e010a406b7'),
('ba80d77b-f8c7-4383-97d9-9fa6f7fde363', '9061bfff-9c2d-4b23-aacc-363550393a08'); 

INSERT INTO [OrderServiceType] ([OrderId], [ServiceTypeId]) VALUES
('6785315a-5f4b-49b3-b2db-81c12f493a4b', 'F1B832B2-49F3-456F-BACB-B1F8DA766BEA'),
('1b3188f1-f139-4580-873f-ac52572edc97', '3361BC88-9F58-4BE8-AC37-561606430F8A'),
('189b9b0e-cdc7-4672-b616-fdb76ccc8a47', '73BF981F-1CFD-483D-80EE-14AB6D2E55EF'),
('42b818af-63e9-471c-85c3-bb25e4f4da80', 'EF2034C1-7F44-4D07-B9C0-E2A497999A9D'),
('dbdaf7f7-82f5-4565-b222-1f071a506106', '73BF981F-1CFD-483D-80EE-14AB6D2E55EF'),
('e4f694f0-cdf1-4f9f-bbf4-b67183089c21', 'EF2034C1-7F44-4D07-B9C0-E2A497999A9D'),
('3dd6008c-3c36-4905-bac0-81e4bbc142b9', '63CE2EBF-EF36-4B4A-891E-ABBDE2A75B38'),
('a845bbe9-ba41-4a5a-8823-22cea69a5ec7', '73BF981F-1CFD-483D-80EE-14AB6D2E55EF'),
('8f2b16da-c682-459f-8b62-2b5f6e599453', '73BF981F-1CFD-483D-80EE-14AB6D2E55EF'),
('b86913fa-1c39-437f-bde5-34ad993efa15', 'A5677DE0-A6A7-42C0-AB77-F34B75BEB63D'),
('157e4445-35fb-4fcc-890c-d660cb44e723', '63CE2EBF-EF36-4B4A-891E-ABBDE2A75B38'),
('bc2aff87-52c9-4610-bb73-8adfa059dd5a', '07CB166A-4B4E-4637-B224-6277A69003D9'),
('0ec2d9fd-27ac-4539-9c7a-a4d5fa489b4a', 'C82954A1-39D4-4012-86B3-6CAD42C2B399'),
('063df4e6-1ad3-4ef9-84c2-5480602b2472', 'EF2034C1-7F44-4D07-B9C0-E2A497999A9D'),
('1495078c-1c81-4128-8be0-1008537c07da', 'F1B832B2-49F3-456F-BACB-B1F8DA766BEA'),
('e24061c0-644f-4f65-89dd-51a2f91cfe07', '3779D349-ABCB-4DBC-ABF1-25BA9E94A695'),
('2061395e-881b-421f-8a7c-32d513ffbb1c', '88006A8C-D757-4B85-8B91-C88E6078FE9C'),
('ab612428-4ae8-44b1-9648-d1657fa13214', 'F1B832B2-49F3-456F-BACB-B1F8DA766BEA'),
('13bdfc56-ef4b-43ef-905f-d28a5e8bad9c', 'C82954A1-39D4-4012-86B3-6CAD42C2B399'),
('13bebe28-dcb0-4d38-a5f0-10781330fc5c', '73BF981F-1CFD-483D-80EE-14AB6D2E55EF'),
('a435bfb5-5c84-4717-8706-dc6c1e562195', 'EF2034C1-7F44-4D07-B9C0-E2A497999A9D'),
('e0dad99c-a8c9-42f9-baf7-fd04b7537730', '3361BC88-9F58-4BE8-AC37-561606430F8A'),
('9aa73ae6-21e3-4b5e-a353-123b4f08cccf', 'C82954A1-39D4-4012-86B3-6CAD42C2B399'),
('49f2a0df-ed5a-4a0e-97a8-fdb0a6393c51', 'CCA752D4-C17C-4C31-906F-F33CB8A18E48'),
('0e9420cc-199e-45f2-81f3-a0da0306d7f4', '96D250D4-0C0E-4521-B94E-05F3CAFCA3F3'),
('3c5edcbb-9f7a-40be-9270-e6790c286996', '96D250D4-0C0E-4521-B94E-05F3CAFCA3F3'),
('75e37430-64e7-4467-9007-9ec31d8f9d3c', '3361BC88-9F58-4BE8-AC37-561606430F8A'),
('c08229b1-2a2f-4176-950e-ddf643e95deb', 'A5677DE0-A6A7-42C0-AB77-F34B75BEB63D'),
('d220c6b5-d62e-4785-94e8-9504706a4c0a', '88006A8C-D757-4B85-8B91-C88E6078FE9C'),
('669a29c4-61bb-4821-8df6-cb97fee37be2', 'C82954A1-39D4-4012-86B3-6CAD42C2B399'),
('7eccbcad-801b-437a-b148-1b70a77b162e', '07CB166A-4B4E-4637-B224-6277A69003D9'),
('7a26011d-6b1b-497d-9369-6a584a0c58e4', '73BF981F-1CFD-483D-80EE-14AB6D2E55EF'),
('0910c5c6-7e5f-404b-b348-047e5990b91c', '07CB166A-4B4E-4637-B224-6277A69003D9'),
('ba90e211-e1f0-47b9-8d77-4578f1971a32', '07CB166A-4B4E-4637-B224-6277A69003D9'),
('f381d46f-b92b-4169-9ec5-b3089e2c5509', 'CCA752D4-C17C-4C31-906F-F33CB8A18E48'),
('85956243-c52c-4494-8eba-c46cbda43348', '96D250D4-0C0E-4521-B94E-05F3CAFCA3F3'),
('78cf91cd-9b03-4a51-98e9-bb2a04e23918', '88006A8C-D757-4B85-8B91-C88E6078FE9C'),
('47eef477-6ce6-4d7b-938e-9a40276fb89b', 'A5677DE0-A6A7-42C0-AB77-F34B75BEB63D'),
('2786a7e2-9348-456d-92f6-8f8ec4cbd93b', '662A64BE-F7EA-4419-8978-DBF8F19159DC'),
('22d7c631-d819-473a-8574-027161da2b65', 'EF2034C1-7F44-4D07-B9C0-E2A497999A9D'),
('d43586c2-98da-4eed-ac91-15d760381166', '73BF981F-1CFD-483D-80EE-14AB6D2E55EF'),
('09932250-b9b4-481f-9d51-60462cd315a1', 'EF2034C1-7F44-4D07-B9C0-E2A497999A9D'),
('5314312f-942b-4ddf-9df9-2985228e54fa', '88006A8C-D757-4B85-8B91-C88E6078FE9C'),
('5860c512-790c-4650-bf94-313bee142a95', '96D250D4-0C0E-4521-B94E-05F3CAFCA3F3'),
('231267c8-1628-4407-9a77-e50cdd8b2343', '662A64BE-F7EA-4419-8978-DBF8F19159DC'),
('297639f9-f125-43b7-a0bb-02925be51a9b', 'B9F74F9E-F792-4C48-B1B6-B6F0BC402D07'),
('b5f9a048-ea34-41d8-825b-278df7e4a78e', '07CB166A-4B4E-4637-B224-6277A69003D9'),
('ab4522c4-4d8a-4133-aedc-2e7ba7b94548', 'C82954A1-39D4-4012-86B3-6CAD42C2B399'),
('86a15c68-9d6d-4062-9f78-0f28cffbafac', 'CCA752D4-C17C-4C31-906F-F33CB8A18E48'),
('052e1a11-ac0f-4e28-801b-b8a4fccdc994', '73BF981F-1CFD-483D-80EE-14AB6D2E55EF'),
('700685e1-8a89-4162-a0e1-ee4273fbe1a9', 'CCA752D4-C17C-4C31-906F-F33CB8A18E48'),
('8fe18742-a12e-439d-a5aa-b7150967e9a8', 'A5677DE0-A6A7-42C0-AB77-F34B75BEB63D'),
('d519329a-ab1b-4204-8b92-a2048bc472af', '96D250D4-0C0E-4521-B94E-05F3CAFCA3F3'),
('aa1cacbc-58e3-4c5a-beff-0fae6073ce17', 'A5677DE0-A6A7-42C0-AB77-F34B75BEB63D'),
('6f551cb1-33c7-4c33-a0a2-8ff2bf841819', '07CB166A-4B4E-4637-B224-6277A69003D9'),
('4b31fd82-a9a3-40ff-b0d8-7a1e72768a29', 'C82954A1-39D4-4012-86B3-6CAD42C2B399'),
('32bdd717-7c22-4f5a-b0d8-5075b56dd404', 'B9F74F9E-F792-4C48-B1B6-B6F0BC402D07'),
('820f6678-2362-4fd8-8e59-0ba4dc005203', '07CB166A-4B4E-4637-B224-6277A69003D9'),
('80b83523-ac16-484c-8b88-60703382edba', '73BF981F-1CFD-483D-80EE-14AB6D2E55EF'),
('2787a64e-cdf7-4f04-a84c-7ca2a840dc42', '88006A8C-D757-4B85-8B91-C88E6078FE9C'),
('3e9cb185-b436-4055-82fc-2ffedbca79c1', 'CCA752D4-C17C-4C31-906F-F33CB8A18E48'),
('f7f88e58-7e8a-431b-ac24-9addcb181db8', '73BF981F-1CFD-483D-80EE-14AB6D2E55EF'),
('78da61a5-2178-41d3-b805-5e33fc3dcea2', '63CE2EBF-EF36-4B4A-891E-ABBDE2A75B38'),
('fe7ae5db-3216-49f6-99ef-5f81bb97700a', 'EF2034C1-7F44-4D07-B9C0-E2A497999A9D'),
('10372d25-bcc8-43dc-97f6-125080699533', 'CCA752D4-C17C-4C31-906F-F33CB8A18E48'),
('d3a7eba7-0b06-448e-b3e0-7d2c5fd8bf0b', '73BF981F-1CFD-483D-80EE-14AB6D2E55EF'),
('71eec19c-9ec5-4ce9-b638-9bdaaf255a3d', 'B9F74F9E-F792-4C48-B1B6-B6F0BC402D07'),
('ff6b1e16-4766-4a51-ab04-df445b7403ca', '3361BC88-9F58-4BE8-AC37-561606430F8A'),
('0f5f3965-ec37-4b6d-ba53-e08860b8baa5', '96D250D4-0C0E-4521-B94E-05F3CAFCA3F3'),
('ffb01399-eeb6-406a-b344-526af41d07e9', 'CCA752D4-C17C-4C31-906F-F33CB8A18E48'),
('10d2a3ca-8656-491c-a3af-4f5b0579ce9b', 'A5677DE0-A6A7-42C0-AB77-F34B75BEB63D'),
('8a9ebaa7-74c3-49c2-97b1-6e4d3376e270', '662A64BE-F7EA-4419-8978-DBF8F19159DC'),
('39a40a37-8a16-4b2f-825b-9480e54ece64', '3361BC88-9F58-4BE8-AC37-561606430F8A'),
('d3b01f89-6ab2-4e17-80c8-536e43488584', 'CCA752D4-C17C-4C31-906F-F33CB8A18E48'),
('ef2f3a32-b9d0-46d1-8ecd-ae4d4b4a7eee', 'CCA752D4-C17C-4C31-906F-F33CB8A18E48'),
('f818b249-e6db-47b1-9d15-589dda4757b4', 'A5677DE0-A6A7-42C0-AB77-F34B75BEB63D'),
('577a7247-eb6d-4d22-8b83-cd8b24e3b392', 'A5677DE0-A6A7-42C0-AB77-F34B75BEB63D'),
('5ad4430c-3c23-4ea1-b06a-1d781de22029', 'B9F74F9E-F792-4C48-B1B6-B6F0BC402D07'),
('1046b935-b236-49da-a88a-ac4a9feb8fa4', '96D250D4-0C0E-4521-B94E-05F3CAFCA3F3'),
('8e9cf3b2-f286-4579-9033-913d6d323fe3', '3361BC88-9F58-4BE8-AC37-561606430F8A'),
('1a9e2ff8-535b-4a95-842c-387b3b7707a7', '07CB166A-4B4E-4637-B224-6277A69003D9'),
('3b66dd9e-08d4-4b92-a64b-df37a92fef9d', 'B9F74F9E-F792-4C48-B1B6-B6F0BC402D07'),
('a4febdd9-b460-4ba7-90b3-0eee070fbd64', '3361BC88-9F58-4BE8-AC37-561606430F8A'),
('ad19669d-0e91-4dee-8504-0e113f9b13c5', '07CB166A-4B4E-4637-B224-6277A69003D9'),
('8d279569-d277-49f9-a7c2-00ac6ced8b03', 'C82954A1-39D4-4012-86B3-6CAD42C2B399'),
('296de39e-4f23-4c1d-8ec9-5cd6f902b7c1', 'CCA752D4-C17C-4C31-906F-F33CB8A18E48'),
('cdccfc11-25dc-46f2-9042-efcee45ae229', 'CCA752D4-C17C-4C31-906F-F33CB8A18E48'),
('fce75366-91d6-4331-900f-4d1bc8fe17de', '73BF981F-1CFD-483D-80EE-14AB6D2E55EF'),
('249a2bdd-beb6-494c-a0b0-9ba444bb387e', '07CB166A-4B4E-4637-B224-6277A69003D9'),
('c601c60d-21ee-4b42-91cf-10dc7a6b905c', '662A64BE-F7EA-4419-8978-DBF8F19159DC'),
('91b2cebc-b8ca-4a60-a642-fbccc280aff3', 'CCA752D4-C17C-4C31-906F-F33CB8A18E48'),
('c8dccd7a-fb59-4eeb-8fd0-e320a405c434', '3779D349-ABCB-4DBC-ABF1-25BA9E94A695'),
('89014d5b-ff66-40eb-944c-56b951a203d3', '63CE2EBF-EF36-4B4A-891E-ABBDE2A75B38'),
('1f2f2520-494b-4c08-894c-8ff417c5e54b', '662A64BE-F7EA-4419-8978-DBF8F19159DC'),
('b10249a1-fb07-4934-98e2-cc673b78c856', 'F1B832B2-49F3-456F-BACB-B1F8DA766BEA'),
('b4a3dc9b-cf93-4992-96fb-b3fadddfaa39', '73BF981F-1CFD-483D-80EE-14AB6D2E55EF'),
('a06d5313-f410-4687-8a38-c9f845342bef', '88006A8C-D757-4B85-8B91-C88E6078FE9C'),
('667312cc-1f05-4afe-a371-e32039fb4b28', '96D250D4-0C0E-4521-B94E-05F3CAFCA3F3'),
('007943e3-5a5c-4d73-a4f3-53983090fdf1', 'B9F74F9E-F792-4C48-B1B6-B6F0BC402D07'),
('9483dbc2-00e4-4f62-92f2-e3be9d7b2367', '3361BC88-9F58-4BE8-AC37-561606430F8A'),
('94a7364d-1777-4a29-a919-084fb372e818', 'EF2034C1-7F44-4D07-B9C0-E2A497999A9D'),
('b18be903-a7eb-4916-b0e4-e78351f83d9f', '3779D349-ABCB-4DBC-ABF1-25BA9E94A695'),
('ece85be9-77e5-4f22-9be1-8e6f3fa7bce8', 'F1B832B2-49F3-456F-BACB-B1F8DA766BEA'),
('f200ed64-6150-4393-879f-1d337c9b2aa1', '3779D349-ABCB-4DBC-ABF1-25BA9E94A695'),
('506882b2-14f5-4365-9d34-4854669c5d8b', '3779D349-ABCB-4DBC-ABF1-25BA9E94A695'),
('5f0f90e4-58bd-4c31-9208-2e099d780c93', 'CCA752D4-C17C-4C31-906F-F33CB8A18E48'),
('b5451f3b-a468-424e-9cbb-289b7d1ffa6b', 'F1B832B2-49F3-456F-BACB-B1F8DA766BEA'),
('10749cf5-4dfc-4f39-8434-4dc9bc1ec9d1', '3361BC88-9F58-4BE8-AC37-561606430F8A'),
('ae992160-9038-4a1c-9fd1-47de44d414fc', 'B9F74F9E-F792-4C48-B1B6-B6F0BC402D07'),
('392bb915-a3c1-4c11-aa92-0fcca526a114', 'B9F74F9E-F792-4C48-B1B6-B6F0BC402D07'),
('72e2ea63-24a0-42fb-ad1d-777ad0fd9f57', '3361BC88-9F58-4BE8-AC37-561606430F8A'),
('6ffba7e7-a020-4f2b-863f-b040279be8d8', 'B9F74F9E-F792-4C48-B1B6-B6F0BC402D07'),
('e150f3e2-bd41-4a69-8705-fcac45424cb2', 'B9F74F9E-F792-4C48-B1B6-B6F0BC402D07'),
('aded944a-c91a-4b6b-8ac3-acef2fa843fb', 'EF2034C1-7F44-4D07-B9C0-E2A497999A9D'),
('49dfbdfb-9240-4c53-bde2-9621cc48eb01', '3779D349-ABCB-4DBC-ABF1-25BA9E94A695'),
('05b14f3a-0d10-46b2-ab2a-ed69beaebd46', '73BF981F-1CFD-483D-80EE-14AB6D2E55EF'),
('f5cc8087-48c6-4d53-96ef-15237b77e92b', '88006A8C-D757-4B85-8B91-C88E6078FE9C'),
('b9774fe4-5c8b-40f8-9e59-3def353998f2', '96D250D4-0C0E-4521-B94E-05F3CAFCA3F3'),
('e2bc60c9-60e7-4a8f-b42c-2a2c80ab3112', '88006A8C-D757-4B85-8B91-C88E6078FE9C'),
('314a121f-a9f9-44c3-a11b-7eb26db4b15d', 'CCA752D4-C17C-4C31-906F-F33CB8A18E48'),
('c372a92f-6e68-4ad0-8d70-5aa016e3155c', 'F1B832B2-49F3-456F-BACB-B1F8DA766BEA'),
('48304de2-fc37-4adb-aa28-7476f9f57a68', 'C82954A1-39D4-4012-86B3-6CAD42C2B399'),
('f952e1f0-249c-4a54-bc46-396e84c567a6', 'F1B832B2-49F3-456F-BACB-B1F8DA766BEA'),
('fd6845eb-e163-4549-a18c-65e31da75d02', '73BF981F-1CFD-483D-80EE-14AB6D2E55EF'),
('da49ce6a-6130-4907-9130-052037767e2c', 'EF2034C1-7F44-4D07-B9C0-E2A497999A9D'),
('ba80d77b-f8c7-4383-97d9-9fa6f7fde363', '662A64BE-F7EA-4419-8978-DBF8F19159DC'); 

INSERT INTO [FreelanceQuizQuestions] ([Id], [Type], [OfSkills], [Question], [Point]) VALUES
('f34d2e1c-a2c2-4884-8d17-69fea369946e', 'SingleChoice', '["RepairingService"]', N'Điện áp chuẩn của mạng điện xoay chiều trong gia đình là bao nhiêu?', 10),
('e728fe58-b214-4e3d-ac66-84b88add7aed', 'SingleChoice', '["RepairingService"]', N'Linh kiện nào điều khiển nhiệt độ trong tủ lạnh?', 10),
('d6ab9abc-4ebc-48e0-aa2a-c4b7e5b97f78', 'SingleChoice', '["RepairingService"]', N'Thiết bị nào được sử dụng để đo điện trở?', 10),
('55e91684-2276-4b56-96c0-9fa05138bec3', 'SingleChoice', '["RepairingService"]', N'Cách tốt nhất để xử lý thiết bị điện bị chập cháy là gì?', 10),
('89a299b5-5402-4339-853c-7f173eeca043', 'SingleChoice', '["RepairingService"]', N'Công cụ nào được sử dụng để tháo lắp ốc vít?', 10),
('ae3b84ea-10ef-4eb1-9e73-694100f52d4d', 'SingleChoice', '["RepairingService"]', N'Linh kiện nào điều khiển tốc độ quay của máy giặt?', 10),
('4624139f-da1c-497e-b346-37f86a077a30', 'SingleChoice', '["RepairingService"]', N'Nguyên nhân phổ biến gây ra sự cố máy hút bụi?', 10),
('9dd4a53b-ccaa-4b60-a5bf-cce2dcea361d', 'SingleChoice', '["RepairingService"]', N'Thiết bị nào được sử dụng để kiểm tra sự liên tục của mạch điện?', 10),
('b8096b6d-adfd-46e0-bdca-153a17ab6528', 'SingleChoice', '["RepairingService"]', N'Biện pháp an toàn nào cần thực hiện trước khi sửa chữa thiết bị điện?', 10),
('e28ecb95-d161-4193-a944-2af9bcde3fce', 'SingleChoice', '["RepairingService"]', N'Nguyên nhân gây ra sự cố máy sấy quần áo không hoạt động?', 10),
('560432bb-b7ba-4cfe-938b-91ecaafd13d5', 'SingleChoice', '["RepairingService"]', N'Công cụ nào được sử dụng để đo điện áp?', 10),
('35fb4974-21d6-4e23-9013-0dfc46ca941e', 'SingleChoice', '["RepairingService"]', N'Biện pháp an toàn nào cần thực hiện khi sửa chữa thiết bị điện ở độ cao?', 10),
('b2e08bfc-2ee0-4013-8e6f-07da4194e468', 'SingleChoice', '["RepairingService"]', N'Nguyên nhân gây ra sự cố lò vi sóng không hoạt động?', 10),
('7ca368e8-efc5-4851-b2aa-2f084e0c3d3d', 'SingleChoice', '["RepairingService"]', N'Công cụ nào được sử dụng để đo dòng điện?', 10),
('03e2f220-e494-4c5c-a505-bc7e12a55a07', 'SingleChoice', '["RepairingService"]', N'Nguyên nhân gây ra sự cố máy gia đình phát ra tiếng ồn lớn?', 10),
('22881a79-470c-4947-9f4f-66f859413c96', 'SingleChoice', '["RepairingService"]', N'Công cụ nào được sử dụng để kiểm tra liên tục của mạch?', 10),
('cc24935f-3672-4212-b4f4-811da9eaf86b', 'SingleChoice', '["RepairingService"]', N'Nguyên nhân gây ra sự cố máy ép trái cây không hoạt động?', 10),
('ab069d28-10e0-4f4d-82ea-c6e2932d6436', 'SingleChoice', '["RepairingService"]', N'Biện pháp an toàn nào cần thực hiện khi sửa chữa thiết bị điện ở khu vực hẹp?', 10),
('ff8e2336-9ef6-40be-a9bc-b29a14ec0678', 'SingleChoice', '["RepairingService"]', N'Nguyên nhân gây ra sự cố quạt điện không hoạt động?', 10),
('18e51054-eb5e-4024-87d5-2a99f421e1fb', 'SingleChoice', '["RepairingService"]', N'Công cụ nào được sử dụng để kiểm tra điện áp xoay chiều?', 10),
('e2983c63-6aac-4c3b-895f-70967b0f6a95', 'SingleChoice', '["RepairingService"]', N'Nguyên nhân gây ra sự cố bàn ủi hơi nước không phun hơi nước?', 10),
('8e1bb8f5-c1f7-416f-a12e-c7595de6f5cf', 'SingleChoice', '["RepairingService"]', N'Biện pháp an toàn nào cần thực hiện khi sửa chữa thiết bị điện ở môi trường ẩm ướt?', 10),
('d5628b0d-4150-48aa-8890-74c79f4c2628', 'SingleChoice', '["RepairingService"]', N'Nguyên nhân gây ra sự cố máy làm bánh mì không nướng được?', 10),
('d6796f63-1e0b-4e64-8809-7e99cc1a54f2', 'SingleChoice', '["RepairingService"]', N'Công cụ nào được sử dụng để đo công suất điện?', 10),
('d9815502-3f8c-44d9-858a-b810d9d813f3', 'SingleChoice', '["RepairingService"]', N'Nguyên nhân gây ra sự cố máy hút khói không hoạt động?', 10),
('702144ae-4caf-4ecd-82bc-d4279503441e', 'SingleChoice', '["RepairingService"]', N'Công cụ nào được sử dụng để phát hiện sự rò rỉ điện?', 10),
('bb3fee5d-9860-4631-8375-4ff50e608094', 'SingleChoice', '["RepairingService"]', N'Nguyên nhân gây ra sự cố đèn chiếu sáng không sáng?', 10),
('3876015a-b759-4d79-9363-8ea8c44ccf9e', 'SingleChoice', '["RepairingService"]', N'Biện pháp an toàn nào cần thực hiện khi sửa chữa thiết bị điện ở nơi tối?', 10),
('7c7898eb-a018-4260-a1b6-08c1e01b5a3d', 'SingleChoice', '["RepairingService"]', N'Nguyên nhân gây ra sự cố máy rửa bát không xả nước?', 10),
('6544622b-6b3a-4034-bf60-cd3c6222b417', 'SingleChoice', '["RepairingService"]', N'Công cụ nào được sử dụng để kiểm tra liên tục của mạch điện?', 10),
('dae148e8-c693-4ea7-8296-30207bb8e60f', 'SingleChoice', '["RepairingService"]', N'Nguyên nhân gây ra sự cố máy xay sinh tố không hoạt động?', 10),
('910837c7-6586-46d6-adfa-08b7bf1b01bd', 'SingleChoice', '["RepairingService"]', N'Biện pháp an toàn nào cần thực hiện khi sửa chữa thiết bị điện ở nơi có nhiều bụi bẩn?', 10),
('5875837a-1f90-4120-b191-8e4c10430f66', 'SingleChoice', '["RepairingService"]', N'Nguyên nhân gây ra sự cố máy hút mùi không hoạt động?', 10),
('4e9ee70f-1391-47d5-82ee-ce9186cd5b47', 'SingleChoice', '["RepairingService"]', N'Công cụ nào được sử dụng để đo điện trở của mạch điện?', 10),
('cfe09f81-482d-4e3e-9fe3-51a0f2d65749', 'SingleChoice', '["RepairingService"]', N'Nguyên nhân gây ra sự cố máy sấy tóc không hoạt động?', 10),
('e31a04c4-c3cf-413b-8d64-312b0f7f0ef5', 'SingleChoice', '["RepairingService"]', N'Biện pháp an toàn nào cần thực hiện khi sửa chữa thiết bị điện ở nơi có nguy cơ bị điện giật?', 10),
('ca50a210-5e4c-43d5-934a-ef133061ac17', 'SingleChoice', '["RepairingService"]', N'Nguyên nhân gây ra sự cố máy ép nước cam không hoạt động?', 10),
('b52d4a7c-a413-4104-a3f3-c20e1945f515', 'SingleChoice', '["RepairingService"]', N'Công cụ nào được sử dụng để phát hiện điện áp xoay chiều?', 10),
('de07a94d-917c-47c4-81bd-40c2d624cf1f', 'SingleChoice', '["RepairingService"]', N'Nguyên nhân gây ra sự cố máy làm mát không hoạt động?', 10),
('464b6984-391c-4e06-af0d-d7decd8b2556', 'SingleChoice', '["RepairingService"]', N'Biện pháp an toàn nào cần thực hiện khi sửa chữa thiết bị điện có nguy cơ bị điện giật cao?', 10),
('1a09358e-c818-43ef-858c-b26378fc19a4', 'SingleChoice', '["RepairingService"]', N'Nguyên nhân gây ra sự cố máy pha cà phê không hoạt động?', 10),
('8aa6deb2-0349-46d5-884e-8bf67a5793a6', 'SingleChoice', '["RepairingService"]', N'Công cụ nào được sử dụng để phát hiện điện áp một chiều?', 10),
('a5c8a0b4-4dea-4a0c-96ff-fc7c4867d3a7', 'SingleChoice', '["RepairingService"]', N'Nguyên nhân gây ra sự cố máy nướng bánh mì không hoạt động?', 10),
('3e7edf0d-05c9-432a-9227-483ad4d1c8d2', 'SingleChoice', '["RepairingService"]', N'Biện pháp an toàn nào cần thực hiện khi sửa chữa thiết bị điện ở nơi có nguy cơ cháy nổ?', 10),
('0ddc877d-65e1-475c-bdfd-67d227a33d6a', 'SingleChoice', '["RepairingService"]', N'Nguyên nhân gây ra sự cố máy trộn bột không hoạt động?', 10),
('a6201005-2eef-4a55-a07f-32a97071c039', 'SingleChoice', '["RepairingService"]', N'Công cụ nào được sử dụng để kiểm tra sự liên tục của mạch điện?', 10),
('3dc44668-e36f-44bd-a3ac-7fc35bf282fb', 'SingleChoice', '["RepairingService"]', N'Nguyên nhân gây ra sự cố máy hút khói/mùi không hoạt động?', 10),
('31a0a730-02fe-43b1-a31f-ce23d78a15b9', 'SingleChoice', '["RepairingService"]', N'Biện pháp an toàn nào cần thực hiện khi sửa chữa thiết bị điện ở nơi có nguy cơ bị giật điện cao?', 10),
('bb75f02a-8b42-494a-9f40-375492a9a0c4', 'SingleChoice', '["RepairingService"]', N'Nguyên nhân gây ra sự cố máy chà sàn không hoạt động?', 10),
('4de36857-233e-4aed-a1bc-15ed3b6ed500', 'SingleChoice', '["RepairingService"]', N'Công cụ nào được sử dụng để phát hiện sự cố trong mạch điện?', 10),
('9004a94b-7824-4374-8377-d14d91067e72', 'SingleChoice', '["RepairingService"]', N'Nguyên nhân gây ra sự cố máy đánh trứng không hoạt động?', 10),
('e494e8c4-aacd-438a-b8d8-b73e232aff68', 'SingleChoice', '["RepairingService"]', N'Biện pháp an toàn nào cần thực hiện khi sửa chữa thiết bị điện ở nơi có nguy cơ bị điện giật cao?', 10),
('594f33dc-c1d6-47ee-8d6d-dc72931289b8', 'SingleChoice', '["RepairingService"]', N'Nguyên nhân gây ra sự cố máy hút bụi không hoạt động?', 10),
('b96cc54b-bf0c-41dc-a15c-ee4cea216140', 'SingleChoice', '["RepairingService"]', N'Công cụ nào được sử dụng để phát hiện sự rò rỉ điện trong mạch?', 10),
('a91feecf-7971-42ff-9b5d-6c64d5055a6b', 'SingleChoice', '["RepairingService"]', N'Nguyên nhân gây ra sự cố máy vắt ly tâm không hoạt động?', 10),
('8d3a8d05-dc96-403d-9f4d-636ea5895900', 'SingleChoice', '["RepairingService"]', N'Biện pháp an toàn nào cần thực hiện khi sửa chữa thiết bị điện ở nơi có nguy cơ cháy nổ cao?', 10),
('c5758c30-2859-46f2-9e47-bb84a1cd6b6d', 'SingleChoice', '["RepairingService"]', N'Nguyên nhân gây ra sự cố máy sấy quần áo không hoạt động?', 10),
('0a8aa6eb-a670-45a1-8ae6-a734f00d3ee6', 'SingleChoice', '["RepairingService"]', N'Công cụ nào được sử dụng để kiểm tra sự hoạt động của mạch điện?', 10),
('799f0362-0a0c-4640-a5a2-c45dccd3af5d', 'SingleChoice', '["RepairingService"]', N'Nguyên nhân gây ra sự cố máy xay thịt không hoạt động?', 10),
('45cde067-38d0-453b-b5bb-3ef2f9cd5f33', 'SingleChoice', '["RepairingService"]', N'Biện pháp an toàn nào cần thực hiện khi sửa chữa thiết bị điện ở nơi có nguy cơ cháy nổ cao?', 10),
('ae433595-0dc1-446f-a5df-b652426274b4', 'SingleChoice', '["RepairingService"]', N'Nguyên nhân gây ra sự cố máy ép trái cây không hoạt động?', 10),
('1f1bc517-3daf-4e61-891a-fed42b2f112a', 'SingleChoice', '["RepairingService"]', N'Công cụ nào được sử dụng để kiểm tra sự rò rỉ điện trong hệ thống điện?', 10),
('7327464b-6171-41c7-9eed-041d5cd78046', 'SingleChoice', '["RepairingService"]', N'Nguyên nhân gây ra sự cố máy ép nước cam không hoạt động?', 10),
('324d4da1-78a5-45e9-83ee-cc79c9e4799a', 'SingleChoice', '["RepairingService"]', N'Biện pháp an toàn nào cần thực hiện khi sửa chữa thiết bị điện ở nơi có nguy cơ bị điện giật cao?', 10),
('3d6ccb2c-a649-454a-8bce-5dbc10ab4f04', 'SingleChoice', '["RepairingService"]', N'Nguyên nhân gây ra sự cố máy gia đình không khởi động được?', 10),
('e13c503e-b463-49a7-a81f-ca3f83c03ae8', 'SingleChoice', '["RepairingService"]', N'Công cụ nào được sử dụng để phát hiện sự cố trong mạch điện?', 10),
('c824135b-b8c6-4428-bc1f-3e45552316d7', 'SingleChoice', '["RepairingService"]', N'Nguyên nhân gây ra sự cố máy pha cà phê không hoạt động?', 10),
('15668455-d765-42ce-adea-069a61da1e6f', 'SingleChoice', '["RepairingService"]', N'Biện pháp an toàn nào cần thực hiện khi sửa chữa thiết bị điện ở nơi có nguy cơ bị điện giật cao?', 10),
('c76173c8-9450-41f9-8018-f3a72283b766', 'SingleChoice', '["RepairingService"]', N'Nguyên nhân gây ra sự cố máy đánh trứng không hoạt động?', 10),
('e2e7eb0a-111d-4021-b7ec-e13735f648b3', 'SingleChoice', '["RepairingService"]', N'Công cụ nào được sử dụng để kiểm tra sự rò rỉ điện trong hệ thống điện?', 10),
('1269ba65-41de-474a-a126-21951944125c', 'SingleChoice', '["RepairingService"]', N'Nguyên nhân gây ra sự cố máy làm đá không hoạt động?', 10),
('b2332166-4485-4065-be92-1047442092f7', 'SingleChoice', '["RepairingService"]', N'Biện pháp an toàn nào cần thực hiện khi sửa chữa thiết bị điện ở nơi có nguy cơ bị điện giật cao?', 10),
('32f3a68d-6eaf-45fb-8434-70028a695d0b', 'SingleChoice', '["RepairingService"]', N'Nguyên nhân gây ra sự cố máy xay sinh tố không hoạt động?', 10),
('e7a703dd-09f3-4979-a7ed-2f19e4256d9f', 'SingleChoice', '["RepairingService"]', N'Công cụ nào được sử dụng để đo dòng điện xoay chiều?', 10),
('4d4d7e77-43dd-4ed2-8ec3-ec2b3089eecd', 'SingleChoice', '["RepairingService"]', N'Nguyên nhân gây ra sự cố máy gia đình phát ra tiếng ồn lớn?', 10),
('fe136a53-aed2-442d-bbbe-1edcee2ce320', 'SingleChoice', '["RepairingService"]', N'Biện pháp an toàn nào cần thực hiện khi sửa chữa thiết bị điện ở nơi có nguy cơ giật điện cao?', 10),
('c1f3e0d1-a3d0-4353-9d93-2fa139981786', 'SingleChoice', '["RepairingService"]', N'Nguyên nhân gây ra sự cố máy hút mùi không hoạt động?', 10),
('efd9e2ef-744b-4dd3-ba67-d02aafdbb78e', 'SingleChoice', '["RepairingService"]', N'Công cụ nào được sử dụng để kiểm tra sự hoạt động của mạch điện?', 10),
('649af9fa-3178-4218-b890-73f7b62f3870', 'SingleChoice', '["RepairingService"]', N'Nguyên nhân gây ra sự cố máy hút bụi không hoạt động?', 10),
('077b808d-e458-4394-a181-14dedd3086c3', 'SingleChoice', '["RepairingService"]', N'Biện pháp an toàn nào cần thực hiện khi sửa chữa thiết bị điện ở nơi có nguy cơ cháy nổ cao?', 10),
('9c90aa54-433e-4d48-99c1-2d0a728b86b7', 'SingleChoice', '["CleaningService"]', N'Dung dịch nào được sử dụng để làm sạch bề mặt bằng gỗ?', 10),
('f88db081-70a6-4fac-bbfc-f0f7e1f14cf3', 'SingleChoice', '["CleaningService"]', N'Cách nào là tốt nhất để loại bỏ vết bẩn cứng đầu trên sàn nhà?', 10),
('db7d9e3b-f452-4626-bb32-5dbc9a84dfb0', 'SingleChoice', '["CleaningService"]', N'Khi dọn dẹp phòng tắm, bạn nên lau chùi theo thứ tự nào?', 10),
('2e519d20-aa15-4600-bca4-1b2e40248b9c', 'SingleChoice', '["CleaningService"]', N'Cách nào là hiệu quả nhất để làm sạch bếp từ?', 10),
('8abec294-2758-4dd4-807c-100e06284340', 'SingleChoice', '["CleaningService"]', N'Khi làm sạch tủ lạnh, bạn nên thực hiện những bước nào?', 10),
('c3f2e17c-4bb2-424f-8351-0eec391f980e', 'SingleChoice', '["CleaningService"]', N'Cách nào là tốt nhất để làm sạch thảm trải sàn?', 10),
('ada398bd-22d4-41e2-a3a5-4d92e9160a9a', 'SingleChoice', '["CleaningService"]', N'Làm thế nào để làm sạch vết bẩn trên tường?', 10),
('a56c72c6-09c3-4dbf-8609-ead5f95c38b7', 'SingleChoice', '["CleaningService"]', N'Cách nào là tốt nhất để làm sạch sàn gỗ?', 10),
('644a6359-faeb-44cf-a21c-51f59cc8429f', 'SingleChoice', '["CleaningService"]', N'Cách nào là hiệu quả nhất để làm sạch kính?', 10),
('401ca7d1-d399-42b6-9a33-cd4a0c7cab21', 'SingleChoice', '["CleaningService"]', N'Làm thế nào để làm sạch bàn ghế bọc nỉ?', 10),
('ece6d559-fa59-48d2-9c04-7becbd2e1d98', 'SingleChoice', '["CleaningService"]', N'Cách nào là tốt nhất để làm sạch lò vi sóng?', 10),
('f1240922-4a6f-4f0b-8945-b37afbe718f1', 'SingleChoice', '["CleaningService"]', N'Làm thế nào để làm sạch rèm cửa?', 10),
('25d0e08b-0178-465d-960a-9f3c9ae614d9', 'SingleChoice', '["CleaningService"]', N'Làm thế nào để làm sạch đồ dùng trong nhà bếp?', 10),
('0910691d-1a71-46cd-a4e1-6b8e018f9ed2', 'SingleChoice', '["CleaningService"]', N'Cách nào là hiệu quả nhất để làm sạch đồ gỗ?', 10),
('0871515a-1561-406d-b712-ccb071940cb9', 'SingleChoice', '["CleaningService"]', N'Khi làm sạch khu vực xung quanh bồn rửa, bạn nên bắt đầu từ đâu?', 10),
('b42deadd-ac21-4447-b52a-756b13e6c3bc', 'SingleChoice', '["CleaningService"]', N'Cách nào là tốt nhất để làm sạch vết dầu mỡ trên bếp từ?', 10),
('81be9b3d-0ac1-4871-92ee-e70172da7298', 'SingleChoice', '["CleaningService"]', N'Làm thế nào để làm sạch đồ trang sức bằng bạc?', 10),
('9662f487-761c-4506-8e69-5a8546a2d659', 'SingleChoice', '["CleaningService"]', N'Tỷ lệ khuyến nghị giữa thuốc tẩy và nước để khử trùng bề mặt là gì?', 10),
('279594f2-5354-486e-a2a9-0f509fe1da87', 'SingleChoice', '["CleaningService"]', N'Cách nào là hiệu quả nhất để làm sạch sàn gạch men?', 10),
('2edf6c97-d8a6-47a9-b775-1aab0cd13232', 'SingleChoice', '["CleaningService"]', N'Cách nào là tốt nhất để làm sạch vết bẩn cứng đầu trên tường?', 10),
('ca7e33ba-1b1e-4bab-b12d-25c8a9ad134e', 'SingleChoice', '["CleaningService"]', N'Cách nào là tốt nhất để làm sạch đồ trang sức bằng vàng?', 10),
('fb53749c-684b-4e32-925a-e134a961c22f', 'SingleChoice', '["CleaningService"]', N'Làm thế nào để làm sạch đồ gốm sứ?', 10),
('11867f1c-a27b-46a6-ba38-e250dbeb0423', 'SingleChoice', '["CleaningService"]', N'Cách nào là tốt nhất để làm sạch vết bẩn trên đệm giường?', 10),
('1e22df63-fa5b-4524-a8e8-9609f307e301', 'SingleChoice', '["CleaningService"]', N'Cách nào là hiệu quả nhất để làm sạch bồn tắm?', 10),
('d64dcc66-e441-4d5c-9bf6-19f83b286279', 'SingleChoice', '["CleaningService"]', N'Cách nào là tốt nhất để làm sạch đồ bằng da?', 10),
('c57c6be5-6663-40c3-830e-056cb2743e29', 'SingleChoice', '["CleaningService"]', N'Khi dọn dẹp phòng ngủ, bạn nên làm việc theo thứ tự nào?', 10),
('bac9ba5e-615b-4dbf-b03f-c132584a1ba4', 'SingleChoice', '["CleaningService"]', N'Cách nào là hiệu quả nhất để làm sạch khu vực nhà bếp?', 10),
('a96fc3e8-31a7-4365-92ad-1976a78c67c2', 'SingleChoice', '["CleaningService"]', N'Làm thế nào để làm sạch đồ trang sức bằng đá quý?', 10),
('e6380c91-fbef-42c4-9676-fa0ee19c4a4b', 'SingleChoice', '["CleaningService"]', N'Cách nào là tốt nhất để làm sạch đồ trang sức bằng ngọc trai?', 10),
('091a9b95-345f-46ec-8d15-1cd869e6d46c', 'SingleChoice', '["CleaningService"]', N'Cách nào là hiệu quả nhất để làm sạch vết bẩn trên thảm trải sàn?', 10),
('67ba442c-50c3-4e44-88a6-b5ec6473c75e', 'SingleChoice', '["CleaningService"]', N'Cách nào là tốt nhất để làm sạch bồn vệ sinh?', 10),
('a7e1a59c-7a58-4969-bacd-6560b5722223', 'SingleChoice', '["CleaningService"]', N'Cách nào là hiệu quả nhất để làm sạch đồ dùng bằng nhựa?', 10),
('09278bca-ba16-4cf8-b25f-af1adfa4387b', 'SingleChoice', '["CleaningService"]', N'Khi dọn dẹp phòng khách, bạn nên bắt đầu từ đâu?', 10),
('8965c74d-1810-4bba-adbd-9586579a60c4', 'SingleChoice', '["CleaningService"]', N'Cách nào là tốt nhất để làm sạch đồ dùng bằng kim loại?', 10); 

INSERT INTO [FreelanceQuizAnswers] ([Id], [Answer], [IsCorrect], [QuestionId]) VALUES
('596e95f8-c029-49b8-a72c-a7b4f74e97eb', '110V', 0, 'f34d2e1c-a2c2-4884-8d17-69fea369946e'),
('339a1a81-36d7-4af8-8f40-d323e8cb9827', '220V', 1, 'f34d2e1c-a2c2-4884-8d17-69fea369946e'),
('6e25a2ff-3380-418c-a717-85d5eec8c6d0', '380V', 0, 'f34d2e1c-a2c2-4884-8d17-69fea369946e'),
('1b562ef2-3853-48ad-8e93-6d19474f6516', '500V', 0, 'f34d2e1c-a2c2-4884-8d17-69fea369946e'),
('8cc606ca-6506-4e86-b3ad-adaf7c7b3bd3', N'Máy nén', 0, 'e728fe58-b214-4e3d-ac66-84b88add7aed'),
('5109d348-741f-4775-b2ea-744f96d679f4', N'Quạt tản nhiệt', 0, 'e728fe58-b214-4e3d-ac66-84b88add7aed'),
('28da2679-3f09-41af-8c72-403779269768', 'Termostat', 1, 'e728fe58-b214-4e3d-ac66-84b88add7aed'),
('ccc7c8ba-1f71-4b30-873b-0996c22ab5b0', N'Đồng hồ đo nhiệt độ', 0, 'e728fe58-b214-4e3d-ac66-84b88add7aed'),
('453ea2a2-2c55-4d59-8981-9963dd76bedb', N'Ampe kế', 0, 'd6ab9abc-4ebc-48e0-aa2a-c4b7e5b97f78'),
('68c51326-8446-4613-9359-342011c4f9dc', N'Vôn kế', 0, 'd6ab9abc-4ebc-48e0-aa2a-c4b7e5b97f78'),
('ec54f0bb-8081-4305-bbe0-feb9b30f523f', N'Đồng hồ vạn năng', 1, 'd6ab9abc-4ebc-48e0-aa2a-c4b7e5b97f78'),
('a9b8b186-4e97-44e1-a85d-658af330d301', N'Đồng hồ đo công suất', 0, 'd6ab9abc-4ebc-48e0-aa2a-c4b7e5b97f78'),
('21da1f77-68c5-4ff7-83dd-a7cda93dc862', N'Dập lửa bằng nước', 0, '55e91684-2276-4b56-96c0-9fa05138bec3'),
('5467bb43-6794-4883-b853-2d3b82fab5f8', N'Ngắt điện và sử dụng bình chữa cháy', 1, '55e91684-2276-4b56-96c0-9fa05138bec3'),
('15850531-c51c-4738-87a4-7072f619c07c', N'Tiếp tục sử dụng thiết bị', 0, '55e91684-2276-4b56-96c0-9fa05138bec3'),
('df7f67ce-8fc6-4117-abf4-7d285e29d208', N'Thổi để dập tắt lửa', 0, '55e91684-2276-4b56-96c0-9fa05138bec3'),
('b34f4605-1373-410d-843c-42e5f59c8278', N'Kìm', 0, '89a299b5-5402-4339-853c-7f173eeca043'),
('fb151ed3-d52f-4819-9ecd-f9c6c5123530', N'Tuốc nơ vít', 1, '89a299b5-5402-4339-853c-7f173eeca043'),
('1cc1c5fe-7e32-4623-95d3-cc9f4a60912a', N'Búa', 0, '89a299b5-5402-4339-853c-7f173eeca043'),
('66577f73-7809-4697-8e0f-705394a8a6a9', N'Kéo', 0, '89a299b5-5402-4339-853c-7f173eeca043'),
('89dc6d59-8d60-42e9-be6e-f727ced801cf', N'Mô tơ', 0, 'ae3b84ea-10ef-4eb1-9e73-694100f52d4d'),
('7caffed4-aeec-474b-b717-58aaabafa758', N'Biến tần', 1, 'ae3b84ea-10ef-4eb1-9e73-694100f52d4d'),
('0cfdfaf8-4577-4d17-9fae-7ec374c760aa', N'Bơm nước', 0, 'ae3b84ea-10ef-4eb1-9e73-694100f52d4d'),
('04d3306b-e63b-4fec-b834-5c647803454a', N'Đồng hồ bấm giờ', 0, 'ae3b84ea-10ef-4eb1-9e73-694100f52d4d'),
('f38f245a-bfd0-4a36-94d5-b6f593a46242', N'Túi chứa đầy bụi', 1, '4624139f-da1c-497e-b346-37f86a077a30'),
('e95eb83d-22e2-4d3e-aab1-974f825dd5cc', N'Mô tơ bị quá tải', 0, '4624139f-da1c-497e-b346-37f86a077a30'),
('9f2a85de-c26f-4980-9da6-d067014b8e6c', N'Dây điện bị đứt', 0, '4624139f-da1c-497e-b346-37f86a077a30'),
('00c21cbf-aa97-4109-a588-7a6e8382938d', N'Thiếu dầu bôi trơn', 0, '4624139f-da1c-497e-b346-37f86a077a30'),
('f90cf6af-7b20-4e96-8c6a-ad91759fb7f5', N'Đồng hồ vạn năng', 0, '9dd4a53b-ccaa-4b60-a5bf-cce2dcea361d'),
('1ffdb07d-20fd-4294-b0fb-2cc0584ff435', N'Máy đo ESD', 0, '9dd4a53b-ccaa-4b60-a5bf-cce2dcea361d'),
('a034c0f1-be63-4ba5-a7d1-0f42d7a0e9da', N'Máy kiểm tra liên tục', 1, '9dd4a53b-ccaa-4b60-a5bf-cce2dcea361d'),
('d75f1391-6b66-4756-ab05-e5c0f3736670', N'Ampe kế', 0, '9dd4a53b-ccaa-4b60-a5bf-cce2dcea361d'),
('95b940eb-92db-458c-8288-4deb4dde4098', N'Ngắt nguồn điện', 1, 'b8096b6d-adfd-46e0-bdca-153a17ab6528'),
('82a0a855-d850-4f51-8265-945f4497d1c6', N'Mở nắp thiết bị', 0, 'b8096b6d-adfd-46e0-bdca-153a17ab6528'),
('4d16213c-04ab-4261-a744-db67ff1a3941', N'Kiểm tra bằng mắt thường', 0, 'b8096b6d-adfd-46e0-bdca-153a17ab6528'),
('52a5ba2f-7ba6-4f91-b6f4-add6e27c7da2', N'Căng dây điện', 0, 'b8096b6d-adfd-46e0-bdca-153a17ab6528'),
('95bf3142-89bd-4b4a-bb88-7d1a07f13639', N'Quạt thông gió bị kẹt', 0, 'e28ecb95-d161-4193-a944-2af9bcde3fce'),
('2ba607c1-0011-492c-8ba6-b0befad076a1', N'Rơ le nhiệt độ bị hỏng', 1, 'e28ecb95-d161-4193-a944-2af9bcde3fce'),
('9cb397e1-45d6-47c0-802a-f139ddcf79f0', N'Cửa không đóng kín', 0, 'e28ecb95-d161-4193-a944-2af9bcde3fce'),
('65c9c096-9669-478d-bfcf-5c601868c076', N'Dây giũ quần áo bị rơi ra', 0, 'e28ecb95-d161-4193-a944-2af9bcde3fce'),
('55626e60-394c-48c4-baec-9a658f93ab6d', N'Ampe kế', 0, '560432bb-b7ba-4cfe-938b-91ecaafd13d5'),
('abc0ad09-847d-4244-908f-a929e15d8c0e', N'Vôn kế', 1, '560432bb-b7ba-4cfe-938b-91ecaafd13d5'),
('6d8ef766-5fc2-48e0-807e-c2ed268389ad', N'Máy đo ESD', 0, '560432bb-b7ba-4cfe-938b-91ecaafd13d5'),
('fa4fa730-4ca1-467d-818a-6755e3f06831', N'Máy kiểm tra liên tục', 0, '560432bb-b7ba-4cfe-938b-91ecaafd13d5'),
('3834bb12-08c0-4c1c-932a-412e193f26c2', N'Sử dụng thang hoặc giàn giáo an toàn', 1, '35fb4974-21d6-4e23-9013-0dfc46ca941e'),
('35f430e9-1e26-4fd2-bd3a-d83253e5f7f0', N'Đứng trên ghế', 0, '35fb4974-21d6-4e23-9013-0dfc46ca941e'),
('3c15c831-8f0e-4bf9-b6e2-6f47ceb5ad5d', N'Không cần biện pháp an toàn gì', 0, '35fb4974-21d6-4e23-9013-0dfc46ca941e'),
('bba5b10f-c496-454c-93b5-c560bfdaa84c', N'Sử dụng dây an toàn', 0, '35fb4974-21d6-4e23-9013-0dfc46ca941e'),
('19a61f44-c062-4e81-bd31-3d635d5ae75b', N'Đĩa xoay bị kẹt', 0, 'b2e08bfc-2ee0-4013-8e6f-07da4194e468'),
('0328891e-8cf8-4e72-a81e-d0ed09937567', N'Cuộn từ bị hỏng', 1, 'b2e08bfc-2ee0-4013-8e6f-07da4194e468'),
('aa1dfd9e-c230-4092-8971-558ad72ffe79', N'Đèn chiếu sáng bị hỏng', 0, 'b2e08bfc-2ee0-4013-8e6f-07da4194e468'),
('2e779207-3131-4b85-8e6a-10c5776573ad', N'Núm điều khiển bị gãy', 0, 'b2e08bfc-2ee0-4013-8e6f-07da4194e468'),
('b39e76e7-2d04-4a79-a8ec-8d5a953fcebd', N'Ampe kế', 1, '7ca368e8-efc5-4851-b2aa-2f084e0c3d3d'),
('b9caa074-8500-431b-82bd-9084a608ec9d', N'Vôn kế', 0, '7ca368e8-efc5-4851-b2aa-2f084e0c3d3d'),
('09f1fbc7-5994-4aa0-a309-ca2e362697e3', N'Đồng hồ vạn năng', 0, '7ca368e8-efc5-4851-b2aa-2f084e0c3d3d'),
('c6b9d1f2-3280-4bc6-b0a3-75cda8da1cdd', N'Máy đo ESD', 0, '7ca368e8-efc5-4851-b2aa-2f084e0c3d3d'),
('58e8638c-e7f9-46bb-9a4f-355288f8a359', N'Lỏng ốc vít', 0, '03e2f220-e494-4c5c-a505-bc7e12a55a07'),
('eebaecd3-4657-4580-9539-82ba0079bf19', N'Quạt tản nhiệt bị hỏng', 0, '03e2f220-e494-4c5c-a505-bc7e12a55a07'),
('f6ea607a-fb25-4554-996c-d51ee60f1e8f', N'Gỉ sét hoặc rung động', 1, '03e2f220-e494-4c5c-a505-bc7e12a55a07'),
('47822d40-b096-41e3-9173-d97f9a1a1cda', N'Dây điện bị đứt', 0, '03e2f220-e494-4c5c-a505-bc7e12a55a07'),
('a09eb44c-eadd-48c8-9282-601acc332621', N'Ampe kế', 0, '22881a79-470c-4947-9f4f-66f859413c96'),
('8ff36947-c230-4b7a-8d48-a6441ca1ea39', N'Vôn kế', 0, '22881a79-470c-4947-9f4f-66f859413c96'),
('db29cb81-75b3-45de-8a92-7e997dba4a9c', N'Đồng hồ vạn năng', 0, '22881a79-470c-4947-9f4f-66f859413c96'),
('bb897b54-43d6-4ebd-b27b-fe239b1c6614', N'Máy kiểm tra liên tục', 1, '22881a79-470c-4947-9f4f-66f859413c96'),
('cf3c91d5-d035-44d1-a004-2d5d363bbdf5', N'Lưỡi dao bị mòn', 0, 'cc24935f-3672-4212-b4f4-811da9eaf86b'),
('484b6eb5-519f-43e5-91ca-315451c92b8b', N'Núm điều khiển bị gãy', 0, 'cc24935f-3672-4212-b4f4-811da9eaf86b'),
('c5f64b42-96e1-4a1d-8278-1f2c2c5c50cd', N'Rơ le bảo vệ quá tải', 1, 'cc24935f-3672-4212-b4f4-811da9eaf86b'),
('8a921b17-cf43-4587-867c-e5a7222421cf', N'Chậu đựng nước bị rò rỉ', 0, 'cc24935f-3672-4212-b4f4-811da9eaf86b'),
('3bc31d39-2e4a-4796-83ad-914722cb05b6', N'Đảm bảo thông gió tốt', 1, 'ab069d28-10e0-4f4d-82ea-c6e2932d6436'),
('bc3b8d4a-5217-45d5-b8e9-e13c5048ee79', N'Làm việc trong bóng tối', 0, 'ab069d28-10e0-4f4d-82ea-c6e2932d6436'),
('1480c552-ee66-481a-b783-53d38380e872', N'Không cần biện pháp an toàn gì', 0, 'ab069d28-10e0-4f4d-82ea-c6e2932d6436'),
('399c35af-d1e6-45ad-aca8-80994bae595e', N'Sử dụng dụng cụ cầm tay', 0, 'ab069d28-10e0-4f4d-82ea-c6e2932d6436'),
('ad9447b3-262f-45e9-90b9-7934a432fb37', N'Cân bằng quạt bị mất', 0, 'ff8e2336-9ef6-40be-a9bc-b29a14ec0678'),
('16eb7dff-be85-4a9f-a889-b25569c17f8e', N'Cuộn dây động cơ bị đoản mạch', 1, 'ff8e2336-9ef6-40be-a9bc-b29a14ec0678'),
('1cd63e64-7a8e-4f82-9f5f-0a5c4b057137', N'Lưỡi quạt bị gãy', 0, 'ff8e2336-9ef6-40be-a9bc-b29a14ec0678'),
('3fdbc0da-49d9-42db-ad47-ada1c5bb94ce', N'Núm điều khiển bị gãy', 0, 'ff8e2336-9ef6-40be-a9bc-b29a14ec0678'),
('043b443c-e3e0-4dd7-8803-05db35258267', N'Ampe kế', 0, '18e51054-eb5e-4024-87d5-2a99f421e1fb'),
('83672b5b-468e-4ee2-9546-782a526154de', N'Vôn kế xoay chiều', 1, '18e51054-eb5e-4024-87d5-2a99f421e1fb'),
('fcd91241-9c68-4b74-83c7-1b94b25bade1', N'Máy kiểm tra liên tục', 0, '18e51054-eb5e-4024-87d5-2a99f421e1fb'),
('121f7ba0-d4c7-4cdf-8c22-0c2105ddfc9c', N'Đồng hồ vạn năng', 0, '18e51054-eb5e-4024-87d5-2a99f421e1fb'),
('419d3713-b38a-4dbf-adbd-0d4849a61aaa', N'Đế bàn ủi bị gỉ', 0, 'e2983c63-6aac-4c3b-895f-70967b0f6a95'),
('9636f32f-2fb6-41f4-a071-2a358241d5f0', N'Núm điều khiển hơi nước bị kẹt', 0, 'e2983c63-6aac-4c3b-895f-70967b0f6a95'),
('a7ad977a-23dc-4aab-8d11-5ae38158ff48', N'Vấn đề với bơm nước', 1, 'e2983c63-6aac-4c3b-895f-70967b0f6a95'),
('7bac1a45-4062-4aac-9ed6-989f509f9d2c', N'Dây điện bị đứt', 0, 'e2983c63-6aac-4c3b-895f-70967b0f6a95'),
('b5baffdf-d8d1-4f84-b8a8-1d450aa660db', N'Sử dụng dụng cụ cách điện', 1, '8e1bb8f5-c1f7-416f-a12e-c7595de6f5cf'),
('8ba7da5a-731b-404f-a11a-81ef531750bb', N'Làm việc chân trần', 0, '8e1bb8f5-c1f7-416f-a12e-c7595de6f5cf'),
('8a39345a-290c-4732-94ad-bec63a6cc8c8', N'Không cần biện pháp an toàn gì', 0, '8e1bb8f5-c1f7-416f-a12e-c7595de6f5cf'),
('512fac59-f816-4266-8404-1f6ff3ee0a49', N'Sử dụng dụng cụ bằng kim loại', 0, '8e1bb8f5-c1f7-416f-a12e-c7595de6f5cf'),
('59d81b1c-43d7-4956-ba14-91871937bd85', N'Nhiệt độ không đủ cao', 1, 'd5628b0d-4150-48aa-8890-74c79f4c2628'),
('3fc87a7d-e240-43ec-906d-4d7e890bd1e5', N'Quạt thổi gió bị hỏng', 0, 'd5628b0d-4150-48aa-8890-74c79f4c2628'),
('5760db29-8aac-4884-b0d6-e2e3549dc785', N'Rơ le nhiệt độ bị hỏng', 0, 'd5628b0d-4150-48aa-8890-74c79f4c2628'),
('5db52b68-3815-4985-910a-26f70730168d', N'Núm điều khiển bị gãy', 0, 'd5628b0d-4150-48aa-8890-74c79f4c2628'),
('c569fdd9-734c-41e3-8937-7f5aa1ab9cd7', N'Ampe kế', 0, 'd6796f63-1e0b-4e64-8809-7e99cc1a54f2'),
('11ce8b67-7269-4440-9eb8-0f850baa2a3f', N'Vôn kế', 0, 'd6796f63-1e0b-4e64-8809-7e99cc1a54f2'),
('d5d5f797-0969-49b5-8f2a-ff93c815a6f7', N'Đồng hồ vạn năng', 0, 'd6796f63-1e0b-4e64-8809-7e99cc1a54f2'),
('4455b5b1-a0d3-4608-bd38-99d1b6e9d946', N'Watt kế', 1, 'd6796f63-1e0b-4e64-8809-7e99cc1a54f2'),
('8ee4078a-0479-48d6-866f-2d92c4e6e489', N'Quạt hút bị kẹt', 0, 'd9815502-3f8c-44d9-858a-b810d9d813f3'),
('59fdcfb3-5fd0-4dcb-961d-06e72b8cf47c', N'Tắc nghẽn ống khói', 1, 'd9815502-3f8c-44d9-858a-b810d9d813f3'),
('37e12e7c-d8b8-4c4d-a4c2-45648efc2266', N'Núm điều khiển bị gãy', 0, 'd9815502-3f8c-44d9-858a-b810d9d813f3'),
('998f8c89-c303-4121-9531-38fe03c74fca', N'Dây điện bị đứt', 0, 'd9815502-3f8c-44d9-858a-b810d9d813f3'),
('32b176d8-5cff-493c-aa76-58dd9b8b995f', N'Ampe kế', 0, '702144ae-4caf-4ecd-82bc-d4279503441e'),
('a3aff394-7354-4eac-947a-a8c6533295b8', N'Máy dò rò rỉ điện', 1, '702144ae-4caf-4ecd-82bc-d4279503441e'),
('7c0a8f83-7284-4c33-acd0-d82a155f1153', N'Vôn kế', 0, '702144ae-4caf-4ecd-82bc-d4279503441e'),
('6a612d87-859b-4f48-b201-5d7753ce2e73', N'Máy kiểm tra liên tục', 0, '702144ae-4caf-4ecd-82bc-d4279503441e'),
('9eb48671-f913-421c-bd6c-367f54ad5391', N'Bóng đèn bị cháy', 1, 'bb3fee5d-9860-4631-8375-4ff50e608094'),
('831e1c1d-6bf5-4e82-9d8c-02de2aaeab45', N'Rơ le bảo vệ quá tải', 0, 'bb3fee5d-9860-4631-8375-4ff50e608094'),
('a1d2d796-24b5-4143-bd73-51ff0290e04b', N'Quạt làm mát bị hỏng', 0, 'bb3fee5d-9860-4631-8375-4ff50e608094'),
('98c1eb4f-fc9f-41a9-b520-b2c617039245', N'Dây điện bị đứt', 0, 'bb3fee5d-9860-4631-8375-4ff50e608094'),
('3729a2b0-9cd4-4073-b51a-59862ed71bbb', N'Sử dụng đèn pin hoặc đèn chiếu sáng', 1, '3876015a-b759-4d79-9363-8ea8c44ccf9e'),
('6019989a-2d30-433d-9696-e4c3270341e0', N'Làm việc trong bóng tối', 0, '3876015a-b759-4d79-9363-8ea8c44ccf9e'),
('cc030813-93c4-4bc0-8a54-0b67c6d68a40', N'Không cần biện pháp an toàn gì', 0, '3876015a-b759-4d79-9363-8ea8c44ccf9e'),
('c5dfa1a6-390d-4b53-b6fd-30ce2bf06bad', N'Sử dụng dụng cụ cầm tay', 0, '3876015a-b759-4d79-9363-8ea8c44ccf9e'),
('e87646f6-a6d7-4df4-9615-731b5697cd62', N'Bơm nước bị kẹt', 0, '7c7898eb-a018-4260-a1b6-08c1e01b5a3d'),
('7515ac8f-d9de-4592-b846-d6645adaeb50', N'Tắc nghẽn ống xả', 1, '7c7898eb-a018-4260-a1b6-08c1e01b5a3d'),
('b931cfb3-f04f-4b5a-bdf3-ea48480e4b2c', N'Núm điều khiển bị gãy', 0, '7c7898eb-a018-4260-a1b6-08c1e01b5a3d'),
('0da1046b-f827-4c1e-ad27-f2a12a83c115', N'Dây giũ chén bát bị rơi ra', 0, '7c7898eb-a018-4260-a1b6-08c1e01b5a3d'),
('59378435-e1aa-4e2c-8389-26e53f5dff4d', N'Ampe kế', 0, '6544622b-6b3a-4034-bf60-cd3c6222b417'),
('d6c4015d-ca21-4371-98da-8b0e1f269399', N'Vôn kế', 0, '6544622b-6b3a-4034-bf60-cd3c6222b417'),
('316aaf43-ece0-4730-8aa7-27d6e857bb17', N'Máy kiểm tra liên tục', 1, '6544622b-6b3a-4034-bf60-cd3c6222b417'),
('8a52b42b-d1f2-4ada-9aee-8ff2dc4ab64c', N'Watt kế', 0, '6544622b-6b3a-4034-bf60-cd3c6222b417'),
('251ddf04-1095-4068-bb98-6b8dd0827b55', N'Lưỡi dao bị mòn', 0, 'dae148e8-c693-4ea7-8296-30207bb8e60f'),
('4b287176-df14-4f2d-ba52-ed958707a6b2', N'Mô tơ bị quá tải', 1, 'dae148e8-c693-4ea7-8296-30207bb8e60f'),
('1cec4978-5cda-499b-8eb6-6d05e74856c9', N'Núm điều khiển bị gãy', 0, 'dae148e8-c693-4ea7-8296-30207bb8e60f'),
('ab49f504-dfc6-4259-a2c9-1f591c5aacbe', N'Dây điện bị đứt', 0, 'dae148e8-c693-4ea7-8296-30207bb8e60f'),
('45ad1878-44c9-465f-a2b9-2c2c48a25ad7', N'Sử dụng khẩu trang và kính bảo hộ', 1, '910837c7-6586-46d6-adfa-08b7bf1b01bd'),
('30314a9e-15a3-4a97-91ee-50cc853e34f0', N'Làm việc trong môi trường bụi bẩn', 0, '910837c7-6586-46d6-adfa-08b7bf1b01bd'),
('c90eb4d6-f08d-4a31-9a13-016c7108bf4c', N'Không cần biện pháp an toàn gì', 0, '910837c7-6586-46d6-adfa-08b7bf1b01bd'),
('9d6c2bb6-064f-442d-8b44-cc0a8fae5140', N'Sử dụng dụng cụ cầm tay', 0, '910837c7-6586-46d6-adfa-08b7bf1b01bd'),
('cc9df58c-25df-4bc7-a71c-182fa65c038c', N'Quạt hút bị kẹt', 0, '5875837a-1f90-4120-b191-8e4c10430f66'),
('353a74e6-36dd-487a-bcae-7afe7bb3ca9c', N'Tắc nghẽn ống khói', 1, '5875837a-1f90-4120-b191-8e4c10430f66'),
('567d7e19-fd65-4e01-8a49-1f470fc1438d', N'Núm điều khiển bị gãy', 0, '5875837a-1f90-4120-b191-8e4c10430f66'),
('4433951c-0bd2-473b-9b7a-f070a9a42390', N'Dây điện bị đứt', 0, '5875837a-1f90-4120-b191-8e4c10430f66'),
('e2878ed7-6ec6-4b10-a008-13f78f4e553f', N'Ampe kế', 0, '4e9ee70f-1391-47d5-82ee-ce9186cd5b47'),
('e72c2b5e-52f0-4c2c-a187-caa6713cb791', N'Vôn kế', 0, '4e9ee70f-1391-47d5-82ee-ce9186cd5b47'),
('afc4a65a-b565-4741-897b-c174adf84c88', N'Đồng hồ vạn năng', 1, '4e9ee70f-1391-47d5-82ee-ce9186cd5b47'),
('26f7a913-a6fc-4d7c-935f-81ef652d5f00', N'Watt kế', 0, '4e9ee70f-1391-47d5-82ee-ce9186cd5b47'),
('f33b568f-77ef-4471-b55e-b7833fdd5049', N'Nhiệt độ quá cao', 0, 'cfe09f81-482d-4e3e-9fe3-51a0f2d65749'),
('8f4628b1-c410-436e-8bf9-a7362a58a1e9', N'Mô tơ bị quá tải', 1, 'cfe09f81-482d-4e3e-9fe3-51a0f2d65749'),
('6c3cc59a-d068-4955-86b0-d4184494b296', N'Núm điều khiển bị gãy', 0, 'cfe09f81-482d-4e3e-9fe3-51a0f2d65749'),
('d2d109d0-e567-4be4-ad78-3d66bad740f3', N'Dây điện bị đứt', 0, 'cfe09f81-482d-4e3e-9fe3-51a0f2d65749'),
('5c985e5d-7c43-4f6b-989a-41d08bbe867f', N'Sử dụng dụng cụ cách điện', 1, 'e31a04c4-c3cf-413b-8d64-312b0f7f0ef5'),
('88c5ef35-b3ba-42a8-b2bc-19756c458478', N'Làm việc trong môi trường ẩm ướt', 0, 'e31a04c4-c3cf-413b-8d64-312b0f7f0ef5'),
('93b38766-4ddd-440d-bcf4-4eaf5c2654c6', N'Không cần biện pháp an toàn gì', 0, 'e31a04c4-c3cf-413b-8d64-312b0f7f0ef5'),
('0bcc45e4-6789-463c-bf33-cfc5852997a9', N'Sử dụng dụng cụ bằng kim loại', 0, 'e31a04c4-c3cf-413b-8d64-312b0f7f0ef5'),
('0271d411-6c05-4e72-a224-16bcf3447a72', N'Lưỡi dao bị mòn', 0, 'ca50a210-5e4c-43d5-934a-ef133061ac17'),
('f0685a37-9118-4676-8a1c-a50745ba1dc6', N'Rơ le bảo vệ quá tải', 1, 'ca50a210-5e4c-43d5-934a-ef133061ac17'),
('190928d5-e982-4915-8b5d-57e9c14850bf', N'Núm điều khiển bị gãy', 0, 'ca50a210-5e4c-43d5-934a-ef133061ac17'),
('647c8114-d197-4dbe-a96b-0a4443cd00c6', N'Dây điện bị đứt', 0, 'ca50a210-5e4c-43d5-934a-ef133061ac17'),
('0a17ff75-0994-417c-924f-ae723f3efb00', N'Ampe kế', 0, 'b52d4a7c-a413-4104-a3f3-c20e1945f515'),
('dd613cff-b782-4d20-8232-73c718c29843', N'Vôn kế xoay chiều', 1, 'b52d4a7c-a413-4104-a3f3-c20e1945f515'),
('415fe119-99fa-4c27-8f32-48ed931a34bd', N'Đồng hồ vạn năng', 0, 'b52d4a7c-a413-4104-a3f3-c20e1945f515'),
('3d8b6fb9-618a-4ec3-be0b-1c8ed6e1bc6c', N'Máy kiểm tra liên tục', 0, 'b52d4a7c-a413-4104-a3f3-c20e1945f515'),
('fefa2dd3-14d1-4b4f-903e-3787ac212631', N'Quạt tản nhiệt bị kẹt', 0, 'de07a94d-917c-47c4-81bd-40c2d624cf1f'),
('2187c4f8-6ab8-4caa-9a20-d35d2c3f0eab', N'Mô tơ bị quá tải', 0, 'de07a94d-917c-47c4-81bd-40c2d624cf1f'),
('18fad280-20ee-4157-9c6a-a6b74c391362', N'Rơ le nhiệt độ bị hỏng', 1, 'de07a94d-917c-47c4-81bd-40c2d624cf1f'),
('6ec92e03-3d53-43b3-8730-3daff9d938e5', N'Dây điện bị đứt', 0, 'de07a94d-917c-47c4-81bd-40c2d624cf1f'),
('6a8e1181-311e-43da-9056-acf99b6d865c', N'Sử dụng găng tay cách điện', 1, '464b6984-391c-4e06-af0d-d7decd8b2556'),
('f06871e3-4d70-4267-b760-afae088a1c98', N'Làm việc trong môi trường ẩm ướt', 0, '464b6984-391c-4e06-af0d-d7decd8b2556'),
('ad4d1170-f91c-4872-b569-e22be968aaae', N'Không cần biện pháp an toàn gì', 0, '464b6984-391c-4e06-af0d-d7decd8b2556'),
('70f73b33-e06a-40b9-a973-bea4a5091809', N'Sử dụng dụng cụ bằng kim loại', 0, '464b6984-391c-4e06-af0d-d7decd8b2556'),
('44c7d6d6-3706-488f-8f73-263a9de8c508', N'Bình chứa nước bị rò rỉ', 0, '1a09358e-c818-43ef-858c-b26378fc19a4'),
('719c9288-58de-4f82-b4ad-9c02518e8959', N'Rơ le bảo vệ quá tải', 1, '1a09358e-c818-43ef-858c-b26378fc19a4'),
('b899bfa3-6f84-423b-82e9-ffb59658b55a', N'Núm điều khiển bị gãy', 0, '1a09358e-c818-43ef-858c-b26378fc19a4'),
('5189ff91-479a-4b41-ad77-318450789442', N'Dây điện bị đứt', 0, '1a09358e-c818-43ef-858c-b26378fc19a4'),
('312dc35e-6a17-4848-8c7e-0a66b2ba5869', N'Ampe kế', 0, '8aa6deb2-0349-46d5-884e-8bf67a5793a6'),
('68cf8189-3099-4db2-84b4-47919fc8b5e3', N'Vôn kế một chiều', 1, '8aa6deb2-0349-46d5-884e-8bf67a5793a6'),
('ba684d2c-4c1e-4537-8f64-1a3caf79ccfa', N'Máy kiểm tra liên tục', 0, '8aa6deb2-0349-46d5-884e-8bf67a5793a6'),
('9af6e67b-7d47-455c-9aa7-91a20381438c', N'Watt kế', 0, '8aa6deb2-0349-46d5-884e-8bf67a5793a6'),
('240f482c-31d2-4741-a4b5-c6f2d73c8982', N'Khay đựng bánh bị kẹt', 0, 'a5c8a0b4-4dea-4a0c-96ff-fc7c4867d3a7'),
('4f361328-27bc-447a-8e27-2b8e2357270a', N'Rơ le nhiệt độ bị hỏng', 1, 'a5c8a0b4-4dea-4a0c-96ff-fc7c4867d3a7'),
('3ab00274-7c5c-4149-a3c3-01e43ed9b9e2', N'Núm điều khiển bị gãy', 0, 'a5c8a0b4-4dea-4a0c-96ff-fc7c4867d3a7'),
('de03e5de-8149-41aa-aedc-dfdd7ce264b3', N'Dây điện bị đứt', 0, 'a5c8a0b4-4dea-4a0c-96ff-fc7c4867d3a7'),
('957b8cd4-8825-43c7-ae7d-7ab48cf02110', N'Sử dụng dụng cụ chống tia lửa', 1, '3e7edf0d-05c9-432a-9227-483ad4d1c8d2'),
('ed83629e-f358-4919-96dc-2f885319d132', N'Làm việc trong môi trường khói bụi', 0, '3e7edf0d-05c9-432a-9227-483ad4d1c8d2'),
('c8c83167-b390-403a-8d02-bad5d00654cb', N'Không cần biện pháp an toàn gì', 0, '3e7edf0d-05c9-432a-9227-483ad4d1c8d2'),
('ee5b6da9-96f8-443e-8dac-302932d7a5c6', N'Sử dụng dụng cụ bằng kim loại', 0, '3e7edf0d-05c9-432a-9227-483ad4d1c8d2'),
('03e0c259-9ba8-415c-bcdd-9fcfb90643f0', N'Lưỡi trộn bị kẹt', 0, '0ddc877d-65e1-475c-bdfd-67d227a33d6a'),
('89b01039-91ab-4b65-8131-ead520107685', N'Rơ le bảo vệ quá tải', 1, '0ddc877d-65e1-475c-bdfd-67d227a33d6a'),
('3ba66e2c-b8df-45a9-8621-53be59233b31', N'Núm điều khiển bị gãy', 0, '0ddc877d-65e1-475c-bdfd-67d227a33d6a'),
('8799516b-5d18-4624-8fdd-4b429877f1ec', N'Dây điện bị đứt', 0, '0ddc877d-65e1-475c-bdfd-67d227a33d6a'),
('f1dc4510-2a5b-47b8-a45e-c468019b5097', N'Ampe kế', 0, 'a6201005-2eef-4a55-a07f-32a97071c039'),
('7b4f8e04-0ed0-438d-a053-2359dd08617b', N'Vôn kế', 0, 'a6201005-2eef-4a55-a07f-32a97071c039'),
('c9b77a90-e772-4fef-ba38-e51586a175b7', N'Máy kiểm tra liên tục', 1, 'a6201005-2eef-4a55-a07f-32a97071c039'),
('70d4e36b-4bc5-4510-b3c0-1bef79cb2224', N'Watt kế', 0, 'a6201005-2eef-4a55-a07f-32a97071c039'),
('badcab88-94cf-4d04-bf7c-efefe256e7c7', N'Quạt hút bị kẹt', 0, '3dc44668-e36f-44bd-a3ac-7fc35bf282fb'),
('d88a69b3-8783-4080-bce9-2f4b634896d2', N'Tắc nghẽn ống khói', 1, '3dc44668-e36f-44bd-a3ac-7fc35bf282fb'),
('ed91a507-1775-4e3b-9124-db4b21d4e49f', N'Núm điều khiển bị gãy', 0, '3dc44668-e36f-44bd-a3ac-7fc35bf282fb'),
('9da76112-1b12-4157-a652-62a2c8a4c807', N'Dây điện bị đứt', 0, '3dc44668-e36f-44bd-a3ac-7fc35bf282fb'),
('94c494bf-50c5-4afe-aad5-69d626b58c1a', N'Sử dụng giày cách điện', 1, '31a0a730-02fe-43b1-a31f-ce23d78a15b9'),
('9b0bc226-42d0-447a-b1c0-5ff158fe23ad', N'Làm việc trên sàn ướt', 0, '31a0a730-02fe-43b1-a31f-ce23d78a15b9'),
('ecafcfe4-bd1e-4f47-9f3d-fdf243d249c7', N'Không cần biện pháp an toàn gì', 0, '31a0a730-02fe-43b1-a31f-ce23d78a15b9'),
('1be13c5b-2a34-46d8-b369-3a6bed7b65fb', N'Sử dụng dụng cụ bằng kim loại', 0, '31a0a730-02fe-43b1-a31f-ce23d78a15b9'),
('f0382e3b-e02c-4821-ab84-781853ae9384', N'Bàn chải bị mòn', 0, 'bb75f02a-8b42-494a-9f40-375492a9a0c4'),
('16373356-5c31-42b6-a32e-f2000406ab39', N'Mô tơ bị quá tải', 1, 'bb75f02a-8b42-494a-9f40-375492a9a0c4'),
('edbf62df-d026-4373-88fc-f8c4a3fbe5a9', N'Núm điều khiển bị gãy', 0, 'bb75f02a-8b42-494a-9f40-375492a9a0c4'),
('ae67817f-55d0-437c-acca-058b6dd2a788', N'Dây điện bị đứt', 0, 'bb75f02a-8b42-494a-9f40-375492a9a0c4'),
('e298d722-1be4-446c-b6f4-51d8d91c0ba2', N'Ampe kế', 0, '4de36857-233e-4aed-a1bc-15ed3b6ed500'),
('8dce9e3c-0557-4cf6-9e0c-096f329d5d4e', N'Vôn kế', 0, '4de36857-233e-4aed-a1bc-15ed3b6ed500'),
('8e665284-ac77-4a8c-9d1f-21d191ed0dfe', N'Máy kiểm tra liên tục', 0, '4de36857-233e-4aed-a1bc-15ed3b6ed500'),
('1d147130-c15f-4a83-9c80-b6a3715bdcbe', N'Máy dò sự cố mạch điện', 1, '4de36857-233e-4aed-a1bc-15ed3b6ed500'),
('306b3fb6-2731-4984-887c-d7753009ed64', N'Que đánh trứng bị kẹt', 0, '9004a94b-7824-4374-8377-d14d91067e72'),
('05f71785-b8a7-4226-b2e8-36c8c2767903', N'Rơ le bảo vệ quá tải', 1, '9004a94b-7824-4374-8377-d14d91067e72'),
('e3dcdfd5-173e-45ad-9ed6-f935678d50c1', N'Núm điều khiển bị gãy', 0, '9004a94b-7824-4374-8377-d14d91067e72'),
('5a19057d-35ea-4c3f-9a6e-6932cf89be99', N'Dây điện bị đứt', 0, '9004a94b-7824-4374-8377-d14d91067e72'),
('a541908e-095d-4f1e-9f8d-a11f94520d8c', N'Sử dụng khay cách điện', 1, 'e494e8c4-aacd-438a-b8d8-b73e232aff68'),
('33acbe56-5a80-4499-bd96-c5a88c54527d', N'Làm việc trên sàn lát gạch men', 0, 'e494e8c4-aacd-438a-b8d8-b73e232aff68'),
('1be791a8-97b0-41c3-b12a-1670d08a4754', N'Không cần biện pháp an toàn gì', 0, 'e494e8c4-aacd-438a-b8d8-b73e232aff68'),
('53f4c475-9488-4ec2-bc81-ef36c7dfd6a8', N'Sử dụng dụng cụ bằng kim loại', 0, 'e494e8c4-aacd-438a-b8d8-b73e232aff68'),
('ff3df9df-6421-4fb2-a263-3cee46d8c15a', N'Quạt hút bị kẹt', 0, '594f33dc-c1d6-47ee-8d6d-dc72931289b8'),
('7438ffa8-c415-44a7-a3fe-cdd6bb0ae4b5', N'Túi chứa đầy bụi', 1, '594f33dc-c1d6-47ee-8d6d-dc72931289b8'),
('c33463a2-4ea4-4aff-84e4-43ada874606e', N'Núm điều khiển bị gãy', 0, '594f33dc-c1d6-47ee-8d6d-dc72931289b8'),
('044dd1a6-0a98-494a-8457-e3685a5888b5', N'Dây điện bị đứt', 0, '594f33dc-c1d6-47ee-8d6d-dc72931289b8'),
('f500c5f3-d4e6-4bf1-8c29-53664883fa83', N'Ampe kế', 0, 'b96cc54b-bf0c-41dc-a15c-ee4cea216140'),
('1355dc09-fae1-4f59-ac5b-74cf676b256b', N'Vôn kế', 0, 'b96cc54b-bf0c-41dc-a15c-ee4cea216140'),
('a590a9e5-6c17-4759-ba23-a139fa2b4aad', N'Máy kiểm tra liên tục', 0, 'b96cc54b-bf0c-41dc-a15c-ee4cea216140'),
('ef0b1f36-5242-4bab-81c4-de39e0d670de', N'Máy dò rò rỉ điện', 1, 'b96cc54b-bf0c-41dc-a15c-ee4cea216140'),
('f9ae303b-e793-4f06-beda-fa5f24255edc', N'Cân bằng ly bị mất', 0, 'a91feecf-7971-42ff-9b5d-6c64d5055a6b'),
('dca417ed-6594-48dc-ba76-67b80f42e5bc', N'Rơ le bảo vệ quá tải', 1, 'a91feecf-7971-42ff-9b5d-6c64d5055a6b'),
('293c737f-2777-411d-b594-e2080aa78877', N'Núm điều khiển bị gãy', 0, 'a91feecf-7971-42ff-9b5d-6c64d5055a6b'),
('98724b01-b671-4fec-81ad-7efa9acd435e', N'Dây điện bị đứt', 0, 'a91feecf-7971-42ff-9b5d-6c64d5055a6b'),
('6f93c7d6-4d6c-4e1a-9cca-455a9ad2216b', N'Sử dụng dụng cụ chống tia lửa', 1, '8d3a8d05-dc96-403d-9f4d-636ea5895900'),
('8760251a-8a56-4318-ab37-33256d448d68', N'Làm việc trong không gian hẹp', 0, '8d3a8d05-dc96-403d-9f4d-636ea5895900'),
('6b622ab1-aecb-4788-ab24-f862c590bcc1', N'Không cần biện pháp an toàn gì', 0, '8d3a8d05-dc96-403d-9f4d-636ea5895900'),
('0f1203fe-9631-44af-bf5e-06a3f919b92f', N'Sử dụng dụng cụ bằng kim loại', 0, '8d3a8d05-dc96-403d-9f4d-636ea5895900'),
('0a11ea91-e957-46e7-b063-2206113cd653', N'Quạt thông gió bị kẹt', 0, 'c5758c30-2859-46f2-9e47-bb84a1cd6b6d'),
('e6bfea25-6327-44fd-845f-adaf1443fa09', N'Rơ le nhiệt độ bị hỏng', 1, 'c5758c30-2859-46f2-9e47-bb84a1cd6b6d'),
('6654dea4-0e15-432c-b29d-abc33c73215c', N'Cửa không đóng kín', 0, 'c5758c30-2859-46f2-9e47-bb84a1cd6b6d'),
('fd6e8185-dc9d-4eb8-9fb2-3bac45b73b29', N'Dây giũ quần áo bị rơi ra', 0, 'c5758c30-2859-46f2-9e47-bb84a1cd6b6d'),
('33ec74e3-12a4-4369-97e1-767ceddea27d', N'Ampe kế', 0, '0a8aa6eb-a670-45a1-8ae6-a734f00d3ee6'),
('a1cd66d5-d110-40bd-b242-761a60d236b3', N'Vôn kế', 0, '0a8aa6eb-a670-45a1-8ae6-a734f00d3ee6'),
('bc483500-7554-42a5-b526-a42edd8d7df1', N'Máy kiểm tra liên tục', 0, '0a8aa6eb-a670-45a1-8ae6-a734f00d3ee6'),
('f296ed86-6d63-4da1-91ec-777e84a19c03', N'Máy kiểm tra mạch', 1, '0a8aa6eb-a670-45a1-8ae6-a734f00d3ee6'),
('f85bef39-5252-456c-b6b6-007ec1f86021', N'Lưỡi dao bị mòn', 0, '799f0362-0a0c-4640-a5a2-c45dccd3af5d'),
('79e7eb58-882e-45d7-8032-c74729c4046b', N'Mô tơ bị quá tải', 1, '799f0362-0a0c-4640-a5a2-c45dccd3af5d'),
('1e397ef6-bbf8-4b85-aef9-2f0fb9479121', N'Núm điều khiển bị gãy', 0, '799f0362-0a0c-4640-a5a2-c45dccd3af5d'),
('e7b1694c-8ed7-45f1-b83b-793445c66941', N'Dây điện bị đứt', 0, '799f0362-0a0c-4640-a5a2-c45dccd3af5d'),
('15c85370-645c-4305-889d-1ae5690fe6c0', N'Sử dụng dụng cụ chống tia lửa', 1, '45cde067-38d0-453b-b5bb-3ef2f9cd5f33'),
('58776972-0d57-43a5-a5cc-9640d27d1b3b', N'Làm việc trong không gian hẹp', 0, '45cde067-38d0-453b-b5bb-3ef2f9cd5f33'),
('cb1af304-2d2c-43a4-a59b-3511381c935e', N'Không cần biện pháp an toàn gì', 0, '45cde067-38d0-453b-b5bb-3ef2f9cd5f33'),
('7e229e16-1d58-4164-b5a8-d768d1a96414', N'Sử dụng dụng cụ bằng kim loại', 0, '45cde067-38d0-453b-b5bb-3ef2f9cd5f33'),
('1e0b7edb-35a0-4f07-a38c-99b423e2463d', N'Lưỡi dao bị mòn', 0, 'ae433595-0dc1-446f-a5df-b652426274b4'),
('ab5fa2a0-87cf-42d6-a194-f665d2a585a3', N'Rơ le bảo vệ quá tải', 1, 'ae433595-0dc1-446f-a5df-b652426274b4'),
('ce4258ea-d5e3-42a2-8a9e-691cef9aba42', N'Núm điều khiển bị gãy', 0, 'ae433595-0dc1-446f-a5df-b652426274b4'),
('73181f5d-635c-4507-8c8a-63e7dc7a27e6', N'Dây điện bị đứt', 0, 'ae433595-0dc1-446f-a5df-b652426274b4'),
('49bea1c1-b00b-4e77-b1fb-dafcc15b7377', N'Ampe kế', 0, '1f1bc517-3daf-4e61-891a-fed42b2f112a'),
('5fea0393-2526-4e27-b5e8-9f3807dbfcd0', N'Vôn kế', 0, '1f1bc517-3daf-4e61-891a-fed42b2f112a'),
('493bf161-9509-4972-964f-fce22960c9b7', N'Máy kiểm tra liên tục', 0, '1f1bc517-3daf-4e61-891a-fed42b2f112a'),
('f1182a80-d68c-4e72-b23e-eccdb1eced5a', N'Máy dò rò rỉ điện', 1, '1f1bc517-3daf-4e61-891a-fed42b2f112a'),
('279da510-d1c9-4b4e-803e-f25f3107adfa', N'Lưỡi dao bị mòn', 0, '7327464b-6171-41c7-9eed-041d5cd78046'),
('4755ccd9-e12b-47c2-b4c9-5083f147e64c', N'Rơ le bảo vệ quá tải', 1, '7327464b-6171-41c7-9eed-041d5cd78046'),
('26fb418f-1ba4-48ba-a2d2-d74fbc315b56', N'Núm điều khiển bị gãy', 0, '7327464b-6171-41c7-9eed-041d5cd78046'),
('08c364dc-a221-47b4-9edb-98342a45d745', N'Dây điện bị đứt', 0, '7327464b-6171-41c7-9eed-041d5cd78046'),
('3312383b-9d2e-4233-9f54-9db656272832', N'Sử dụng khay cách điện', 1, '324d4da1-78a5-45e9-83ee-cc79c9e4799a'),
('c9c74ae1-14f2-4887-82e9-705184c1f9d2', N'Làm việc trên sàn lát gạch men', 0, '324d4da1-78a5-45e9-83ee-cc79c9e4799a'),
('d9d45393-9e97-4c43-b09b-bf7c32cbd477', N'Không cần biện pháp an toàn gì', 0, '324d4da1-78a5-45e9-83ee-cc79c9e4799a'),
('82a05c3c-d503-4085-a581-51857b1ba3db', N'Sử dụng dụng cụ bằng kim loại', 0, '324d4da1-78a5-45e9-83ee-cc79c9e4799a'),
('0bf526e9-8a92-46d9-938f-7e53ced491eb', N'Bộ nguồn bị hỏng', 1, '3d6ccb2c-a649-454a-8bce-5dbc10ab4f04'),
('5f206590-8c4d-41f9-8d9d-262f0cac1f43', N'Quạt làm mát bị kẹt', 0, '3d6ccb2c-a649-454a-8bce-5dbc10ab4f04'),
('b2d541d8-becc-4a64-abc9-bc8c0002558e', N'Núm điều khiển bị gãy', 0, '3d6ccb2c-a649-454a-8bce-5dbc10ab4f04'),
('fdd74802-9c51-4bbe-a4bb-d3f944fe8f9e', N'Dây điện bị đứt', 0, '3d6ccb2c-a649-454a-8bce-5dbc10ab4f04'),
('775409bb-a448-400c-8ac5-6def5e7d24b8', N'Ampe kế', 0, 'e13c503e-b463-49a7-a81f-ca3f83c03ae8'),
('5256c200-2d82-4d9c-b144-73655f3c54fa', N'Vôn kế', 0, 'e13c503e-b463-49a7-a81f-ca3f83c03ae8'),
('848d9127-ebdb-468e-a992-ea8fa1d7513f', N'Máy kiểm tra liên tục', 0, 'e13c503e-b463-49a7-a81f-ca3f83c03ae8'),
('65acb7a8-3f72-40a2-8495-203d9547c2d3', N'Máy dò sự cố mạch điện', 1, 'e13c503e-b463-49a7-a81f-ca3f83c03ae8'),
('e3c932dd-5c16-4292-93fe-2399eae0812b', N'Bình chứa nước bị rò rỉ', 0, 'c824135b-b8c6-4428-bc1f-3e45552316d7'),
('97d77ed2-6dbc-475d-9362-a5c9af2dbb73', N'Rơ le bảo vệ quá tải', 1, 'c824135b-b8c6-4428-bc1f-3e45552316d7'),
('571ac356-40a5-4496-8de6-cde98c7120c5', N'Núm điều khiển bị gãy', 0, 'c824135b-b8c6-4428-bc1f-3e45552316d7'),
('18bceacc-2aaa-400e-a1e7-0c629b040497', N'Dây điện bị đứt', 0, 'c824135b-b8c6-4428-bc1f-3e45552316d7'),
('d740eb53-4744-4ebb-8e86-c17de05a76d5', N'Sử dụng găng tay cách điện', 1, '15668455-d765-42ce-adea-069a61da1e6f'),
('e448204c-07ad-49b2-9079-732d841e3f9e', N'Làm việc trong môi trường ẩm ướt', 0, '15668455-d765-42ce-adea-069a61da1e6f'),
('3c43b51a-2118-4abe-af6f-665daf5d97ec', N'Không cần biện pháp an toàn gì', 0, '15668455-d765-42ce-adea-069a61da1e6f'),
('26cb0a19-4171-4235-ad00-3990aba06be7', N'Sử dụng dụng cụ bằng kim loại', 0, '15668455-d765-42ce-adea-069a61da1e6f'),
('bd5c631f-bfba-4227-a605-69dc8b293f15', N'Que đánh trứng bị kẹt', 0, 'c76173c8-9450-41f9-8018-f3a72283b766'),
('4d2b751d-78ce-4f64-b249-5af221a4f34a', N'Rơ le bảo vệ quá tải', 1, 'c76173c8-9450-41f9-8018-f3a72283b766'),
('23129360-d6c6-4cc1-9a93-456f0141ba2e', N'Núm điều khiển bị gãy', 0, 'c76173c8-9450-41f9-8018-f3a72283b766'),
('9180d980-4c70-42c1-aac8-cce1dc3ff761', N'Dây điện bị đứt', 0, 'c76173c8-9450-41f9-8018-f3a72283b766'),
('79c1805a-526a-42bb-8f7f-ae165d84d8a6', N'Ampe kế', 0, 'e2e7eb0a-111d-4021-b7ec-e13735f648b3'),
('5bc06cd0-177d-4da0-91b7-9f76065c84a4', N'Vôn kế', 0, 'e2e7eb0a-111d-4021-b7ec-e13735f648b3'),
('6122b8c6-1a19-4738-b463-fa2107632a84', N'Máy kiểm tra liên tục', 0, 'e2e7eb0a-111d-4021-b7ec-e13735f648b3'),
('cdb04efe-34c5-4601-95c4-3d38d10e8bc2', N'Máy dò rò rỉ điện', 1, 'e2e7eb0a-111d-4021-b7ec-e13735f648b3'),
('38bfd94a-188b-4467-9e4f-d62afcbed6a7', N'Khay đá bị kẹt', 0, '1269ba65-41de-474a-a126-21951944125c'),
('94aecd90-116e-42d8-87e6-0a7b3057a4bd', N'Rơ le nhiệt độ bị hỏng', 1, '1269ba65-41de-474a-a126-21951944125c'),
('4e745a25-9ab1-450b-8a97-8b3a9876940d', N'Núm điều khiển bị gãy', 0, '1269ba65-41de-474a-a126-21951944125c'),
('e4dbfc8e-ce4c-4dbe-a663-ac649decebc5', N'Dây điện bị đứt', 0, '1269ba65-41de-474a-a126-21951944125c'),
('27a4f3d4-cdb1-48cf-b8e2-f92858fe5178', N'Sử dụng tấm lót cách điện', 1, 'b2332166-4485-4065-be92-1047442092f7'),
('20ba4d3c-d62b-4864-8000-c7ea29150e34', N'Làm việc trong môi trường ẩm ướt', 0, 'b2332166-4485-4065-be92-1047442092f7'),
('25a68600-0b76-4d0b-adc7-7bd9f0594f46', N'Không cần biện pháp an toàn gì', 0, 'b2332166-4485-4065-be92-1047442092f7'),
('897b2a04-bbbc-46d4-8cf2-aea41bfa23b2', N'Sử dụng dụng cụ bằng kim loại', 0, 'b2332166-4485-4065-be92-1047442092f7'),
('34f38de4-4209-4795-84bc-448713820fc0', N'Lưỡi dao bị mòn', 0, '32f3a68d-6eaf-45fb-8434-70028a695d0b'),
('2474c454-48e1-45d8-abc0-989ea05f4751', N'Mô tơ bị quá tải', 1, '32f3a68d-6eaf-45fb-8434-70028a695d0b'),
('d15d0468-1d3c-4a0a-8f04-b336a9703008', N'Núm điều khiển bị gãy', 0, '32f3a68d-6eaf-45fb-8434-70028a695d0b'),
('168594b0-0b32-4c5e-a7f0-cd5b7eb9a948', N'Dây điện bị đứt', 0, '32f3a68d-6eaf-45fb-8434-70028a695d0b'),
('d727310e-1be8-4465-b195-2677fb1f8848', N'Ampe kế xoay chiều', 1, 'e7a703dd-09f3-4979-a7ed-2f19e4256d9f'),
('f9c4ed09-5817-4674-b25b-36de57ccbc7f', N'Vôn kế', 0, 'e7a703dd-09f3-4979-a7ed-2f19e4256d9f'),
('7838219d-00dd-4656-ac37-d385d39a3941', N'Máy kiểm tra liên tục', 0, 'e7a703dd-09f3-4979-a7ed-2f19e4256d9f'),
('7b404170-bf4f-4e1d-be06-b69c93e614e2', N'Máy dò rò rỉ điện', 0, 'e7a703dd-09f3-4979-a7ed-2f19e4256d9f'),
('d87c6e2d-b4ec-417f-b6ef-ae9859048378', N'Lỏng ốc vít', 0, '4d4d7e77-43dd-4ed2-8ec3-ec2b3089eecd'),
('720e569f-3670-4c45-aa74-8f3097d3d2a6', N'Quạt tản nhiệt bị hỏng', 0, '4d4d7e77-43dd-4ed2-8ec3-ec2b3089eecd'),
('909df700-bb03-45cb-9c5f-4aee4f841b58', N'Gỉ sét hoặc rung động', 1, '4d4d7e77-43dd-4ed2-8ec3-ec2b3089eecd'),
('3cf492b9-c5d0-4600-85cf-5dbdcb54b8cf', N'Dây điện bị đứt', 0, '4d4d7e77-43dd-4ed2-8ec3-ec2b3089eecd'),
('fe92a055-ce95-4aac-93b9-9fb0b43d27d0', N'Sử dụng tấm lót cách điện', 1, 'fe136a53-aed2-442d-bbbe-1edcee2ce320'),
('40f48796-10a1-476a-b43e-7de11e5d38be', N'Làm việc trong môi trường ẩm ướt', 0, 'fe136a53-aed2-442d-bbbe-1edcee2ce320'),
('108fd510-4d9f-46b1-b7d9-2339bf768b0e', N'Không cần biện pháp an toàn gì', 0, 'fe136a53-aed2-442d-bbbe-1edcee2ce320'),
('e699299e-a471-40f8-8ad8-3300bf4d5518', N'Sử dụng dụng cụ bằng kim loại', 0, 'fe136a53-aed2-442d-bbbe-1edcee2ce320'),
('0cbd48f5-0cdf-4afc-826b-58fcbd1667da', N'Quạt hút bị kẹt', 0, 'c1f3e0d1-a3d0-4353-9d93-2fa139981786'),
('71ff0db6-c385-4708-b6b5-145d7e32546b', N'Tắc nghẽn ống khói', 1, 'c1f3e0d1-a3d0-4353-9d93-2fa139981786'),
('b080a66f-51da-40f0-87eb-ee76c2753428', N'Núm điều khiển bị gãy', 0, 'c1f3e0d1-a3d0-4353-9d93-2fa139981786'),
('dea00df0-a90b-488c-a1db-e901b0ef9826', N'Dây điện bị đứt', 0, 'c1f3e0d1-a3d0-4353-9d93-2fa139981786'),
('a048e916-c35d-4f74-ae84-017c7ed7eb57', N'Ampe kế', 0, 'efd9e2ef-744b-4dd3-ba67-d02aafdbb78e'),
('cda9287d-b295-4077-acb4-ea87e8165483', N'Vôn kế', 0, 'efd9e2ef-744b-4dd3-ba67-d02aafdbb78e'),
('89a7712a-2f07-40aa-aeda-c28548516b9a', N'Máy kiểm tra liên tục', 0, 'efd9e2ef-744b-4dd3-ba67-d02aafdbb78e'),
('4dbc1650-a35c-4c4d-be69-f342db8786ed', N'Máy kiểm tra mạch', 1, 'efd9e2ef-744b-4dd3-ba67-d02aafdbb78e'),
('f77b0dc9-ab47-409f-81ba-8a7fbfd37f58', N'Quạt hút bị kẹt', 0, '649af9fa-3178-4218-b890-73f7b62f3870'),
('61172964-ab25-4278-9f49-b6b5acd3e7d3', N'Túi chứa đầy bụi', 1, '649af9fa-3178-4218-b890-73f7b62f3870'),
('ddd748a6-82c9-46dd-b70c-85eb2ba7904a', N'Núm điều khiển bị gãy', 0, '649af9fa-3178-4218-b890-73f7b62f3870'),
('ba27f8dc-57a2-46f9-9f1d-eb5edf5d533a', N'Dây điện bị đứt', 0, '649af9fa-3178-4218-b890-73f7b62f3870'),
('00b5fd32-35bc-4b8b-b276-90ab9abfbedb', N'Sử dụng dụng cụ chống tia lửa', 1, '077b808d-e458-4394-a181-14dedd3086c3'),
('480f7abe-d001-41ab-993a-14640d97def1', N'Làm việc trong không gian hẹp', 0, '077b808d-e458-4394-a181-14dedd3086c3'),
('0936f26a-cb84-4e4d-ad8a-9738280eaaf1', N'Không cần biện pháp an toàn gì', 0, '077b808d-e458-4394-a181-14dedd3086c3'),
('d986896f-88ec-4d94-b32e-f8606517257d', N'Sử dụng dụng cụ bằng kim loại', 0, '077b808d-e458-4394-a181-14dedd3086c3'),
('55b0c912-1156-463d-b7a8-e49b41938e70', N'Xà phòng nhẹ', 1, '9c90aa54-433e-4d48-99c1-2d0a728b86b7'),
('00cf7619-487c-4d4e-a38e-80bc82c4ddb9', N'Dầu gội', 0, '9c90aa54-433e-4d48-99c1-2d0a728b86b7'),
('3b8e53d6-035d-4fae-91af-924191bc6ba8', N'Chất tẩy rửa mạnh', 0, '9c90aa54-433e-4d48-99c1-2d0a728b86b7'),
('0ad932d6-0afd-4027-9793-de42fa916627', N'Nước lau sàn', 0, '9c90aa54-433e-4d48-99c1-2d0a728b86b7'),
('cc8de4cf-7c03-4c6a-9614-7b51e503db73', N'Sử dụng chất tẩy rửa mạnh', 0, 'f88db081-70a6-4fac-bbfc-f0f7e1f14cf3'),
('8d98acce-4181-41be-9023-22f0dcac3b45', N'Cạo bằng dao', 0, 'f88db081-70a6-4fac-bbfc-f0f7e1f14cf3'),
('e25b5ebf-6685-4f92-a8ad-fc3322d272a7', N'Ngâm nước ấm và chà bằng bàn chải cứng', 1, 'f88db081-70a6-4fac-bbfc-f0f7e1f14cf3'),
('ad36071c-a2c2-4d6a-befc-0a8c5412970f', N'Để yên vết bẩn', 0, 'f88db081-70a6-4fac-bbfc-f0f7e1f14cf3'),
('3bd5fe47-7d92-4186-9b00-ce1564e695e5', N'Bồn tắm - Gương - Bồn vệ sinh - Sàn nhà', 1, 'db7d9e3b-f452-4626-bb32-5dbc9a84dfb0'),
('d680a5e0-ea17-46de-8e42-f6ac5453155a', N'Bồn vệ sinh - Gương - Bồn tắm - Sàn nhà', 0, 'db7d9e3b-f452-4626-bb32-5dbc9a84dfb0'),
('5d33fe82-3aa3-4628-92e0-a05a024acc67', N'Sàn nhà - Bồn tắm - Gương - Bồn vệ sinh', 0, 'db7d9e3b-f452-4626-bb32-5dbc9a84dfb0'),
('aa19edcc-2518-4382-88ce-03662bf104d3', N'Gương - Bồn tắm - Bồn vệ sinh - Sàn nhà', 0, 'db7d9e3b-f452-4626-bb32-5dbc9a84dfb0'),
('759d6d3e-352e-4f44-8d33-c7ab878644db', N'Sử dụng chất tẩy rửa chuyên dụng', 1, '2e519d20-aa15-4600-bca4-1b2e40248b9c'),
('f5fd3dfd-e0c9-4f7f-a4d5-6d56d4e5419f', N'Cạo bằng dao', 0, '2e519d20-aa15-4600-bca4-1b2e40248b9c'),
('1918d91c-070b-4062-8dc4-59dfe611f1f9', N'Sử dụng giấm', 0, '2e519d20-aa15-4600-bca4-1b2e40248b9c'),
('55c85163-1270-414d-8010-2d1da1daea74', N'Để yên vết bẩn', 0, '2e519d20-aa15-4600-bca4-1b2e40248b9c'),
('703166a3-2d6b-4709-bf6b-a0540802197a', N'Tháo ráy nước đông đá, lau dọn bên trong và bên ngoài, vệ sinh dây điện', 1, '8abec294-2758-4dd4-807c-100e06284340'),
('12bd5d77-721f-4614-be40-6d36f05ee502', N'Chỉ lau dọn bên trong', 0, '8abec294-2758-4dd4-807c-100e06284340'),
('b8efa5e9-f046-4fb8-a2c8-4dbf7d22a7d6', N'Chỉ lau dọn bên ngoài', 0, '8abec294-2758-4dd4-807c-100e06284340'),
('839f699a-c725-42ad-9e2a-f22767184cbe', N'Không cần làm gì', 0, '8abec294-2758-4dd4-807c-100e06284340'),
('f7653808-b56b-4c2d-bbdb-25fabaec796d', N'Hút bụi thường xuyên và sử dụng máy giặt thảm định kỳ', 1, 'c3f2e17c-4bb2-424f-8351-0eec391f980e'),
('d22726b6-78cb-4588-a0ca-80bb74acead0', N'Quét bằng chổi', 0, 'c3f2e17c-4bb2-424f-8351-0eec391f980e'),
('57994dfc-772a-43dd-a5f3-e9996bdc3d82', N'Lau bằng khăn ẩm', 0, 'c3f2e17c-4bb2-424f-8351-0eec391f980e'),
('7fdadb9e-bf46-46c3-a045-405c048ef39b', N'Không cần làm gì', 0, 'c3f2e17c-4bb2-424f-8351-0eec391f980e'),
('ad25228c-b9f2-42c5-b156-03bdd0b96beb', N'Sử dụng miếng bọt biển và xà phòng lau nhẹ nhàng', 1, 'ada398bd-22d4-41e2-a3a5-4d92e9160a9a'),
('2e4b0770-8ba0-4b6d-ad0b-438bd4a05f46', N'Cạo bằng dao', 0, 'ada398bd-22d4-41e2-a3a5-4d92e9160a9a'),
('a5e2e8b9-fd88-4f74-9069-27dd8c11facf', N'Lau bằng khăn ẩm', 0, 'ada398bd-22d4-41e2-a3a5-4d92e9160a9a'),
('b17c24e6-4d1a-4c4c-98ac-4d0753b6806c', N'Để yên vết bẩn', 0, 'ada398bd-22d4-41e2-a3a5-4d92e9160a9a'),
('bed1df7b-7d26-4452-b6de-0fb5325a3bfc', N'Quét và lau bằng dung dịch vệ sinh gỗ nhẹ', 1, 'a56c72c6-09c3-4dbf-8609-ead5f95c38b7'),
('6c6645c1-ce60-4c9e-aeb2-4dfade538f9f', N'Sử dụng chất tẩy rửa mạnh', 0, 'a56c72c6-09c3-4dbf-8609-ead5f95c38b7'),
('1e538d97-ab40-4e30-8246-e2ae834823f4', N'Lau bằng khăn ẩm', 0, 'a56c72c6-09c3-4dbf-8609-ead5f95c38b7'),
('cd507be4-096d-4622-ac32-3c6180d7a1b2', N'Không cần làm gì', 0, 'a56c72c6-09c3-4dbf-8609-ead5f95c38b7'),
('2f0f51a3-192c-48a3-baa4-795a3fba15ad', N'Sử dụng dung dịch lau kính chuyên dụng', 1, '644a6359-faeb-44cf-a21c-51f59cc8429f'),
('5a5fbac0-8eed-4edb-84be-73e63286470a', N'Lau bằng khăn khô', 0, '644a6359-faeb-44cf-a21c-51f59cc8429f'),
('05e7bf8c-fa27-4086-8e68-76f1012f5e72', N'Sử dụng giấm', 0, '644a6359-faeb-44cf-a21c-51f59cc8429f'),
('9ab27aff-b58d-4d7b-99e2-b8c0840daaec', N'Để yên vết bẩn', 0, '644a6359-faeb-44cf-a21c-51f59cc8429f'),
('2ac5652e-5690-40c2-8b20-6b7710a0e5d4', N'Hút bụi thường xuyên và sử dụng máy giặt ghế định kỳ', 1, '401ca7d1-d399-42b6-9a33-cd4a0c7cab21'),
('acfe9947-6331-4be8-8af7-29da409d13cb', N'Lau bằng khăn ẩm', 0, '401ca7d1-d399-42b6-9a33-cd4a0c7cab21'),
('8ebdf8c2-527c-4967-8209-68ec2b221de4', N'Sử dụng chất tẩy rửa mạnh', 0, '401ca7d1-d399-42b6-9a33-cd4a0c7cab21'),
('50903c3c-439d-4c71-b791-2762e8cbada8', N'Không cần làm gì', 0, '401ca7d1-d399-42b6-9a33-cd4a0c7cab21'),
('a2ee3830-9824-4bd2-b816-5db177a7275e', N'Sử dụng chất tẩy rửa nhẹ và miếng bọt biển', 1, 'ece6d559-fa59-48d2-9c04-7becbd2e1d98'),
('4348e352-14fc-43d5-b635-123e57ffaa42', N'Cạo bằng dao', 0, 'ece6d559-fa59-48d2-9c04-7becbd2e1d98'),
('e29994f3-0d44-4684-b265-f9de55a97645', N'Sử dụng chất tẩy rửa mạnh', 0, 'ece6d559-fa59-48d2-9c04-7becbd2e1d98'),
('6e5fc1b2-fc75-45ae-863c-7147e44fe333', N'Để yên vết bẩn', 0, 'ece6d559-fa59-48d2-9c04-7becbd2e1d98'),
('a9f75737-acb5-4128-92ee-d94c115313d9', N'Tháo rèm và giặt máy hoặc giặt tay', 1, 'f1240922-4a6f-4f0b-8945-b37afbe718f1'),
('58ab99b4-7b79-4a45-8038-19044c0dd22b', N'Lau bằng khăn ẩm', 0, 'f1240922-4a6f-4f0b-8945-b37afbe718f1'),
('5fa83f1a-7c09-468a-bab9-e907191148c8', N'Sử dụng chất tẩy rửa mạnh', 0, 'f1240922-4a6f-4f0b-8945-b37afbe718f1'),
('6e5ad7a7-f9ba-4e55-ae5a-a30d58be2b2d', N'Không cần làm gì', 0, 'f1240922-4a6f-4f0b-8945-b37afbe718f1'),
('07d7d95f-4023-44c0-b3a2-4ced17f7cda0', N'Ngâm trong dung dịch nước nóng và xà phòng', 1, '25d0e08b-0178-465d-960a-9f3c9ae614d9'),
('4aa5050d-7d99-432c-9bf3-f5b8cdbf305f', N'Lau bằng khăn khô', 0, '25d0e08b-0178-465d-960a-9f3c9ae614d9'),
('4f55ed13-32b9-4748-b477-afc65c33e9ad', N'Sử dụng chất tẩy rửa mạnh', 0, '25d0e08b-0178-465d-960a-9f3c9ae614d9'),
('42d669e0-976e-4573-9a48-2534903196b4', N'Không cần làm gì', 0, '25d0e08b-0178-465d-960a-9f3c9ae614d9'),
('3c1743b7-9718-4b7c-b467-23849ef7b31b', N'Sử dụng dung dịch vệ sinh gỗ chuyên dụng', 1, '0910691d-1a71-46cd-a4e1-6b8e018f9ed2'),
('feaff1e8-f1fa-420d-8068-f52e51eb702f', N'Lau bằng khăn ẩm', 0, '0910691d-1a71-46cd-a4e1-6b8e018f9ed2'),
('e16f628c-298b-446d-a8c4-41d90e9dc326', N'Sử dụng chất tẩy rửa mạnh', 0, '0910691d-1a71-46cd-a4e1-6b8e018f9ed2'),
('dd9e7614-12a7-4b66-8d97-5d4026217584', N'Không cần làm gì', 0, '0910691d-1a71-46cd-a4e1-6b8e018f9ed2'),
('c8e32d89-97da-4d62-afbf-6caa8eb7bb88', N'Vòi nước', 1, '0871515a-1561-406d-b712-ccb071940cb9'),
('e3bbd332-680a-41b9-b269-b2a455d7e6b7', N'Sàn nhà', 0, '0871515a-1561-406d-b712-ccb071940cb9'),
('0013b709-c1df-4795-90cb-94ea3d99df0f', N'Tủ dưới', 0, '0871515a-1561-406d-b712-ccb071940cb9'),
('d3e75e07-bd1f-40e7-a156-31c8239b5e7d', N'Không quan trọng', 0, '0871515a-1561-406d-b712-ccb071940cb9'),
('b80fb175-8f6a-4a63-958c-347f1a57545d', N'Sử dụng dung dịch vệ sinh chuyên dụng', 1, 'b42deadd-ac21-4447-b52a-756b13e6c3bc'),
('08b1fa74-e289-423f-90f4-469f197984dc', N'Cạo bằng dao', 0, 'b42deadd-ac21-4447-b52a-756b13e6c3bc'),
('4ea443a9-5c90-4f2d-9f2b-62807a7fb2cc', N'Lau bằng khăn ẩm', 0, 'b42deadd-ac21-4447-b52a-756b13e6c3bc'),
('3cbb8538-e895-4fd8-987a-ea656dd70aa6', N'Để yên vết bẩn', 0, 'b42deadd-ac21-4447-b52a-756b13e6c3bc'),
('59c4570f-198f-415c-a8e2-b9bd853df402', N'Sử dụng dung dịch giấm và muối', 1, '81be9b3d-0ac1-4871-92ee-e70172da7298'),
('023f9c50-e2c7-45bb-b712-1f8497a5ebd2', N'Lau bằng khăn ẩm', 0, '81be9b3d-0ac1-4871-92ee-e70172da7298'),
('70dc90c8-d242-41ab-a59e-3d86aef46ac8', N'Sử dụng chất tẩy rửa mạnh', 0, '81be9b3d-0ac1-4871-92ee-e70172da7298'),
('4a7b8c04-f809-40cd-9780-26f4910c2871', N'Không cần làm gì', 0, '81be9b3d-0ac1-4871-92ee-e70172da7298'),
('6a8f5816-011f-4e33-9cb1-ba14671e5ca4', '1:3', 0, '9662f487-761c-4506-8e69-5a8546a2d659'),
('92b3c4df-9a2c-425d-bf0c-84f050a863dd', '1:1', 0, '9662f487-761c-4506-8e69-5a8546a2d659'),
('09d7b606-3a40-48c0-ac86-95b21d5d83ad', '1:10', 1, '9662f487-761c-4506-8e69-5a8546a2d659'),
('3063d90c-7ead-44f6-96ca-0663974eea3c', '1:20', 0, '9662f487-761c-4506-8e69-5a8546a2d659'),
('6aa64877-04b6-4696-b00b-f57743a7b4c9', N'Sử dụng chất tẩy rửa chuyên dụng', 1, '279594f2-5354-486e-a2a9-0f509fe1da87'),
('3e3706d0-57a6-4e6f-974d-eb1ea7d1e706', N'Lau bằng khăn ẩm', 0, '279594f2-5354-486e-a2a9-0f509fe1da87'),
('d167e81c-4235-4b20-85d2-3de12a6a9712', N'Sử dụng chất tẩy rửa mạnh', 0, '279594f2-5354-486e-a2a9-0f509fe1da87'),
('1a54ac48-3bca-4864-b54e-a86389184e2b', N'Không cần làm gì', 0, '279594f2-5354-486e-a2a9-0f509fe1da87'),
('2ee94cc6-ccbb-4305-83d5-56b5a1fe6afe', N'Sử dụng bàn chải cứng và chất tẩy rửa nhẹ', 1, '2edf6c97-d8a6-47a9-b775-1aab0cd13232'),
('dd22b906-6a8c-41b4-a0fe-48fab10106e9', N'Cạo bằng dao', 0, '2edf6c97-d8a6-47a9-b775-1aab0cd13232'),
('4eee50ab-aba8-4f1d-b71d-1e45003a246c', N'Lau bằng khăn ẩm', 0, '2edf6c97-d8a6-47a9-b775-1aab0cd13232'),
('2aa5f7c6-f3c0-46bc-8cbb-3fac78f845f6', N'Để yên vết bẩn', 0, '2edf6c97-d8a6-47a9-b775-1aab0cd13232'),
('e94bd3c9-7766-42ad-b204-12554f0c1056', N'Sử dụng dung dịch oxy già', 1, 'ca7e33ba-1b1e-4bab-b12d-25c8a9ad134e'),
('eff41215-d404-4b71-85e1-ff262a01f7e3', N'Lau bằng khăn ẩm', 0, 'ca7e33ba-1b1e-4bab-b12d-25c8a9ad134e'),
('299bc93c-77ba-4aee-a988-2c0987067ab7', N'Sử dụng chất tẩy rửa mạnh', 0, 'ca7e33ba-1b1e-4bab-b12d-25c8a9ad134e'),
('fbb3aee0-855d-4ab4-a51b-f5c88053927a', N'Không cần làm gì', 0, 'ca7e33ba-1b1e-4bab-b12d-25c8a9ad134e'),
('71e740cd-e791-4457-892f-be2e59170bdd', N'Sử dụng dung dịch giấm và nước ấm', 1, 'fb53749c-684b-4e32-925a-e134a961c22f'),
('88246ed5-c9ce-4a8c-b239-6426618ab547', N'Lau bằng khăn khô', 0, 'fb53749c-684b-4e32-925a-e134a961c22f'),
('a7f2d037-4a16-4941-abd2-d82c445deaa0', N'Sử dụng chất tẩy rửa mạnh', 0, 'fb53749c-684b-4e32-925a-e134a961c22f'),
('0984da2c-9ca3-47a2-a17e-a4e844129542', N'Không cần làm gì', 0, 'fb53749c-684b-4e32-925a-e134a961c22f'),
('592de48b-01ba-4619-a072-74e030f757a4', N'Hút bụi thường xuyên và sử dụng máy giặt đệm định kỳ', 1, '11867f1c-a27b-46a6-ba38-e250dbeb0423'),
('adef3d07-c2a6-47e8-9183-45b664d8f453', N'Lau bằng khăn ẩm', 0, '11867f1c-a27b-46a6-ba38-e250dbeb0423'),
('623ba33f-009b-40eb-8f2e-b26d9f6d5b72', N'Sử dụng chất tẩy rửa mạnh', 0, '11867f1c-a27b-46a6-ba38-e250dbeb0423'),
('d2e8b42d-1229-4851-9a12-e7e888903b15', N'Không cần làm gì', 0, '11867f1c-a27b-46a6-ba38-e250dbeb0423'),
('6a307ee4-1abe-4cd5-bc44-5e957919deac', N'Sử dụng dung dịch tẩy rửa chuyên dụng', 1, '1e22df63-fa5b-4524-a8e8-9609f307e301'),
('dd42c48d-de8e-4f2b-a127-3228ce5c9c5f', N'Cạo bằng dao', 0, '1e22df63-fa5b-4524-a8e8-9609f307e301'),
('9ce029a7-152e-4358-a53b-3fdbf341c09e', N'Lau bằng khăn ẩm', 0, '1e22df63-fa5b-4524-a8e8-9609f307e301'),
('c39ff686-b2bc-4c0b-a2f8-e5424dcc6164', N'Để yên vết bẩn', 0, '1e22df63-fa5b-4524-a8e8-9609f307e301'),
('5414974f-7db1-4351-b878-a6ecb327927e', N'Sử dụng dung dịch vệ sinh da chuyên dụng', 1, 'd64dcc66-e441-4d5c-9bf6-19f83b286279'),
('b1f93f0f-2640-4a4c-a5cb-cfde896b8427', N'Lau bằng khăn ẩm', 0, 'd64dcc66-e441-4d5c-9bf6-19f83b286279'),
('723c2883-d4e5-45c6-bae6-bbe2c6d7c67a', N'Sử dụng chất tẩy rửa mạnh', 0, 'd64dcc66-e441-4d5c-9bf6-19f83b286279'),
('00ff281f-1aa9-442c-8bd4-94fc3c89bbed', N'Không cần làm gì', 0, 'd64dcc66-e441-4d5c-9bf6-19f83b286279'),
('00aa8c69-b915-47e4-8387-9348bd31ee29', N'Dọn dẹp giường đệm - Lau chùi đồ nội thất - Quét và lau sàn nhà', 1, 'c57c6be5-6663-40c3-830e-056cb2743e29'),
('4617cda2-4c7e-45ae-8936-be221bd781b7', N'Quét và lau sàn nhà - Dọn dẹp giường đệm - Lau chùi đồ nội thất', 0, 'c57c6be5-6663-40c3-830e-056cb2743e29'),
('6d0a6957-5273-4354-8fbe-b9d6dec443d5', N'Lau chùi đồ nội thất - Dọn dẹp giường đệm - Quét và lau sàn nhà', 0, 'c57c6be5-6663-40c3-830e-056cb2743e29'),
('0e438651-7607-4980-a4f4-4b0c14540b5a', N'Không quan trọng', 0, 'c57c6be5-6663-40c3-830e-056cb2743e29'),
('f7275ba5-64a2-4cfb-84de-c060ee376454', N'Lau chùi bề mặt và dụng cụ bằng dung dịch vệ sinh chuyên dụng', 1, 'bac9ba5e-615b-4dbf-b03f-c132584a1ba4'),
('327a3f51-f9de-4fed-a167-b3b7b691a11c', N'Quét và lau sàn nhà', 0, 'bac9ba5e-615b-4dbf-b03f-c132584a1ba4'),
('0f8d1967-4a81-49ff-9dad-b41c62a25471', N'Sử dụng chất tẩy rửa mạnh', 0, 'bac9ba5e-615b-4dbf-b03f-c132584a1ba4'),
('6a0d4fd3-6c12-4791-8efb-73dbabe1f353', N'Không cần làm gì', 0, 'bac9ba5e-615b-4dbf-b03f-c132584a1ba4'),
('0b61f9e2-0739-4a7d-a621-24a698345345', N'Sử dụng bàn chải mềm và dung dịch xà phòng nhẹ', 1, 'a96fc3e8-31a7-4365-92ad-1976a78c67c2'),
('f9ccf26e-af63-47f4-9787-9ee27e3f06ad', N'Lau bằng khăn ẩm', 0, 'a96fc3e8-31a7-4365-92ad-1976a78c67c2'),
('1d749c09-b61d-417c-8827-d8d7274d8ee2', N'Sử dụng chất tẩy rửa mạnh', 0, 'a96fc3e8-31a7-4365-92ad-1976a78c67c2'),
('0156b6bf-0642-4faa-a024-fd56b3787720', N'Không cần làm gì', 0, 'a96fc3e8-31a7-4365-92ad-1976a78c67c2'),
('ae074202-f3c6-4428-92ad-e46ec27bbb46', N'Sử dụng nước ấm và xà phòng nhẹ', 1, 'e6380c91-fbef-42c4-9676-fa0ee19c4a4b'),
('6a253a7e-2725-4dec-b854-64a9325dcdef', N'Lau bằng khăn khô', 0, 'e6380c91-fbef-42c4-9676-fa0ee19c4a4b'),
('a9c6eb64-406a-4f7a-8515-a5491b6855cf', N'Sử dụng chất tẩy rửa mạnh', 0, 'e6380c91-fbef-42c4-9676-fa0ee19c4a4b'),
('6bfb1610-53a7-4595-b5fe-1d9a5c74ba71', N'Không cần làm gì', 0, 'e6380c91-fbef-42c4-9676-fa0ee19c4a4b'),
('679f6cd5-0de2-4a20-8b28-d3dab03b392c', N'Sử dụng máy hút bụi và chất tẩy rửa chuyên dụng', 1, '091a9b95-345f-46ec-8d15-1cd869e6d46c'),
('a1343c99-8d1a-415b-a4ce-bb1e0ab7f473', N'Lau bằng khăn ẩm', 0, '091a9b95-345f-46ec-8d15-1cd869e6d46c'),
('3bee1335-c029-4589-a452-9007c6838530', N'Sử dụng chất tẩy rửa mạnh', 0, '091a9b95-345f-46ec-8d15-1cd869e6d46c'),
('2243e774-e4c6-4893-ba80-6d48ea69e621', N'Không cần làm gì', 0, '091a9b95-345f-46ec-8d15-1cd869e6d46c'),
('09e77e8d-eb08-467a-b562-21ea1c7ae99c', N'Sử dụng dung dịch tẩy rửa chuyên dụng', 1, '67ba442c-50c3-4e44-88a6-b5ec6473c75e'),
('d4f44620-6288-4a51-bbf6-d7592a428e0b', N'Cạo bằng dao', 0, '67ba442c-50c3-4e44-88a6-b5ec6473c75e'),
('a416a2ce-8b32-405a-9ca5-3e31f8c39ede', N'Lau bằng khăn ẩm', 0, '67ba442c-50c3-4e44-88a6-b5ec6473c75e'),
('d22ca31f-8575-4045-a89d-46b054ad6130', N'Để yên vết bẩn', 0, '67ba442c-50c3-4e44-88a6-b5ec6473c75e'),
('05d3d956-1805-490d-ba80-7033296bf006', N'Sử dụng dung dịch tẩy rửa nhẹ', 1, 'a7e1a59c-7a58-4969-bacd-6560b5722223'),
('eed87f44-6916-4224-a4a0-6e79c0af943f', N'Lau bằng khăn khô', 0, 'a7e1a59c-7a58-4969-bacd-6560b5722223'),
('c9c1b4b6-8df9-4db1-b3a5-73944c071107', N'Sử dụng chất tẩy rửa mạnh', 0, 'a7e1a59c-7a58-4969-bacd-6560b5722223'),
('fd4c4977-6af6-408c-9915-dd287b839835', N'Không cần làm gì', 0, 'a7e1a59c-7a58-4969-bacd-6560b5722223'),
('d413a97b-5305-4053-be53-a573e040c8d4', N'Dọn dẹp đồ nội thất', 1, '09278bca-ba16-4cf8-b25f-af1adfa4387b'),
('6d927703-43f7-4617-9780-e312519144bc', N'Quét và lau sàn nhà', 0, '09278bca-ba16-4cf8-b25f-af1adfa4387b'),
('3649bbd5-e397-4e12-a184-9fff34da7c72', N'Lau chùi bàn trà', 0, '09278bca-ba16-4cf8-b25f-af1adfa4387b'),
('35fb5ae6-5f53-41ff-a60e-b8e07702c415', N'Không quan trọng', 0, '09278bca-ba16-4cf8-b25f-af1adfa4387b'),
('c289340c-8ec9-4a4d-a0fc-7425241c77d7', N'Sử dụng dung dịch giấm và nước ấm', 1, '8965c74d-1810-4bba-adbd-9586579a60c4'),
('179c41fb-a755-4193-a7bc-058e61d4d57c', N'Lau bằng khăn khô', 0, '8965c74d-1810-4bba-adbd-9586579a60c4'),
('5d2b3797-2534-4a68-aaa9-3e189e8552e3', N'Sử dụng chất tẩy rửa mạnh', 0, '8965c74d-1810-4bba-adbd-9586579a60c4'),
('36269c80-3db2-418b-b33f-d67d6114d2f4', N'Không cần làm gì', 0, '8965c74d-1810-4bba-adbd-9586579a60c4'); 

INSERT INTO [FreelanceQuizzes] ([Id], [TotalTime], [TotalQuestion]) VALUES
('bd9bdf80-6d8c-4681-b9b0-8a6f2e6a945f', 1200, 10),
('5cb971a2-f11f-495e-a14c-0b583aa697de', 600, 10),
('a23e6aec-fdb5-4a0e-b977-33e9ab81e237', 1200, 10),
('1746ed01-98fb-4de8-b142-fa4249339efd', 600, 10),
('0157cfc2-eaa9-46f5-8b82-06b2424e3223', 1200, 10),
('3f8ce658-fbf1-493f-b05e-a3697a352798', 600, 10),
('0e50457d-7afe-4a25-99e7-70b4f193c6c3', 600, 10),
('d8292bad-a0ea-4e8d-9c8a-af79bca589c5', 600, 10),
('8cbcbbb1-2897-4f7a-87bf-cc744e8dcd0d', 1200, 10),
('1450d921-73cc-4a5e-b52f-7303ea8033bd', 1200, 10); 

INSERT INTO [QuizQuestions] ([QuizId], [QuestionId]) VALUES
('bd9bdf80-6d8c-4681-b9b0-8a6f2e6a945f', 'e7a703dd-09f3-4979-a7ed-2f19e4256d9f'),
('bd9bdf80-6d8c-4681-b9b0-8a6f2e6a945f', 'c824135b-b8c6-4428-bc1f-3e45552316d7'),
('bd9bdf80-6d8c-4681-b9b0-8a6f2e6a945f', 'bb3fee5d-9860-4631-8375-4ff50e608094'),
('bd9bdf80-6d8c-4681-b9b0-8a6f2e6a945f', 'efd9e2ef-744b-4dd3-ba67-d02aafdbb78e'),
('bd9bdf80-6d8c-4681-b9b0-8a6f2e6a945f', '7c7898eb-a018-4260-a1b6-08c1e01b5a3d'),
('bd9bdf80-6d8c-4681-b9b0-8a6f2e6a945f', '9662f487-761c-4506-8e69-5a8546a2d659'),
('bd9bdf80-6d8c-4681-b9b0-8a6f2e6a945f', 'c1f3e0d1-a3d0-4353-9d93-2fa139981786'),
('bd9bdf80-6d8c-4681-b9b0-8a6f2e6a945f', '32f3a68d-6eaf-45fb-8434-70028a695d0b'),
('bd9bdf80-6d8c-4681-b9b0-8a6f2e6a945f', 'c5758c30-2859-46f2-9e47-bb84a1cd6b6d'),
('bd9bdf80-6d8c-4681-b9b0-8a6f2e6a945f', 'ca50a210-5e4c-43d5-934a-ef133061ac17'),
('5cb971a2-f11f-495e-a14c-0b583aa697de', 'ab069d28-10e0-4f4d-82ea-c6e2932d6436'),
('5cb971a2-f11f-495e-a14c-0b583aa697de', 'b96cc54b-bf0c-41dc-a15c-ee4cea216140'),
('5cb971a2-f11f-495e-a14c-0b583aa697de', 'a96fc3e8-31a7-4365-92ad-1976a78c67c2'),
('5cb971a2-f11f-495e-a14c-0b583aa697de', 'b2e08bfc-2ee0-4013-8e6f-07da4194e468'),
('5cb971a2-f11f-495e-a14c-0b583aa697de', 'b42deadd-ac21-4447-b52a-756b13e6c3bc'),
('5cb971a2-f11f-495e-a14c-0b583aa697de', 'd9815502-3f8c-44d9-858a-b810d9d813f3'),
('5cb971a2-f11f-495e-a14c-0b583aa697de', 'f1240922-4a6f-4f0b-8945-b37afbe718f1'),
('5cb971a2-f11f-495e-a14c-0b583aa697de', 'cc24935f-3672-4212-b4f4-811da9eaf86b'),
('5cb971a2-f11f-495e-a14c-0b583aa697de', 'd5628b0d-4150-48aa-8890-74c79f4c2628'),
('5cb971a2-f11f-495e-a14c-0b583aa697de', '644a6359-faeb-44cf-a21c-51f59cc8429f'),
('a23e6aec-fdb5-4a0e-b977-33e9ab81e237', 'e31a04c4-c3cf-413b-8d64-312b0f7f0ef5'),
('a23e6aec-fdb5-4a0e-b977-33e9ab81e237', 'fb53749c-684b-4e32-925a-e134a961c22f'),
('a23e6aec-fdb5-4a0e-b977-33e9ab81e237', 'ada398bd-22d4-41e2-a3a5-4d92e9160a9a'),
('a23e6aec-fdb5-4a0e-b977-33e9ab81e237', '8aa6deb2-0349-46d5-884e-8bf67a5793a6'),
('a23e6aec-fdb5-4a0e-b977-33e9ab81e237', '8e1bb8f5-c1f7-416f-a12e-c7595de6f5cf'),
('a23e6aec-fdb5-4a0e-b977-33e9ab81e237', '0a8aa6eb-a670-45a1-8ae6-a734f00d3ee6'),
('a23e6aec-fdb5-4a0e-b977-33e9ab81e237', 'ece6d559-fa59-48d2-9c04-7becbd2e1d98'),
('a23e6aec-fdb5-4a0e-b977-33e9ab81e237', '3e7edf0d-05c9-432a-9227-483ad4d1c8d2'),
('a23e6aec-fdb5-4a0e-b977-33e9ab81e237', 'e2e7eb0a-111d-4021-b7ec-e13735f648b3'),
('a23e6aec-fdb5-4a0e-b977-33e9ab81e237', 'b2e08bfc-2ee0-4013-8e6f-07da4194e468'),
('1746ed01-98fb-4de8-b142-fa4249339efd', '9004a94b-7824-4374-8377-d14d91067e72'),
('1746ed01-98fb-4de8-b142-fa4249339efd', 'e728fe58-b214-4e3d-ac66-84b88add7aed'),
('1746ed01-98fb-4de8-b142-fa4249339efd', '9dd4a53b-ccaa-4b60-a5bf-cce2dcea361d'),
('1746ed01-98fb-4de8-b142-fa4249339efd', 'd9815502-3f8c-44d9-858a-b810d9d813f3'),
('1746ed01-98fb-4de8-b142-fa4249339efd', '3e7edf0d-05c9-432a-9227-483ad4d1c8d2'),
('1746ed01-98fb-4de8-b142-fa4249339efd', '8d3a8d05-dc96-403d-9f4d-636ea5895900'),
('1746ed01-98fb-4de8-b142-fa4249339efd', '8965c74d-1810-4bba-adbd-9586579a60c4'),
('1746ed01-98fb-4de8-b142-fa4249339efd', '910837c7-6586-46d6-adfa-08b7bf1b01bd'),
('1746ed01-98fb-4de8-b142-fa4249339efd', '11867f1c-a27b-46a6-ba38-e250dbeb0423'),
('1746ed01-98fb-4de8-b142-fa4249339efd', 'a5c8a0b4-4dea-4a0c-96ff-fc7c4867d3a7'),
('0157cfc2-eaa9-46f5-8b82-06b2424e3223', 'fe136a53-aed2-442d-bbbe-1edcee2ce320'),
('0157cfc2-eaa9-46f5-8b82-06b2424e3223', '22881a79-470c-4947-9f4f-66f859413c96'),
('0157cfc2-eaa9-46f5-8b82-06b2424e3223', 'a5c8a0b4-4dea-4a0c-96ff-fc7c4867d3a7'),
('0157cfc2-eaa9-46f5-8b82-06b2424e3223', 'b8096b6d-adfd-46e0-bdca-153a17ab6528'),
('0157cfc2-eaa9-46f5-8b82-06b2424e3223', '1f1bc517-3daf-4e61-891a-fed42b2f112a'),
('0157cfc2-eaa9-46f5-8b82-06b2424e3223', 'efd9e2ef-744b-4dd3-ba67-d02aafdbb78e'),
('0157cfc2-eaa9-46f5-8b82-06b2424e3223', '324d4da1-78a5-45e9-83ee-cc79c9e4799a'),
('0157cfc2-eaa9-46f5-8b82-06b2424e3223', 'de07a94d-917c-47c4-81bd-40c2d624cf1f'),
('0157cfc2-eaa9-46f5-8b82-06b2424e3223', '910837c7-6586-46d6-adfa-08b7bf1b01bd'),
('0157cfc2-eaa9-46f5-8b82-06b2424e3223', '4de36857-233e-4aed-a1bc-15ed3b6ed500'),
('3f8ce658-fbf1-493f-b05e-a3697a352798', '0ddc877d-65e1-475c-bdfd-67d227a33d6a'),
('3f8ce658-fbf1-493f-b05e-a3697a352798', 'a5c8a0b4-4dea-4a0c-96ff-fc7c4867d3a7'),
('3f8ce658-fbf1-493f-b05e-a3697a352798', '8e1bb8f5-c1f7-416f-a12e-c7595de6f5cf'),
('3f8ce658-fbf1-493f-b05e-a3697a352798', '35fb4974-21d6-4e23-9013-0dfc46ca941e'),
('3f8ce658-fbf1-493f-b05e-a3697a352798', 'b2332166-4485-4065-be92-1047442092f7'),
('3f8ce658-fbf1-493f-b05e-a3697a352798', 'e31a04c4-c3cf-413b-8d64-312b0f7f0ef5'),
('3f8ce658-fbf1-493f-b05e-a3697a352798', '799f0362-0a0c-4640-a5a2-c45dccd3af5d'),
('3f8ce658-fbf1-493f-b05e-a3697a352798', 'f34d2e1c-a2c2-4884-8d17-69fea369946e'),
('3f8ce658-fbf1-493f-b05e-a3697a352798', 'fb53749c-684b-4e32-925a-e134a961c22f'),
('3f8ce658-fbf1-493f-b05e-a3697a352798', '1e22df63-fa5b-4524-a8e8-9609f307e301'),
('0e50457d-7afe-4a25-99e7-70b4f193c6c3', '091a9b95-345f-46ec-8d15-1cd869e6d46c'),
('0e50457d-7afe-4a25-99e7-70b4f193c6c3', 'ff8e2336-9ef6-40be-a9bc-b29a14ec0678'),
('0e50457d-7afe-4a25-99e7-70b4f193c6c3', '0871515a-1561-406d-b712-ccb071940cb9'),
('0e50457d-7afe-4a25-99e7-70b4f193c6c3', 'b2332166-4485-4065-be92-1047442092f7'),
('0e50457d-7afe-4a25-99e7-70b4f193c6c3', '32f3a68d-6eaf-45fb-8434-70028a695d0b'),
('0e50457d-7afe-4a25-99e7-70b4f193c6c3', '3e7edf0d-05c9-432a-9227-483ad4d1c8d2'),
('0e50457d-7afe-4a25-99e7-70b4f193c6c3', 'a56c72c6-09c3-4dbf-8609-ead5f95c38b7'),
('0e50457d-7afe-4a25-99e7-70b4f193c6c3', 'b42deadd-ac21-4447-b52a-756b13e6c3bc'),
('0e50457d-7afe-4a25-99e7-70b4f193c6c3', '799f0362-0a0c-4640-a5a2-c45dccd3af5d'),
('0e50457d-7afe-4a25-99e7-70b4f193c6c3', 'e6380c91-fbef-42c4-9676-fa0ee19c4a4b'),
('d8292bad-a0ea-4e8d-9c8a-af79bca589c5', 'fb53749c-684b-4e32-925a-e134a961c22f'),
('d8292bad-a0ea-4e8d-9c8a-af79bca589c5', '4de36857-233e-4aed-a1bc-15ed3b6ed500'),
('d8292bad-a0ea-4e8d-9c8a-af79bca589c5', 'd64dcc66-e441-4d5c-9bf6-19f83b286279'),
('d8292bad-a0ea-4e8d-9c8a-af79bca589c5', 'cfe09f81-482d-4e3e-9fe3-51a0f2d65749'),
('d8292bad-a0ea-4e8d-9c8a-af79bca589c5', '45cde067-38d0-453b-b5bb-3ef2f9cd5f33'),
('d8292bad-a0ea-4e8d-9c8a-af79bca589c5', 'ca50a210-5e4c-43d5-934a-ef133061ac17'),
('d8292bad-a0ea-4e8d-9c8a-af79bca589c5', '55e91684-2276-4b56-96c0-9fa05138bec3'),
('d8292bad-a0ea-4e8d-9c8a-af79bca589c5', 'e494e8c4-aacd-438a-b8d8-b73e232aff68'),
('d8292bad-a0ea-4e8d-9c8a-af79bca589c5', '091a9b95-345f-46ec-8d15-1cd869e6d46c'),
('d8292bad-a0ea-4e8d-9c8a-af79bca589c5', '1e22df63-fa5b-4524-a8e8-9609f307e301'),
('8cbcbbb1-2897-4f7a-87bf-cc744e8dcd0d', '1e22df63-fa5b-4524-a8e8-9609f307e301'),
('8cbcbbb1-2897-4f7a-87bf-cc744e8dcd0d', '03e2f220-e494-4c5c-a505-bc7e12a55a07'),
('8cbcbbb1-2897-4f7a-87bf-cc744e8dcd0d', 'cc24935f-3672-4212-b4f4-811da9eaf86b'),
('8cbcbbb1-2897-4f7a-87bf-cc744e8dcd0d', 'd64dcc66-e441-4d5c-9bf6-19f83b286279'),
('8cbcbbb1-2897-4f7a-87bf-cc744e8dcd0d', 'de07a94d-917c-47c4-81bd-40c2d624cf1f'),
('8cbcbbb1-2897-4f7a-87bf-cc744e8dcd0d', 'a5c8a0b4-4dea-4a0c-96ff-fc7c4867d3a7'),
('8cbcbbb1-2897-4f7a-87bf-cc744e8dcd0d', 'efd9e2ef-744b-4dd3-ba67-d02aafdbb78e'),
('8cbcbbb1-2897-4f7a-87bf-cc744e8dcd0d', '18e51054-eb5e-4024-87d5-2a99f421e1fb'),
('8cbcbbb1-2897-4f7a-87bf-cc744e8dcd0d', '7327464b-6171-41c7-9eed-041d5cd78046'),
('8cbcbbb1-2897-4f7a-87bf-cc744e8dcd0d', '11867f1c-a27b-46a6-ba38-e250dbeb0423'),
('1450d921-73cc-4a5e-b52f-7303ea8033bd', 'f34d2e1c-a2c2-4884-8d17-69fea369946e'),
('1450d921-73cc-4a5e-b52f-7303ea8033bd', 'efd9e2ef-744b-4dd3-ba67-d02aafdbb78e'),
('1450d921-73cc-4a5e-b52f-7303ea8033bd', '8aa6deb2-0349-46d5-884e-8bf67a5793a6'),
('1450d921-73cc-4a5e-b52f-7303ea8033bd', '18e51054-eb5e-4024-87d5-2a99f421e1fb'),
('1450d921-73cc-4a5e-b52f-7303ea8033bd', 'b96cc54b-bf0c-41dc-a15c-ee4cea216140'),
('1450d921-73cc-4a5e-b52f-7303ea8033bd', '1e22df63-fa5b-4524-a8e8-9609f307e301'),
('1450d921-73cc-4a5e-b52f-7303ea8033bd', '55e91684-2276-4b56-96c0-9fa05138bec3'),
('1450d921-73cc-4a5e-b52f-7303ea8033bd', 'de07a94d-917c-47c4-81bd-40c2d624cf1f'),
('1450d921-73cc-4a5e-b52f-7303ea8033bd', 'e6380c91-fbef-42c4-9676-fa0ee19c4a4b'),
('1450d921-73cc-4a5e-b52f-7303ea8033bd', 'd5628b0d-4150-48aa-8890-74c79f4c2628'); 

INSERT INTO [FreelanceQuizResults] ([Id], [CompletedAt], [TotalCorrect], [FreelancerId], [QuizId]) VALUES
('399dc998-1dc5-40f3-be12-2fcb5e94b762', '2024-03-24T22:00:37.093596', 5, 'b0b52260-0fd3-4efd-8258-40230e3b81b1', '1450d921-73cc-4a5e-b52f-7303ea8033bd'),
('ab052c0b-958d-43aa-9c12-a0178f1f7ff2', '2024-03-24T22:00:37.093596', 5, 'eef8b1be-8dd2-4c5e-8da9-8b9131b5cf94', 'a23e6aec-fdb5-4a0e-b977-33e9ab81e237'),
('ee3019b9-6405-4cb5-b588-56045f3206dc', '2024-03-24T22:00:37.093596', 5, 'cf2550ab-b558-47e8-b8a5-7842b8a24a82', '5cb971a2-f11f-495e-a14c-0b583aa697de'),
('60abcb79-b3d3-4621-92c3-372e11b2256a', '2024-03-24T22:00:37.093596', 5, 'cf2550ab-b558-47e8-b8a5-7842b8a24a82', '1746ed01-98fb-4de8-b142-fa4249339efd'),
('a699f78a-7e22-4876-b557-f6d323d47728', '2024-03-24T22:00:37.093596', 5, 'eef8b1be-8dd2-4c5e-8da9-8b9131b5cf94', '0157cfc2-eaa9-46f5-8b82-06b2424e3223'),
('83bbbb51-2945-431a-a8f5-47bd7e1ec65a', '2024-03-24T22:00:37.093596', 5, 'b0b52260-0fd3-4efd-8258-40230e3b81b1', '0e50457d-7afe-4a25-99e7-70b4f193c6c3'),
('62ea9f9b-e67a-4475-86f5-4903ef63a0ed', '2024-03-24T22:00:37.093596', 5, '7dd97441-f8b7-4f99-b15a-fcbfe4401c50', '1746ed01-98fb-4de8-b142-fa4249339efd'),
('d1066065-e8af-43c6-9b2b-c723b86edb70', '2024-03-24T22:00:37.093596', 5, 'b0b52260-0fd3-4efd-8258-40230e3b81b1', '0157cfc2-eaa9-46f5-8b82-06b2424e3223'),
('59e84945-1b69-4c4c-a822-c6a56c8c0c16', '2024-03-24T22:00:37.093596', 5, 'b0b52260-0fd3-4efd-8258-40230e3b81b1', '0157cfc2-eaa9-46f5-8b82-06b2424e3223'),
('8785e9ac-d4ad-49b4-908b-9d66582996d5', '2024-03-24T22:00:37.093596', 5, 'eef8b1be-8dd2-4c5e-8da9-8b9131b5cf94', '0e50457d-7afe-4a25-99e7-70b4f193c6c3'),
('8c478a8b-0d81-4677-865a-27fcba697218', '2024-03-24T22:00:37.093596', 5, '7dd97441-f8b7-4f99-b15a-fcbfe4401c50', '1746ed01-98fb-4de8-b142-fa4249339efd'),
('978c6213-1055-4a52-9641-7f40367b22d5', '2024-03-24T22:00:37.093596', 5, 'cf2550ab-b558-47e8-b8a5-7842b8a24a82', 'a23e6aec-fdb5-4a0e-b977-33e9ab81e237'),
('ad310c8d-025a-44dd-9c41-403e06778014', '2024-03-24T22:00:37.093596', 5, 'cf2550ab-b558-47e8-b8a5-7842b8a24a82', 'd8292bad-a0ea-4e8d-9c8a-af79bca589c5'),
('8febac98-54bc-4b98-bc47-a65307030b43', '2024-03-24T22:00:37.094632', 5, '7dd97441-f8b7-4f99-b15a-fcbfe4401c50', '1746ed01-98fb-4de8-b142-fa4249339efd'),
('bba97e6a-819e-4e32-a607-63edf71d0222', '2024-03-24T22:00:37.094632', 5, '7dd97441-f8b7-4f99-b15a-fcbfe4401c50', 'bd9bdf80-6d8c-4681-b9b0-8a6f2e6a945f'),
('8ab12355-f88e-4828-a248-ad52f24ab334', '2024-03-24T22:00:37.094632', 5, 'eef8b1be-8dd2-4c5e-8da9-8b9131b5cf94', 'bd9bdf80-6d8c-4681-b9b0-8a6f2e6a945f'),
('e911b19f-5575-4f4f-b3a6-54f6a15b6e15', '2024-03-24T22:00:37.094632', 5, '7dd97441-f8b7-4f99-b15a-fcbfe4401c50', '5cb971a2-f11f-495e-a14c-0b583aa697de'),
('3fe1e3fc-a208-4972-bb5b-25f74e1f043a', '2024-03-24T22:00:37.094632', 5, 'eef8b1be-8dd2-4c5e-8da9-8b9131b5cf94', 'bd9bdf80-6d8c-4681-b9b0-8a6f2e6a945f'),
('84d7b12d-8192-4a57-8d9f-5ece9916822c', '2024-03-24T22:00:37.094632', 5, 'eef8b1be-8dd2-4c5e-8da9-8b9131b5cf94', '1450d921-73cc-4a5e-b52f-7303ea8033bd'),
('b56e2d93-5025-4fb4-933c-61faa4945589', '2024-03-24T22:00:37.094632', 5, 'cf2550ab-b558-47e8-b8a5-7842b8a24a82', 'd8292bad-a0ea-4e8d-9c8a-af79bca589c5'); 

INSERT INTO [FreelanceCorrectQuestions] ([ResultId], [QuestionId]) VALUES
('399dc998-1dc5-40f3-be12-2fcb5e94b762', 'efd9e2ef-744b-4dd3-ba67-d02aafdbb78e'),
('399dc998-1dc5-40f3-be12-2fcb5e94b762', '55e91684-2276-4b56-96c0-9fa05138bec3'),
('399dc998-1dc5-40f3-be12-2fcb5e94b762', 'de07a94d-917c-47c4-81bd-40c2d624cf1f'),
('399dc998-1dc5-40f3-be12-2fcb5e94b762', 'e6380c91-fbef-42c4-9676-fa0ee19c4a4b'),
('399dc998-1dc5-40f3-be12-2fcb5e94b762', 'b96cc54b-bf0c-41dc-a15c-ee4cea216140'),
('ab052c0b-958d-43aa-9c12-a0178f1f7ff2', '0a8aa6eb-a670-45a1-8ae6-a734f00d3ee6'),
('ab052c0b-958d-43aa-9c12-a0178f1f7ff2', 'ada398bd-22d4-41e2-a3a5-4d92e9160a9a'),
('ab052c0b-958d-43aa-9c12-a0178f1f7ff2', 'b2e08bfc-2ee0-4013-8e6f-07da4194e468'),
('ab052c0b-958d-43aa-9c12-a0178f1f7ff2', '8e1bb8f5-c1f7-416f-a12e-c7595de6f5cf'),
('ab052c0b-958d-43aa-9c12-a0178f1f7ff2', 'fb53749c-684b-4e32-925a-e134a961c22f'),
('ee3019b9-6405-4cb5-b588-56045f3206dc', 'b2e08bfc-2ee0-4013-8e6f-07da4194e468'),
('ee3019b9-6405-4cb5-b588-56045f3206dc', 'b96cc54b-bf0c-41dc-a15c-ee4cea216140'),
('ee3019b9-6405-4cb5-b588-56045f3206dc', '644a6359-faeb-44cf-a21c-51f59cc8429f'),
('ee3019b9-6405-4cb5-b588-56045f3206dc', 'cc24935f-3672-4212-b4f4-811da9eaf86b'),
('ee3019b9-6405-4cb5-b588-56045f3206dc', 'd9815502-3f8c-44d9-858a-b810d9d813f3'),
('60abcb79-b3d3-4621-92c3-372e11b2256a', '8965c74d-1810-4bba-adbd-9586579a60c4'),
('60abcb79-b3d3-4621-92c3-372e11b2256a', '8d3a8d05-dc96-403d-9f4d-636ea5895900'),
('60abcb79-b3d3-4621-92c3-372e11b2256a', '3e7edf0d-05c9-432a-9227-483ad4d1c8d2'),
('60abcb79-b3d3-4621-92c3-372e11b2256a', '9dd4a53b-ccaa-4b60-a5bf-cce2dcea361d'),
('60abcb79-b3d3-4621-92c3-372e11b2256a', '910837c7-6586-46d6-adfa-08b7bf1b01bd'),
('a699f78a-7e22-4876-b557-f6d323d47728', '910837c7-6586-46d6-adfa-08b7bf1b01bd'),
('a699f78a-7e22-4876-b557-f6d323d47728', 'fe136a53-aed2-442d-bbbe-1edcee2ce320'),
('a699f78a-7e22-4876-b557-f6d323d47728', '1f1bc517-3daf-4e61-891a-fed42b2f112a'),
('a699f78a-7e22-4876-b557-f6d323d47728', '324d4da1-78a5-45e9-83ee-cc79c9e4799a'),
('a699f78a-7e22-4876-b557-f6d323d47728', 'b8096b6d-adfd-46e0-bdca-153a17ab6528'),
('83bbbb51-2945-431a-a8f5-47bd7e1ec65a', 'b42deadd-ac21-4447-b52a-756b13e6c3bc'),
('83bbbb51-2945-431a-a8f5-47bd7e1ec65a', '091a9b95-345f-46ec-8d15-1cd869e6d46c'),
('83bbbb51-2945-431a-a8f5-47bd7e1ec65a', 'a56c72c6-09c3-4dbf-8609-ead5f95c38b7'),
('83bbbb51-2945-431a-a8f5-47bd7e1ec65a', '3e7edf0d-05c9-432a-9227-483ad4d1c8d2'),
('83bbbb51-2945-431a-a8f5-47bd7e1ec65a', '0871515a-1561-406d-b712-ccb071940cb9'),
('62ea9f9b-e67a-4475-86f5-4903ef63a0ed', '3e7edf0d-05c9-432a-9227-483ad4d1c8d2'),
('62ea9f9b-e67a-4475-86f5-4903ef63a0ed', '9dd4a53b-ccaa-4b60-a5bf-cce2dcea361d'),
('62ea9f9b-e67a-4475-86f5-4903ef63a0ed', '11867f1c-a27b-46a6-ba38-e250dbeb0423'),
('62ea9f9b-e67a-4475-86f5-4903ef63a0ed', '8d3a8d05-dc96-403d-9f4d-636ea5895900'),
('62ea9f9b-e67a-4475-86f5-4903ef63a0ed', '8965c74d-1810-4bba-adbd-9586579a60c4'),
('d1066065-e8af-43c6-9b2b-c723b86edb70', '22881a79-470c-4947-9f4f-66f859413c96'),
('d1066065-e8af-43c6-9b2b-c723b86edb70', 'efd9e2ef-744b-4dd3-ba67-d02aafdbb78e'),
('d1066065-e8af-43c6-9b2b-c723b86edb70', '324d4da1-78a5-45e9-83ee-cc79c9e4799a'),
('d1066065-e8af-43c6-9b2b-c723b86edb70', '4de36857-233e-4aed-a1bc-15ed3b6ed500'),
('d1066065-e8af-43c6-9b2b-c723b86edb70', 'a5c8a0b4-4dea-4a0c-96ff-fc7c4867d3a7'),
('59e84945-1b69-4c4c-a822-c6a56c8c0c16', '324d4da1-78a5-45e9-83ee-cc79c9e4799a'),
('59e84945-1b69-4c4c-a822-c6a56c8c0c16', 'fe136a53-aed2-442d-bbbe-1edcee2ce320'),
('59e84945-1b69-4c4c-a822-c6a56c8c0c16', '22881a79-470c-4947-9f4f-66f859413c96'),
('59e84945-1b69-4c4c-a822-c6a56c8c0c16', '4de36857-233e-4aed-a1bc-15ed3b6ed500'),
('59e84945-1b69-4c4c-a822-c6a56c8c0c16', 'de07a94d-917c-47c4-81bd-40c2d624cf1f'),
('8785e9ac-d4ad-49b4-908b-9d66582996d5', 'ff8e2336-9ef6-40be-a9bc-b29a14ec0678'),
('8785e9ac-d4ad-49b4-908b-9d66582996d5', 'e6380c91-fbef-42c4-9676-fa0ee19c4a4b'),
('8785e9ac-d4ad-49b4-908b-9d66582996d5', 'b2332166-4485-4065-be92-1047442092f7'),
('8785e9ac-d4ad-49b4-908b-9d66582996d5', '32f3a68d-6eaf-45fb-8434-70028a695d0b'),
('8785e9ac-d4ad-49b4-908b-9d66582996d5', '091a9b95-345f-46ec-8d15-1cd869e6d46c'),
('8c478a8b-0d81-4677-865a-27fcba697218', '910837c7-6586-46d6-adfa-08b7bf1b01bd'),
('8c478a8b-0d81-4677-865a-27fcba697218', '11867f1c-a27b-46a6-ba38-e250dbeb0423'),
('8c478a8b-0d81-4677-865a-27fcba697218', 'e728fe58-b214-4e3d-ac66-84b88add7aed'),
('8c478a8b-0d81-4677-865a-27fcba697218', '8965c74d-1810-4bba-adbd-9586579a60c4'),
('8c478a8b-0d81-4677-865a-27fcba697218', 'a5c8a0b4-4dea-4a0c-96ff-fc7c4867d3a7'),
('978c6213-1055-4a52-9641-7f40367b22d5', '3e7edf0d-05c9-432a-9227-483ad4d1c8d2'),
('978c6213-1055-4a52-9641-7f40367b22d5', '8e1bb8f5-c1f7-416f-a12e-c7595de6f5cf'),
('978c6213-1055-4a52-9641-7f40367b22d5', '8aa6deb2-0349-46d5-884e-8bf67a5793a6'),
('978c6213-1055-4a52-9641-7f40367b22d5', 'e2e7eb0a-111d-4021-b7ec-e13735f648b3'),
('978c6213-1055-4a52-9641-7f40367b22d5', 'e31a04c4-c3cf-413b-8d64-312b0f7f0ef5'),
('ad310c8d-025a-44dd-9c41-403e06778014', 'fb53749c-684b-4e32-925a-e134a961c22f'),
('ad310c8d-025a-44dd-9c41-403e06778014', '1e22df63-fa5b-4524-a8e8-9609f307e301'),
('ad310c8d-025a-44dd-9c41-403e06778014', 'cfe09f81-482d-4e3e-9fe3-51a0f2d65749'),
('ad310c8d-025a-44dd-9c41-403e06778014', '4de36857-233e-4aed-a1bc-15ed3b6ed500'),
('ad310c8d-025a-44dd-9c41-403e06778014', 'e494e8c4-aacd-438a-b8d8-b73e232aff68'),
('8febac98-54bc-4b98-bc47-a65307030b43', 'a5c8a0b4-4dea-4a0c-96ff-fc7c4867d3a7'),
('8febac98-54bc-4b98-bc47-a65307030b43', 'e728fe58-b214-4e3d-ac66-84b88add7aed'),
('8febac98-54bc-4b98-bc47-a65307030b43', '9dd4a53b-ccaa-4b60-a5bf-cce2dcea361d'),
('8febac98-54bc-4b98-bc47-a65307030b43', '910837c7-6586-46d6-adfa-08b7bf1b01bd'),
('8febac98-54bc-4b98-bc47-a65307030b43', '3e7edf0d-05c9-432a-9227-483ad4d1c8d2'),
('bba97e6a-819e-4e32-a607-63edf71d0222', '7c7898eb-a018-4260-a1b6-08c1e01b5a3d'),
('bba97e6a-819e-4e32-a607-63edf71d0222', 'c5758c30-2859-46f2-9e47-bb84a1cd6b6d'),
('bba97e6a-819e-4e32-a607-63edf71d0222', 'efd9e2ef-744b-4dd3-ba67-d02aafdbb78e'),
('bba97e6a-819e-4e32-a607-63edf71d0222', 'ca50a210-5e4c-43d5-934a-ef133061ac17'),
('bba97e6a-819e-4e32-a607-63edf71d0222', 'bb3fee5d-9860-4631-8375-4ff50e608094'),
('8ab12355-f88e-4828-a248-ad52f24ab334', '9662f487-761c-4506-8e69-5a8546a2d659'),
('8ab12355-f88e-4828-a248-ad52f24ab334', 'c824135b-b8c6-4428-bc1f-3e45552316d7'),
('8ab12355-f88e-4828-a248-ad52f24ab334', 'ca50a210-5e4c-43d5-934a-ef133061ac17'),
('8ab12355-f88e-4828-a248-ad52f24ab334', 'bb3fee5d-9860-4631-8375-4ff50e608094'),
('8ab12355-f88e-4828-a248-ad52f24ab334', 'c1f3e0d1-a3d0-4353-9d93-2fa139981786'),
('e911b19f-5575-4f4f-b3a6-54f6a15b6e15', '644a6359-faeb-44cf-a21c-51f59cc8429f'),
('e911b19f-5575-4f4f-b3a6-54f6a15b6e15', 'a96fc3e8-31a7-4365-92ad-1976a78c67c2'),
('e911b19f-5575-4f4f-b3a6-54f6a15b6e15', 'd9815502-3f8c-44d9-858a-b810d9d813f3'),
('e911b19f-5575-4f4f-b3a6-54f6a15b6e15', 'ab069d28-10e0-4f4d-82ea-c6e2932d6436'),
('e911b19f-5575-4f4f-b3a6-54f6a15b6e15', 'cc24935f-3672-4212-b4f4-811da9eaf86b'),
('3fe1e3fc-a208-4972-bb5b-25f74e1f043a', 'e7a703dd-09f3-4979-a7ed-2f19e4256d9f'),
('3fe1e3fc-a208-4972-bb5b-25f74e1f043a', 'c1f3e0d1-a3d0-4353-9d93-2fa139981786'),
('3fe1e3fc-a208-4972-bb5b-25f74e1f043a', 'efd9e2ef-744b-4dd3-ba67-d02aafdbb78e'),
('3fe1e3fc-a208-4972-bb5b-25f74e1f043a', 'c5758c30-2859-46f2-9e47-bb84a1cd6b6d'),
('3fe1e3fc-a208-4972-bb5b-25f74e1f043a', '32f3a68d-6eaf-45fb-8434-70028a695d0b'),
('84d7b12d-8192-4a57-8d9f-5ece9916822c', 'b96cc54b-bf0c-41dc-a15c-ee4cea216140'),
('84d7b12d-8192-4a57-8d9f-5ece9916822c', 'f34d2e1c-a2c2-4884-8d17-69fea369946e'),
('84d7b12d-8192-4a57-8d9f-5ece9916822c', '8aa6deb2-0349-46d5-884e-8bf67a5793a6'),
('84d7b12d-8192-4a57-8d9f-5ece9916822c', '1e22df63-fa5b-4524-a8e8-9609f307e301'),
('84d7b12d-8192-4a57-8d9f-5ece9916822c', 'd5628b0d-4150-48aa-8890-74c79f4c2628'),
('b56e2d93-5025-4fb4-933c-61faa4945589', 'fb53749c-684b-4e32-925a-e134a961c22f'),
('b56e2d93-5025-4fb4-933c-61faa4945589', '1e22df63-fa5b-4524-a8e8-9609f307e301'),
('b56e2d93-5025-4fb4-933c-61faa4945589', '4de36857-233e-4aed-a1bc-15ed3b6ed500'),
('b56e2d93-5025-4fb4-933c-61faa4945589', 'e494e8c4-aacd-438a-b8d8-b73e232aff68'),
('b56e2d93-5025-4fb4-933c-61faa4945589', 'cfe09f81-482d-4e3e-9fe3-51a0f2d65749'); 

