-- DELETE ALL!!!
Delete from [OrderServiceType];
Delete from [OrderService];
Delete from [Orders];
Delete from [Services];

Delete from [FreelanceSkills];
Delete from [Skills];

DELETE from FreelanceCorrectQuestions;
delete from QuizQuestions;
delete from FreelanceQuizAnswers;
delete from FreelanceQuizQuestions;
delete from FreelanceQuizzes;
DELETE from FreelanceQuizResults;

Delete from [Addresses];
Delete from [Freelancers];
Delete from [Customers];
Delete from [Accounts];

DELETE FROM [ServiceTypes] Where [Id] not in (
'3B8A2D6A-B0E7-46AF-A688-397CEA642603',
'49A42267-D9DC-4E11-87A5-36525D4254D9',
'EF2632F0-47BD-4BBE-A46F-628A28F03D8B',
'DBB78597-043D-47C1-8810-93D392FD09BA');

INSERT INTO [ServiceTypes] ([Id], [Name], [BasePrice], [Description], [ServiceCategoryId], [Image], [Keys]) VALUES
('96D250D4-0C0E-4521-B94E-05F3CAFCA3F3', N'Đi siêu thị hộ', 50000.0, N'Mua sắm hộ siêu nhanh', '6F57D993-EB26-4B35-8C7D-7871A7FD624F', null, null),
('73BF981F-1CFD-483D-80EE-14AB6D2E55EF', N'Đi siêu thị sang trọng', 100000.0, N'Mua sắm hộ siêu nhanh', '6F57D993-EB26-4B35-8C7D-7871A7FD624F', null, null),
('3779D349-ABCB-4DBC-ABF1-25BA9E94A695', N'Đi mua quần áo', 60000.0, N'Mua sắm hộ siêu nhanh', '6F57D993-EB26-4B35-8C7D-7871A7FD624F', null, null),
('3361BC88-9F58-4BE8-AC37-561606430F8A', N'Đi mua giày camping', 300000.0, N'Mua sắm hộ siêu nhanh', '6F57D993-EB26-4B35-8C7D-7871A7FD624F', null, null),
('07CB166A-4B4E-4637-B224-6277A69003D9', N'Đi mua vé concert', 4000000.0, N'Mua sắm hộ siêu nhanh', '6F57D993-EB26-4B35-8C7D-7871A7FD624F', null, null),
('C82954A1-39D4-4012-86B3-6CAD42C2B399', N'Đi chợ hộ', 40000.0, N'Mua sắm hộ siêu nhanh', '6F57D993-EB26-4B35-8C7D-7871A7FD624F', null, null),
('63CE2EBF-EF36-4B4A-891E-ABBDE2A75B38', N'Sửa máy giặt', 200000.0, N'Sửa máy giặt', '8A21B21E-DC31-49C8-8B5B-84B69204DC3A', null, null),
('F1B832B2-49F3-456F-BACB-B1F8DA766BEA', N'Sửa máy lạnh', 200000.0, N'Sửa chữa để tôi lo', '8A21B21E-DC31-49C8-8B5B-84B69204DC3A', null, null),
('B9F74F9E-F792-4C48-B1B6-B6F0BC402D07', N'Sửa bàn ủi', 200000.0, N'Sửa chữa để tôi lo', '8A21B21E-DC31-49C8-8B5B-84B69204DC3A', null, null),
('88006A8C-D757-4B85-8B91-C88E6078FE9C', N'Sửa tivi', 200000.0, N'Sửa chữa để tôi lo', '8A21B21E-DC31-49C8-8B5B-84B69204DC3A', null, null),
('662A64BE-F7EA-4419-8978-DBF8F19159DC', N'Sửa ống nước', 200000.0, N'Sửa chữa để tôi lo', '8A21B21E-DC31-49C8-8B5B-84B69204DC3A', null, null),
('EF2034C1-7F44-4D07-B9C0-E2A497999A9D', N'Sửa bình gas', 50000000.0, N'Hãy yên tâm không nổ đâu', '8A21B21E-DC31-49C8-8B5B-84B69204DC3A', null, null),
('CCA752D4-C17C-4C31-906F-F33CB8A18E48', N'Sửa máy tính laptop', 200000.0, N'Hãy yên tâm không nổ đâu', '8A21B21E-DC31-49C8-8B5B-84B69204DC3A', null, null),
('A5677DE0-A6A7-42C0-AB77-F34B75BEB63D', N'Đi mua vé xem phim', 20000.0, N'Mua sắm hộ siêu nhanh', '6F57D993-EB26-4B35-8C7D-7871A7FD624F', null, null); 

INSERT INTO [Accounts] ([Id], [Email], [FullName], [DateOfBirth], [Phone], [Role], [Avatar], [RefreshToken], [LoginToken], [LoginTokenExpires], [TokenCreated], [TokenExpires], [IsActive], [IsVerified]) VALUES
('8c8a5d4c-0cd7-46ac-b84e-a9e4e44724b8', null, N'Nguyễn Hải Nhi', '2004-04-28', '+84337839146', 'Freelancer', 'https://detoivn.sirv.com/customer_avt/user-avt%20(2).png', 'string', 'default', '2024-03-25T11:16:21.849589', '2024-03-25 11:06:21.849589', '2024-03-25 11:16:21.849589', 1, 1),
('78207aa5-69a5-4c60-8790-687935122afa', null, N'Phan Thanh Hường', '1995-06-20', '+84766822583', 'Customer', 'https://detoivn.sirv.com/customer_avt/user-avt%20(1).png', 'string', 'default', '2024-03-25T11:16:21.901767', '2024-03-25 11:06:21.901767', '2024-03-25 11:16:21.901767', 1, 1),
('8de87916-63da-43c9-850b-f9e94b979e3d', null, N'Hồ Nguyễn Thanh Loan', '1996-05-26', '+84366280011', 'Freelancer', 'https://detoivn.sirv.com/customer_avt/user-avt%20(3).png', 'string', 'default', '2024-03-25T11:16:21.904083', '2024-03-25 11:06:21.904083', '2024-03-25 11:16:21.904083', 1, 1),
('a3a6c408-e8a6-4475-8de0-a08bb78db500', null, N'Đinh Quốc Huy', '1995-02-23', '+84898305481', 'Freelancer', 'https://detoivn.sirv.com/customer_avt/user-avt%20(3).png', 'string', 'default', '2024-03-25T11:16:21.905682', '2024-03-25 11:06:21.905682', '2024-03-25 11:16:21.905682', 1, 1),
('11de9d68-2464-4109-a0f2-9e8910af0cc6', null, N'Vũ Yến Trâm', '1993-03-16', '+84371149268', 'Customer', 'https://detoivn.sirv.com/customer_avt/user-avt%20(1).png', 'string', 'default', '2024-03-25T11:16:21.906201', '2024-03-25 11:06:21.906201', '2024-03-25 11:16:21.906201', 1, 1),
('062d8d22-cff2-44c5-abdc-0e95cc223139', null, N'Huỳnh Ngô Tùng Lâm', '1976-06-01', '+84381598367', 'Customer', 'https://detoivn.sirv.com/customer_avt/user-avt%20(2).png', 'string', 'default', '2024-03-25T11:16:21.907223', '2024-03-25 11:06:21.907223', '2024-03-25 11:16:21.907223', 1, 1),
('de949c4c-320e-4ac7-866d-2d7c3ab27772', null, N'Hoàng Thanh Vinh', '1993-01-29', '+84377055008', 'Freelancer', 'https://detoivn.sirv.com/customer_avt/user-avt%20(3).png', 'string', 'default', '2024-03-25T11:16:21.908748', '2024-03-25 11:06:21.908748', '2024-03-25 11:16:21.908748', 1, 1),
('9749a6d8-489c-4127-955b-ab900b743fef', null, N'Trương Thảo Hồng', '1989-06-30', '+84825021600', 'Customer', 'https://detoivn.sirv.com/customer_avt/user-avt%20(2).png', 'string', 'default', '2024-03-25T11:16:21.911007', '2024-03-25 11:06:21.911007', '2024-03-25 11:16:21.911007', 1, 1),
('aeb26dce-1b72-423d-a9a4-1a0078a8a03a', null, N'Lê Ngọc Oanh', '1986-12-12', '+84856511662', 'Freelancer', 'https://detoivn.sirv.com/customer_avt/user-avt%20(2).png', 'string', 'default', '2024-03-25T11:16:21.913225', '2024-03-25 11:06:21.913225', '2024-03-25 11:16:21.913225', 1, 1),
('c766d72d-7e2d-4e6b-8048-ba948cb5ed63', null, N'Phạm Minh Ðan', '2004-02-23', '+84708952478', 'Freelancer', 'https://detoivn.sirv.com/customer_avt/user-avt%20(2).png', 'string', 'default', '2024-03-25T11:16:21.915223', '2024-03-25 11:06:21.915223', '2024-03-25 11:16:21.915223', 1, 1),
('749c1423-ac0c-4fda-ac6b-51867256e319', null, N'Đinh Tuyết Hồng', '1997-01-12', '+84708156075', 'Customer', 'https://detoivn.sirv.com/customer_avt/user-avt%20(2).png', 'string', 'default', '2024-03-25T11:16:21.917217', '2024-03-25 11:06:21.917217', '2024-03-25 11:16:21.917217', 1, 1),
('1f14097b-10c7-4a9b-9848-baa73cda84d7', null, N'Đỗ Dương Hoàng Thái', '1978-11-23', '+84917301041', 'Customer', 'https://detoivn.sirv.com/customer_avt/user-avt%20(1).png', 'string', 'default', '2024-03-25T11:16:21.919075', '2024-03-25 11:06:21.919075', '2024-03-25 11:16:21.919075', 1, 1),
('416d4695-1fa1-4134-bc00-95a5a9d3f97b', null, N'Vũ Cao Minh', '1980-10-01', '+84967456072', 'Customer', 'https://detoivn.sirv.com/customer_avt/user-avt%20(1).png', 'string', 'default', '2024-03-25T11:16:21.921459', '2024-03-25 11:06:21.921459', '2024-03-25 11:16:21.921459', 1, 1),
('3bc731b9-f8bf-4ee7-bc56-c03bec02ccb1', null, N'Phan Hoàng Minh Thái', '1989-11-08', '+84844644909', 'Freelancer', 'https://detoivn.sirv.com/customer_avt/user-avt%20(1).png', 'string', 'default', '2024-03-25T11:16:21.922483', '2024-03-25 11:06:21.922483', '2024-03-25 11:16:21.922483', 1, 1),
('45a4d89b-35d1-4bb4-955b-8289f4f5962f', null, N'Phạm Đinh Tuấn Ðức', '1999-09-02', '+84338234688', 'Customer', 'https://detoivn.sirv.com/customer_avt/user-avt%20(2).png', 'string', 'default', '2024-03-25T11:16:21.925474', '2024-03-25 11:06:21.925474', '2024-03-25 11:16:21.925474', 1, 1),
('a00d2a4e-41fb-4a36-8277-b44cbeb5b698', null, N'Lê Việt Phương', '2002-08-12', '+84881463369', 'Freelancer', 'https://detoivn.sirv.com/customer_avt/user-avt%20(3).png', 'string', 'default', '2024-03-25T11:16:21.927482', '2024-03-25 11:06:21.927482', '2024-03-25 11:16:21.927482', 1, 1); 

INSERT INTO [Freelancers] ([Id], [AccountId], [Rating], [TotalReviewCount], [Balance], [OrderCount], [LoveCount], [PositiveReviewCount], [IdentityNumber], [IsTeam], [Description], [TeamMemberCount]) VALUES
('aef98406-b550-4193-be31-183982da0f0b', '8c8a5d4c-0cd7-46ac-b84e-a9e4e44724b8', 0, 0, 0, 0, 0, 0, '051200000011', 1, 'Huge debate among way democratic chair cup. Gun still bit other maintain nor. There many true follow marriage material.', 3),
('efa7888c-c71f-4852-8c53-a77016a9a63c', '8de87916-63da-43c9-850b-f9e94b979e3d', 0, 0, 0, 0, 0, 0, '051200000012', 0, 'Owner choose here family relationship. At be than always different American address. Former claim chance prevent why measure too.', 1),
('c8ee1679-1c0d-430b-8ac6-c0619f2d3f60', 'a3a6c408-e8a6-4475-8de0-a08bb78db500', 0, 0, 0, 0, 0, 0, '051200000013', 0, 'Face top individual win suddenly. Parent do ten after those scientist. Medical effort assume teacher wall. Significant his himself clearly very. Expert stop area along individual.', 1),
('595573b0-ac4a-40a8-bb71-226dd487b49d', 'de949c4c-320e-4ac7-866d-2d7c3ab27772', 0, 0, 0, 0, 0, 0, '051200000014', 1, 'Hit another likely character allow pay picture. Record power crime situation. Book art red pass value practice wide. Fast support when hold family second whatever work. Million size country site. He couple ground place what top.', 2),
('b0aadd0a-e5bf-4a0f-8687-11d4fa95f2da', 'aeb26dce-1b72-423d-a9a4-1a0078a8a03a', 0, 0, 0, 0, 0, 0, '051200000015', 1, 'Single recognize information figure box international not type. Indeed between similar safe. Social issue indicate.', 5),
('054d75f5-1670-4212-a505-d71c310ba7ee', 'c766d72d-7e2d-4e6b-8048-ba948cb5ed63', 0, 0, 0, 0, 0, 0, '051200000016', 0, 'Girl act window standard audience throw. About probably rule too security. Hard agency painting teacher cost.', 1),
('d3baebdd-6fcc-43cb-845d-9793824f0871', '3bc731b9-f8bf-4ee7-bc56-c03bec02ccb1', 0, 0, 0, 0, 0, 0, '051200000017', 0, 'Which fast there network force or ball. Ok choose today watch source firm drug. Fact information animal car. Hour reduce car. Nearly scientist central instead PM.', 1),
('12efee0b-7e33-4221-b26e-061f27ff7cec', 'a00d2a4e-41fb-4a36-8277-b44cbeb5b698', 0, 0, 0, 0, 0, 0, '051200000018', 1, 'Across while top kid he weight. Wear someone everybody newspaper. Somebody land human should. Company where future model green place. Low data ability recognize.', 6); 

INSERT INTO [Customers] ([Id], [AccountId], [CustomerRank], [MemberPoint]) VALUES
('24462887-dfcf-4284-acb4-910466595166', '78207aa5-69a5-4c60-8790-687935122afa', 'Unranked', 0),
('5e11f149-b4eb-43e2-913c-682a87a0c78b', '11de9d68-2464-4109-a0f2-9e8910af0cc6', 'Unranked', 0),
('44f85518-5326-46f1-9e2c-07c5cbba77fa', '062d8d22-cff2-44c5-abdc-0e95cc223139', 'Unranked', 0),
('a0d46852-e80f-4e3a-9be2-9a2b2c410a00', '9749a6d8-489c-4127-955b-ab900b743fef', 'Unranked', 0),
('89d9524d-5c02-4685-9d65-f5d067cf4c34', '749c1423-ac0c-4fda-ac6b-51867256e319', 'Unranked', 0),
('b676b81a-f2e1-420e-88c2-6d62d15c630b', '1f14097b-10c7-4a9b-9848-baa73cda84d7', 'Unranked', 0),
('65ca693b-70ae-4e4e-95ec-9a4cec48707d', '416d4695-1fa1-4134-bc00-95a5a9d3f97b', 'Unranked', 0),
('a5901f91-c1a3-4e4c-b305-b885a9bb2fb3', '45a4d89b-35d1-4bb4-955b-8289f4f5962f', 'Unranked', 0); 

INSERT INTO [Addresses] ([Id], [Lat], [Lon], [CustomerAccountId], [FreelanceAccountId], [AddressLine], [Ward], [District], [Province], [Country]) VALUES
('42d75886-fff3-4033-b5d1-16a901baf4e0', 10.805891445334371, 106.60571273293316, null, 'aef98406-b550-4193-be31-183982da0f0b', 'test address', N'Thị trấn Hóc Môn', N'Huyện Hóc Môn', N'Thành phố Hồ Chí Minh', N'Việt Nam'),
('fe1d80de-7d75-4813-a71b-2af2b8c4f771', 10.465594186009781, 106.96810437284111, '24462887-dfcf-4284-acb4-910466595166', null, 'test address', N'Phường 9', N'Quận 3', N'Thành phố Hồ Chí Minh', N'Việt Nam'),
('7c21f346-6f66-4e9c-a98a-37a64e5c9f99', 10.52796734548236, 106.76025532951569, null, 'efa7888c-c71f-4852-8c53-a77016a9a63c', 'test address', N'Phường 15', N'Quận 5', N'Thành phố Hồ Chí Minh', N'Việt Nam'),
('f9238274-ec06-4899-894a-6b1c2058f4e9', 10.911793249327113, 106.85709240479183, null, 'c8ee1679-1c0d-430b-8ac6-c0619f2d3f60', 'test address', N'Phường 15', N'Quận 11', N'Thành phố Hồ Chí Minh', N'Việt Nam'),
('d334853f-cf9b-4074-a124-3d2bcdc05fb3', 10.624266385456561, 106.80373926366094, '5e11f149-b4eb-43e2-913c-682a87a0c78b', null, 'test address', N'Phường 5', N'Quận 6', N'Thành phố Hồ Chí Minh', N'Việt Nam'),
('9cb18203-38d9-4bac-8c39-35b76379a777', 10.459456499227034, 106.95993557278352, '44f85518-5326-46f1-9e2c-07c5cbba77fa', null, 'test address', N'Phường 5', N'Quận 10', N'Thành phố Hồ Chí Minh', N'Việt Nam'),
('7636829f-2240-4c61-8966-5c3af7c6d8ad', 10.668863147592093, 106.83440963719109, null, '595573b0-ac4a-40a8-bb71-226dd487b49d', 'test address', N'Xã Bình Mỹ', N'Huyện Củ Chi', N'Thành phố Hồ Chí Minh', N'Việt Nam'),
('ac50a0b4-757c-4930-b76e-5c72b8bf2ddc', 10.826567145213271, 106.92817349761303, 'a0d46852-e80f-4e3a-9be2-9a2b2c410a00', null, 'test address', N'Phường 5', N'Quận Phú Nhuận', N'Thành phố Hồ Chí Minh', N'Việt Nam'),
('e5c05170-6ad8-48a9-887e-ee6ea97e4014', 10.526075797122306, 106.68384124308312, null, 'b0aadd0a-e5bf-4a0f-8687-11d4fa95f2da', 'test address', N'Phường 8', N'Quận 6', N'Thành phố Hồ Chí Minh', N'Việt Nam'),
('187c8e3d-22c0-439a-8926-13192bc0811b', 10.53675454781506, 106.8321875786373, null, '054d75f5-1670-4212-a505-d71c310ba7ee', 'test address', N'Phường 17', N'Quận Bình Thạnh', N'Thành phố Hồ Chí Minh', N'Việt Nam'),
('c5e3fc4f-0acc-477d-8cc2-cc30f0e9dd80', 10.616464528694877, 106.92368110387527, '89d9524d-5c02-4685-9d65-f5d067cf4c34', null, 'test address', N'Phường 4', N'Quận 11', N'Thành phố Hồ Chí Minh', N'Việt Nam'),
('0d4751ef-2e51-4b51-ae93-82c481fd81cb', 10.926673327522927, 106.63178718394387, 'b676b81a-f2e1-420e-88c2-6d62d15c630b', null, 'test address', N'Phường 5', N'Quận 3', N'Thành phố Hồ Chí Minh', N'Việt Nam'),
('90ea0616-82d6-4a1e-9030-dbf8872ae277', 10.70266812146355, 106.60899550989087, '65ca693b-70ae-4e4e-95ec-9a4cec48707d', null, 'test address', N'Phường 1', N'Quận Phú Nhuận', N'Thành phố Hồ Chí Minh', N'Việt Nam'),
('51bb2c78-9bee-4924-a832-e9cb5a802d17', 10.768153413876224, 106.61266951860077, null, 'd3baebdd-6fcc-43cb-845d-9793824f0871', 'test address', N'Phường 14', N'Quận 6', N'Thành phố Hồ Chí Minh', N'Việt Nam'),
('f8038408-8404-4a9f-8aa3-c1cc5bbb6d3a', 10.620949846863956, 106.68312689804567, 'a5901f91-c1a3-4e4c-b305-b885a9bb2fb3', null, 'test address', N'Xã Thạnh An', N'Huyện Cần Giờ', N'Thành phố Hồ Chí Minh', N'Việt Nam'),
('4cdefedc-6562-40d0-a13f-2b26cfb7ef58', 10.560626350012265, 106.70882855208497, null, '12efee0b-7e33-4221-b26e-061f27ff7cec', 'test address', N'Xã Bình Hưng', N'Huyện Bình Chánh', N'Thành phố Hồ Chí Minh', N'Việt Nam'); 

INSERT INTO [Skills] (Id, Name, Description, SkillCategory) VALUES
('45c78069-0d20-4f6a-96e1-2dd21727621a', 'House Cleaning', 'American whole magazine truth stop whose.', 'CleaningService'),
('365561df-297a-48cf-9047-c8e600dbbc23', 'Office Cleaning', 'Through despite cause cause believe son would mouth.', 'CleaningService'),
('00508df9-6f3d-4f9c-8745-ccbdc4b3fa25', 'Deep Cleaning', 'Financial role together range.', 'CleaningService'),
('e3938ca2-5193-472f-9c4b-d172b114b514', 'Carpet Cleaning', 'Beyond its particularly tree whom local tend.', 'CleaningService'),
('1dd6d377-4401-415b-8f56-7f5c569c440f', 'Window Cleaning', 'Source nature add rest.', 'CleaningService'),
('78fed4e5-dc69-438d-b561-a0a388a8e2c2', 'Maid Service', 'Ability management test during foot that course nothing.', 'CleaningService'),
('d94b04ab-e388-4a9c-9d8f-a1e9bc1f8fd6', 'Janitorial Service', 'Sort language ball floor.', 'CleaningService'),
('17b50ac9-56a2-4c4a-b66b-7f3acdf1e991', 'Disinfection Service', 'Board necessary religious natural sport music white.', 'CleaningService'),
('4f87191d-93fd-4993-a696-779789987b95', 'Eco-friendly Cleaning', 'Onto knowledge other his offer face country.', 'CleaningService'),
('acdcf8f5-6a2f-4309-b212-4a694f29791d', 'Move-in/Move-out Cleaning', 'Party prevent live.', 'CleaningService'),
('28078e67-7dbc-4176-85b8-ea95e9bcf344', 'Appliance Repair', 'Theory type successful together.', 'RepairingService'),
('8c2c484a-6882-4452-b001-37ddf9224398', 'Refrigerator Repair', 'Study modern miss dog Democrat quickly.', 'RepairingService'),
('5444a2c3-f244-4bfe-be11-66fb13893e53', 'Washer/Dryer Repair', 'Every manage political record word group food break.', 'RepairingService'),
('a87e4799-db9c-405e-b05c-a19dbbf1b53b', 'Oven/Range Repair', 'Friend couple administration even relate head color international.', 'RepairingService'),
('223253e7-0bfe-4999-a28d-e4cb654d0e0a', 'Dishwasher Repair', 'Situation talk despite stage.', 'RepairingService'),
('7f788146-a7ca-404f-ab6d-c931e8be29fe', 'HVAC Repair', 'Quite ago play paper office hospital have wonder.', 'RepairingService'),
('38d1519e-7521-4e7a-834d-3b920a355d2b', 'Plumbing Repair', 'Against which continue buy decision song view age.', 'RepairingService'),
('6932eca3-a931-468f-b6d7-65186e125a66', 'Electrical Repair', 'Big employee determine positive go Congress mean always.', 'RepairingService'),
('cc112b07-e368-443f-af3e-536a08e20e5d', 'Small Appliance Repair', 'Current grow rule stuff truth college.', 'RepairingService'),
('4afed789-4c22-457b-9d91-9b4cb41f1316', 'Garbage Disposal Repair', 'Small citizen class morning.', 'RepairingService'),
('80352907-eb61-4b58-8044-22272dcea0aa', 'Personal Shopping', 'Tv program actually race tonight themselves true power.', 'ShoppingService'),
('727674a1-4e87-4b39-86e8-63c14b8870f1', 'Grocery Shopping', 'Check real leader bad school.', 'ShoppingService'),
('54254158-277e-415a-ad5f-c4a6de5a4985', 'Errand Service', 'Care several loss particular pull.', 'ShoppingService'),
('458adddf-be59-4bde-b7fb-7f12c2ed355a', 'Shopping Assistance', 'Car financial security stock ball organization recognize civil.', 'ShoppingService'),
('ee71cc83-6ce0-4b8f-b93a-c576d742fc0a', 'Gift Shopping', 'Her then nothing increase I reduce industry.', 'ShoppingService'),
('e3650800-869e-4708-8832-4f61ff168664', 'Online Shopping', 'Knowledge else citizen month.', 'ShoppingService'),
('f24a6b7d-d642-42a1-ac88-1e238141fca5', 'Bulk Shopping', 'Page a although for study anyone state.', 'ShoppingService'),
('c6541e06-acf5-40a5-929d-a080f8e00a89', 'Specialty Store Shopping', 'Nature white without study candidate.', 'ShoppingService'),
('bfcbd903-df17-4bb5-852b-8cd03819e2dc', 'Holiday Shopping', 'Wear individual about add senior woman.', 'ShoppingService'),
('db757460-567e-460d-8842-06539210906e', 'Fashion Styling', 'Best budget power them evidence without beyond take.', 'ShoppingService'); 

INSERT INTO [FreelanceSkills] ([FreelancerId], [SkillId]) VALUES
('aef98406-b550-4193-be31-183982da0f0b', '4afed789-4c22-457b-9d91-9b4cb41f1316'),
('aef98406-b550-4193-be31-183982da0f0b', '17b50ac9-56a2-4c4a-b66b-7f3acdf1e991'),
('aef98406-b550-4193-be31-183982da0f0b', '45c78069-0d20-4f6a-96e1-2dd21727621a'),
('aef98406-b550-4193-be31-183982da0f0b', '28078e67-7dbc-4176-85b8-ea95e9bcf344'),
('aef98406-b550-4193-be31-183982da0f0b', '54254158-277e-415a-ad5f-c4a6de5a4985'),
('aef98406-b550-4193-be31-183982da0f0b', '458adddf-be59-4bde-b7fb-7f12c2ed355a'),
('aef98406-b550-4193-be31-183982da0f0b', 'f24a6b7d-d642-42a1-ac88-1e238141fca5'),
('efa7888c-c71f-4852-8c53-a77016a9a63c', '365561df-297a-48cf-9047-c8e600dbbc23'),
('efa7888c-c71f-4852-8c53-a77016a9a63c', 'cc112b07-e368-443f-af3e-536a08e20e5d'),
('efa7888c-c71f-4852-8c53-a77016a9a63c', '00508df9-6f3d-4f9c-8745-ccbdc4b3fa25'),
('efa7888c-c71f-4852-8c53-a77016a9a63c', '727674a1-4e87-4b39-86e8-63c14b8870f1'),
('efa7888c-c71f-4852-8c53-a77016a9a63c', 'e3650800-869e-4708-8832-4f61ff168664'),
('efa7888c-c71f-4852-8c53-a77016a9a63c', '38d1519e-7521-4e7a-834d-3b920a355d2b'),
('efa7888c-c71f-4852-8c53-a77016a9a63c', '4afed789-4c22-457b-9d91-9b4cb41f1316'),
('c8ee1679-1c0d-430b-8ac6-c0619f2d3f60', 'bfcbd903-df17-4bb5-852b-8cd03819e2dc'),
('c8ee1679-1c0d-430b-8ac6-c0619f2d3f60', 'c6541e06-acf5-40a5-929d-a080f8e00a89'),
('c8ee1679-1c0d-430b-8ac6-c0619f2d3f60', '4afed789-4c22-457b-9d91-9b4cb41f1316'),
('c8ee1679-1c0d-430b-8ac6-c0619f2d3f60', '54254158-277e-415a-ad5f-c4a6de5a4985'),
('c8ee1679-1c0d-430b-8ac6-c0619f2d3f60', '00508df9-6f3d-4f9c-8745-ccbdc4b3fa25'),
('c8ee1679-1c0d-430b-8ac6-c0619f2d3f60', '727674a1-4e87-4b39-86e8-63c14b8870f1'),
('595573b0-ac4a-40a8-bb71-226dd487b49d', '4f87191d-93fd-4993-a696-779789987b95'),
('595573b0-ac4a-40a8-bb71-226dd487b49d', 'bfcbd903-df17-4bb5-852b-8cd03819e2dc'),
('595573b0-ac4a-40a8-bb71-226dd487b49d', '45c78069-0d20-4f6a-96e1-2dd21727621a'),
('595573b0-ac4a-40a8-bb71-226dd487b49d', '38d1519e-7521-4e7a-834d-3b920a355d2b'),
('595573b0-ac4a-40a8-bb71-226dd487b49d', '727674a1-4e87-4b39-86e8-63c14b8870f1'),
('595573b0-ac4a-40a8-bb71-226dd487b49d', 'cc112b07-e368-443f-af3e-536a08e20e5d'),
('b0aadd0a-e5bf-4a0f-8687-11d4fa95f2da', '458adddf-be59-4bde-b7fb-7f12c2ed355a'),
('b0aadd0a-e5bf-4a0f-8687-11d4fa95f2da', '4f87191d-93fd-4993-a696-779789987b95'),
('b0aadd0a-e5bf-4a0f-8687-11d4fa95f2da', '00508df9-6f3d-4f9c-8745-ccbdc4b3fa25'),
('b0aadd0a-e5bf-4a0f-8687-11d4fa95f2da', '8c2c484a-6882-4452-b001-37ddf9224398'),
('b0aadd0a-e5bf-4a0f-8687-11d4fa95f2da', 'e3938ca2-5193-472f-9c4b-d172b114b514'),
('054d75f5-1670-4212-a505-d71c310ba7ee', '7f788146-a7ca-404f-ab6d-c931e8be29fe'),
('054d75f5-1670-4212-a505-d71c310ba7ee', '8c2c484a-6882-4452-b001-37ddf9224398'),
('054d75f5-1670-4212-a505-d71c310ba7ee', '54254158-277e-415a-ad5f-c4a6de5a4985'),
('d3baebdd-6fcc-43cb-845d-9793824f0871', '17b50ac9-56a2-4c4a-b66b-7f3acdf1e991'),
('d3baebdd-6fcc-43cb-845d-9793824f0871', '223253e7-0bfe-4999-a28d-e4cb654d0e0a'),
('d3baebdd-6fcc-43cb-845d-9793824f0871', '80352907-eb61-4b58-8044-22272dcea0aa'),
('12efee0b-7e33-4221-b26e-061f27ff7cec', '45c78069-0d20-4f6a-96e1-2dd21727621a'),
('12efee0b-7e33-4221-b26e-061f27ff7cec', 'd94b04ab-e388-4a9c-9d8f-a1e9bc1f8fd6'),
('12efee0b-7e33-4221-b26e-061f27ff7cec', 'acdcf8f5-6a2f-4309-b212-4a694f29791d'),
('12efee0b-7e33-4221-b26e-061f27ff7cec', 'e3938ca2-5193-472f-9c4b-d172b114b514'),
('12efee0b-7e33-4221-b26e-061f27ff7cec', 'ee71cc83-6ce0-4b8f-b93a-c576d742fc0a'),
('12efee0b-7e33-4221-b26e-061f27ff7cec', '80352907-eb61-4b58-8044-22272dcea0aa'); 

INSERT INTO [Orders] ([Id], [AddressId], [EstimatedPrice], [StartTime], [FinishTime], [CreatedTime], [FreelancerId], [CustomerId], [Rating], [Comment], [ServiceStatusId]) VALUES
('1be48175-c681-428b-9267-7463fd473f81', '9cb18203-38d9-4bac-8c39-35b76379a777', 900000, '2024-03-06T00:00:00.000000', '2024-03-06T00:00:00.000000', '2024-03-04T00:00:00.000000', '12efee0b-7e33-4221-b26e-061f27ff7cec', '44f85518-5326-46f1-9e2c-07c5cbba77fa', 3.0, N'Lê Việt Phương cần được cải thiện. Tôi cảm thấy mình không nhận được giá trị tương xứng với số tiền bỏ ra.', 'a7d1f0e8-2a6f-4b9d-aa1c-10f58a1d5d32'),
('9114f725-a13c-4925-b78e-9701693f3d17', '9cb18203-38d9-4bac-8c39-35b76379a777', 100000, '2024-01-27T00:00:00.000000', '2024-01-27T00:00:00.000000', '2024-01-24T00:00:00.000000', 'aef98406-b550-4193-be31-183982da0f0b', '44f85518-5326-46f1-9e2c-07c5cbba77fa', 3.5, N'Nguyễn Hải Nhi cần được cải thiện. Đó là một trải nghiệm khá khó chịu.', 'a7d1f0e8-2a6f-4b9d-aa1c-10f58a1d5d32'),
('f513e4c8-ddf5-4dd7-af7a-cc571b4838df', '90ea0616-82d6-4a1e-9030-dbf8872ae277', 300000, '2024-02-12T00:00:00.000000', '2024-02-12T00:00:00.000000', '2024-02-10T00:00:00.000000', 'b0aadd0a-e5bf-4a0f-8687-11d4fa95f2da', '65ca693b-70ae-4e4e-95ec-9a4cec48707d', 5.0, N'Lê Ngọc Oanh thật tuyệt vời! Sự chuyên nghiệp của Freelancer này thật tuyệt đỉnh.', 'a7d1f0e8-2a6f-4b9d-aa1c-10f58a1d5d32'),
('9637fba7-565f-44a1-b59c-681575e7547f', '90ea0616-82d6-4a1e-9030-dbf8872ae277', 300000, '2024-02-08T00:00:00.000000', '2024-02-08T00:00:00.000000', '2024-02-05T00:00:00.000000', 'efa7888c-c71f-4852-8c53-a77016a9a63c', '65ca693b-70ae-4e4e-95ec-9a4cec48707d', 4.0, N'Tôi không thể hài lòng hơn với dịch vụ của Hồ Nguyễn Thanh Loan. Tôi nhận được giá trị tuyệt vời với số tiền bỏ ra.', 'a7d1f0e8-2a6f-4b9d-aa1c-10f58a1d5d32'),
('88678a99-24e9-485f-915b-3a82d076dd43', '90ea0616-82d6-4a1e-9030-dbf8872ae277', 0, '2024-02-10T00:00:00.000000', null, '2024-02-09T00:00:00.000000', null, '65ca693b-70ae-4e4e-95ec-9a4cec48707d', 0, null, '8a9f22f1-3c67-49f7-bd84-ec290e4a37fd'),
('7ef4c2d8-e34d-4bea-b32f-39ffb305d6a0', '0d4751ef-2e51-4b51-ae93-82c481fd81cb', 700000, '2024-02-10T00:00:00.000000', '2024-02-10T00:00:00.000000', '2024-02-07T00:00:00.000000', 'c8ee1679-1c0d-430b-8ac6-c0619f2d3f60', 'b676b81a-f2e1-420e-88c2-6d62d15c630b', 5.0, N'Tôi thực sự ấn tượng với Đinh Quốc Huy. Sự chuyên nghiệp của Freelancer này thật tuyệt đỉnh.', 'a7d1f0e8-2a6f-4b9d-aa1c-10f58a1d5d32'),
('cb9c8845-9ac2-49f9-9fa1-4dce340a711a', '0d4751ef-2e51-4b51-ae93-82c481fd81cb', 0, '2024-01-31T00:00:00.000000', null, '2024-01-30T00:00:00.000000', null, 'b676b81a-f2e1-420e-88c2-6d62d15c630b', 0, null, '8a9f22f1-3c67-49f7-bd84-ec290e4a37fd'),
('3e078add-b3a5-40ba-a7ed-da265477daa6', 'c5e3fc4f-0acc-477d-8cc2-cc30f0e9dd80', 0, '2024-01-06T00:00:00.000000', null, '2024-01-03T00:00:00.000000', null, '89d9524d-5c02-4685-9d65-f5d067cf4c34', 0, null, '8a9f22f1-3c67-49f7-bd84-ec290e4a37fd'),
('55fcff05-9398-4bcb-9d3b-53c2c65ce74d', 'c5e3fc4f-0acc-477d-8cc2-cc30f0e9dd80', 0, '2024-02-14T00:00:00.000000', null, '2024-02-12T00:00:00.000000', null, '89d9524d-5c02-4685-9d65-f5d067cf4c34', 0, null, '8a9f22f1-3c67-49f7-bd84-ec290e4a37fd'),
('9f4235e6-eea9-4b52-9b29-5b7845bb6b80', '0d4751ef-2e51-4b51-ae93-82c481fd81cb', 500000, '2024-03-06T00:00:00.000000', '2024-03-06T00:00:00.000000', '2024-03-03T00:00:00.000000', '595573b0-ac4a-40a8-bb71-226dd487b49d', 'b676b81a-f2e1-420e-88c2-6d62d15c630b', 5.0, N'Hoàng Thanh Vinh đã làm một công việc rất ấn tượng. Freelancer thật thân thiện và lịch sự.', 'a7d1f0e8-2a6f-4b9d-aa1c-10f58a1d5d32'),
('6c6f62d1-1560-4cc2-9a8e-93d4f8efdfb3', 'f8038408-8404-4a9f-8aa3-c1cc5bbb6d3a', 800000, '2024-03-19T00:00:00.000000', '2024-03-19T00:00:00.000000', '2024-03-17T00:00:00.000000', '12efee0b-7e33-4221-b26e-061f27ff7cec', 'a5901f91-c1a3-4e4c-b305-b885a9bb2fb3', 4.0, N'Lê Việt Phương thật tuyệt vời! Nhanh chóng và hiệu quả.', 'a7d1f0e8-2a6f-4b9d-aa1c-10f58a1d5d32'),
('666f89dd-ee5c-4f9e-99c9-12ee77ef0873', 'f8038408-8404-4a9f-8aa3-c1cc5bbb6d3a', 400000, '2024-01-10T00:00:00.000000', '2024-01-10T00:00:00.000000', '2024-01-09T00:00:00.000000', 'efa7888c-c71f-4852-8c53-a77016a9a63c', 'a5901f91-c1a3-4e4c-b305-b885a9bb2fb3', 4.0, N'Làm việc với Hồ Nguyễn Thanh Loan thật thú vị. Nhanh chóng và hiệu quả.', 'a7d1f0e8-2a6f-4b9d-aa1c-10f58a1d5d32'),
('461dc776-fd51-4720-a793-4eba4708f16a', 'f8038408-8404-4a9f-8aa3-c1cc5bbb6d3a', 0, '2024-03-14T00:00:00.000000', null, '2024-03-12T00:00:00.000000', null, 'a5901f91-c1a3-4e4c-b305-b885a9bb2fb3', 0, null, '8a9f22f1-3c67-49f7-bd84-ec290e4a37fd'),
('5a5a3760-a27a-45ce-a453-576855ecbb26', '0d4751ef-2e51-4b51-ae93-82c481fd81cb', 100000, '2024-02-26T00:00:00.000000', '2024-02-26T00:00:00.000000', '2024-02-25T00:00:00.000000', '12efee0b-7e33-4221-b26e-061f27ff7cec', 'b676b81a-f2e1-420e-88c2-6d62d15c630b', 3.0, N'Lê Việt Phương thân thiện và nhiệt tình. Tôi cảm thấy mình không nhận được giá trị tương xứng với số tiền bỏ ra.', 'a7d1f0e8-2a6f-4b9d-aa1c-10f58a1d5d32'),
('7c1b2036-d88c-44d9-adb4-2dbf16119cf9', '0d4751ef-2e51-4b51-ae93-82c481fd81cb', 0, '2024-03-02T00:00:00.000000', null, '2024-03-01T00:00:00.000000', null, 'b676b81a-f2e1-420e-88c2-6d62d15c630b', 0, null, '8a9f22f1-3c67-49f7-bd84-ec290e4a37fd'),
('bce17fa7-91b3-498a-add0-28a86ed301ea', '0d4751ef-2e51-4b51-ae93-82c481fd81cb', 0, '2024-01-16T00:00:00.000000', null, '2024-01-15T00:00:00.000000', null, 'b676b81a-f2e1-420e-88c2-6d62d15c630b', 0, null, '8a9f22f1-3c67-49f7-bd84-ec290e4a37fd'),
('560895b2-5946-411f-937c-e0fc735e15a7', '9cb18203-38d9-4bac-8c39-35b76379a777', 0, '2024-03-01T00:00:00.000000', null, '2024-02-29T00:00:00.000000', null, '44f85518-5326-46f1-9e2c-07c5cbba77fa', 0, null, '8a9f22f1-3c67-49f7-bd84-ec290e4a37fd'),
('3b36d7ac-9650-47af-912e-fe708667fcca', '9cb18203-38d9-4bac-8c39-35b76379a777', 600000, '2024-01-05T00:00:00.000000', '2024-01-05T00:00:00.000000', '2024-01-04T00:00:00.000000', 'aef98406-b550-4193-be31-183982da0f0b', '44f85518-5326-46f1-9e2c-07c5cbba77fa', 3.5, N'Nguyễn Hải Nhi thiếu chuyên nghiệp. Tôi cảm thấy mình không nhận được giá trị tương xứng với số tiền bỏ ra.', 'a7d1f0e8-2a6f-4b9d-aa1c-10f58a1d5d32'),
('78f1e071-b9d9-4999-ac0c-e0f7b51491d7', '9cb18203-38d9-4bac-8c39-35b76379a777', 100000, '2024-03-22T00:00:00.000000', '2024-03-22T00:00:00.000000', '2024-03-21T00:00:00.000000', '054d75f5-1670-4212-a505-d71c310ba7ee', '44f85518-5326-46f1-9e2c-07c5cbba77fa', 3.5, N'Phạm Minh Ðan cần cải thiện khả năng giao tiếp. Freelancer không thân thiện và không nhiệt tình.', 'a7d1f0e8-2a6f-4b9d-aa1c-10f58a1d5d32'),
('65791395-e093-4a7d-9b4a-e5d5eda421ae', 'c5e3fc4f-0acc-477d-8cc2-cc30f0e9dd80', 0, '2024-01-23T00:00:00.000000', null, '2024-01-20T00:00:00.000000', null, '89d9524d-5c02-4685-9d65-f5d067cf4c34', 0, null, '8a9f22f1-3c67-49f7-bd84-ec290e4a37fd'),
('0961b223-755c-4a5d-9694-9b0fe46234dc', 'c5e3fc4f-0acc-477d-8cc2-cc30f0e9dd80', 500000, '2024-03-12T00:00:00.000000', '2024-03-12T00:00:00.000000', '2024-03-10T00:00:00.000000', '054d75f5-1670-4212-a505-d71c310ba7ee', '89d9524d-5c02-4685-9d65-f5d067cf4c34', 4.0, N'Phạm Minh Ðan thật xuất sắc! Nhanh chóng và hiệu quả.', 'a7d1f0e8-2a6f-4b9d-aa1c-10f58a1d5d32'),
('3f068ebf-d93f-43aa-bafd-e145b49a4a42', 'c5e3fc4f-0acc-477d-8cc2-cc30f0e9dd80', 0, '2024-01-28T00:00:00.000000', null, '2024-01-25T00:00:00.000000', null, '89d9524d-5c02-4685-9d65-f5d067cf4c34', 0, null, '8a9f22f1-3c67-49f7-bd84-ec290e4a37fd'),
('51bc8b8f-3a21-44be-9399-2d02b6e687bf', 'fe1d80de-7d75-4813-a71b-2af2b8c4f771', 0, '2024-01-16T00:00:00.000000', null, '2024-01-14T00:00:00.000000', null, '24462887-dfcf-4284-acb4-910466595166', 0, null, '8a9f22f1-3c67-49f7-bd84-ec290e4a37fd'),
('e1269931-cce5-4962-9d18-ea23b491ae61', 'fe1d80de-7d75-4813-a71b-2af2b8c4f771', 800000, '2024-03-01T00:00:00.000000', '2024-03-01T00:00:00.000000', '2024-02-28T00:00:00.000000', '054d75f5-1670-4212-a505-d71c310ba7ee', '24462887-dfcf-4284-acb4-910466595166', 4.0, N'Làm việc với Phạm Minh Ðan thật thú vị. Dịch vụ vượt quá mong đợi của tôi.', 'a7d1f0e8-2a6f-4b9d-aa1c-10f58a1d5d32'),
('a0844eae-0d7b-4cb2-86b8-a4acbd4044d2', 'fe1d80de-7d75-4813-a71b-2af2b8c4f771', 100000, '2024-03-17T00:00:00.000000', '2024-03-17T00:00:00.000000', '2024-03-16T00:00:00.000000', 'c8ee1679-1c0d-430b-8ac6-c0619f2d3f60', '24462887-dfcf-4284-acb4-910466595166', 5.0, N'Đinh Quốc Huy vượt xa mong đợi. Tôi nhận được giá trị tuyệt vời với số tiền bỏ ra.', 'a7d1f0e8-2a6f-4b9d-aa1c-10f58a1d5d32'),
('e5205a51-60dc-4568-aef9-9b1d36833405', '90ea0616-82d6-4a1e-9030-dbf8872ae277', 1000000, '2024-02-24T00:00:00.000000', '2024-02-24T00:00:00.000000', '2024-02-22T00:00:00.000000', '12efee0b-7e33-4221-b26e-061f27ff7cec', '65ca693b-70ae-4e4e-95ec-9a4cec48707d', 5.0, N'Lê Việt Phương vượt quá mong đợi của tôi. Nhanh chóng và hiệu quả.', 'a7d1f0e8-2a6f-4b9d-aa1c-10f58a1d5d32'),
('70406fe3-31d8-43ad-a0e8-6251a738b9fa', '90ea0616-82d6-4a1e-9030-dbf8872ae277', 0, '2024-01-16T00:00:00.000000', null, '2024-01-13T00:00:00.000000', null, '65ca693b-70ae-4e4e-95ec-9a4cec48707d', 0, null, '8a9f22f1-3c67-49f7-bd84-ec290e4a37fd'),
('4023e100-c7eb-4818-abeb-4abdae85a84d', 'fe1d80de-7d75-4813-a71b-2af2b8c4f771', 1000000, '2024-03-21T00:00:00.000000', '2024-03-21T00:00:00.000000', '2024-03-18T00:00:00.000000', '12efee0b-7e33-4221-b26e-061f27ff7cec', '24462887-dfcf-4284-acb4-910466595166', 3.0, N'Thật không may, trải nghiệm của tôi với Lê Việt Phương không được tốt. Tôi cảm thấy mình không nhận được giá trị tương xứng với số tiền bỏ ra.', 'a7d1f0e8-2a6f-4b9d-aa1c-10f58a1d5d32'),
('62023c5f-a5d0-4699-be55-0325f15fec7e', 'fe1d80de-7d75-4813-a71b-2af2b8c4f771', 0, '2024-02-15T00:00:00.000000', null, '2024-02-12T00:00:00.000000', null, '24462887-dfcf-4284-acb4-910466595166', 0, null, '8a9f22f1-3c67-49f7-bd84-ec290e4a37fd'),
('5ed13707-84db-46a3-b64c-bb9dd6ffb63b', 'fe1d80de-7d75-4813-a71b-2af2b8c4f771', 600000, '2024-01-08T00:00:00.000000', '2024-01-08T00:00:00.000000', '2024-01-05T00:00:00.000000', 'c8ee1679-1c0d-430b-8ac6-c0619f2d3f60', '24462887-dfcf-4284-acb4-910466595166', 4.5, N'Đinh Quốc Huy thật tuyệt vời! Chất lượng dịch vụ xuất sắc.', 'a7d1f0e8-2a6f-4b9d-aa1c-10f58a1d5d32'),
('2b207074-2003-46f4-b55d-c5241b6ff753', '90ea0616-82d6-4a1e-9030-dbf8872ae277', 0, '2024-03-19T00:00:00.000000', null, '2024-03-18T00:00:00.000000', null, '65ca693b-70ae-4e4e-95ec-9a4cec48707d', 0, null, '8a9f22f1-3c67-49f7-bd84-ec290e4a37fd'),
('bf36fa45-edff-42e5-91be-3bc9e248681a', 'fe1d80de-7d75-4813-a71b-2af2b8c4f771', 400000, '2024-03-03T00:00:00.000000', '2024-03-03T00:00:00.000000', '2024-03-01T00:00:00.000000', 'efa7888c-c71f-4852-8c53-a77016a9a63c', '24462887-dfcf-4284-acb4-910466595166', 5.0, N'Hồ Nguyễn Thanh Loan đã làm một công việc rất ấn tượng. Chất lượng dịch vụ xuất sắc.', 'a7d1f0e8-2a6f-4b9d-aa1c-10f58a1d5d32'),
('b1ac7300-41b3-4a9e-8cf6-0ee94a716371', 'fe1d80de-7d75-4813-a71b-2af2b8c4f771', 0, '2024-01-14T00:00:00.000000', null, '2024-01-12T00:00:00.000000', null, '24462887-dfcf-4284-acb4-910466595166', 0, null, '8a9f22f1-3c67-49f7-bd84-ec290e4a37fd'),
('3354d5dc-872f-4558-8da9-88be228ebfc4', 'fe1d80de-7d75-4813-a71b-2af2b8c4f771', 300000, '2024-01-06T00:00:00.000000', '2024-01-06T00:00:00.000000', '2024-01-03T00:00:00.000000', 'b0aadd0a-e5bf-4a0f-8687-11d4fa95f2da', '24462887-dfcf-4284-acb4-910466595166', 5.0, N'Lê Ngọc Oanh thật tuyệt vời! Dịch vụ vượt quá mong đợi của tôi.', 'a7d1f0e8-2a6f-4b9d-aa1c-10f58a1d5d32'),
('ea4b68c5-2992-4358-8981-c374a99e0050', 'fe1d80de-7d75-4813-a71b-2af2b8c4f771', 0, '2024-02-04T00:00:00.000000', null, '2024-02-01T00:00:00.000000', null, '24462887-dfcf-4284-acb4-910466595166', 0, null, '8a9f22f1-3c67-49f7-bd84-ec290e4a37fd'),
('271f43a2-347c-43b9-b23f-ea0c9afd079e', 'fe1d80de-7d75-4813-a71b-2af2b8c4f771', 0, '2024-01-31T00:00:00.000000', null, '2024-01-28T00:00:00.000000', null, '24462887-dfcf-4284-acb4-910466595166', 0, null, '8a9f22f1-3c67-49f7-bd84-ec290e4a37fd'),
('90d73bd2-1650-43bc-8091-3d5bbb1ffa82', '0d4751ef-2e51-4b51-ae93-82c481fd81cb', 0, '2024-03-06T00:00:00.000000', null, '2024-03-04T00:00:00.000000', null, 'b676b81a-f2e1-420e-88c2-6d62d15c630b', 0, null, '8a9f22f1-3c67-49f7-bd84-ec290e4a37fd'),
('a13bfe48-aa79-4fc6-8782-48dc95d18d17', '90ea0616-82d6-4a1e-9030-dbf8872ae277', 900000, '2024-01-02T00:00:00.000000', '2024-01-02T00:00:00.000000', '2024-01-01T00:00:00.000000', 'c8ee1679-1c0d-430b-8ac6-c0619f2d3f60', '65ca693b-70ae-4e4e-95ec-9a4cec48707d', 4.5, N'Tôi đã có một trải nghiệm tuyệt vời với Đinh Quốc Huy. Nhanh chóng và hiệu quả.', 'a7d1f0e8-2a6f-4b9d-aa1c-10f58a1d5d32'),
('d1557e95-f1a2-487e-9f38-219f32022a05', '90ea0616-82d6-4a1e-9030-dbf8872ae277', 0, '2024-02-29T00:00:00.000000', null, '2024-02-28T00:00:00.000000', null, '65ca693b-70ae-4e4e-95ec-9a4cec48707d', 0, null, '8a9f22f1-3c67-49f7-bd84-ec290e4a37fd'),
('e1241030-2791-4ab4-908b-ef867e1a39b4', '90ea0616-82d6-4a1e-9030-dbf8872ae277', 0, '2024-03-17T00:00:00.000000', null, '2024-03-15T00:00:00.000000', null, '65ca693b-70ae-4e4e-95ec-9a4cec48707d', 0, null, '8a9f22f1-3c67-49f7-bd84-ec290e4a37fd'),
('608e2660-e4da-46ba-8dbe-858b8b2d84bb', '90ea0616-82d6-4a1e-9030-dbf8872ae277', 0, '2024-01-11T00:00:00.000000', null, '2024-01-08T00:00:00.000000', null, '65ca693b-70ae-4e4e-95ec-9a4cec48707d', 0, null, '8a9f22f1-3c67-49f7-bd84-ec290e4a37fd'),
('c39f48bf-3120-4b2f-abc3-a1eddeccd762', '90ea0616-82d6-4a1e-9030-dbf8872ae277', 0, '2024-02-14T00:00:00.000000', null, '2024-02-13T00:00:00.000000', null, '65ca693b-70ae-4e4e-95ec-9a4cec48707d', 0, null, '8a9f22f1-3c67-49f7-bd84-ec290e4a37fd'),
('9f694681-1e28-4d17-ac75-1ef11729123c', '90ea0616-82d6-4a1e-9030-dbf8872ae277', 1000000, '2024-02-16T00:00:00.000000', '2024-02-16T00:00:00.000000', '2024-02-14T00:00:00.000000', 'c8ee1679-1c0d-430b-8ac6-c0619f2d3f60', '65ca693b-70ae-4e4e-95ec-9a4cec48707d', 3.5, N'Đinh Quốc Huy thân thiện và nhiệt tình. Chậm và kém hiệu quả.', 'a7d1f0e8-2a6f-4b9d-aa1c-10f58a1d5d32'),
('db066718-278a-406c-80d6-72da2e7273df', 'c5e3fc4f-0acc-477d-8cc2-cc30f0e9dd80', 0, '2024-01-12T00:00:00.000000', null, '2024-01-10T00:00:00.000000', null, '89d9524d-5c02-4685-9d65-f5d067cf4c34', 0, null, '8a9f22f1-3c67-49f7-bd84-ec290e4a37fd'),
('7ac19cec-1ad1-4218-a2db-5e333c98dd13', 'c5e3fc4f-0acc-477d-8cc2-cc30f0e9dd80', 600000, '2024-02-03T00:00:00.000000', '2024-02-03T00:00:00.000000', '2024-01-31T00:00:00.000000', 'b0aadd0a-e5bf-4a0f-8687-11d4fa95f2da', '89d9524d-5c02-4685-9d65-f5d067cf4c34', 5.0, N'Lê Ngọc Oanh vượt xa mong đợi. Dịch vụ vượt quá mong đợi của tôi.', 'a7d1f0e8-2a6f-4b9d-aa1c-10f58a1d5d32'),
('f99efa73-e6b0-42c6-bbad-641fad046517', 'c5e3fc4f-0acc-477d-8cc2-cc30f0e9dd80', 800000, '2024-02-06T00:00:00.000000', '2024-02-06T00:00:00.000000', '2024-02-04T00:00:00.000000', 'b0aadd0a-e5bf-4a0f-8687-11d4fa95f2da', '89d9524d-5c02-4685-9d65-f5d067cf4c34', 4.0, N'Tôi không thể hài lòng hơn với dịch vụ của Lê Ngọc Oanh. Dịch vụ vượt quá mong đợi của tôi.', 'a7d1f0e8-2a6f-4b9d-aa1c-10f58a1d5d32'),
('7e6a8927-1323-4843-8da5-a13c0edf91a0', '90ea0616-82d6-4a1e-9030-dbf8872ae277', 0, '2024-03-09T00:00:00.000000', null, '2024-03-06T00:00:00.000000', null, '65ca693b-70ae-4e4e-95ec-9a4cec48707d', 0, null, '8a9f22f1-3c67-49f7-bd84-ec290e4a37fd'),
('e30dcc92-c25b-48e0-99e2-878b8f8f67ed', '90ea0616-82d6-4a1e-9030-dbf8872ae277', 700000, '2024-01-03T00:00:00.000000', '2024-01-03T00:00:00.000000', '2023-12-31T00:00:00.000000', 'd3baebdd-6fcc-43cb-845d-9793824f0871', '65ca693b-70ae-4e4e-95ec-9a4cec48707d', 3.5, N'Phan Hoàng Minh Thái cần được cải thiện. Đó là một trải nghiệm khá khó chịu.', 'a7d1f0e8-2a6f-4b9d-aa1c-10f58a1d5d32'),
('3461944d-9457-467a-82d5-f54338ed1691', '90ea0616-82d6-4a1e-9030-dbf8872ae277', 1000000, '2024-03-18T00:00:00.000000', '2024-03-18T00:00:00.000000', '2024-03-17T00:00:00.000000', 'aef98406-b550-4193-be31-183982da0f0b', '65ca693b-70ae-4e4e-95ec-9a4cec48707d', 5.0, N'Nguyễn Hải Nhi cung cấp dịch vụ thật hoàn hảo. Chất lượng dịch vụ xuất sắc.', 'a7d1f0e8-2a6f-4b9d-aa1c-10f58a1d5d32'),
('aae90a58-3cfd-4dcf-b9d7-e4a63da76eab', '0d4751ef-2e51-4b51-ae93-82c481fd81cb', 0, '2024-01-01T00:00:00.000000', null, '2023-12-31T00:00:00.000000', null, 'b676b81a-f2e1-420e-88c2-6d62d15c630b', 0, null, '8a9f22f1-3c67-49f7-bd84-ec290e4a37fd'),
('f89bc902-e868-4b4e-8a1a-eb28e3c6e17a', '0d4751ef-2e51-4b51-ae93-82c481fd81cb', 0, '2024-03-22T00:00:00.000000', null, '2024-03-20T00:00:00.000000', null, 'b676b81a-f2e1-420e-88c2-6d62d15c630b', 0, null, '8a9f22f1-3c67-49f7-bd84-ec290e4a37fd'),
('7325e287-5d9f-43c0-a662-642f92373aa5', 'f8038408-8404-4a9f-8aa3-c1cc5bbb6d3a', 0, '2024-01-15T00:00:00.000000', null, '2024-01-13T00:00:00.000000', null, 'a5901f91-c1a3-4e4c-b305-b885a9bb2fb3', 0, null, '8a9f22f1-3c67-49f7-bd84-ec290e4a37fd'),
('cb0caaf9-e34a-4d30-90f9-5ebd24166cd5', 'f8038408-8404-4a9f-8aa3-c1cc5bbb6d3a', 0, '2024-01-19T00:00:00.000000', null, '2024-01-17T00:00:00.000000', null, 'a5901f91-c1a3-4e4c-b305-b885a9bb2fb3', 0, null, '8a9f22f1-3c67-49f7-bd84-ec290e4a37fd'),
('3b8dc312-f338-402c-95cf-5535897c48e6', '90ea0616-82d6-4a1e-9030-dbf8872ae277', 0, '2024-01-10T00:00:00.000000', null, '2024-01-08T00:00:00.000000', null, '65ca693b-70ae-4e4e-95ec-9a4cec48707d', 0, null, '8a9f22f1-3c67-49f7-bd84-ec290e4a37fd'),
('a2a6f70a-9e70-4112-8fb2-3f4a5a2dfd08', '9cb18203-38d9-4bac-8c39-35b76379a777', 0, '2024-02-07T00:00:00.000000', null, '2024-02-05T00:00:00.000000', null, '44f85518-5326-46f1-9e2c-07c5cbba77fa', 0, null, '8a9f22f1-3c67-49f7-bd84-ec290e4a37fd'),
('2fbbc51e-b2ed-4f38-86a4-11fd29b92fac', '0d4751ef-2e51-4b51-ae93-82c481fd81cb', 0, '2024-01-14T00:00:00.000000', null, '2024-01-11T00:00:00.000000', null, 'b676b81a-f2e1-420e-88c2-6d62d15c630b', 0, null, '8a9f22f1-3c67-49f7-bd84-ec290e4a37fd'),
('3f9bb094-7e9e-4ea8-912a-8b9801063233', '0d4751ef-2e51-4b51-ae93-82c481fd81cb', 500000, '2024-01-11T00:00:00.000000', '2024-01-11T00:00:00.000000', '2024-01-08T00:00:00.000000', 'efa7888c-c71f-4852-8c53-a77016a9a63c', 'b676b81a-f2e1-420e-88c2-6d62d15c630b', 3.5, N'Hồ Nguyễn Thanh Loan cần cải thiện khả năng giao tiếp. Chất lượng dịch vụ kém.', 'a7d1f0e8-2a6f-4b9d-aa1c-10f58a1d5d32'),
('e9b94f6b-aaa1-4cf7-b4ee-98d2262a16af', 'f8038408-8404-4a9f-8aa3-c1cc5bbb6d3a', 300000, '2024-01-25T00:00:00.000000', '2024-01-25T00:00:00.000000', '2024-01-23T00:00:00.000000', 'd3baebdd-6fcc-43cb-845d-9793824f0871', 'a5901f91-c1a3-4e4c-b305-b885a9bb2fb3', 4.5, N'Tôi thực sự ấn tượng với Phan Hoàng Minh Thái. Tôi nhận được giá trị tuyệt vời với số tiền bỏ ra.', 'a7d1f0e8-2a6f-4b9d-aa1c-10f58a1d5d32'),
('20710fec-e50e-48a8-8b51-8f35e1885930', 'ac50a0b4-757c-4930-b76e-5c72b8bf2ddc', 900000, '2024-03-17T00:00:00.000000', '2024-03-17T00:00:00.000000', '2024-03-15T00:00:00.000000', 'd3baebdd-6fcc-43cb-845d-9793824f0871', 'a0d46852-e80f-4e3a-9be2-9a2b2c410a00', 5.0, N'Phan Hoàng Minh Thái cung cấp dịch vụ thật hoàn hảo. Chất lượng dịch vụ xuất sắc.', 'a7d1f0e8-2a6f-4b9d-aa1c-10f58a1d5d32'),
('5f73376f-3a4e-4766-a89f-180b259152b2', 'fe1d80de-7d75-4813-a71b-2af2b8c4f771', 0, '2024-03-22T00:00:00.000000', null, '2024-03-20T00:00:00.000000', null, '24462887-dfcf-4284-acb4-910466595166', 0, null, '8a9f22f1-3c67-49f7-bd84-ec290e4a37fd'),
('b70034fe-1ea7-41cd-8bc8-0d64ece9db04', 'd334853f-cf9b-4074-a124-3d2bcdc05fb3', 0, '2024-03-02T00:00:00.000000', null, '2024-02-29T00:00:00.000000', null, '5e11f149-b4eb-43e2-913c-682a87a0c78b', 0, null, '8a9f22f1-3c67-49f7-bd84-ec290e4a37fd'),
('29e3bd1e-f4aa-49cc-b9f5-867c99f85af0', 'd334853f-cf9b-4074-a124-3d2bcdc05fb3', 0, '2024-03-07T00:00:00.000000', null, '2024-03-06T00:00:00.000000', null, '5e11f149-b4eb-43e2-913c-682a87a0c78b', 0, null, '8a9f22f1-3c67-49f7-bd84-ec290e4a37fd'),
('de99819d-e498-4376-aef7-55884dfcaab1', 'd334853f-cf9b-4074-a124-3d2bcdc05fb3', 800000, '2024-02-24T00:00:00.000000', '2024-02-24T00:00:00.000000', '2024-02-22T00:00:00.000000', 'c8ee1679-1c0d-430b-8ac6-c0619f2d3f60', '5e11f149-b4eb-43e2-913c-682a87a0c78b', 5.0, N'Tôi thực sự ấn tượng với Đinh Quốc Huy. Sự chuyên nghiệp của Freelancer này thật tuyệt đỉnh.', 'a7d1f0e8-2a6f-4b9d-aa1c-10f58a1d5d32'),
('e194c49e-f0dc-4413-86b6-56f956e07000', 'fe1d80de-7d75-4813-a71b-2af2b8c4f771', 1000000, '2024-02-15T00:00:00.000000', '2024-02-15T00:00:00.000000', '2024-02-13T00:00:00.000000', '054d75f5-1670-4212-a505-d71c310ba7ee', '24462887-dfcf-4284-acb4-910466595166', 3.0, N'Thật không may, trải nghiệm của tôi với Phạm Minh Ðan không được tốt. Freelancer không thân thiện và không nhiệt tình.', 'a7d1f0e8-2a6f-4b9d-aa1c-10f58a1d5d32'),
('f1487973-4298-4d86-b33e-934e4b856338', 'fe1d80de-7d75-4813-a71b-2af2b8c4f771', 600000, '2024-02-07T00:00:00.000000', '2024-02-07T00:00:00.000000', '2024-02-04T00:00:00.000000', '595573b0-ac4a-40a8-bb71-226dd487b49d', '24462887-dfcf-4284-acb4-910466595166', 5.0, N'Làm việc với Hoàng Thanh Vinh thật thú vị. Tôi nhận được giá trị tuyệt vời với số tiền bỏ ra.', 'a7d1f0e8-2a6f-4b9d-aa1c-10f58a1d5d32'),
('cb89d4da-bbcc-46be-8c17-315c305ccbf8', 'fe1d80de-7d75-4813-a71b-2af2b8c4f771', 1000000, '2024-01-16T00:00:00.000000', '2024-01-16T00:00:00.000000', '2024-01-14T00:00:00.000000', 'efa7888c-c71f-4852-8c53-a77016a9a63c', '24462887-dfcf-4284-acb4-910466595166', 5.0, N'Tôi thực sự ấn tượng với Hồ Nguyễn Thanh Loan. Nhanh chóng và hiệu quả.', 'a7d1f0e8-2a6f-4b9d-aa1c-10f58a1d5d32'),
('09e0fd7d-c80a-4a9b-88d7-b652ad19889a', 'd334853f-cf9b-4074-a124-3d2bcdc05fb3', 0, '2024-01-07T00:00:00.000000', null, '2024-01-05T00:00:00.000000', null, '5e11f149-b4eb-43e2-913c-682a87a0c78b', 0, null, '8a9f22f1-3c67-49f7-bd84-ec290e4a37fd'),
('119d62b5-1972-4a5e-bad5-3e8ec59e18b9', 'd334853f-cf9b-4074-a124-3d2bcdc05fb3', 0, '2024-01-08T00:00:00.000000', null, '2024-01-05T00:00:00.000000', null, '5e11f149-b4eb-43e2-913c-682a87a0c78b', 0, null, '8a9f22f1-3c67-49f7-bd84-ec290e4a37fd'),
('7bfb93e9-fa27-44af-9b1b-96cfc20175ad', 'd334853f-cf9b-4074-a124-3d2bcdc05fb3', 0, '2024-01-04T00:00:00.000000', null, '2024-01-01T00:00:00.000000', null, '5e11f149-b4eb-43e2-913c-682a87a0c78b', 0, null, '8a9f22f1-3c67-49f7-bd84-ec290e4a37fd'),
('6b41e8a3-b628-43cd-a241-d0ae2c506554', '90ea0616-82d6-4a1e-9030-dbf8872ae277', 500000, '2024-01-03T00:00:00.000000', '2024-01-03T00:00:00.000000', '2024-01-02T00:00:00.000000', 'b0aadd0a-e5bf-4a0f-8687-11d4fa95f2da', '65ca693b-70ae-4e4e-95ec-9a4cec48707d', 5.0, N'Lê Ngọc Oanh cung cấp dịch vụ thật hoàn hảo. Tôi nhận được giá trị tuyệt vời với số tiền bỏ ra.', 'a7d1f0e8-2a6f-4b9d-aa1c-10f58a1d5d32'),
('6a3f982c-e40a-4434-8401-f02916a190e3', '90ea0616-82d6-4a1e-9030-dbf8872ae277', 900000, '2024-03-17T00:00:00.000000', '2024-03-17T00:00:00.000000', '2024-03-14T00:00:00.000000', 'b0aadd0a-e5bf-4a0f-8687-11d4fa95f2da', '65ca693b-70ae-4e4e-95ec-9a4cec48707d', 3.5, N'Thật không may, trải nghiệm của tôi với Lê Ngọc Oanh không được tốt. Đó là một trải nghiệm khá khó chịu.', 'a7d1f0e8-2a6f-4b9d-aa1c-10f58a1d5d32'),
('d8beb964-4e81-4fa3-9987-42860bf19e0f', '90ea0616-82d6-4a1e-9030-dbf8872ae277', 400000, '2024-02-10T00:00:00.000000', '2024-02-10T00:00:00.000000', '2024-02-08T00:00:00.000000', 'aef98406-b550-4193-be31-183982da0f0b', '65ca693b-70ae-4e4e-95ec-9a4cec48707d', 5.0, N'Nguyễn Hải Nhi cung cấp dịch vụ thật hoàn hảo. Freelancer thật thân thiện và lịch sự.', 'a7d1f0e8-2a6f-4b9d-aa1c-10f58a1d5d32'),
('7348722d-a95a-4e50-83a6-87f95b205be2', '9cb18203-38d9-4bac-8c39-35b76379a777', 0, '2024-03-16T00:00:00.000000', null, '2024-03-14T00:00:00.000000', null, '44f85518-5326-46f1-9e2c-07c5cbba77fa', 0, null, '8a9f22f1-3c67-49f7-bd84-ec290e4a37fd'),
('fd02a4c0-519d-4b9d-94e5-6169f5e7abe1', '9cb18203-38d9-4bac-8c39-35b76379a777', 0, '2024-02-14T00:00:00.000000', null, '2024-02-13T00:00:00.000000', null, '44f85518-5326-46f1-9e2c-07c5cbba77fa', 0, null, '8a9f22f1-3c67-49f7-bd84-ec290e4a37fd'),
('bf558328-ef37-46c3-ad6f-907f896b979e', '9cb18203-38d9-4bac-8c39-35b76379a777', 0, '2024-01-17T00:00:00.000000', null, '2024-01-15T00:00:00.000000', null, '44f85518-5326-46f1-9e2c-07c5cbba77fa', 0, null, '8a9f22f1-3c67-49f7-bd84-ec290e4a37fd'),
('9612cb19-ca65-4ade-9f20-f5bd4bafbbca', 'c5e3fc4f-0acc-477d-8cc2-cc30f0e9dd80', 0, '2024-03-19T00:00:00.000000', null, '2024-03-16T00:00:00.000000', null, '89d9524d-5c02-4685-9d65-f5d067cf4c34', 0, null, '8a9f22f1-3c67-49f7-bd84-ec290e4a37fd'),
('0d249da5-df6b-4d42-b54d-80d95226bb6f', 'ac50a0b4-757c-4930-b76e-5c72b8bf2ddc', 900000, '2024-01-26T00:00:00.000000', '2024-01-26T00:00:00.000000', '2024-01-23T00:00:00.000000', 'd3baebdd-6fcc-43cb-845d-9793824f0871', 'a0d46852-e80f-4e3a-9be2-9a2b2c410a00', 3.5, N'Phan Hoàng Minh Thái thân thiện và nhiệt tình. Đó là một trải nghiệm khá khó chịu.', 'a7d1f0e8-2a6f-4b9d-aa1c-10f58a1d5d32'),
('feaaafad-c7b8-4481-a43a-9bfe6a1a3a55', 'c5e3fc4f-0acc-477d-8cc2-cc30f0e9dd80', 500000, '2024-01-20T00:00:00.000000', '2024-01-20T00:00:00.000000', '2024-01-17T00:00:00.000000', 'efa7888c-c71f-4852-8c53-a77016a9a63c', '89d9524d-5c02-4685-9d65-f5d067cf4c34', 3.5, N'Tôi không thích dịch vụ từ Hồ Nguyễn Thanh Loan lắm. Chất lượng dịch vụ kém.', 'a7d1f0e8-2a6f-4b9d-aa1c-10f58a1d5d32'),
('207b3a4b-16a7-4ef3-8cf9-017496e520db', 'c5e3fc4f-0acc-477d-8cc2-cc30f0e9dd80', 0, '2024-02-04T00:00:00.000000', null, '2024-02-01T00:00:00.000000', null, '89d9524d-5c02-4685-9d65-f5d067cf4c34', 0, null, '8a9f22f1-3c67-49f7-bd84-ec290e4a37fd'),
('f144ac4e-d810-4800-b80b-ead8e302ebb7', 'ac50a0b4-757c-4930-b76e-5c72b8bf2ddc', 0, '2024-02-28T00:00:00.000000', null, '2024-02-27T00:00:00.000000', null, 'a0d46852-e80f-4e3a-9be2-9a2b2c410a00', 0, null, '8a9f22f1-3c67-49f7-bd84-ec290e4a37fd'),
('80cf483d-73d7-4029-b5da-37271120f0dc', 'ac50a0b4-757c-4930-b76e-5c72b8bf2ddc', 500000, '2024-01-14T00:00:00.000000', '2024-01-14T00:00:00.000000', '2024-01-12T00:00:00.000000', 'aef98406-b550-4193-be31-183982da0f0b', 'a0d46852-e80f-4e3a-9be2-9a2b2c410a00', 5.0, N'Tôi thực sự ấn tượng với Nguyễn Hải Nhi. Đó là một trải nghiệm suôn sẻ.', 'a7d1f0e8-2a6f-4b9d-aa1c-10f58a1d5d32'),
('389b07d5-db69-4cb5-b54a-da1ea6c907c1', 'ac50a0b4-757c-4930-b76e-5c72b8bf2ddc', 300000, '2024-03-03T00:00:00.000000', '2024-03-03T00:00:00.000000', '2024-03-02T00:00:00.000000', '054d75f5-1670-4212-a505-d71c310ba7ee', 'a0d46852-e80f-4e3a-9be2-9a2b2c410a00', 4.5, N'Phạm Minh Ðan đã làm một công việc rất ấn tượng. Tôi nhận được giá trị tuyệt vời với số tiền bỏ ra.', 'a7d1f0e8-2a6f-4b9d-aa1c-10f58a1d5d32'),
('b78b4506-e1d8-4462-8a4b-7d89184f78ee', 'ac50a0b4-757c-4930-b76e-5c72b8bf2ddc', 0, '2024-02-13T00:00:00.000000', null, '2024-02-11T00:00:00.000000', null, 'a0d46852-e80f-4e3a-9be2-9a2b2c410a00', 0, null, '8a9f22f1-3c67-49f7-bd84-ec290e4a37fd'),
('56ebf2cf-7269-4a7e-8027-794ae3ad568e', 'fe1d80de-7d75-4813-a71b-2af2b8c4f771', 500000, '2024-02-24T00:00:00.000000', '2024-02-24T00:00:00.000000', '2024-02-21T00:00:00.000000', 'd3baebdd-6fcc-43cb-845d-9793824f0871', '24462887-dfcf-4284-acb4-910466595166', 5.0, N'Phan Hoàng Minh Thái thật xuất sắc! Freelancer thật thân thiện và lịch sự.', 'a7d1f0e8-2a6f-4b9d-aa1c-10f58a1d5d32'),
('24d941b5-6a4f-4949-a77c-4ee7cbfad5ef', '9cb18203-38d9-4bac-8c39-35b76379a777', 700000, '2024-01-27T00:00:00.000000', '2024-01-27T00:00:00.000000', '2024-01-25T00:00:00.000000', '12efee0b-7e33-4221-b26e-061f27ff7cec', '44f85518-5326-46f1-9e2c-07c5cbba77fa', 3.0, N'Lê Việt Phương thiếu chuyên nghiệp. Freelancer không thân thiện và không nhiệt tình.', 'a7d1f0e8-2a6f-4b9d-aa1c-10f58a1d5d32'),
('72f87710-aa39-43ae-b48f-0fc970af35cb', '0d4751ef-2e51-4b51-ae93-82c481fd81cb', 200000, '2024-02-02T00:00:00.000000', '2024-02-02T00:00:00.000000', '2024-01-30T00:00:00.000000', '054d75f5-1670-4212-a505-d71c310ba7ee', 'b676b81a-f2e1-420e-88c2-6d62d15c630b', 3.5, N'Tôi không thích dịch vụ từ Phạm Minh Ðan lắm. Tôi cảm thấy mình không nhận được giá trị tương xứng với số tiền bỏ ra.', 'a7d1f0e8-2a6f-4b9d-aa1c-10f58a1d5d32'),
('c793f08e-dd97-433c-aea1-1c8885edd33b', 'ac50a0b4-757c-4930-b76e-5c72b8bf2ddc', 0, '2024-01-31T00:00:00.000000', null, '2024-01-30T00:00:00.000000', null, 'a0d46852-e80f-4e3a-9be2-9a2b2c410a00', 0, null, '8a9f22f1-3c67-49f7-bd84-ec290e4a37fd'),
('9691ca36-985f-43b6-9515-ad33cbff44e7', 'f8038408-8404-4a9f-8aa3-c1cc5bbb6d3a', 700000, '2024-03-16T00:00:00.000000', '2024-03-16T00:00:00.000000', '2024-03-13T00:00:00.000000', '054d75f5-1670-4212-a505-d71c310ba7ee', 'a5901f91-c1a3-4e4c-b305-b885a9bb2fb3', 3.5, N'Thật không may, trải nghiệm của tôi với Phạm Minh Ðan không được tốt. Freelancer không thân thiện và không nhiệt tình.', 'a7d1f0e8-2a6f-4b9d-aa1c-10f58a1d5d32'),
('32414a6a-3530-482f-9039-ea356a1126b8', 'f8038408-8404-4a9f-8aa3-c1cc5bbb6d3a', 200000, '2024-02-25T00:00:00.000000', '2024-02-25T00:00:00.000000', '2024-02-24T00:00:00.000000', 'aef98406-b550-4193-be31-183982da0f0b', 'a5901f91-c1a3-4e4c-b305-b885a9bb2fb3', 4.5, N'Nguyễn Hải Nhi thật xuất sắc! Freelancer thật thân thiện và lịch sự.', 'a7d1f0e8-2a6f-4b9d-aa1c-10f58a1d5d32'),
('7da2229d-f633-4d66-931c-74e4757e8847', 'f8038408-8404-4a9f-8aa3-c1cc5bbb6d3a', 0, '2024-01-03T00:00:00.000000', null, '2023-12-31T00:00:00.000000', null, 'a5901f91-c1a3-4e4c-b305-b885a9bb2fb3', 0, null, '8a9f22f1-3c67-49f7-bd84-ec290e4a37fd'),
('bf577194-ae54-4b73-a222-59e872655b5f', '9cb18203-38d9-4bac-8c39-35b76379a777', 1000000, '2024-02-26T00:00:00.000000', '2024-02-26T00:00:00.000000', '2024-02-24T00:00:00.000000', '12efee0b-7e33-4221-b26e-061f27ff7cec', '44f85518-5326-46f1-9e2c-07c5cbba77fa', 4.0, N'Lê Việt Phương vượt xa mong đợi. Đó là một trải nghiệm suôn sẻ.', 'a7d1f0e8-2a6f-4b9d-aa1c-10f58a1d5d32'),
('5c2aa92a-1d3e-431c-9bde-05e30cd08d94', '9cb18203-38d9-4bac-8c39-35b76379a777', 0, '2024-01-24T00:00:00.000000', null, '2024-01-22T00:00:00.000000', null, '44f85518-5326-46f1-9e2c-07c5cbba77fa', 0, null, '8a9f22f1-3c67-49f7-bd84-ec290e4a37fd'),
('7446c05b-9852-437a-9bf2-df2da5d3e92e', '9cb18203-38d9-4bac-8c39-35b76379a777', 400000, '2024-01-24T00:00:00.000000', '2024-01-24T00:00:00.000000', '2024-01-23T00:00:00.000000', 'd3baebdd-6fcc-43cb-845d-9793824f0871', '44f85518-5326-46f1-9e2c-07c5cbba77fa', 4.0, N'Làm việc với Phan Hoàng Minh Thái thật thú vị. Freelancer thật thân thiện và lịch sự.', 'a7d1f0e8-2a6f-4b9d-aa1c-10f58a1d5d32'),
('3157e22d-dc22-44a3-a773-20d3260126d3', 'fe1d80de-7d75-4813-a71b-2af2b8c4f771', 0, '2024-03-20T00:00:00.000000', null, '2024-03-17T00:00:00.000000', null, '24462887-dfcf-4284-acb4-910466595166', 0, null, '8a9f22f1-3c67-49f7-bd84-ec290e4a37fd'),
('a04dfc3a-8aef-473b-a71a-73bc6adbafc7', 'fe1d80de-7d75-4813-a71b-2af2b8c4f771', 0, '2024-01-23T00:00:00.000000', null, '2024-01-22T00:00:00.000000', null, '24462887-dfcf-4284-acb4-910466595166', 0, null, '8a9f22f1-3c67-49f7-bd84-ec290e4a37fd'),
('e43aea4a-8db6-474c-97fc-26c3b2bc22b2', 'fe1d80de-7d75-4813-a71b-2af2b8c4f771', 200000, '2024-03-20T00:00:00.000000', '2024-03-20T00:00:00.000000', '2024-03-17T00:00:00.000000', 'aef98406-b550-4193-be31-183982da0f0b', '24462887-dfcf-4284-acb4-910466595166', 4.0, N'Nguyễn Hải Nhi thật xuất sắc! Sự chuyên nghiệp của Freelancer này thật tuyệt đỉnh.', 'a7d1f0e8-2a6f-4b9d-aa1c-10f58a1d5d32'),
('b9913382-66d5-4d8d-9dcf-f55628208ce4', '9cb18203-38d9-4bac-8c39-35b76379a777', 0, '2024-01-31T00:00:00.000000', null, '2024-01-30T00:00:00.000000', null, '44f85518-5326-46f1-9e2c-07c5cbba77fa', 0, null, '8a9f22f1-3c67-49f7-bd84-ec290e4a37fd'),
('71b0b5b5-9871-4a93-a5be-8a57590d240c', '9cb18203-38d9-4bac-8c39-35b76379a777', 0, '2024-01-31T00:00:00.000000', null, '2024-01-28T00:00:00.000000', null, '44f85518-5326-46f1-9e2c-07c5cbba77fa', 0, null, '8a9f22f1-3c67-49f7-bd84-ec290e4a37fd'),
('7c720e37-cbf8-4dba-9ae3-3063bbf502fc', '9cb18203-38d9-4bac-8c39-35b76379a777', 900000, '2024-02-12T00:00:00.000000', '2024-02-12T00:00:00.000000', '2024-02-10T00:00:00.000000', 'efa7888c-c71f-4852-8c53-a77016a9a63c', '44f85518-5326-46f1-9e2c-07c5cbba77fa', 4.5, N'Hồ Nguyễn Thanh Loan cung cấp dịch vụ thật hoàn hảo. Freelancer thật thân thiện và lịch sự.', 'a7d1f0e8-2a6f-4b9d-aa1c-10f58a1d5d32'),
('16a6c361-ec0d-4c85-b7f5-de1479a17a5d', '9cb18203-38d9-4bac-8c39-35b76379a777', 0, '2024-03-11T00:00:00.000000', null, '2024-03-09T00:00:00.000000', null, '44f85518-5326-46f1-9e2c-07c5cbba77fa', 0, null, '8a9f22f1-3c67-49f7-bd84-ec290e4a37fd'),
('e51e8769-ede8-4513-9c07-4974b0a076f8', '9cb18203-38d9-4bac-8c39-35b76379a777', 0, '2024-03-09T00:00:00.000000', null, '2024-03-06T00:00:00.000000', null, '44f85518-5326-46f1-9e2c-07c5cbba77fa', 0, null, '8a9f22f1-3c67-49f7-bd84-ec290e4a37fd'),
('2ff0dc4b-8e31-461f-805b-b410c49fe193', 'fe1d80de-7d75-4813-a71b-2af2b8c4f771', 0, '2024-03-17T00:00:00.000000', null, '2024-03-16T00:00:00.000000', null, '24462887-dfcf-4284-acb4-910466595166', 0, null, '8a9f22f1-3c67-49f7-bd84-ec290e4a37fd'),
('723ff1af-d1a9-4856-b76b-e4c571101d8f', 'fe1d80de-7d75-4813-a71b-2af2b8c4f771', 400000, '2024-02-12T00:00:00.000000', '2024-02-12T00:00:00.000000', '2024-02-11T00:00:00.000000', 'aef98406-b550-4193-be31-183982da0f0b', '24462887-dfcf-4284-acb4-910466595166', 5.0, N'Nguyễn Hải Nhi vượt xa mong đợi. Chất lượng dịch vụ xuất sắc.', 'a7d1f0e8-2a6f-4b9d-aa1c-10f58a1d5d32'),
('572f3cb7-e77c-4496-a7d5-ad379076e9ed', 'fe1d80de-7d75-4813-a71b-2af2b8c4f771', 300000, '2024-02-20T00:00:00.000000', '2024-02-20T00:00:00.000000', '2024-02-17T00:00:00.000000', 'b0aadd0a-e5bf-4a0f-8687-11d4fa95f2da', '24462887-dfcf-4284-acb4-910466595166', 4.5, N'Lê Ngọc Oanh đã làm một công việc rất ấn tượng. Tôi nhận được giá trị tuyệt vời với số tiền bỏ ra.', 'a7d1f0e8-2a6f-4b9d-aa1c-10f58a1d5d32'),
('a397ee78-1bb6-4dc5-88b7-2e83ca67e1e2', 'fe1d80de-7d75-4813-a71b-2af2b8c4f771', 0, '2024-03-11T00:00:00.000000', null, '2024-03-10T00:00:00.000000', null, '24462887-dfcf-4284-acb4-910466595166', 0, null, '8a9f22f1-3c67-49f7-bd84-ec290e4a37fd'),
('1a837d97-2da5-4d49-b231-f022e9fc1ad9', '9cb18203-38d9-4bac-8c39-35b76379a777', 0, '2024-02-15T00:00:00.000000', null, '2024-02-12T00:00:00.000000', null, '44f85518-5326-46f1-9e2c-07c5cbba77fa', 0, null, '8a9f22f1-3c67-49f7-bd84-ec290e4a37fd'),
('0ce6fcc6-b51a-4fe1-af2b-54c4e20b3f40', '9cb18203-38d9-4bac-8c39-35b76379a777', 1000000, '2024-01-22T00:00:00.000000', '2024-01-22T00:00:00.000000', '2024-01-21T00:00:00.000000', '595573b0-ac4a-40a8-bb71-226dd487b49d', '44f85518-5326-46f1-9e2c-07c5cbba77fa', 5.0, N'Hoàng Thanh Vinh vượt xa mong đợi. Freelancer thật thân thiện và lịch sự.', 'a7d1f0e8-2a6f-4b9d-aa1c-10f58a1d5d32'),
('53eaa765-e70f-445c-bb96-874554db4e3f', '9cb18203-38d9-4bac-8c39-35b76379a777', 0, '2024-03-19T00:00:00.000000', null, '2024-03-16T00:00:00.000000', null, '44f85518-5326-46f1-9e2c-07c5cbba77fa', 0, null, '8a9f22f1-3c67-49f7-bd84-ec290e4a37fd'),
('d30af7bc-b265-431a-a7c7-2d5a9fc997c5', 'ac50a0b4-757c-4930-b76e-5c72b8bf2ddc', 0, '2024-02-01T00:00:00.000000', null, '2024-01-31T00:00:00.000000', null, 'a0d46852-e80f-4e3a-9be2-9a2b2c410a00', 0, null, '8a9f22f1-3c67-49f7-bd84-ec290e4a37fd'),
('2985b1d5-6eac-4f9c-ab58-0f216712aaca', 'ac50a0b4-757c-4930-b76e-5c72b8bf2ddc', 0, '2024-02-26T00:00:00.000000', null, '2024-02-23T00:00:00.000000', null, 'a0d46852-e80f-4e3a-9be2-9a2b2c410a00', 0, null, '8a9f22f1-3c67-49f7-bd84-ec290e4a37fd'),
('4c507dc5-3150-4821-b4b0-7ca39fd263ac', 'ac50a0b4-757c-4930-b76e-5c72b8bf2ddc', 0, '2024-02-02T00:00:00.000000', null, '2024-01-30T00:00:00.000000', null, 'a0d46852-e80f-4e3a-9be2-9a2b2c410a00', 0, null, '8a9f22f1-3c67-49f7-bd84-ec290e4a37fd'),
('e1664ee0-907c-4af0-a936-81ba6060c740', 'ac50a0b4-757c-4930-b76e-5c72b8bf2ddc', 1000000, '2024-02-20T00:00:00.000000', '2024-02-20T00:00:00.000000', '2024-02-18T00:00:00.000000', '12efee0b-7e33-4221-b26e-061f27ff7cec', 'a0d46852-e80f-4e3a-9be2-9a2b2c410a00', 3.0, N'Thật không may, trải nghiệm của tôi với Lê Việt Phương không được tốt. Freelancer không thân thiện và không nhiệt tình.', 'a7d1f0e8-2a6f-4b9d-aa1c-10f58a1d5d32'),
('e2caa378-f89a-44d7-a52f-401a32e9a669', 'ac50a0b4-757c-4930-b76e-5c72b8bf2ddc', 0, '2024-01-02T00:00:00.000000', null, '2024-01-01T00:00:00.000000', null, 'a0d46852-e80f-4e3a-9be2-9a2b2c410a00', 0, null, '8a9f22f1-3c67-49f7-bd84-ec290e4a37fd'),
('04d7b2fb-5ebe-484e-9a9a-7c0a390a0dfe', '90ea0616-82d6-4a1e-9030-dbf8872ae277', 200000, '2024-02-08T00:00:00.000000', '2024-02-08T00:00:00.000000', '2024-02-05T00:00:00.000000', '12efee0b-7e33-4221-b26e-061f27ff7cec', '65ca693b-70ae-4e4e-95ec-9a4cec48707d', 5.0, N'Tôi đã có một trải nghiệm tuyệt vời với Lê Việt Phương. Sự chuyên nghiệp của Freelancer này thật tuyệt đỉnh.', 'a7d1f0e8-2a6f-4b9d-aa1c-10f58a1d5d32'),
('f6042aaf-c618-4254-b373-1db6b1684c40', '90ea0616-82d6-4a1e-9030-dbf8872ae277', 0, '2024-01-17T00:00:00.000000', null, '2024-01-15T00:00:00.000000', null, '65ca693b-70ae-4e4e-95ec-9a4cec48707d', 0, null, '8a9f22f1-3c67-49f7-bd84-ec290e4a37fd'),
('2dcda436-5bd9-4319-9cd6-d1a09ea4e9d2', '90ea0616-82d6-4a1e-9030-dbf8872ae277', 0, '2024-01-13T00:00:00.000000', null, '2024-01-10T00:00:00.000000', null, '65ca693b-70ae-4e4e-95ec-9a4cec48707d', 0, null, '8a9f22f1-3c67-49f7-bd84-ec290e4a37fd'),
('40840c42-ebe5-47b8-acaa-68f37552ea1f', 'fe1d80de-7d75-4813-a71b-2af2b8c4f771', 200000, '2024-01-12T00:00:00.000000', '2024-01-12T00:00:00.000000', '2024-01-11T00:00:00.000000', 'd3baebdd-6fcc-43cb-845d-9793824f0871', '24462887-dfcf-4284-acb4-910466595166', 4.0, N'Phan Hoàng Minh Thái thật xuất sắc! Chất lượng dịch vụ xuất sắc.', 'a7d1f0e8-2a6f-4b9d-aa1c-10f58a1d5d32'),
('11cba3e2-f9e9-49c9-a792-2f27ee64cc91', 'fe1d80de-7d75-4813-a71b-2af2b8c4f771', 0, '2024-02-07T00:00:00.000000', null, '2024-02-06T00:00:00.000000', null, '24462887-dfcf-4284-acb4-910466595166', 0, null, '8a9f22f1-3c67-49f7-bd84-ec290e4a37fd'),
('2865b06f-f69e-4e24-a1d1-c7aaaf1ac462', 'fe1d80de-7d75-4813-a71b-2af2b8c4f771', 0, '2024-02-27T00:00:00.000000', null, '2024-02-24T00:00:00.000000', null, '24462887-dfcf-4284-acb4-910466595166', 0, null, '8a9f22f1-3c67-49f7-bd84-ec290e4a37fd'),
('0ee5ccdd-9c56-4bc0-95be-4e1d65bee1cf', 'fe1d80de-7d75-4813-a71b-2af2b8c4f771', 200000, '2024-02-17T00:00:00.000000', '2024-02-17T00:00:00.000000', '2024-02-16T00:00:00.000000', '595573b0-ac4a-40a8-bb71-226dd487b49d', '24462887-dfcf-4284-acb4-910466595166', 5.0, N'Hoàng Thanh Vinh đã làm một công việc rất ấn tượng. Sự chuyên nghiệp của Freelancer này thật tuyệt đỉnh.', 'a7d1f0e8-2a6f-4b9d-aa1c-10f58a1d5d32'),
('826c4cf4-291a-4816-b6d5-1c187db4715c', 'fe1d80de-7d75-4813-a71b-2af2b8c4f771', 0, '2024-03-15T00:00:00.000000', null, '2024-03-13T00:00:00.000000', null, '24462887-dfcf-4284-acb4-910466595166', 0, null, '8a9f22f1-3c67-49f7-bd84-ec290e4a37fd'),
('fec5e231-57a1-463b-a2a1-4f6f53def025', 'ac50a0b4-757c-4930-b76e-5c72b8bf2ddc', 0, '2024-02-23T00:00:00.000000', null, '2024-02-22T00:00:00.000000', null, 'a0d46852-e80f-4e3a-9be2-9a2b2c410a00', 0, null, '8a9f22f1-3c67-49f7-bd84-ec290e4a37fd'),
('3acc2e6e-fc27-4bc2-a8ed-84741e0e509c', 'ac50a0b4-757c-4930-b76e-5c72b8bf2ddc', 0, '2024-01-29T00:00:00.000000', null, '2024-01-26T00:00:00.000000', null, 'a0d46852-e80f-4e3a-9be2-9a2b2c410a00', 0, null, '8a9f22f1-3c67-49f7-bd84-ec290e4a37fd'),
('765bfe78-a747-4717-949f-2f2d15aa038f', 'f8038408-8404-4a9f-8aa3-c1cc5bbb6d3a', 300000, '2024-02-28T00:00:00.000000', '2024-02-28T00:00:00.000000', '2024-02-27T00:00:00.000000', 'efa7888c-c71f-4852-8c53-a77016a9a63c', 'a5901f91-c1a3-4e4c-b305-b885a9bb2fb3', 3.5, N'Hồ Nguyễn Thanh Loan cần cải thiện khả năng giao tiếp. Đó là một trải nghiệm khá khó chịu.', 'a7d1f0e8-2a6f-4b9d-aa1c-10f58a1d5d32'); 

INSERT INTO [Services] ([Id], [Note], [AdditionalNote], [ServiceTypeId], [Requirement], [AdditionalRequirement]) VALUES
('b243d872-e02f-4aa6-ac84-7f5bb52b885c', 'Government the pull cultural be.', 'none', '88006A8C-D757-4B85-8B91-C88E6078FE9C', N'[{"Key": "Name", "Value": "Quạt công nghiệp cắm điện"}, {"Key": "Size", "Value": "Vừa"}, {"Key": "Quantity", "Value": "4"}, {"Key": "Price", "Value": "0"}]', '[]'),
('ddfab10e-8281-4c99-9c8a-7a9fc83d7afd', 'Mind off phone most improve.', 'none', '73BF981F-1CFD-483D-80EE-14AB6D2E55EF', N'[{"Key": "Name", "Value": "Mua"}, {"Key": "Image", "Value": "test.png"}, {"Key": "Price", "Value": "0"}, {"Key": "ShoppingItems", "Value": "[Cá gai, Cá mòi, Dưa hấu không hạt, Cá chép, Thịt heo, Cà rốt baby, Cá tầm]"}]', '[]'),
('2b65b0a2-b3c5-48fc-a470-cc81cd0253a9', 'Present art feel seat appear perform agent.', 'none', 'F1B832B2-49F3-456F-BACB-B1F8DA766BEA', N'[{"Key": "Name", "Value": "Đèn pin"}, {"Key": "Size", "Value": "To"}, {"Key": "Quantity", "Value": "5"}, {"Key": "Price", "Value": "0"}]', '[]'),
('6c0dcbc8-195f-4386-a384-eb030e6bcf4d', 'Rather score protect according.', 'none', 'F1B832B2-49F3-456F-BACB-B1F8DA766BEA', N'[{"Key": "Name", "Value": "Máy tính"}, {"Key": "Size", "Value": "Nhỏ"}, {"Key": "Quantity", "Value": "5"}, {"Key": "Price", "Value": "0"}]', '[]'),
('5fff10d3-c367-43a6-b249-5cac6c4d30c0', 'Seem explain black leave.', 'none', '96D250D4-0C0E-4521-B94E-05F3CAFCA3F3', N'[{"Key": "Name", "Value": "Mua"}, {"Key": "Image", "Value": "test.png"}, {"Key": "Price", "Value": "0"}, {"Key": "ShoppingItems", "Value": "[Dầu ăn, Ớt sừng, Rau răm, Muối]"}]', '[]'),
('2c2160fd-9bef-41d7-b419-59e5c330d541', 'Keep daughter report town almost.', 'none', '3361BC88-9F58-4BE8-AC37-561606430F8A', N'[{"Key": "Name", "Value": "Mua"}, {"Key": "Image", "Value": "test.png"}, {"Key": "Price", "Value": "0"}, {"Key": "ShoppingItems", "Value": "[Cần tây, Rau cần tây, Cá thu, Rau dền, Cá thu]"}]', '[]'),
('ba2afafa-b212-479a-b3ce-d6a9e14728f2', 'Do father beautiful than.', 'none', '662A64BE-F7EA-4419-8978-DBF8F19159DC', N'[{"Key": "Name", "Value": "Bình nóng lạnh"}, {"Key": "Size", "Value": "Nhỏ"}, {"Key": "Quantity", "Value": "3"}, {"Key": "Price", "Value": "0"}]', '[]'),
('0256d628-308f-4446-b492-208a1472a5fc', 'Tv law fund bill third some follow.', 'none', '07CB166A-4B4E-4637-B224-6277A69003D9', N'[{"Key": "Name", "Value": "Mua"}, {"Key": "Image", "Value": "test.png"}, {"Key": "Price", "Value": "0"}, {"Key": "ShoppingItems", "Value": "[Cá basa, Cá chẽm, Bạch tuộc, Cà rốt baby, Bí xanh, Khoai lang mật, Cà chua hạt, Rau cải ngọt, Khoai tây lát, Đậu]"}]', '[]'),
('4ed92734-42d2-4474-98c8-6e6395f7cbdc', 'Couple bag thank.', 'none', 'F1B832B2-49F3-456F-BACB-B1F8DA766BEA', N'[{"Key": "Name", "Value": "Máy nén khí"}, {"Key": "Size", "Value": "Vừa"}, {"Key": "Quantity", "Value": "1"}, {"Key": "Price", "Value": "0"}]', '[]'),
('bf82ccf0-f2d0-417b-8ce1-ef5872984dc6', 'Figure necessary across.', 'none', '63CE2EBF-EF36-4B4A-891E-ABBDE2A75B38', N'[{"Key": "Name", "Value": "Đèn ngủ"}, {"Key": "Size", "Value": "Vừa"}, {"Key": "Quantity", "Value": "3"}, {"Key": "Price", "Value": "0"}]', '[]'),
('1c3a2e5e-b96e-4d28-9093-75425d9ff052', 'News experience must cut.', 'none', '96D250D4-0C0E-4521-B94E-05F3CAFCA3F3', N'[{"Key": "Name", "Value": "Mua"}, {"Key": "Image", "Value": "test.png"}, {"Key": "Price", "Value": "0"}, {"Key": "ShoppingItems", "Value": "[Cá chép, Cá bóc tôm, Rau muống xanh, Cá dìa, Cá mập]"}]', '[]'),
('99a7b2eb-976e-4497-bac7-fa124c560291', 'Middle teacher business population brother say grow.', 'none', '07CB166A-4B4E-4637-B224-6277A69003D9', N'[{"Key": "Name", "Value": "Mua"}, {"Key": "Image", "Value": "test.png"}, {"Key": "Price", "Value": "0"}, {"Key": "ShoppingItems", "Value": "[Dưa hấu chín, Củ cải trắng, Gia vị, Cá chẽo, Bí đỏ, Dầu olive, Măng, Cà rốt lát, Cá tầm, Cá basa]"}]', '[]'),
('af262661-f1a3-478e-b7af-2982e0342462', 'Science top ask film force.', 'none', '662A64BE-F7EA-4419-8978-DBF8F19159DC', N'[{"Key": "Name", "Value": "Quạt đứng cắm điện"}, {"Key": "Size", "Value": "To"}, {"Key": "Quantity", "Value": "5"}, {"Key": "Price", "Value": "0"}]', '[]'),
('95a4ce28-34ed-4231-8be6-c99c102e791f', 'Should wide dog car do his part.', 'none', 'B9F74F9E-F792-4C48-B1B6-B6F0BC402D07', N'[{"Key": "Name", "Value": "Ổ điện"}, {"Key": "Size", "Value": "Nhỏ"}, {"Key": "Quantity", "Value": "2"}, {"Key": "Price", "Value": "0"}]', '[]'),
('51731161-f473-4f4b-8937-642517073354', 'National region bad case I course first.', 'none', '3779D349-ABCB-4DBC-ABF1-25BA9E94A695', N'[{"Key": "Name", "Value": "Mua"}, {"Key": "Image", "Value": "test.png"}, {"Key": "Price", "Value": "0"}, {"Key": "ShoppingItems", "Value": "[Thịt cừu, Bột năng, Rau muống bạch, Dưa hấu hạt, Cá ngừ, Củ cải, Bí đỏ, Cá bóc tôm, Khoai lang, Khoai lang tím]"}]', '[]'),
('d3905881-23d9-4467-8d6a-53555bc2e15c', 'Figure ground much run.', 'none', '07CB166A-4B4E-4637-B224-6277A69003D9', N'[{"Key": "Name", "Value": "Mua"}, {"Key": "Image", "Value": "test.png"}, {"Key": "Price", "Value": "0"}, {"Key": "ShoppingItems", "Value": "[Tôm càng nhỏ, Cá, Cá lóc, Nấm, Cá chép, Rau ngò gai, Khoai tây, Khoai lang mật, Cá bơn]"}]', '[]'),
('2e9d692e-777b-4ac5-9c8e-3a19cc2a99df', 'Center find power road size impact.', 'none', '662A64BE-F7EA-4419-8978-DBF8F19159DC', N'[{"Key": "Name", "Value": "Máy ảnh"}, {"Key": "Size", "Value": "Nhỏ"}, {"Key": "Quantity", "Value": "2"}, {"Key": "Price", "Value": "0"}]', '[]'),
('74541539-8b18-4abe-829b-342408dffc3e', 'May perform product.', 'none', '96D250D4-0C0E-4521-B94E-05F3CAFCA3F3', N'[{"Key": "Name", "Value": "Mua"}, {"Key": "Image", "Value": "test.png"}, {"Key": "Price", "Value": "0"}, {"Key": "ShoppingItems", "Value": "[Thịt bò, Dưa hấu ruột hồng, Rau dưa leo, Ốc, Mì, Rau cải, Dưa hấu ruột đỏ, Cà chua bi, Tôm càng vàng]"}]', '[]'),
('96250398-e285-4667-a72f-eda4d26ec715', 'Own education south run agree usually already bed.', 'none', 'A5677DE0-A6A7-42C0-AB77-F34B75BEB63D', N'[{"Key": "Name", "Value": "Mua"}, {"Key": "Image", "Value": "test.png"}, {"Key": "Price", "Value": "0"}, {"Key": "ShoppingItems", "Value": "[Măng tây, Cải bắp, Rau ngò gai, Bột năng, Dầu đậu nành]"}]', '[]'),
('6c1c9c57-1132-4652-995f-ff9c71954466', 'Various although house build get.', 'none', 'F1B832B2-49F3-456F-BACB-B1F8DA766BEA', N'[{"Key": "Name", "Value": "Điều hòa"}, {"Key": "Size", "Value": "To"}, {"Key": "Quantity", "Value": "5"}, {"Key": "Price", "Value": "0"}]', '[]'),
('00972c85-bce8-40c4-860d-999e657fd2a8', 'Yet seven several might history.', 'none', '96D250D4-0C0E-4521-B94E-05F3CAFCA3F3', N'[{"Key": "Name", "Value": "Mua"}, {"Key": "Image", "Value": "test.png"}, {"Key": "Price", "Value": "0"}, {"Key": "ShoppingItems", "Value": "[Cá diêu hồng, Ớt sừng, Cá chép]"}]', '[]'),
('e02cb190-ba93-4ba8-a099-297089e8a645', 'Trouble tonight former section.', 'none', 'A5677DE0-A6A7-42C0-AB77-F34B75BEB63D', N'[{"Key": "Name", "Value": "Mua"}, {"Key": "Image", "Value": "test.png"}, {"Key": "Price", "Value": "0"}, {"Key": "ShoppingItems", "Value": "[Cá, Dưa hấu ruột đỏ, Cá lưỡi, Đường, Thịt vịt, Dầu dừa, Măng tây]"}]', '[]'),
('ed710251-2f06-4d10-b655-6c50f802893a', 'Often walk place myself.', 'none', '96D250D4-0C0E-4521-B94E-05F3CAFCA3F3', N'[{"Key": "Name", "Value": "Mua"}, {"Key": "Image", "Value": "test.png"}, {"Key": "Price", "Value": "0"}, {"Key": "ShoppingItems", "Value": "[Thịt gà, Khoai lang tím, Khoai lang tím, Cá chình, Dầu olive, Bắp non, Tôm bỏ vỏ, Cá diêu hồng, Rau muống, Dưa hấu không hạt]"}]', '[]'),
('78635c9b-ddd6-45e6-a753-92413b266bed', 'Add sing standard exactly election.', 'none', '63CE2EBF-EF36-4B4A-891E-ABBDE2A75B38', N'[{"Key": "Name", "Value": "Quạt hâm cắm điện"}, {"Key": "Size", "Value": "Vừa"}, {"Key": "Quantity", "Value": "3"}, {"Key": "Price", "Value": "0"}]', '[]'),
('35f519b3-df30-408d-8ce2-08022885ec6e', 'Social suddenly seek choice produce type.', 'none', 'B9F74F9E-F792-4C48-B1B6-B6F0BC402D07', N'[{"Key": "Name", "Value": "Quạt trần"}, {"Key": "Size", "Value": "Vừa"}, {"Key": "Quantity", "Value": "3"}, {"Key": "Price", "Value": "0"}]', '[]'),
('79074bb2-d07e-40aa-a38a-1f96436a1c43', 'Large season last meeting southern relate when.', 'none', '3361BC88-9F58-4BE8-AC37-561606430F8A', N'[{"Key": "Name", "Value": "Mua"}, {"Key": "Image", "Value": "test.png"}, {"Key": "Price", "Value": "0"}, {"Key": "ShoppingItems", "Value": "[Dầu đậu nành, Dưa gang, Mướp đắng, Cá chép, Thịt bò, Cá diêu hồng, Tôm càng nhỏ, Thịt vịt]"}]', '[]'),
('1320fd19-8fff-46b1-b86a-6e1b6192aa1e', 'Dark huge itself play pull.', 'none', '3779D349-ABCB-4DBC-ABF1-25BA9E94A695', N'[{"Key": "Name", "Value": "Mua"}, {"Key": "Image", "Value": "test.png"}, {"Key": "Price", "Value": "0"}, {"Key": "ShoppingItems", "Value": "[Thịt vịt, Tôm, Gia vị, Tôm càng nhỏ, Cá chép, Rau sống, Rau cải bó xôi, Dầu mỡ, Bột mì, Bí đỏ lát]"}]', '[]'),
('2c09e656-1eef-4a7f-ad8c-14c2e5fd7f3a', 'Fire subject west.', 'none', 'EF2034C1-7F44-4D07-B9C0-E2A497999A9D', N'[{"Key": "Name", "Value": "Bình đun nước"}, {"Key": "Size", "Value": "To"}, {"Key": "Quantity", "Value": "5"}, {"Key": "Price", "Value": "0"}]', '[]'),
('02f7d13b-dde5-4385-abe8-4e816ac35e76', 'Clear throughout treat relate.', 'none', '96D250D4-0C0E-4521-B94E-05F3CAFCA3F3', N'[{"Key": "Name", "Value": "Mua"}, {"Key": "Image", "Value": "test.png"}, {"Key": "Price", "Value": "0"}, {"Key": "ShoppingItems", "Value": "[Cá thu, Cà chua bi, Ớt chuông, Gia vị, Cá trích, Cà chua hạt, Cà chua rời, Rau ngò gai]"}]', '[]'),
('c260229d-ce00-496d-ab51-72dcc5c5e454', 'Statement reality recently.', 'none', 'EF2034C1-7F44-4D07-B9C0-E2A497999A9D', N'[{"Key": "Name", "Value": "Quạt hút bụi cắm điện"}, {"Key": "Size", "Value": "To"}, {"Key": "Quantity", "Value": "1"}, {"Key": "Price", "Value": "0"}]', '[]'),
('d7e25d37-0934-44c2-b609-0fca09df52c1', 'Very your choice too need although one.', 'none', '73BF981F-1CFD-483D-80EE-14AB6D2E55EF', N'[{"Key": "Name", "Value": "Mua"}, {"Key": "Image", "Value": "test.png"}, {"Key": "Price", "Value": "0"}, {"Key": "ShoppingItems", "Value": "[Rau dền xanh, Cà tím tươi, Cá chẽm, Muối, Cá chép]"}]', '[]'),
('31fac56f-190f-47d1-bfd0-85b8a952c0f3', 'Gas spend bag into good later street.', 'none', 'CCA752D4-C17C-4C31-906F-F33CB8A18E48', N'[{"Key": "Name", "Value": "Quạt treo tường"}, {"Key": "Size", "Value": "Nhỏ"}, {"Key": "Quantity", "Value": "5"}, {"Key": "Price", "Value": "0"}]', '[]'),
('87b2ff6d-c5af-4d76-b593-424c3e53d922', 'Understand consumer by full parent analysis.', 'none', 'B9F74F9E-F792-4C48-B1B6-B6F0BC402D07', N'[{"Key": "Name", "Value": "Máy lọc không khí"}, {"Key": "Size", "Value": "To"}, {"Key": "Quantity", "Value": "1"}, {"Key": "Price", "Value": "0"}]', '[]'),
('4f60ecc6-d336-4ed1-8945-e86fa4e113f6', 'Lead network the many ball appear.', 'none', 'A5677DE0-A6A7-42C0-AB77-F34B75BEB63D', N'[{"Key": "Name", "Value": "Mua"}, {"Key": "Image", "Value": "test.png"}, {"Key": "Price", "Value": "0"}, {"Key": "ShoppingItems", "Value": "[Cá tầm, Bí đỏ tươi, Rau dưa leo, Cà tím hột, Cá sứa, Cá ngừ, Cà chua bi, Cá mú, Cà rốt tươi, Dầu olive]"}]', '[]'),
('b5c3206d-3a8e-4327-b111-103f130500c0', 'Training personal expert already.', 'none', 'A5677DE0-A6A7-42C0-AB77-F34B75BEB63D', N'[{"Key": "Name", "Value": "Mua"}, {"Key": "Image", "Value": "test.png"}, {"Key": "Price", "Value": "0"}, {"Key": "ShoppingItems", "Value": "[Rau cần tây, Rau mầm, Cá chẽm, Hành tây, Bột mì trứng, Rau muống, Cá mè, Tôm càng vàng, Củ cải đỏ]"}]', '[]'),
('d1edca75-ab3e-4c50-8673-b520031f8a4e', 'Company TV policy drug.', 'none', '63CE2EBF-EF36-4B4A-891E-ABBDE2A75B38', N'[{"Key": "Name", "Value": "Máy phun thuốc"}, {"Key": "Size", "Value": "Nhỏ"}, {"Key": "Quantity", "Value": "5"}, {"Key": "Price", "Value": "0"}]', '[]'),
('ae2d08c0-0f76-49e7-b549-d5561d497792', 'Theory case north add us accept.', 'none', '96D250D4-0C0E-4521-B94E-05F3CAFCA3F3', N'[{"Key": "Name", "Value": "Mua"}, {"Key": "Image", "Value": "test.png"}, {"Key": "Price", "Value": "0"}, {"Key": "ShoppingItems", "Value": "[Cá bớp, Cá dìa, Cà rốt lát, Cá bớp, Cá bơn, Rau răm]"}]', '[]'),
('d5ab8e87-cb58-48d0-bc3a-bbc376791ecb', 'Represent two hair describe hundred candidate.', 'none', 'CCA752D4-C17C-4C31-906F-F33CB8A18E48', N'[{"Key": "Name", "Value": "Máy sấy"}, {"Key": "Size", "Value": "Vừa"}, {"Key": "Quantity", "Value": "4"}, {"Key": "Price", "Value": "0"}]', '[]'),
('22419fdd-c20e-4f2c-bf8c-b13fa351cccf', 'Early high trouble drive loss turn.', 'none', '88006A8C-D757-4B85-8B91-C88E6078FE9C', N'[{"Key": "Name", "Value": "Quạt sưởi"}, {"Key": "Size", "Value": "Vừa"}, {"Key": "Quantity", "Value": "1"}, {"Key": "Price", "Value": "0"}]', '[]'),
('7f95df5f-2fcd-45d4-afec-bb1ba8eab5bc', 'Focus something who blood there any require agree.', 'none', '73BF981F-1CFD-483D-80EE-14AB6D2E55EF', N'[{"Key": "Name", "Value": "Mua"}, {"Key": "Image", "Value": "test.png"}, {"Key": "Price", "Value": "0"}, {"Key": "ShoppingItems", "Value": "[Ớt sừng, Sò, Cá rô, Bí đỏ hột, Dầu mỡ, Dưa bóp, Cá bớp]"}]', '[]'),
('d8edac7a-b306-49e1-a096-940e660df719', 'Herself among necessary alone improve.', 'none', 'C82954A1-39D4-4012-86B3-6CAD42C2B399', N'[{"Key": "Name", "Value": "Mua"}, {"Key": "Image", "Value": "test.png"}, {"Key": "Price", "Value": "0"}, {"Key": "ShoppingItems", "Value": "[Cà chua hạt, Cá ngừ, Củ cải đỏ, Dưa hấu dừa, Bầu, Rau răm, Cá chình, Mướp]"}]', '[]'),
('8df82810-9ff0-4e6f-9be6-70178bad6bb5', 'Book ground all office.', 'none', '63CE2EBF-EF36-4B4A-891E-ABBDE2A75B38', N'[{"Key": "Name", "Value": "Quạt mini cắm điện"}, {"Key": "Size", "Value": "Nhỏ"}, {"Key": "Quantity", "Value": "3"}, {"Key": "Price", "Value": "0"}]', '[]'),
('9fa0b794-abf4-4102-ab24-91ac1a75edba', 'Risk catch check clearly ahead career manage.', 'none', 'F1B832B2-49F3-456F-BACB-B1F8DA766BEA', N'[{"Key": "Name", "Value": "Ổ điện"}, {"Key": "Size", "Value": "To"}, {"Key": "Quantity", "Value": "1"}, {"Key": "Price", "Value": "0"}]', '[]'),
('255ab841-58b7-48ca-b466-97d09385e8f0', 'On plant wonder.', 'none', '63CE2EBF-EF36-4B4A-891E-ABBDE2A75B38', N'[{"Key": "Name", "Value": "Lò nướng"}, {"Key": "Size", "Value": "To"}, {"Key": "Quantity", "Value": "2"}, {"Key": "Price", "Value": "0"}]', '[]'),
('c10c91f0-fa93-402c-a698-dab1ab86d3ea', 'Word book read pass heart soldier action throughout.', 'none', 'B9F74F9E-F792-4C48-B1B6-B6F0BC402D07', N'[{"Key": "Name", "Value": "Nồi cơm điện"}, {"Key": "Size", "Value": "To"}, {"Key": "Quantity", "Value": "2"}, {"Key": "Price", "Value": "0"}]', '[]'),
('5842bcc7-28db-4134-beaf-04fd7b4ac535', 'Ago poor coach year.', 'none', 'A5677DE0-A6A7-42C0-AB77-F34B75BEB63D', N'[{"Key": "Name", "Value": "Mua"}, {"Key": "Image", "Value": "test.png"}, {"Key": "Price", "Value": "0"}, {"Key": "ShoppingItems", "Value": "[Cá lóc, Khoai tây bi, Cá nục, Khoai tây tươi, Khoai lang tím, Rau dền, Cá bơn, Cà rốt baby, Dưa hấu ruột vàng, Thịt bò]"}]', '[]'),
('c4336e0e-f6bd-40d6-9d4a-be70b4492567', 'Environmental medical nearly hour.', 'none', 'B9F74F9E-F792-4C48-B1B6-B6F0BC402D07', N'[{"Key": "Name", "Value": "Máy in"}, {"Key": "Size", "Value": "Nhỏ"}, {"Key": "Quantity", "Value": "4"}, {"Key": "Price", "Value": "0"}]', '[]'),
('ca52457f-8186-4130-b505-37805e42ec49', 'While long not improve.', 'none', '07CB166A-4B4E-4637-B224-6277A69003D9', N'[{"Key": "Name", "Value": "Mua"}, {"Key": "Image", "Value": "test.png"}, {"Key": "Price", "Value": "0"}, {"Key": "ShoppingItems", "Value": "[Cá bơn, Cá nục, Cá dứa, Dầu mỡ, Thịt heo]"}]', '[]'),
('69e49b1d-8f4c-4eab-a3a5-aa8e23497755', 'Next according television next sense make real use.', 'none', '73BF981F-1CFD-483D-80EE-14AB6D2E55EF', N'[{"Key": "Name", "Value": "Mua"}, {"Key": "Image", "Value": "test.png"}, {"Key": "Price", "Value": "0"}, {"Key": "ShoppingItems", "Value": "[Dưa bắp, Rau dền xanh, Cá dằm, Cá ngừ, Bột mì trứng, Khoai lang mật, Bắp cải]"}]', '[]'),
('a8b2db80-dd53-4fd5-85cd-d9fbd6e7c56f', 'School white team certainly explain.', 'none', '07CB166A-4B4E-4637-B224-6277A69003D9', N'[{"Key": "Name", "Value": "Mua"}, {"Key": "Image", "Value": "test.png"}, {"Key": "Price", "Value": "0"}, {"Key": "ShoppingItems", "Value": "[Bí đao, Cá mập, Tôm càng vàng, Thịt vịt, Bột mì trứng, Cá gai]"}]', '[]'),
('f2ed717c-1b53-4aef-ac39-c3898978aba4', 'It grow husband short year term.', 'none', '3361BC88-9F58-4BE8-AC37-561606430F8A', N'[{"Key": "Name", "Value": "Mua"}, {"Key": "Image", "Value": "test.png"}, {"Key": "Price", "Value": "0"}, {"Key": "ShoppingItems", "Value": "[Khoai lang mật, Rau cải bắp, Cá dìa, Dầu olive, Rau muống bạch, Cà chua, Cá mập, Rau ngót, Cá bơn, Măng]"}]', '[]'),
('6f6c28a4-4619-493b-ae0b-1adf4969bbce', 'Message woman with not peace put maybe.', 'none', 'F1B832B2-49F3-456F-BACB-B1F8DA766BEA', N'[{"Key": "Name", "Value": "Máy đánh trứng"}, {"Key": "Size", "Value": "Nhỏ"}, {"Key": "Quantity", "Value": "4"}, {"Key": "Price", "Value": "0"}]', '[]'),
('17c2c3e8-3bd4-4936-b803-7dfa465fb7f0', 'Line hour wear star.', 'none', 'F1B832B2-49F3-456F-BACB-B1F8DA766BEA', N'[{"Key": "Name", "Value": "Máy đánh trứng"}, {"Key": "Size", "Value": "Vừa"}, {"Key": "Quantity", "Value": "5"}, {"Key": "Price", "Value": "0"}]', '[]'),
('6cba963a-de47-4bc5-95fb-9f4e2d2f47a3', 'Various current scientist culture ability to suffer at.', 'none', '3361BC88-9F58-4BE8-AC37-561606430F8A', N'[{"Key": "Name", "Value": "Mua"}, {"Key": "Image", "Value": "test.png"}, {"Key": "Price", "Value": "0"}, {"Key": "ShoppingItems", "Value": "[Cà rốt tươi, Cà rốt tươi, Muối, Bí đỏ lát, Tôm càng vàng, Bí đao, Dưa hấu ruột hồng, Cà chua cà chua]"}]', '[]'),
('4ce4d7d5-0423-495c-b0b0-fe84d73b42a4', 'Past especially old.', 'none', 'CCA752D4-C17C-4C31-906F-F33CB8A18E48', N'[{"Key": "Name", "Value": "Tivi"}, {"Key": "Size", "Value": "Vừa"}, {"Key": "Quantity", "Value": "2"}, {"Key": "Price", "Value": "0"}]', '[]'),
('d65dbf67-2cb3-4243-9ed6-eac5f64e2a09', 'Of process cut meet build.', 'none', '88006A8C-D757-4B85-8B91-C88E6078FE9C', N'[{"Key": "Name", "Value": "Quạt sưởi cắm điện"}, {"Key": "Size", "Value": "To"}, {"Key": "Quantity", "Value": "2"}, {"Key": "Price", "Value": "0"}]', '[]'),
('56eed79f-5b95-4b81-a9cd-b8647af08c76', 'Eat lose various agency rich accept if.', 'none', '73BF981F-1CFD-483D-80EE-14AB6D2E55EF', N'[{"Key": "Name", "Value": "Mua"}, {"Key": "Image", "Value": "test.png"}, {"Key": "Price", "Value": "0"}, {"Key": "ShoppingItems", "Value": "[Cà chua bi, Thịt bò, Củ cải đỏ, Củ cải, Cá mòi, Cá tầm, Cá sặc, Dưa hấu ruột đỏ, Cá mè, Rau húng]"}]', '[]'),
('b68ebe79-67b3-463e-9213-d7c12ff868f8', 'Thank source she light question in.', 'none', 'C82954A1-39D4-4012-86B3-6CAD42C2B399', N'[{"Key": "Name", "Value": "Mua"}, {"Key": "Image", "Value": "test.png"}, {"Key": "Price", "Value": "0"}, {"Key": "ShoppingItems", "Value": "[Dầu hướng dương, Tôm, Đường, Dưa hấu hạt, Bột mì, Cá dứa, Dưa hấu dừa, Khoai tây bi, Tôm càng to, Cà rốt]"}]', '[]'),
('27005103-0197-40d7-8c31-fbb8e218efa4', 'Charge read management production up our.', 'none', 'B9F74F9E-F792-4C48-B1B6-B6F0BC402D07', N'[{"Key": "Name", "Value": "Quạt cây"}, {"Key": "Size", "Value": "To"}, {"Key": "Quantity", "Value": "5"}, {"Key": "Price", "Value": "0"}]', '[]'),
('1c55f277-9087-458a-9707-074bc6cc0b0f', 'Care kitchen purpose difference.', 'none', 'B9F74F9E-F792-4C48-B1B6-B6F0BC402D07', N'[{"Key": "Name", "Value": "Quạt mini cắm điện"}, {"Key": "Size", "Value": "Nhỏ"}, {"Key": "Quantity", "Value": "1"}, {"Key": "Price", "Value": "0"}]', '[]'),
('e37708e9-e6bd-462c-a6e8-a39e84b27060', 'Because include now so must.', 'none', 'C82954A1-39D4-4012-86B3-6CAD42C2B399', N'[{"Key": "Name", "Value": "Mua"}, {"Key": "Image", "Value": "test.png"}, {"Key": "Price", "Value": "0"}, {"Key": "ShoppingItems", "Value": "[Bắp non, Cá bóc tôm, Cua, Cà rốt, Tôm bỏ vỏ, Tôm càng to, Mì, Cá, Cá nục, Bạch tuộc]"}]', '[]'),
('deec5c2a-4a22-412f-8cc9-13957ed2dd71', 'Final name at painting room sell daughter.', 'none', '662A64BE-F7EA-4419-8978-DBF8F19159DC', '[{"Key": "Name", "Value": "Tivi"}, {"Key": "Size", "Value": "To"}, {"Key": "Quantity", "Value": "2"}, {"Key": "Price", "Value": "0"}]', '[]'),
('cb250b98-e56c-4e71-96c9-10bc98042d8e', 'Should dream whose.', 'none', '88006A8C-D757-4B85-8B91-C88E6078FE9C', N'[{"Key": "Name", "Value": "Quạt hâm cắm điện"}, {"Key": "Size", "Value": "Vừa"}, {"Key": "Quantity", "Value": "3"}, {"Key": "Price", "Value": "0"}]', '[]'),
('c0a53889-36ac-4d1b-af2d-802e96369532', 'Bring parent very.', 'none', 'B9F74F9E-F792-4C48-B1B6-B6F0BC402D07', N'[{"Key": "Name", "Value": "Máy photocopy"}, {"Key": "Size", "Value": "Vừa"}, {"Key": "Quantity", "Value": "3"}, {"Key": "Price", "Value": "0"}]', '[]'),
('19cf0396-374d-472c-8aef-f8a9685fb996', 'Gas health sort couple.', 'none', '3779D349-ABCB-4DBC-ABF1-25BA9E94A695', N'[{"Key": "Name", "Value": "Mua"}, {"Key": "Image", "Value": "test.png"}, {"Key": "Price", "Value": "0"}, {"Key": "ShoppingItems", "Value": "[Sò, Cà chua, Cải bắp, Bí đỏ tươi, Cá chẽo]"}]', '[]'),
('eb46c279-03e7-4248-8725-a604d1d3417a', 'Pm election case.', 'none', 'A5677DE0-A6A7-42C0-AB77-F34B75BEB63D', N'[{"Key": "Name", "Value": "Mua"}, {"Key": "Image", "Value": "test.png"}, {"Key": "Price", "Value": "0"}, {"Key": "ShoppingItems", "Value": "[Cá mè, Dưa hấu ruột vàng, Cà rốt baby]"}]', '[]'),
('379199f5-ead3-463d-b097-23fc69e69541', 'Participant seat give especially win.', 'none', 'A5677DE0-A6A7-42C0-AB77-F34B75BEB63D', N'[{"Key": "Name", "Value": "Mua"}, {"Key": "Image", "Value": "test.png"}, {"Key": "Price", "Value": "0"}, {"Key": "ShoppingItems", "Value": "[Cá mú, Dưa hấu ruột đen, Mì, Ớt sừng, Khoai tây tươi, Tôm càng xanh]"}]', '[]'),
('bba6ce0f-c88e-4716-98b4-28c01291de2e', 'Final relationship wear along particularly factor.', 'none', 'C82954A1-39D4-4012-86B3-6CAD42C2B399', N'[{"Key": "Name", "Value": "Mua"}, {"Key": "Image", "Value": "test.png"}, {"Key": "Price", "Value": "0"}, {"Key": "ShoppingItems", "Value": "[Cá basa, Rau muống, Ớt, Cá diêu hồng, Khoai lang tím, Rau cải baby]"}]', '[]'),
('9e9e95bd-4752-457b-ad01-c4018795b9b2', 'Mother important ball woman you company drop.', 'none', '73BF981F-1CFD-483D-80EE-14AB6D2E55EF', N'[{"Key": "Name", "Value": "Mua"}, {"Key": "Image", "Value": "test.png"}, {"Key": "Price", "Value": "0"}, {"Key": "ShoppingItems", "Value": "[Măng, Ốc, Dưa hấu chín, Cá mú, Cần tây baby]"}]', '[]'),
('68439400-eefc-471d-950b-3cca24d26a60', 'College anything relationship local air ball.', 'none', 'B9F74F9E-F792-4C48-B1B6-B6F0BC402D07', N'[{"Key": "Name", "Value": "Đèn pin"}, {"Key": "Size", "Value": "Vừa"}, {"Key": "Quantity", "Value": "1"}, {"Key": "Price", "Value": "0"}]', '[]'),
('1d7c89d4-7878-4610-9816-cd5cd28b28d4', 'East example identify likely view around remember.', 'none', '73BF981F-1CFD-483D-80EE-14AB6D2E55EF', N'[{"Key": "Name", "Value": "Mua"}, {"Key": "Image", "Value": "test.png"}, {"Key": "Price", "Value": "0"}, {"Key": "ShoppingItems", "Value": "[Thịt dê, Tôm càng xanh, Bí đỏ, Rau bắp cải, Dưa hấu hạt]"}]', '[]'),
('d86f6445-f020-4d5b-b401-1c8a428d2ffd', 'During nice thing ok.', 'none', 'A5677DE0-A6A7-42C0-AB77-F34B75BEB63D', N'[{"Key": "Name", "Value": "Mua"}, {"Key": "Image", "Value": "test.png"}, {"Key": "Price", "Value": "0"}, {"Key": "ShoppingItems", "Value": "[Cà tím tươi, Cà chua rời, Rau diếp, Rau cần tây, Cà tím, Ớt, Dưa hấu ruột nâu, Cà rốt tươi]"}]', '[]'),
('35b42fc1-86e1-49ea-bb37-6f1fabfe8664', 'Manage camera beat activity stay bank which.', 'none', 'B9F74F9E-F792-4C48-B1B6-B6F0BC402D07', N'[{"Key": "Name", "Value": "Máy chiếu"}, {"Key": "Size", "Value": "Nhỏ"}, {"Key": "Quantity", "Value": "4"}, {"Key": "Price", "Value": "0"}]', '[]'),
('35b6c1ec-4da4-4dba-a041-e65eb381e1c4', 'Seven approach speak.', 'none', '3361BC88-9F58-4BE8-AC37-561606430F8A', N'[{"Key": "Name", "Value": "Mua"}, {"Key": "Image", "Value": "test.png"}, {"Key": "Price", "Value": "0"}, {"Key": "ShoppingItems", "Value": "[Cần tây baby, Cá diêu hồng, Cá tầm, Cá mòi, Cá tra, Mướp, Thịt bò, Cà rốt baby, Cá chim]"}]', '[]'),
('5cc77ac8-ba7c-4870-931c-4cded0448f04', 'Phone meeting add challenge project happen white maybe.', 'none', 'EF2034C1-7F44-4D07-B9C0-E2A497999A9D', N'[{"Key": "Name", "Value": "Tai nghe"}, {"Key": "Size", "Value": "Nhỏ"}, {"Key": "Quantity", "Value": "4"}, {"Key": "Price", "Value": "0"}]', '[]'),
('611576e0-303f-4f69-b3f4-7cd708ae0390', 'Table owner how husband time fear.', 'none', 'A5677DE0-A6A7-42C0-AB77-F34B75BEB63D', N'[{"Key": "Name", "Value": "Mua"}, {"Key": "Image", "Value": "test.png"}, {"Key": "Price", "Value": "0"}, {"Key": "ShoppingItems", "Value": "[Dầu mỡ, Cá mè, Cá dứa, Cà chua dẻo, Rau húng, Tôm bỏ vỏ]"}]', '[]'),
('a54e3456-e2e4-4ceb-99fc-1474a03d49ce', 'Item lay practice appear role.', 'none', 'CCA752D4-C17C-4C31-906F-F33CB8A18E48', N'[{"Key": "Name", "Value": "Đồng hồ báo thức"}, {"Key": "Size", "Value": "To"}, {"Key": "Quantity", "Value": "4"}, {"Key": "Price", "Value": "0"}]', '[]'),
('0167ad9c-107a-4de3-b8c6-ed2aef1d9e32', 'Trouble cold thank while door statement scene teach.', 'none', 'CCA752D4-C17C-4C31-906F-F33CB8A18E48', N'[{"Key": "Name", "Value": "Bình chữa cháy"}, {"Key": "Size", "Value": "Nhỏ"}, {"Key": "Quantity", "Value": "1"}, {"Key": "Price", "Value": "0"}]', '[]'),
('3a3dffbf-58a6-49aa-bbdc-c0f7ec477f31', 'Many character option imagine.', 'none', '73BF981F-1CFD-483D-80EE-14AB6D2E55EF', N'[{"Key": "Name", "Value": "Mua"}, {"Key": "Image", "Value": "test.png"}, {"Key": "Price", "Value": "0"}, {"Key": "ShoppingItems", "Value": "[Rau cải ngọt, Muối, Rau cải baby, Bí đỏ, Dưa hấu không hạt, Cá mập, Cá, Thịt heo, Cà tím lát]"}]', '[]'),
('8f1c9809-4ac7-405b-8c97-eff3d23de287', 'Information forward trouble unit.', 'none', '662A64BE-F7EA-4419-8978-DBF8F19159DC', N'[{"Key": "Name", "Value": "Quạt hâm"}, {"Key": "Size", "Value": "To"}, {"Key": "Quantity", "Value": "2"}, {"Key": "Price", "Value": "0"}]', '[]'),
('fd87a673-5b29-45b8-9615-b8aa9f58fa53', 'Once born control white.', 'none', '662A64BE-F7EA-4419-8978-DBF8F19159DC', N'[{"Key": "Name", "Value": "Bàn là"}, {"Key": "Size", "Value": "To"}, {"Key": "Quantity", "Value": "4"}, {"Key": "Price", "Value": "0"}]', '[]'),
('c815f805-a88c-4abf-bf34-804f7924b7cb', 'Stay soon account part wind well thousand.', 'none', '07CB166A-4B4E-4637-B224-6277A69003D9', N'[{"Key": "Name", "Value": "Mua"}, {"Key": "Image", "Value": "test.png"}, {"Key": "Price", "Value": "0"}, {"Key": "ShoppingItems", "Value": "[Khoai tây lát, Cải bắp, Cá diêu hồng, Cua]"}]', '[]'),
('b59cd768-9218-4c79-b24c-87e075697998', 'Star be hot often worry any include try.', 'none', '63CE2EBF-EF36-4B4A-891E-ABBDE2A75B38', N'[{"Key": "Name", "Value": "Máy chiếu"}, {"Key": "Size", "Value": "Vừa"}, {"Key": "Quantity", "Value": "1"}, {"Key": "Price", "Value": "0"}]', '[]'),
('2399f7eb-bb9c-4d04-a9cb-e5278e72ce2d', 'Night top popular open.', 'none', 'B9F74F9E-F792-4C48-B1B6-B6F0BC402D07', N'[{"Key": "Name", "Value": "Bếp gas"}, {"Key": "Size", "Value": "To"}, {"Key": "Quantity", "Value": "4"}, {"Key": "Price", "Value": "0"}]', '[]'),
('b72a48d8-618b-490d-9809-c66b0f7f68fc', 'Choice cell seven care yet.', 'none', '662A64BE-F7EA-4419-8978-DBF8F19159DC', N'[{"Key": "Name", "Value": "Lò vi sóng"}, {"Key": "Size", "Value": "To"}, {"Key": "Quantity", "Value": "1"}, {"Key": "Price", "Value": "0"}]', '[]'),
('a527ab35-18d6-488f-b680-bb0881818736', 'Money ball keep since my necessary million.', 'none', 'F1B832B2-49F3-456F-BACB-B1F8DA766BEA', N'[{"Key": "Name", "Value": "Máy làm sạch"}, {"Key": "Size", "Value": "To"}, {"Key": "Quantity", "Value": "4"}, {"Key": "Price", "Value": "0"}]', '[]'),
('4263754d-18b5-413e-a0fb-1e4095e8b2ca', 'Good program risk I spring.', 'none', '73BF981F-1CFD-483D-80EE-14AB6D2E55EF', N'[{"Key": "Name", "Value": "Mua"}, {"Key": "Image", "Value": "test.png"}, {"Key": "Price", "Value": "0"}, {"Key": "ShoppingItems", "Value": "[Cà rốt, Cá sứa, Dưa hấu ruột đỏ, Khoai lang tím, Dưa hấu hạt]"}]', '[]'),
('70036dc7-da25-4dfe-8807-43a9e4aa0006', 'Wall conference especially.', 'none', 'B9F74F9E-F792-4C48-B1B6-B6F0BC402D07', N'[{"Key": "Name", "Value": "Bình đun nước"}, {"Key": "Size", "Value": "Nhỏ"}, {"Key": "Quantity", "Value": "5"}, {"Key": "Price", "Value": "0"}]', '[]'),
('daaf2eee-014f-4765-872d-8de234013fbe', 'Sea thought raise suggest six claim analysis.', 'none', 'F1B832B2-49F3-456F-BACB-B1F8DA766BEA', N'[{"Key": "Name", "Value": "Quạt hâm cắm điện"}, {"Key": "Size", "Value": "Vừa"}, {"Key": "Quantity", "Value": "1"}, {"Key": "Price", "Value": "0"}]', '[]'),
('2661903e-c233-4136-a5db-50ce4199b6ee', 'Rate oil defense agree lawyer.', 'none', 'EF2034C1-7F44-4D07-B9C0-E2A497999A9D', N'[{"Key": "Name", "Value": "Máy photocopy"}, {"Key": "Size", "Value": "To"}, {"Key": "Quantity", "Value": "2"}, {"Key": "Price", "Value": "0"}]', '[]'),
('ad78f545-af06-4ab7-846c-b488accbe645', 'Daughter consider group eat soon must toward.', 'none', 'C82954A1-39D4-4012-86B3-6CAD42C2B399', N'[{"Key": "Name", "Value": "Mua"}, {"Key": "Image", "Value": "test.png"}, {"Key": "Price", "Value": "0"}, {"Key": "ShoppingItems", "Value": "[Cá bớp, Cá mè, Gia vị, Cá lăng, Cà chua hạt, Rau cải, Dưa hấu ruột trắng, Dưa hấu ruột hồng, Măng, Cua]"}]', '[]'),
('bb701aac-4bb2-4a18-810b-dacc3995b727', 'Economy explain main sport.', 'none', '07CB166A-4B4E-4637-B224-6277A69003D9', N'[{"Key": "Name", "Value": "Mua"}, {"Key": "Image", "Value": "test.png"}, {"Key": "Price", "Value": "0"}, {"Key": "ShoppingItems", "Value": "[Cá diêu hồng, Cà tím tươi, Rau mùi, Cá lóc, Bí đỏ hột, Cà tím hột, Cà tím lát, Rau muống bạch, Rau mùi]"}]', '[]'),
('d344a16f-a30b-40fd-8213-d5ec0f1ce919', 'Heart watch bed bag wind physical media.', 'none', 'A5677DE0-A6A7-42C0-AB77-F34B75BEB63D', N'[{"Key": "Name", "Value": "Mua"}, {"Key": "Image", "Value": "test.png"}, {"Key": "Price", "Value": "0"}, {"Key": "ShoppingItems", "Value": "[Bầu, Thịt gà, Thịt bò, Cá mè, Cà rốt baby, Cá chẽm, Măng tây, Cải thảo baby, Dưa hấu ruột trắng]"}]', '[]'),
('00975d49-e621-48d4-b4be-d76be33f5f70', 'Small certainly pattern daughter carry successful imagine.', 'none', '3779D349-ABCB-4DBC-ABF1-25BA9E94A695', N'[{"Key": "Name", "Value": "Mua"}, {"Key": "Image", "Value": "test.png"}, {"Key": "Price", "Value": "0"}, {"Key": "ShoppingItems", "Value": "[Cá diêu hồng, Cà rốt baby, Cà tím, Tôm càng to, Cà chua dẻo, Rau răm]"}]', '[]'),
('9ad57dbf-b08c-4667-87f1-dc8aa644e73d', 'Together record system term.', 'none', '3779D349-ABCB-4DBC-ABF1-25BA9E94A695', N'[{"Key": "Name", "Value": "Mua"}, {"Key": "Image", "Value": "test.png"}, {"Key": "Price", "Value": "0"}, {"Key": "ShoppingItems", "Value": "[Rau ngót, Bí đỏ, Dưa hấu ruột hồng, Dưa bắp, Cà chua bi, Rau dền xanh]"}]', '[]'),
('1a3ad296-91ce-49e4-8b57-e7d0d4b5918b', 'Station science push industry.', 'none', 'CCA752D4-C17C-4C31-906F-F33CB8A18E48', N'[{"Key": "Name", "Value": "Quạt hút"}, {"Key": "Size", "Value": "To"}, {"Key": "Quantity", "Value": "2"}, {"Key": "Price", "Value": "0"}]', '[]'),
('84af4ad4-4f6f-4898-a1f2-71a39efdf548', 'Glass evening much why.', 'none', 'F1B832B2-49F3-456F-BACB-B1F8DA766BEA', N'[{"Key": "Name", "Value": "Máy đánh trứng"}, {"Key": "Size", "Value": "To"}, {"Key": "Quantity", "Value": "3"}, {"Key": "Price", "Value": "0"}]', '[]'),
('0096b78f-73fb-45e7-abb4-ce138ca21e01', 'Institution to movie seven.', 'none', '3361BC88-9F58-4BE8-AC37-561606430F8A', N'[{"Key": "Name", "Value": "Mua"}, {"Key": "Image", "Value": "test.png"}, {"Key": "Price", "Value": "0"}, {"Key": "ShoppingItems", "Value": "[Dưa hấu ruột vàng, Bắp ngô, Cá rô, Tôm càng vàng, Thịt dê, Bột mì trứng, Rau mơ]"}]', '[]'),
('6ced64eb-4cbc-4bfb-8616-bc9e33c9be74', 'Kitchen seven write decision data wrong best I.', 'none', 'B9F74F9E-F792-4C48-B1B6-B6F0BC402D07', N'[{"Key": "Name", "Value": "Quạt hơi nước"}, {"Key": "Size", "Value": "Nhỏ"}, {"Key": "Quantity", "Value": "1"}, {"Key": "Price", "Value": "0"}]', '[]'),
('6256912c-ef20-45e0-a39e-81d471aa1a33', 'Do believe her attorney stock.', 'none', 'B9F74F9E-F792-4C48-B1B6-B6F0BC402D07', N'[{"Key": "Name", "Value": "Quạt đứng dưới"}, {"Key": "Size", "Value": "Vừa"}, {"Key": "Quantity", "Value": "2"}, {"Key": "Price", "Value": "0"}]', '[]'),
('a2d33e9f-f417-4801-8316-6af6e9197cca', 'Police it house political energy song policy.', 'none', '3361BC88-9F58-4BE8-AC37-561606430F8A', N'[{"Key": "Name", "Value": "Mua"}, {"Key": "Image", "Value": "test.png"}, {"Key": "Price", "Value": "0"}, {"Key": "ShoppingItems", "Value": "[Cá bóc tôm, Bột mì, Thịt vịt, Bột ngô, Cà chua cà chua, Cà tím lát]"}]', '[]'),
('61265261-0ca8-4e88-af21-4d8754bc9eed', 'Hot scene view today father.', 'none', 'F1B832B2-49F3-456F-BACB-B1F8DA766BEA', N'[{"Key": "Name", "Value": "Máy scan"}, {"Key": "Size", "Value": "Nhỏ"}, {"Key": "Quantity", "Value": "5"}, {"Key": "Price", "Value": "0"}]', '[]'),
('ac4e6291-de10-4c7f-b0ca-71bf26953358', 'Partner pressure discover carry TV drive.', 'none', '662A64BE-F7EA-4419-8978-DBF8F19159DC', N'[{"Key": "Name", "Value": "Máy lọc nước"}, {"Key": "Size", "Value": "To"}, {"Key": "Quantity", "Value": "1"}, {"Key": "Price", "Value": "0"}]', '[]'),
('9b76f877-60d9-4643-8905-ea2d5527e852', 'Baby picture choice could own glass.', 'none', 'C82954A1-39D4-4012-86B3-6CAD42C2B399', N'[{"Key": "Name", "Value": "Mua"}, {"Key": "Image", "Value": "test.png"}, {"Key": "Price", "Value": "0"}, {"Key": "ShoppingItems", "Value": "[Cà tím tươi, Cá dằm, Muối, Khoai lang, Mực, Cá tra]"}]', '[]'),
('2a3fa0f8-d425-4f4a-a176-72986d995d8a', 'Bring citizen kid support interest.', 'none', '88006A8C-D757-4B85-8B91-C88E6078FE9C', N'[{"Key": "Name", "Value": "Máy massage"}, {"Key": "Size", "Value": "To"}, {"Key": "Quantity", "Value": "4"}, {"Key": "Price", "Value": "0"}]', '[]'),
('4ad7d9a6-3570-4f0f-8296-5e6e2fdbd46b', 'Either none heavy down business state way sister.', 'none', '73BF981F-1CFD-483D-80EE-14AB6D2E55EF', N'[{"Key": "Name", "Value": "Mua"}, {"Key": "Image", "Value": "test.png"}, {"Key": "Price", "Value": "0"}, {"Key": "ShoppingItems", "Value": "[Hành tây, Bột ngô, Dưa cà, Dưa hấu dừa, Bí đỏ lát, Măng, Rau dưa leo, Bột mì]"}]', '[]'),
('4ab7af95-a247-4ff1-a2cb-780e5729ac24', 'Especially life sister official.', 'none', '88006A8C-D757-4B85-8B91-C88E6078FE9C', N'[{"Key": "Name", "Value": "Nồi"}, {"Key": "Size", "Value": "Nhỏ"}, {"Key": "Quantity", "Value": "1"}, {"Key": "Price", "Value": "0"}]', '[]'),
('a700c6ed-f608-4cab-955c-4da45907b9e7', 'Town worker present defense become result.', 'none', '96D250D4-0C0E-4521-B94E-05F3CAFCA3F3', N'[{"Key": "Name", "Value": "Mua"}, {"Key": "Image", "Value": "test.png"}, {"Key": "Price", "Value": "0"}, {"Key": "ShoppingItems", "Value": "[Cà chua hạt, Ốc, Bắp cải, Cá lưỡi]"}]', '[]'),
('80d71280-bb28-4298-9945-3c287f449f96', 'Believe power especially song energy.', 'none', '88006A8C-D757-4B85-8B91-C88E6078FE9C', N'[{"Key": "Name", "Value": "Quạt hút bụi"}, {"Key": "Size", "Value": "To"}, {"Key": "Quantity", "Value": "4"}, {"Key": "Price", "Value": "0"}]', '[]'),
('97754946-6d0a-4482-b282-a931ba9b9f33', 'Ago whom language place side member sign.', 'none', 'CCA752D4-C17C-4C31-906F-F33CB8A18E48', N'[{"Key": "Name", "Value": "Máy hàn"}, {"Key": "Size", "Value": "Nhỏ"}, {"Key": "Quantity", "Value": "3"}, {"Key": "Price", "Value": "0"}]', '[]'),
('395f2e5c-b0a9-461b-86b3-4cfa4f60a2ae', 'Study environment style remain.', 'none', 'F1B832B2-49F3-456F-BACB-B1F8DA766BEA', N'[{"Key": "Name", "Value": "Quạt máy"}, {"Key": "Size", "Value": "To"}, {"Key": "Quantity", "Value": "5"}, {"Key": "Price", "Value": "0"}]', '[]'),
('ef06f1e0-54da-42f8-8f23-7c36167f85e6', 'Single camera political economic seven treatment.', 'none', 'C82954A1-39D4-4012-86B3-6CAD42C2B399', N'[{"Key": "Name", "Value": "Mua"}, {"Key": "Image", "Value": "test.png"}, {"Key": "Price", "Value": "0"}, {"Key": "ShoppingItems", "Value": "[Mì, Rau ngò gai, Cua, Bí đỏ tươi, Cá hồi, Dầu ăn, Thịt heo]"}]', '[]'),
('f05e1f49-7b3a-4edd-99a5-417fe236cf53', 'Improve once worry newspaper laugh benefit.', 'none', 'F1B832B2-49F3-456F-BACB-B1F8DA766BEA', N'[{"Key": "Name", "Value": "Nồi"}, {"Key": "Size", "Value": "To"}, {"Key": "Quantity", "Value": "3"}, {"Key": "Price", "Value": "0"}]', '[]'),
('8ccae90e-05a5-4802-89be-7f4f568d02bb', 'Behavior send laugh.', 'none', '662A64BE-F7EA-4419-8978-DBF8F19159DC', N'[{"Key": "Name", "Value": "Quạt đứng dưới"}, {"Key": "Size", "Value": "Vừa"}, {"Key": "Quantity", "Value": "1"}, {"Key": "Price", "Value": "0"}]', '[]'),
('fb16472f-a5d0-43fa-8e8f-9574e898b813', 'Blue right fine.', 'none', '3361BC88-9F58-4BE8-AC37-561606430F8A', N'[{"Key": "Name", "Value": "Mua"}, {"Key": "Image", "Value": "test.png"}, {"Key": "Price", "Value": "0"}, {"Key": "ShoppingItems", "Value": "[Cá rô, Khoai tây, Củ cải trắng, Dưa hấu ruột trắng, Tôm bỏ vỏ, Cá trê]"}]', '[]'),
('2294df39-070a-4040-ae04-7730e1d20e22', 'Close election stop cold.', 'none', '73BF981F-1CFD-483D-80EE-14AB6D2E55EF', N'[{"Key": "Name", "Value": "Mua"}, {"Key": "Image", "Value": "test.png"}, {"Key": "Price", "Value": "0"}, {"Key": "ShoppingItems", "Value": "[Sò, Bột ngô, Dầu olive, Ngao, Cá chim, Rau muống xanh, Khoai tây lát]"}]', '[]'),
('08c15cf3-3b2e-4426-b60d-843200c279e1', 'Inside water do get finish pick shake level.', 'none', 'B9F74F9E-F792-4C48-B1B6-B6F0BC402D07', N'[{"Key": "Name", "Value": "Máy kho lạnh"}, {"Key": "Size", "Value": "Nhỏ"}, {"Key": "Quantity", "Value": "4"}, {"Key": "Price", "Value": "0"}]', '[]'),
('2604878f-be23-44ab-bd5f-66b69feeb615', 'Cost develop left poor.', 'none', 'EF2034C1-7F44-4D07-B9C0-E2A497999A9D', N'[{"Key": "Name", "Value": "Quạt đứng cắm điện"}, {"Key": "Size", "Value": "Vừa"}, {"Key": "Quantity", "Value": "3"}, {"Key": "Price", "Value": "0"}]', '[]'),
('f849856e-bc6a-4b02-8fec-d17ab0db6092', 'Necessary allow including level well kid.', 'none', 'C82954A1-39D4-4012-86B3-6CAD42C2B399', N'[{"Key": "Name", "Value": "Mua"}, {"Key": "Image", "Value": "test.png"}, {"Key": "Price", "Value": "0"}, {"Key": "ShoppingItems", "Value": "[Dầu ăn, Tôm càng nhỏ, Cá dạ cá, Cá chim, Ớt, Củ cải, Dưa hấu dừa, Thịt cừu, Cà tím lát, Cá thu]"}]', '[]'),
('dff53a19-ec96-42f6-bd57-8ba74ab57377', 'Bad age local season school.', 'none', '662A64BE-F7EA-4419-8978-DBF8F19159DC', N'[{"Key": "Name", "Value": "Quạt trần"}, {"Key": "Size", "Value": "Vừa"}, {"Key": "Quantity", "Value": "5"}, {"Key": "Price", "Value": "0"}]', '[]'),
('f45611c4-7d96-49dc-bed5-9be70b43192f', 'Beat her include.', 'none', 'F1B832B2-49F3-456F-BACB-B1F8DA766BEA', N'[{"Key": "Name", "Value": "Quạt công nghiệp cắm điện"}, {"Key": "Size", "Value": "To"}, {"Key": "Quantity", "Value": "3"}, {"Key": "Price", "Value": "0"}]', '[]'),
('d5ed5dcc-d728-47ad-81ed-10a8d96c09aa', 'Return few natural fight stand one significant get.', 'none', 'F1B832B2-49F3-456F-BACB-B1F8DA766BEA', N'[{"Key": "Name", "Value": "Máy massage"}, {"Key": "Size", "Value": "Vừa"}, {"Key": "Quantity", "Value": "4"}, {"Key": "Price", "Value": "0"}]', '[]'),
('9bc1f361-3903-4fca-b5e7-91ee2498b398', 'Wrong discuss agency fund consumer.', 'none', '63CE2EBF-EF36-4B4A-891E-ABBDE2A75B38', N'[{"Key": "Name", "Value": "Loa"}, {"Key": "Size", "Value": "Vừa"}, {"Key": "Quantity", "Value": "3"}, {"Key": "Price", "Value": "0"}]', '[]'),
('be2e1f95-f533-411d-a5ed-c477ae4551a0', 'However find most city citizen.', 'none', '662A64BE-F7EA-4419-8978-DBF8F19159DC', N'[{"Key": "Name", "Value": "Máy quay phim"}, {"Key": "Size", "Value": "To"}, {"Key": "Quantity", "Value": "4"}, {"Key": "Price", "Value": "0"}]', '[]'); 

INSERT INTO [OrderService] ([OrderId], [ServiceId]) VALUES
('1be48175-c681-428b-9267-7463fd473f81', 'b243d872-e02f-4aa6-ac84-7f5bb52b885c'),
('9114f725-a13c-4925-b78e-9701693f3d17', 'ddfab10e-8281-4c99-9c8a-7a9fc83d7afd'),
('f513e4c8-ddf5-4dd7-af7a-cc571b4838df', '2b65b0a2-b3c5-48fc-a470-cc81cd0253a9'),
('9637fba7-565f-44a1-b59c-681575e7547f', '6c0dcbc8-195f-4386-a384-eb030e6bcf4d'),
('88678a99-24e9-485f-915b-3a82d076dd43', '5fff10d3-c367-43a6-b249-5cac6c4d30c0'),
('7ef4c2d8-e34d-4bea-b32f-39ffb305d6a0', '2c2160fd-9bef-41d7-b419-59e5c330d541'),
('cb9c8845-9ac2-49f9-9fa1-4dce340a711a', 'ba2afafa-b212-479a-b3ce-d6a9e14728f2'),
('3e078add-b3a5-40ba-a7ed-da265477daa6', '0256d628-308f-4446-b492-208a1472a5fc'),
('55fcff05-9398-4bcb-9d3b-53c2c65ce74d', '4ed92734-42d2-4474-98c8-6e6395f7cbdc'),
('9f4235e6-eea9-4b52-9b29-5b7845bb6b80', 'bf82ccf0-f2d0-417b-8ce1-ef5872984dc6'),
('6c6f62d1-1560-4cc2-9a8e-93d4f8efdfb3', '1c3a2e5e-b96e-4d28-9093-75425d9ff052'),
('666f89dd-ee5c-4f9e-99c9-12ee77ef0873', '99a7b2eb-976e-4497-bac7-fa124c560291'),
('461dc776-fd51-4720-a793-4eba4708f16a', 'af262661-f1a3-478e-b7af-2982e0342462'),
('5a5a3760-a27a-45ce-a453-576855ecbb26', '95a4ce28-34ed-4231-8be6-c99c102e791f'),
('7c1b2036-d88c-44d9-adb4-2dbf16119cf9', '51731161-f473-4f4b-8937-642517073354'),
('bce17fa7-91b3-498a-add0-28a86ed301ea', 'd3905881-23d9-4467-8d6a-53555bc2e15c'),
('560895b2-5946-411f-937c-e0fc735e15a7', '2e9d692e-777b-4ac5-9c8e-3a19cc2a99df'),
('3b36d7ac-9650-47af-912e-fe708667fcca', '74541539-8b18-4abe-829b-342408dffc3e'),
('78f1e071-b9d9-4999-ac0c-e0f7b51491d7', '96250398-e285-4667-a72f-eda4d26ec715'),
('65791395-e093-4a7d-9b4a-e5d5eda421ae', '6c1c9c57-1132-4652-995f-ff9c71954466'),
('0961b223-755c-4a5d-9694-9b0fe46234dc', '00972c85-bce8-40c4-860d-999e657fd2a8'),
('3f068ebf-d93f-43aa-bafd-e145b49a4a42', 'e02cb190-ba93-4ba8-a099-297089e8a645'),
('51bc8b8f-3a21-44be-9399-2d02b6e687bf', 'ed710251-2f06-4d10-b655-6c50f802893a'),
('e1269931-cce5-4962-9d18-ea23b491ae61', '78635c9b-ddd6-45e6-a753-92413b266bed'),
('a0844eae-0d7b-4cb2-86b8-a4acbd4044d2', '35f519b3-df30-408d-8ce2-08022885ec6e'),
('e5205a51-60dc-4568-aef9-9b1d36833405', '79074bb2-d07e-40aa-a38a-1f96436a1c43'),
('70406fe3-31d8-43ad-a0e8-6251a738b9fa', '1320fd19-8fff-46b1-b86a-6e1b6192aa1e'),
('4023e100-c7eb-4818-abeb-4abdae85a84d', '2c09e656-1eef-4a7f-ad8c-14c2e5fd7f3a'),
('62023c5f-a5d0-4699-be55-0325f15fec7e', '02f7d13b-dde5-4385-abe8-4e816ac35e76'),
('5ed13707-84db-46a3-b64c-bb9dd6ffb63b', 'c260229d-ce00-496d-ab51-72dcc5c5e454'),
('2b207074-2003-46f4-b55d-c5241b6ff753', 'd7e25d37-0934-44c2-b609-0fca09df52c1'),
('bf36fa45-edff-42e5-91be-3bc9e248681a', '31fac56f-190f-47d1-bfd0-85b8a952c0f3'),
('b1ac7300-41b3-4a9e-8cf6-0ee94a716371', '87b2ff6d-c5af-4d76-b593-424c3e53d922'),
('3354d5dc-872f-4558-8da9-88be228ebfc4', '4f60ecc6-d336-4ed1-8945-e86fa4e113f6'),
('ea4b68c5-2992-4358-8981-c374a99e0050', 'b5c3206d-3a8e-4327-b111-103f130500c0'),
('271f43a2-347c-43b9-b23f-ea0c9afd079e', 'd1edca75-ab3e-4c50-8673-b520031f8a4e'),
('90d73bd2-1650-43bc-8091-3d5bbb1ffa82', 'ae2d08c0-0f76-49e7-b549-d5561d497792'),
('a13bfe48-aa79-4fc6-8782-48dc95d18d17', 'd5ab8e87-cb58-48d0-bc3a-bbc376791ecb'),
('d1557e95-f1a2-487e-9f38-219f32022a05', '22419fdd-c20e-4f2c-bf8c-b13fa351cccf'),
('e1241030-2791-4ab4-908b-ef867e1a39b4', '7f95df5f-2fcd-45d4-afec-bb1ba8eab5bc'),
('608e2660-e4da-46ba-8dbe-858b8b2d84bb', 'd8edac7a-b306-49e1-a096-940e660df719'),
('c39f48bf-3120-4b2f-abc3-a1eddeccd762', '8df82810-9ff0-4e6f-9be6-70178bad6bb5'),
('9f694681-1e28-4d17-ac75-1ef11729123c', '9fa0b794-abf4-4102-ab24-91ac1a75edba'),
('db066718-278a-406c-80d6-72da2e7273df', '255ab841-58b7-48ca-b466-97d09385e8f0'),
('7ac19cec-1ad1-4218-a2db-5e333c98dd13', 'c10c91f0-fa93-402c-a698-dab1ab86d3ea'),
('f99efa73-e6b0-42c6-bbad-641fad046517', '5842bcc7-28db-4134-beaf-04fd7b4ac535'),
('7e6a8927-1323-4843-8da5-a13c0edf91a0', 'c4336e0e-f6bd-40d6-9d4a-be70b4492567'),
('e30dcc92-c25b-48e0-99e2-878b8f8f67ed', 'ca52457f-8186-4130-b505-37805e42ec49'),
('3461944d-9457-467a-82d5-f54338ed1691', '69e49b1d-8f4c-4eab-a3a5-aa8e23497755'),
('aae90a58-3cfd-4dcf-b9d7-e4a63da76eab', 'a8b2db80-dd53-4fd5-85cd-d9fbd6e7c56f'),
('f89bc902-e868-4b4e-8a1a-eb28e3c6e17a', 'f2ed717c-1b53-4aef-ac39-c3898978aba4'),
('7325e287-5d9f-43c0-a662-642f92373aa5', '6f6c28a4-4619-493b-ae0b-1adf4969bbce'),
('cb0caaf9-e34a-4d30-90f9-5ebd24166cd5', '17c2c3e8-3bd4-4936-b803-7dfa465fb7f0'),
('3b8dc312-f338-402c-95cf-5535897c48e6', '6cba963a-de47-4bc5-95fb-9f4e2d2f47a3'),
('a2a6f70a-9e70-4112-8fb2-3f4a5a2dfd08', '4ce4d7d5-0423-495c-b0b0-fe84d73b42a4'),
('2fbbc51e-b2ed-4f38-86a4-11fd29b92fac', 'd65dbf67-2cb3-4243-9ed6-eac5f64e2a09'),
('3f9bb094-7e9e-4ea8-912a-8b9801063233', '56eed79f-5b95-4b81-a9cd-b8647af08c76'),
('e9b94f6b-aaa1-4cf7-b4ee-98d2262a16af', 'b68ebe79-67b3-463e-9213-d7c12ff868f8'),
('20710fec-e50e-48a8-8b51-8f35e1885930', '27005103-0197-40d7-8c31-fbb8e218efa4'),
('5f73376f-3a4e-4766-a89f-180b259152b2', '1c55f277-9087-458a-9707-074bc6cc0b0f'),
('b70034fe-1ea7-41cd-8bc8-0d64ece9db04', 'e37708e9-e6bd-462c-a6e8-a39e84b27060'),
('29e3bd1e-f4aa-49cc-b9f5-867c99f85af0', 'deec5c2a-4a22-412f-8cc9-13957ed2dd71'),
('de99819d-e498-4376-aef7-55884dfcaab1', 'cb250b98-e56c-4e71-96c9-10bc98042d8e'),
('e194c49e-f0dc-4413-86b6-56f956e07000', 'c0a53889-36ac-4d1b-af2d-802e96369532'),
('f1487973-4298-4d86-b33e-934e4b856338', '19cf0396-374d-472c-8aef-f8a9685fb996'),
('cb89d4da-bbcc-46be-8c17-315c305ccbf8', 'eb46c279-03e7-4248-8725-a604d1d3417a'),
('09e0fd7d-c80a-4a9b-88d7-b652ad19889a', '379199f5-ead3-463d-b097-23fc69e69541'),
('119d62b5-1972-4a5e-bad5-3e8ec59e18b9', 'bba6ce0f-c88e-4716-98b4-28c01291de2e'),
('7bfb93e9-fa27-44af-9b1b-96cfc20175ad', '9e9e95bd-4752-457b-ad01-c4018795b9b2'),
('6b41e8a3-b628-43cd-a241-d0ae2c506554', '68439400-eefc-471d-950b-3cca24d26a60'),
('6a3f982c-e40a-4434-8401-f02916a190e3', '1d7c89d4-7878-4610-9816-cd5cd28b28d4'),
('d8beb964-4e81-4fa3-9987-42860bf19e0f', 'd86f6445-f020-4d5b-b401-1c8a428d2ffd'),
('7348722d-a95a-4e50-83a6-87f95b205be2', '35b42fc1-86e1-49ea-bb37-6f1fabfe8664'),
('fd02a4c0-519d-4b9d-94e5-6169f5e7abe1', '35b6c1ec-4da4-4dba-a041-e65eb381e1c4'),
('bf558328-ef37-46c3-ad6f-907f896b979e', '5cc77ac8-ba7c-4870-931c-4cded0448f04'),
('9612cb19-ca65-4ade-9f20-f5bd4bafbbca', '611576e0-303f-4f69-b3f4-7cd708ae0390'),
('0d249da5-df6b-4d42-b54d-80d95226bb6f', 'a54e3456-e2e4-4ceb-99fc-1474a03d49ce'),
('feaaafad-c7b8-4481-a43a-9bfe6a1a3a55', '0167ad9c-107a-4de3-b8c6-ed2aef1d9e32'),
('207b3a4b-16a7-4ef3-8cf9-017496e520db', '3a3dffbf-58a6-49aa-bbdc-c0f7ec477f31'),
('f144ac4e-d810-4800-b80b-ead8e302ebb7', '8f1c9809-4ac7-405b-8c97-eff3d23de287'),
('80cf483d-73d7-4029-b5da-37271120f0dc', 'fd87a673-5b29-45b8-9615-b8aa9f58fa53'),
('389b07d5-db69-4cb5-b54a-da1ea6c907c1', 'c815f805-a88c-4abf-bf34-804f7924b7cb'),
('b78b4506-e1d8-4462-8a4b-7d89184f78ee', 'b59cd768-9218-4c79-b24c-87e075697998'),
('56ebf2cf-7269-4a7e-8027-794ae3ad568e', '2399f7eb-bb9c-4d04-a9cb-e5278e72ce2d'),
('24d941b5-6a4f-4949-a77c-4ee7cbfad5ef', 'b72a48d8-618b-490d-9809-c66b0f7f68fc'),
('72f87710-aa39-43ae-b48f-0fc970af35cb', 'a527ab35-18d6-488f-b680-bb0881818736'),
('c793f08e-dd97-433c-aea1-1c8885edd33b', '4263754d-18b5-413e-a0fb-1e4095e8b2ca'),
('9691ca36-985f-43b6-9515-ad33cbff44e7', '70036dc7-da25-4dfe-8807-43a9e4aa0006'),
('32414a6a-3530-482f-9039-ea356a1126b8', 'daaf2eee-014f-4765-872d-8de234013fbe'),
('7da2229d-f633-4d66-931c-74e4757e8847', '2661903e-c233-4136-a5db-50ce4199b6ee'),
('bf577194-ae54-4b73-a222-59e872655b5f', 'ad78f545-af06-4ab7-846c-b488accbe645'),
('5c2aa92a-1d3e-431c-9bde-05e30cd08d94', 'bb701aac-4bb2-4a18-810b-dacc3995b727'),
('7446c05b-9852-437a-9bf2-df2da5d3e92e', 'd344a16f-a30b-40fd-8213-d5ec0f1ce919'),
('3157e22d-dc22-44a3-a773-20d3260126d3', '00975d49-e621-48d4-b4be-d76be33f5f70'),
('a04dfc3a-8aef-473b-a71a-73bc6adbafc7', '9ad57dbf-b08c-4667-87f1-dc8aa644e73d'),
('e43aea4a-8db6-474c-97fc-26c3b2bc22b2', '1a3ad296-91ce-49e4-8b57-e7d0d4b5918b'),
('b9913382-66d5-4d8d-9dcf-f55628208ce4', '84af4ad4-4f6f-4898-a1f2-71a39efdf548'),
('71b0b5b5-9871-4a93-a5be-8a57590d240c', '0096b78f-73fb-45e7-abb4-ce138ca21e01'),
('7c720e37-cbf8-4dba-9ae3-3063bbf502fc', '6ced64eb-4cbc-4bfb-8616-bc9e33c9be74'),
('16a6c361-ec0d-4c85-b7f5-de1479a17a5d', '6256912c-ef20-45e0-a39e-81d471aa1a33'),
('e51e8769-ede8-4513-9c07-4974b0a076f8', 'a2d33e9f-f417-4801-8316-6af6e9197cca'),
('2ff0dc4b-8e31-461f-805b-b410c49fe193', '61265261-0ca8-4e88-af21-4d8754bc9eed'),
('723ff1af-d1a9-4856-b76b-e4c571101d8f', 'ac4e6291-de10-4c7f-b0ca-71bf26953358'),
('572f3cb7-e77c-4496-a7d5-ad379076e9ed', '9b76f877-60d9-4643-8905-ea2d5527e852'),
('a397ee78-1bb6-4dc5-88b7-2e83ca67e1e2', '2a3fa0f8-d425-4f4a-a176-72986d995d8a'),
('1a837d97-2da5-4d49-b231-f022e9fc1ad9', '4ad7d9a6-3570-4f0f-8296-5e6e2fdbd46b'),
('0ce6fcc6-b51a-4fe1-af2b-54c4e20b3f40', '4ab7af95-a247-4ff1-a2cb-780e5729ac24'),
('53eaa765-e70f-445c-bb96-874554db4e3f', 'a700c6ed-f608-4cab-955c-4da45907b9e7'),
('d30af7bc-b265-431a-a7c7-2d5a9fc997c5', '80d71280-bb28-4298-9945-3c287f449f96'),
('2985b1d5-6eac-4f9c-ab58-0f216712aaca', '97754946-6d0a-4482-b282-a931ba9b9f33'),
('4c507dc5-3150-4821-b4b0-7ca39fd263ac', '395f2e5c-b0a9-461b-86b3-4cfa4f60a2ae'),
('e1664ee0-907c-4af0-a936-81ba6060c740', 'ef06f1e0-54da-42f8-8f23-7c36167f85e6'),
('e2caa378-f89a-44d7-a52f-401a32e9a669', 'f05e1f49-7b3a-4edd-99a5-417fe236cf53'),
('04d7b2fb-5ebe-484e-9a9a-7c0a390a0dfe', '8ccae90e-05a5-4802-89be-7f4f568d02bb'),
('f6042aaf-c618-4254-b373-1db6b1684c40', 'fb16472f-a5d0-43fa-8e8f-9574e898b813'),
('2dcda436-5bd9-4319-9cd6-d1a09ea4e9d2', '2294df39-070a-4040-ae04-7730e1d20e22'),
('40840c42-ebe5-47b8-acaa-68f37552ea1f', '08c15cf3-3b2e-4426-b60d-843200c279e1'),
('11cba3e2-f9e9-49c9-a792-2f27ee64cc91', '2604878f-be23-44ab-bd5f-66b69feeb615'),
('2865b06f-f69e-4e24-a1d1-c7aaaf1ac462', 'f849856e-bc6a-4b02-8fec-d17ab0db6092'),
('0ee5ccdd-9c56-4bc0-95be-4e1d65bee1cf', 'dff53a19-ec96-42f6-bd57-8ba74ab57377'),
('826c4cf4-291a-4816-b6d5-1c187db4715c', 'f45611c4-7d96-49dc-bed5-9be70b43192f'),
('fec5e231-57a1-463b-a2a1-4f6f53def025', 'd5ed5dcc-d728-47ad-81ed-10a8d96c09aa'),
('3acc2e6e-fc27-4bc2-a8ed-84741e0e509c', '9bc1f361-3903-4fca-b5e7-91ee2498b398'),
('765bfe78-a747-4717-949f-2f2d15aa038f', 'be2e1f95-f533-411d-a5ed-c477ae4551a0'); 

INSERT INTO [OrderServiceType] ([OrderId], [ServiceTypeId]) VALUES
('1be48175-c681-428b-9267-7463fd473f81', '88006A8C-D757-4B85-8B91-C88E6078FE9C'),
('9114f725-a13c-4925-b78e-9701693f3d17', '73BF981F-1CFD-483D-80EE-14AB6D2E55EF'),
('f513e4c8-ddf5-4dd7-af7a-cc571b4838df', 'F1B832B2-49F3-456F-BACB-B1F8DA766BEA'),
('9637fba7-565f-44a1-b59c-681575e7547f', 'F1B832B2-49F3-456F-BACB-B1F8DA766BEA'),
('88678a99-24e9-485f-915b-3a82d076dd43', '96D250D4-0C0E-4521-B94E-05F3CAFCA3F3'),
('7ef4c2d8-e34d-4bea-b32f-39ffb305d6a0', '3361BC88-9F58-4BE8-AC37-561606430F8A'),
('cb9c8845-9ac2-49f9-9fa1-4dce340a711a', '662A64BE-F7EA-4419-8978-DBF8F19159DC'),
('3e078add-b3a5-40ba-a7ed-da265477daa6', '07CB166A-4B4E-4637-B224-6277A69003D9'),
('55fcff05-9398-4bcb-9d3b-53c2c65ce74d', 'F1B832B2-49F3-456F-BACB-B1F8DA766BEA'),
('9f4235e6-eea9-4b52-9b29-5b7845bb6b80', '63CE2EBF-EF36-4B4A-891E-ABBDE2A75B38'),
('6c6f62d1-1560-4cc2-9a8e-93d4f8efdfb3', '96D250D4-0C0E-4521-B94E-05F3CAFCA3F3'),
('666f89dd-ee5c-4f9e-99c9-12ee77ef0873', '07CB166A-4B4E-4637-B224-6277A69003D9'),
('461dc776-fd51-4720-a793-4eba4708f16a', '662A64BE-F7EA-4419-8978-DBF8F19159DC'),
('5a5a3760-a27a-45ce-a453-576855ecbb26', 'B9F74F9E-F792-4C48-B1B6-B6F0BC402D07'),
('7c1b2036-d88c-44d9-adb4-2dbf16119cf9', '3779D349-ABCB-4DBC-ABF1-25BA9E94A695'),
('bce17fa7-91b3-498a-add0-28a86ed301ea', '07CB166A-4B4E-4637-B224-6277A69003D9'),
('560895b2-5946-411f-937c-e0fc735e15a7', '662A64BE-F7EA-4419-8978-DBF8F19159DC'),
('3b36d7ac-9650-47af-912e-fe708667fcca', '96D250D4-0C0E-4521-B94E-05F3CAFCA3F3'),
('78f1e071-b9d9-4999-ac0c-e0f7b51491d7', 'A5677DE0-A6A7-42C0-AB77-F34B75BEB63D'),
('65791395-e093-4a7d-9b4a-e5d5eda421ae', 'F1B832B2-49F3-456F-BACB-B1F8DA766BEA'),
('0961b223-755c-4a5d-9694-9b0fe46234dc', '96D250D4-0C0E-4521-B94E-05F3CAFCA3F3'),
('3f068ebf-d93f-43aa-bafd-e145b49a4a42', 'A5677DE0-A6A7-42C0-AB77-F34B75BEB63D'),
('51bc8b8f-3a21-44be-9399-2d02b6e687bf', '96D250D4-0C0E-4521-B94E-05F3CAFCA3F3'),
('e1269931-cce5-4962-9d18-ea23b491ae61', '63CE2EBF-EF36-4B4A-891E-ABBDE2A75B38'),
('a0844eae-0d7b-4cb2-86b8-a4acbd4044d2', 'B9F74F9E-F792-4C48-B1B6-B6F0BC402D07'),
('e5205a51-60dc-4568-aef9-9b1d36833405', '3361BC88-9F58-4BE8-AC37-561606430F8A'),
('70406fe3-31d8-43ad-a0e8-6251a738b9fa', '3779D349-ABCB-4DBC-ABF1-25BA9E94A695'),
('4023e100-c7eb-4818-abeb-4abdae85a84d', 'EF2034C1-7F44-4D07-B9C0-E2A497999A9D'),
('62023c5f-a5d0-4699-be55-0325f15fec7e', '96D250D4-0C0E-4521-B94E-05F3CAFCA3F3'),
('5ed13707-84db-46a3-b64c-bb9dd6ffb63b', 'EF2034C1-7F44-4D07-B9C0-E2A497999A9D'),
('2b207074-2003-46f4-b55d-c5241b6ff753', '73BF981F-1CFD-483D-80EE-14AB6D2E55EF'),
('bf36fa45-edff-42e5-91be-3bc9e248681a', 'CCA752D4-C17C-4C31-906F-F33CB8A18E48'),
('b1ac7300-41b3-4a9e-8cf6-0ee94a716371', 'B9F74F9E-F792-4C48-B1B6-B6F0BC402D07'),
('3354d5dc-872f-4558-8da9-88be228ebfc4', 'A5677DE0-A6A7-42C0-AB77-F34B75BEB63D'),
('ea4b68c5-2992-4358-8981-c374a99e0050', 'A5677DE0-A6A7-42C0-AB77-F34B75BEB63D'),
('271f43a2-347c-43b9-b23f-ea0c9afd079e', '63CE2EBF-EF36-4B4A-891E-ABBDE2A75B38'),
('90d73bd2-1650-43bc-8091-3d5bbb1ffa82', '96D250D4-0C0E-4521-B94E-05F3CAFCA3F3'),
('a13bfe48-aa79-4fc6-8782-48dc95d18d17', 'CCA752D4-C17C-4C31-906F-F33CB8A18E48'),
('d1557e95-f1a2-487e-9f38-219f32022a05', '88006A8C-D757-4B85-8B91-C88E6078FE9C'),
('e1241030-2791-4ab4-908b-ef867e1a39b4', '73BF981F-1CFD-483D-80EE-14AB6D2E55EF'),
('608e2660-e4da-46ba-8dbe-858b8b2d84bb', 'C82954A1-39D4-4012-86B3-6CAD42C2B399'),
('c39f48bf-3120-4b2f-abc3-a1eddeccd762', '63CE2EBF-EF36-4B4A-891E-ABBDE2A75B38'),
('9f694681-1e28-4d17-ac75-1ef11729123c', 'F1B832B2-49F3-456F-BACB-B1F8DA766BEA'),
('db066718-278a-406c-80d6-72da2e7273df', '63CE2EBF-EF36-4B4A-891E-ABBDE2A75B38'),
('7ac19cec-1ad1-4218-a2db-5e333c98dd13', 'B9F74F9E-F792-4C48-B1B6-B6F0BC402D07'),
('f99efa73-e6b0-42c6-bbad-641fad046517', 'A5677DE0-A6A7-42C0-AB77-F34B75BEB63D'),
('7e6a8927-1323-4843-8da5-a13c0edf91a0', 'B9F74F9E-F792-4C48-B1B6-B6F0BC402D07'),
('e30dcc92-c25b-48e0-99e2-878b8f8f67ed', '07CB166A-4B4E-4637-B224-6277A69003D9'),
('3461944d-9457-467a-82d5-f54338ed1691', '73BF981F-1CFD-483D-80EE-14AB6D2E55EF'),
('aae90a58-3cfd-4dcf-b9d7-e4a63da76eab', '07CB166A-4B4E-4637-B224-6277A69003D9'),
('f89bc902-e868-4b4e-8a1a-eb28e3c6e17a', '3361BC88-9F58-4BE8-AC37-561606430F8A'),
('7325e287-5d9f-43c0-a662-642f92373aa5', 'F1B832B2-49F3-456F-BACB-B1F8DA766BEA'),
('cb0caaf9-e34a-4d30-90f9-5ebd24166cd5', 'F1B832B2-49F3-456F-BACB-B1F8DA766BEA'),
('3b8dc312-f338-402c-95cf-5535897c48e6', '3361BC88-9F58-4BE8-AC37-561606430F8A'),
('a2a6f70a-9e70-4112-8fb2-3f4a5a2dfd08', 'CCA752D4-C17C-4C31-906F-F33CB8A18E48'),
('2fbbc51e-b2ed-4f38-86a4-11fd29b92fac', '88006A8C-D757-4B85-8B91-C88E6078FE9C'),
('3f9bb094-7e9e-4ea8-912a-8b9801063233', '73BF981F-1CFD-483D-80EE-14AB6D2E55EF'),
('e9b94f6b-aaa1-4cf7-b4ee-98d2262a16af', 'C82954A1-39D4-4012-86B3-6CAD42C2B399'),
('20710fec-e50e-48a8-8b51-8f35e1885930', 'B9F74F9E-F792-4C48-B1B6-B6F0BC402D07'),
('5f73376f-3a4e-4766-a89f-180b259152b2', 'B9F74F9E-F792-4C48-B1B6-B6F0BC402D07'),
('b70034fe-1ea7-41cd-8bc8-0d64ece9db04', 'C82954A1-39D4-4012-86B3-6CAD42C2B399'),
('29e3bd1e-f4aa-49cc-b9f5-867c99f85af0', '662A64BE-F7EA-4419-8978-DBF8F19159DC'),
('de99819d-e498-4376-aef7-55884dfcaab1', '88006A8C-D757-4B85-8B91-C88E6078FE9C'),
('e194c49e-f0dc-4413-86b6-56f956e07000', 'B9F74F9E-F792-4C48-B1B6-B6F0BC402D07'),
('f1487973-4298-4d86-b33e-934e4b856338', '3779D349-ABCB-4DBC-ABF1-25BA9E94A695'),
('cb89d4da-bbcc-46be-8c17-315c305ccbf8', 'A5677DE0-A6A7-42C0-AB77-F34B75BEB63D'),
('09e0fd7d-c80a-4a9b-88d7-b652ad19889a', 'A5677DE0-A6A7-42C0-AB77-F34B75BEB63D'),
('119d62b5-1972-4a5e-bad5-3e8ec59e18b9', 'C82954A1-39D4-4012-86B3-6CAD42C2B399'),
('7bfb93e9-fa27-44af-9b1b-96cfc20175ad', '73BF981F-1CFD-483D-80EE-14AB6D2E55EF'),
('6b41e8a3-b628-43cd-a241-d0ae2c506554', 'B9F74F9E-F792-4C48-B1B6-B6F0BC402D07'),
('6a3f982c-e40a-4434-8401-f02916a190e3', '73BF981F-1CFD-483D-80EE-14AB6D2E55EF'),
('d8beb964-4e81-4fa3-9987-42860bf19e0f', 'A5677DE0-A6A7-42C0-AB77-F34B75BEB63D'),
('7348722d-a95a-4e50-83a6-87f95b205be2', 'B9F74F9E-F792-4C48-B1B6-B6F0BC402D07'),
('fd02a4c0-519d-4b9d-94e5-6169f5e7abe1', '3361BC88-9F58-4BE8-AC37-561606430F8A'),
('bf558328-ef37-46c3-ad6f-907f896b979e', 'EF2034C1-7F44-4D07-B9C0-E2A497999A9D'),
('9612cb19-ca65-4ade-9f20-f5bd4bafbbca', 'A5677DE0-A6A7-42C0-AB77-F34B75BEB63D'),
('0d249da5-df6b-4d42-b54d-80d95226bb6f', 'CCA752D4-C17C-4C31-906F-F33CB8A18E48'),
('feaaafad-c7b8-4481-a43a-9bfe6a1a3a55', 'CCA752D4-C17C-4C31-906F-F33CB8A18E48'),
('207b3a4b-16a7-4ef3-8cf9-017496e520db', '73BF981F-1CFD-483D-80EE-14AB6D2E55EF'),
('f144ac4e-d810-4800-b80b-ead8e302ebb7', '662A64BE-F7EA-4419-8978-DBF8F19159DC'),
('80cf483d-73d7-4029-b5da-37271120f0dc', '662A64BE-F7EA-4419-8978-DBF8F19159DC'),
('389b07d5-db69-4cb5-b54a-da1ea6c907c1', '07CB166A-4B4E-4637-B224-6277A69003D9'),
('b78b4506-e1d8-4462-8a4b-7d89184f78ee', '63CE2EBF-EF36-4B4A-891E-ABBDE2A75B38'),
('56ebf2cf-7269-4a7e-8027-794ae3ad568e', 'B9F74F9E-F792-4C48-B1B6-B6F0BC402D07'),
('24d941b5-6a4f-4949-a77c-4ee7cbfad5ef', '662A64BE-F7EA-4419-8978-DBF8F19159DC'),
('72f87710-aa39-43ae-b48f-0fc970af35cb', 'F1B832B2-49F3-456F-BACB-B1F8DA766BEA'),
('c793f08e-dd97-433c-aea1-1c8885edd33b', '73BF981F-1CFD-483D-80EE-14AB6D2E55EF'),
('9691ca36-985f-43b6-9515-ad33cbff44e7', 'B9F74F9E-F792-4C48-B1B6-B6F0BC402D07'),
('32414a6a-3530-482f-9039-ea356a1126b8', 'F1B832B2-49F3-456F-BACB-B1F8DA766BEA'),
('7da2229d-f633-4d66-931c-74e4757e8847', 'EF2034C1-7F44-4D07-B9C0-E2A497999A9D'),
('bf577194-ae54-4b73-a222-59e872655b5f', 'C82954A1-39D4-4012-86B3-6CAD42C2B399'),
('5c2aa92a-1d3e-431c-9bde-05e30cd08d94', '07CB166A-4B4E-4637-B224-6277A69003D9'),
('7446c05b-9852-437a-9bf2-df2da5d3e92e', 'A5677DE0-A6A7-42C0-AB77-F34B75BEB63D'),
('3157e22d-dc22-44a3-a773-20d3260126d3', '3779D349-ABCB-4DBC-ABF1-25BA9E94A695'),
('a04dfc3a-8aef-473b-a71a-73bc6adbafc7', '3779D349-ABCB-4DBC-ABF1-25BA9E94A695'),
('e43aea4a-8db6-474c-97fc-26c3b2bc22b2', 'CCA752D4-C17C-4C31-906F-F33CB8A18E48'),
('b9913382-66d5-4d8d-9dcf-f55628208ce4', 'F1B832B2-49F3-456F-BACB-B1F8DA766BEA'),
('71b0b5b5-9871-4a93-a5be-8a57590d240c', '3361BC88-9F58-4BE8-AC37-561606430F8A'),
('7c720e37-cbf8-4dba-9ae3-3063bbf502fc', 'B9F74F9E-F792-4C48-B1B6-B6F0BC402D07'),
('16a6c361-ec0d-4c85-b7f5-de1479a17a5d', 'B9F74F9E-F792-4C48-B1B6-B6F0BC402D07'),
('e51e8769-ede8-4513-9c07-4974b0a076f8', '3361BC88-9F58-4BE8-AC37-561606430F8A'),
('2ff0dc4b-8e31-461f-805b-b410c49fe193', 'F1B832B2-49F3-456F-BACB-B1F8DA766BEA'),
('723ff1af-d1a9-4856-b76b-e4c571101d8f', '662A64BE-F7EA-4419-8978-DBF8F19159DC'),
('572f3cb7-e77c-4496-a7d5-ad379076e9ed', 'C82954A1-39D4-4012-86B3-6CAD42C2B399'),
('a397ee78-1bb6-4dc5-88b7-2e83ca67e1e2', '88006A8C-D757-4B85-8B91-C88E6078FE9C'),
('1a837d97-2da5-4d49-b231-f022e9fc1ad9', '73BF981F-1CFD-483D-80EE-14AB6D2E55EF'),
('0ce6fcc6-b51a-4fe1-af2b-54c4e20b3f40', '88006A8C-D757-4B85-8B91-C88E6078FE9C'),
('53eaa765-e70f-445c-bb96-874554db4e3f', '96D250D4-0C0E-4521-B94E-05F3CAFCA3F3'),
('d30af7bc-b265-431a-a7c7-2d5a9fc997c5', '88006A8C-D757-4B85-8B91-C88E6078FE9C'),
('2985b1d5-6eac-4f9c-ab58-0f216712aaca', 'CCA752D4-C17C-4C31-906F-F33CB8A18E48'),
('4c507dc5-3150-4821-b4b0-7ca39fd263ac', 'F1B832B2-49F3-456F-BACB-B1F8DA766BEA'),
('e1664ee0-907c-4af0-a936-81ba6060c740', 'C82954A1-39D4-4012-86B3-6CAD42C2B399'),
('e2caa378-f89a-44d7-a52f-401a32e9a669', 'F1B832B2-49F3-456F-BACB-B1F8DA766BEA'),
('04d7b2fb-5ebe-484e-9a9a-7c0a390a0dfe', '662A64BE-F7EA-4419-8978-DBF8F19159DC'),
('f6042aaf-c618-4254-b373-1db6b1684c40', '3361BC88-9F58-4BE8-AC37-561606430F8A'),
('2dcda436-5bd9-4319-9cd6-d1a09ea4e9d2', '73BF981F-1CFD-483D-80EE-14AB6D2E55EF'),
('40840c42-ebe5-47b8-acaa-68f37552ea1f', 'B9F74F9E-F792-4C48-B1B6-B6F0BC402D07'),
('11cba3e2-f9e9-49c9-a792-2f27ee64cc91', 'EF2034C1-7F44-4D07-B9C0-E2A497999A9D'),
('2865b06f-f69e-4e24-a1d1-c7aaaf1ac462', 'C82954A1-39D4-4012-86B3-6CAD42C2B399'),
('0ee5ccdd-9c56-4bc0-95be-4e1d65bee1cf', '662A64BE-F7EA-4419-8978-DBF8F19159DC'),
('826c4cf4-291a-4816-b6d5-1c187db4715c', 'F1B832B2-49F3-456F-BACB-B1F8DA766BEA'),
('fec5e231-57a1-463b-a2a1-4f6f53def025', 'F1B832B2-49F3-456F-BACB-B1F8DA766BEA'),
('3acc2e6e-fc27-4bc2-a8ed-84741e0e509c', '63CE2EBF-EF36-4B4A-891E-ABBDE2A75B38'),
('765bfe78-a747-4717-949f-2f2d15aa038f', '662A64BE-F7EA-4419-8978-DBF8F19159DC'); 

INSERT INTO [FreelanceQuizQuestions] ([Id], [Type], [OfSkills], [Question], [Point]) VALUES
('6028a8a1-22af-4667-8302-fd9fae1a4ffb', 'SingleChoice', '["RepairingService"]', N'Điện áp chuẩn của mạng điện xoay chiều trong gia đình là bao nhiêu?', 10),
('28dd09fd-ad57-413f-bd73-4601c7bb4d6e', 'SingleChoice', '["RepairingService"]', N'Linh kiện nào điều khiển nhiệt độ trong tủ lạnh?', 10),
('3273ea83-b8af-464b-86c5-08792aeb2859', 'SingleChoice', '["RepairingService"]', N'Thiết bị nào được sử dụng để đo điện trở?', 10),
('a1848484-fd8a-4a54-93dd-093584abb137', 'SingleChoice', '["RepairingService"]', N'Cách tốt nhất để xử lý thiết bị điện bị chập cháy là gì?', 10),
('0361a02a-a19f-40cd-b3dc-5393adae67d3', 'SingleChoice', '["RepairingService"]', N'Công cụ nào được sử dụng để tháo lắp ốc vít?', 10),
('48dfe682-0fab-4996-a672-d1b0e5135e8a', 'SingleChoice', '["RepairingService"]', N'Linh kiện nào điều khiển tốc độ quay của máy giặt?', 10),
('0cfd11cf-fe36-409c-afe5-4f3c663f0900', 'SingleChoice', '["RepairingService"]', N'Nguyên nhân phổ biến gây ra sự cố máy hút bụi?', 10),
('8f42092d-108c-48b2-91e9-5ad23676f634', 'SingleChoice', '["RepairingService"]', N'Thiết bị nào được sử dụng để kiểm tra sự liên tục của mạch điện?', 10),
('0b0734d8-8133-48bf-89c1-b15be5ec4978', 'SingleChoice', '["RepairingService"]', N'Biện pháp an toàn nào cần thực hiện trước khi sửa chữa thiết bị điện?', 10),
('d1f449a7-e816-4c1b-a2c1-7eb600ace33f', 'SingleChoice', '["RepairingService"]', N'Nguyên nhân gây ra sự cố máy sấy quần áo không hoạt động?', 10),
('a76c2362-dc49-46a9-985c-ce324c3a485e', 'SingleChoice', '["RepairingService"]', N'Công cụ nào được sử dụng để đo điện áp?', 10),
('4ce46104-602a-4a3e-9402-25ad4fea3dfb', 'SingleChoice', '["RepairingService"]', N'Biện pháp an toàn nào cần thực hiện khi sửa chữa thiết bị điện ở độ cao?', 10),
('0ec8c8b4-ca0f-4f56-adf3-d13559fda9de', 'SingleChoice', '["RepairingService"]', N'Nguyên nhân gây ra sự cố lò vi sóng không hoạt động?', 10),
('3a68184a-d230-4883-8192-fe53161b7a2b', 'SingleChoice', '["RepairingService"]', N'Công cụ nào được sử dụng để đo dòng điện?', 10),
('8a8fd27e-c686-48be-9285-a89a3f779943', 'SingleChoice', '["RepairingService"]', N'Nguyên nhân gây ra sự cố máy gia đình phát ra tiếng ồn lớn?', 10),
('fd0fbc73-2a07-45b7-964c-0bbfb1aab750', 'SingleChoice', '["RepairingService"]', N'Công cụ nào được sử dụng để kiểm tra liên tục của mạch?', 10),
('adbb530b-c0c4-4107-88dd-042c73ed7a0e', 'SingleChoice', '["RepairingService"]', N'Nguyên nhân gây ra sự cố máy ép trái cây không hoạt động?', 10),
('e9817f69-54f2-4e05-b59d-439eba8951db', 'SingleChoice', '["RepairingService"]', N'Biện pháp an toàn nào cần thực hiện khi sửa chữa thiết bị điện ở khu vực hẹp?', 10),
('069ca41f-0c73-4645-a319-b3dde7792b4b', 'SingleChoice', '["RepairingService"]', N'Nguyên nhân gây ra sự cố quạt điện không hoạt động?', 10),
('afd35c62-740d-48f0-8e8b-17f7ed459dd7', 'SingleChoice', '["RepairingService"]', N'Công cụ nào được sử dụng để kiểm tra điện áp xoay chiều?', 10),
('25374d1d-69ec-4e48-8838-f39ff7254de1', 'SingleChoice', '["RepairingService"]', N'Nguyên nhân gây ra sự cố bàn ủi hơi nước không phun hơi nước?', 10),
('5a8c47db-962b-4476-90be-8fafac05e628', 'SingleChoice', '["RepairingService"]', N'Biện pháp an toàn nào cần thực hiện khi sửa chữa thiết bị điện ở môi trường ẩm ướt?', 10),
('a2411dd7-841f-4db4-9058-9d939d395b2e', 'SingleChoice', '["RepairingService"]', N'Nguyên nhân gây ra sự cố máy làm bánh mì không nướng được?', 10),
('4194653a-84c9-4eac-8757-c7f8b6e83b58', 'SingleChoice', '["RepairingService"]', N'Công cụ nào được sử dụng để đo công suất điện?', 10),
('d5a2935e-210f-414f-98d0-6c0a470e2e23', 'SingleChoice', '["RepairingService"]', N'Nguyên nhân gây ra sự cố máy hút khói không hoạt động?', 10),
('6fe24507-de82-4bf1-9e8c-195b633c8418', 'SingleChoice', '["RepairingService"]', N'Công cụ nào được sử dụng để phát hiện sự rò rỉ điện?', 10),
('88612459-24b9-4a2c-b93d-6c2ee48d09cf', 'SingleChoice', '["RepairingService"]', N'Nguyên nhân gây ra sự cố đèn chiếu sáng không sáng?', 10),
('38caec51-bb7b-4786-b60c-63ff3067077a', 'SingleChoice', '["RepairingService"]', N'Biện pháp an toàn nào cần thực hiện khi sửa chữa thiết bị điện ở nơi tối?', 10),
('53b9d890-2788-4206-a071-6003af54b122', 'SingleChoice', '["RepairingService"]', N'Nguyên nhân gây ra sự cố máy rửa bát không xả nước?', 10),
('b626af90-e5eb-4af8-943a-5aafe3c15c7c', 'SingleChoice', '["RepairingService"]', N'Công cụ nào được sử dụng để kiểm tra liên tục của mạch điện?', 10),
('84cd768c-e348-4a8f-a3b5-e8996e2a08f3', 'SingleChoice', '["RepairingService"]', N'Nguyên nhân gây ra sự cố máy xay sinh tố không hoạt động?', 10),
('ea47e926-bc3a-45de-bc44-99de137d4a63', 'SingleChoice', '["RepairingService"]', N'Biện pháp an toàn nào cần thực hiện khi sửa chữa thiết bị điện ở nơi có nhiều bụi bẩn?', 10),
('222eb5b3-5119-4cee-a954-cb02f04b9d14', 'SingleChoice', '["RepairingService"]', N'Nguyên nhân gây ra sự cố máy hút mùi không hoạt động?', 10),
('233199c8-4590-4a02-a77d-b3a1cc4ab9ba', 'SingleChoice', '["RepairingService"]', N'Công cụ nào được sử dụng để đo điện trở của mạch điện?', 10),
('09dbbdd8-da5b-4114-bd9f-0304b11e3881', 'SingleChoice', '["RepairingService"]', N'Nguyên nhân gây ra sự cố máy sấy tóc không hoạt động?', 10),
('db173e6f-ac36-43c3-b750-36e73dffd514', 'SingleChoice', '["RepairingService"]', N'Biện pháp an toàn nào cần thực hiện khi sửa chữa thiết bị điện ở nơi có nguy cơ bị điện giật?', 10),
('6c88d6da-5a21-42a8-b947-0a885b68f370', 'SingleChoice', '["RepairingService"]', N'Nguyên nhân gây ra sự cố máy ép nước cam không hoạt động?', 10),
('ccf5f549-31c9-4c23-8993-c9003b8bdc14', 'SingleChoice', '["RepairingService"]', N'Công cụ nào được sử dụng để phát hiện điện áp xoay chiều?', 10),
('64ea43d8-da2c-4eed-92e9-991489b5ba65', 'SingleChoice', '["RepairingService"]', N'Nguyên nhân gây ra sự cố máy làm mát không hoạt động?', 10),
('7792f3f1-9f80-47fd-acd6-b6cf3bcc24ce', 'SingleChoice', '["RepairingService"]', N'Biện pháp an toàn nào cần thực hiện khi sửa chữa thiết bị điện có nguy cơ bị điện giật cao?', 10),
('995a6802-f41a-457d-90aa-bce7b2db82c6', 'SingleChoice', '["RepairingService"]', N'Nguyên nhân gây ra sự cố máy pha cà phê không hoạt động?', 10),
('a7d46617-ea08-4b3f-b06c-510b186512e3', 'SingleChoice', '["RepairingService"]', N'Công cụ nào được sử dụng để phát hiện điện áp một chiều?', 10),
('fd04572f-889e-4f52-862d-a1bf6c012273', 'SingleChoice', '["RepairingService"]', N'Nguyên nhân gây ra sự cố máy nướng bánh mì không hoạt động?', 10),
('1bff24a3-5478-4ebd-b0bc-8105927cd8de', 'SingleChoice', '["RepairingService"]', N'Biện pháp an toàn nào cần thực hiện khi sửa chữa thiết bị điện ở nơi có nguy cơ cháy nổ?', 10),
('0de0e558-789a-4785-b918-137866909417', 'SingleChoice', '["RepairingService"]', N'Nguyên nhân gây ra sự cố máy trộn bột không hoạt động?', 10),
('fba2e5e3-d7de-48b2-93cd-cc221a052f79', 'SingleChoice', '["RepairingService"]', N'Công cụ nào được sử dụng để kiểm tra sự liên tục của mạch điện?', 10),
('02376c71-f10d-4479-8310-981d8f95c42d', 'SingleChoice', '["RepairingService"]', N'Nguyên nhân gây ra sự cố máy hút khói/mùi không hoạt động?', 10),
('4394b698-fedd-4661-aba5-e0f5da67357d', 'SingleChoice', '["RepairingService"]', N'Biện pháp an toàn nào cần thực hiện khi sửa chữa thiết bị điện ở nơi có nguy cơ bị giật điện cao?', 10),
('a3fa5a42-0012-4bdc-8654-0e4ed071bc22', 'SingleChoice', '["RepairingService"]', N'Nguyên nhân gây ra sự cố máy chà sàn không hoạt động?', 10),
('1997f7f0-f617-42c9-9abd-aef6e8ddfed5', 'SingleChoice', '["RepairingService"]', N'Công cụ nào được sử dụng để phát hiện sự cố trong mạch điện?', 10),
('2eadb3ff-a178-4a3e-b782-cf661410e270', 'SingleChoice', '["RepairingService"]', N'Nguyên nhân gây ra sự cố máy đánh trứng không hoạt động?', 10),
('0936e03b-cf4a-4ca9-8197-1c8a2384ce26', 'SingleChoice', '["RepairingService"]', N'Biện pháp an toàn nào cần thực hiện khi sửa chữa thiết bị điện ở nơi có nguy cơ bị điện giật cao?', 10),
('cb24f746-cbb4-49de-a9dc-ef61c7383c19', 'SingleChoice', '["RepairingService"]', N'Nguyên nhân gây ra sự cố máy hút bụi không hoạt động?', 10),
('8e086e7c-dd9b-4a58-a644-feb7a7424432', 'SingleChoice', '["RepairingService"]', N'Công cụ nào được sử dụng để phát hiện sự rò rỉ điện trong mạch?', 10),
('c2dce61f-ea4b-4c67-a985-bf62292e89d0', 'SingleChoice', '["RepairingService"]', N'Nguyên nhân gây ra sự cố máy vắt ly tâm không hoạt động?', 10),
('8fccc1ba-8d90-4f44-bffc-8374a7048472', 'SingleChoice', '["RepairingService"]', N'Biện pháp an toàn nào cần thực hiện khi sửa chữa thiết bị điện ở nơi có nguy cơ cháy nổ cao?', 10),
('7b54f55f-47f7-48bc-9add-d5935ee38cf5', 'SingleChoice', '["RepairingService"]', N'Nguyên nhân gây ra sự cố máy sấy quần áo không hoạt động?', 10),
('ca819539-1f2a-4ab3-a648-000b662da030', 'SingleChoice', '["RepairingService"]', N'Công cụ nào được sử dụng để kiểm tra sự hoạt động của mạch điện?', 10),
('c92ef72a-8fd3-4f40-8b20-8d35b8b33ee8', 'SingleChoice', '["RepairingService"]', N'Nguyên nhân gây ra sự cố máy xay thịt không hoạt động?', 10),
('3ec9561d-e5a4-4683-a754-2eacbc2f1843', 'SingleChoice', '["RepairingService"]', N'Biện pháp an toàn nào cần thực hiện khi sửa chữa thiết bị điện ở nơi có nguy cơ cháy nổ cao?', 10),
('7cb0240f-1be6-4dd1-b7cd-a1e405eb6aa9', 'SingleChoice', '["RepairingService"]', N'Nguyên nhân gây ra sự cố máy ép trái cây không hoạt động?', 10),
('70623818-ed0b-4297-98b2-475b85c03683', 'SingleChoice', '["RepairingService"]', N'Công cụ nào được sử dụng để kiểm tra sự rò rỉ điện trong hệ thống điện?', 10),
('933d5776-fb6d-4546-aabf-fcfe088c53d2', 'SingleChoice', '["RepairingService"]', N'Nguyên nhân gây ra sự cố máy ép nước cam không hoạt động?', 10),
('64a09cf9-2793-455f-84fd-255da9cdea76', 'SingleChoice', '["RepairingService"]', N'Biện pháp an toàn nào cần thực hiện khi sửa chữa thiết bị điện ở nơi có nguy cơ bị điện giật cao?', 10),
('71282b17-bea9-463b-aff6-a1a994a34b39', 'SingleChoice', '["RepairingService"]', N'Nguyên nhân gây ra sự cố máy gia đình không khởi động được?', 10),
('d409ed01-f384-40bc-9434-3b9b42bd1e08', 'SingleChoice', '["RepairingService"]', N'Công cụ nào được sử dụng để phát hiện sự cố trong mạch điện?', 10),
('c089f812-9807-44ff-a5a1-9958b219a8e3', 'SingleChoice', '["RepairingService"]', N'Nguyên nhân gây ra sự cố máy pha cà phê không hoạt động?', 10),
('70a044e5-53ce-4aa2-bcac-9f0c280aa0ac', 'SingleChoice', '["RepairingService"]', N'Biện pháp an toàn nào cần thực hiện khi sửa chữa thiết bị điện ở nơi có nguy cơ bị điện giật cao?', 10),
('26c2ae08-fc8d-4a9a-a196-08336fcde55a', 'SingleChoice', '["RepairingService"]', N'Nguyên nhân gây ra sự cố máy đánh trứng không hoạt động?', 10),
('a69898ec-eda1-4459-ae3e-633014d21cd2', 'SingleChoice', '["RepairingService"]', N'Công cụ nào được sử dụng để kiểm tra sự rò rỉ điện trong hệ thống điện?', 10),
('7c705020-e5cb-40e6-8748-e51e2bdab8ea', 'SingleChoice', '["RepairingService"]', N'Nguyên nhân gây ra sự cố máy làm đá không hoạt động?', 10),
('d7f0d8b2-0bb4-4807-8b6d-18088dcfb1c4', 'SingleChoice', '["RepairingService"]', N'Biện pháp an toàn nào cần thực hiện khi sửa chữa thiết bị điện ở nơi có nguy cơ bị điện giật cao?', 10),
('79f401ac-4525-42f5-ae30-5341a433b082', 'SingleChoice', '["RepairingService"]', N'Nguyên nhân gây ra sự cố máy xay sinh tố không hoạt động?', 10),
('f54d6bcd-2ef5-4abb-9361-a60d6b507edd', 'SingleChoice', '["RepairingService"]', N'Công cụ nào được sử dụng để đo dòng điện xoay chiều?', 10),
('619e5e69-3457-41c2-a761-4cb1c2795e8d', 'SingleChoice', '["RepairingService"]', N'Nguyên nhân gây ra sự cố máy gia đình phát ra tiếng ồn lớn?', 10),
('15963ff3-585c-43a9-94f9-b37a37a80ee7', 'SingleChoice', '["RepairingService"]', N'Biện pháp an toàn nào cần thực hiện khi sửa chữa thiết bị điện ở nơi có nguy cơ giật điện cao?', 10),
('0faae59d-4afb-4ecf-b5bd-8b43f9d97fd9', 'SingleChoice', '["RepairingService"]', N'Nguyên nhân gây ra sự cố máy hút mùi không hoạt động?', 10),
('46da1864-0eee-46aa-8a4a-e6ae844c3d1d', 'SingleChoice', '["RepairingService"]', N'Công cụ nào được sử dụng để kiểm tra sự hoạt động của mạch điện?', 10),
('8eac8b63-f5b4-4346-a221-089dfc5782a6', 'SingleChoice', '["RepairingService"]', N'Nguyên nhân gây ra sự cố máy hút bụi không hoạt động?', 10),
('0c47e5e2-1d82-4f6b-9f2d-e54215c963f5', 'SingleChoice', '["RepairingService"]', N'Biện pháp an toàn nào cần thực hiện khi sửa chữa thiết bị điện ở nơi có nguy cơ cháy nổ cao?', 10),
('9fd7b229-3191-43db-b83e-f47e9bb8c759', 'SingleChoice', '["CleaningService"]', N'Dung dịch nào được sử dụng để làm sạch bề mặt bằng gỗ?', 10),
('91c72ff4-f062-458f-a134-bb0653949194', 'SingleChoice', '["CleaningService"]', N'Cách nào là tốt nhất để loại bỏ vết bẩn cứng đầu trên sàn nhà?', 10),
('affe7653-ac25-4e7b-ad8d-3ab7ff1e77b2', 'SingleChoice', '["CleaningService"]', N'Khi dọn dẹp phòng tắm, bạn nên lau chùi theo thứ tự nào?', 10),
('ccc32f4d-89ec-431f-bdff-d512e2be51c3', 'SingleChoice', '["CleaningService"]', N'Cách nào là hiệu quả nhất để làm sạch bếp từ?', 10),
('980b1d2d-804b-417a-bd58-bad022556648', 'SingleChoice', '["CleaningService"]', N'Khi làm sạch tủ lạnh, bạn nên thực hiện những bước nào?', 10),
('f8d1c035-6e46-46eb-8e88-d492d4a4e22f', 'SingleChoice', '["CleaningService"]', N'Cách nào là tốt nhất để làm sạch thảm trải sàn?', 10),
('c6951eed-a174-466f-bf9b-caad42219371', 'SingleChoice', '["CleaningService"]', N'Làm thế nào để làm sạch vết bẩn trên tường?', 10),
('2cb8dcf9-7542-4813-9e16-238143ff0414', 'SingleChoice', '["CleaningService"]', N'Cách nào là tốt nhất để làm sạch sàn gỗ?', 10),
('6bafd437-65f5-41b8-8499-e1c5073f2292', 'SingleChoice', '["CleaningService"]', N'Cách nào là hiệu quả nhất để làm sạch kính?', 10),
('4990c7b5-be19-46a9-882d-9c511ec9064f', 'SingleChoice', '["CleaningService"]', N'Làm thế nào để làm sạch bàn ghế bọc nỉ?', 10),
('20c9bad9-82ae-4a32-b679-62a9f55e5072', 'SingleChoice', '["CleaningService"]', N'Cách nào là tốt nhất để làm sạch lò vi sóng?', 10),
('3c5e8818-500f-478b-9a68-07c3fd10b80a', 'SingleChoice', '["CleaningService"]', N'Làm thế nào để làm sạch rèm cửa?', 10),
('8d8cfdb4-0d03-47d1-b782-a1939ef630e2', 'SingleChoice', '["CleaningService"]', N'Làm thế nào để làm sạch đồ dùng trong nhà bếp?', 10),
('c4b7debc-459f-43c6-bfc1-6fcd0193f94e', 'SingleChoice', '["CleaningService"]', N'Cách nào là hiệu quả nhất để làm sạch đồ gỗ?', 10),
('4495856c-3107-4ea2-ae36-996080450137', 'SingleChoice', '["CleaningService"]', N'Khi làm sạch khu vực xung quanh bồn rửa, bạn nên bắt đầu từ đâu?', 10),
('652ff952-b2f5-4bf4-b0b0-b38ab40345bf', 'SingleChoice', '["CleaningService"]', N'Cách nào là tốt nhất để làm sạch vết dầu mỡ trên bếp từ?', 10),
('cf461267-469c-4ac3-9cc7-5331dcb25cb8', 'SingleChoice', '["CleaningService"]', N'Làm thế nào để làm sạch đồ trang sức bằng bạc?', 10),
('ddfe89ef-a508-4b57-ba13-52e6deadaad4', 'SingleChoice', '["CleaningService"]', N'Tỷ lệ khuyến nghị giữa thuốc tẩy và nước để khử trùng bề mặt là gì?', 10),
('1ecb8ca6-1d51-434f-9333-3da95752460d', 'SingleChoice', '["CleaningService"]', N'Cách nào là hiệu quả nhất để làm sạch sàn gạch men?', 10),
('58a83728-a0cc-46ff-bb21-f2172f63e19b', 'SingleChoice', '["CleaningService"]', N'Cách nào là tốt nhất để làm sạch vết bẩn cứng đầu trên tường?', 10),
('beecf7fd-cff2-4af5-8518-8b156db315eb', 'SingleChoice', '["CleaningService"]', N'Cách nào là tốt nhất để làm sạch đồ trang sức bằng vàng?', 10),
('a5b9d869-f2b8-458d-b129-afd5baa79d5a', 'SingleChoice', '["CleaningService"]', N'Làm thế nào để làm sạch đồ gốm sứ?', 10),
('101ba5fb-9dc2-493d-a11c-2e372b92fe4a', 'SingleChoice', '["CleaningService"]', N'Cách nào là tốt nhất để làm sạch vết bẩn trên đệm giường?', 10),
('bf1d8012-9074-4c43-a20f-56f3206a6837', 'SingleChoice', '["CleaningService"]', N'Cách nào là hiệu quả nhất để làm sạch bồn tắm?', 10),
('55b1fc4a-7574-4b1f-9459-e9dc41366e67', 'SingleChoice', '["CleaningService"]', N'Cách nào là tốt nhất để làm sạch đồ bằng da?', 10),
('7db41214-a360-49ef-ac46-a64b59fd45b0', 'SingleChoice', '["CleaningService"]', N'Khi dọn dẹp phòng ngủ, bạn nên làm việc theo thứ tự nào?', 10),
('3298ba0e-0e86-44a4-abaa-45ceaa1f14a1', 'SingleChoice', '["CleaningService"]', N'Cách nào là hiệu quả nhất để làm sạch khu vực nhà bếp?', 10),
('77ac31b9-1331-4f2c-8f79-abcb188e63c1', 'SingleChoice', '["CleaningService"]', N'Làm thế nào để làm sạch đồ trang sức bằng đá quý?', 10),
('c325c4d7-5c45-4530-b0b9-b9789681ea00', 'SingleChoice', '["CleaningService"]', N'Cách nào là tốt nhất để làm sạch đồ trang sức bằng ngọc trai?', 10),
('d95f838e-f69f-4058-9e74-cb2287ff4488', 'SingleChoice', '["CleaningService"]', N'Cách nào là hiệu quả nhất để làm sạch vết bẩn trên thảm trải sàn?', 10),
('b72c5dbb-62a9-436f-919a-920b1f76d61e', 'SingleChoice', '["CleaningService"]', N'Cách nào là tốt nhất để làm sạch bồn vệ sinh?', 10),
('5397caa6-edcc-452a-bda6-537b8f0fdb36', 'SingleChoice', '["CleaningService"]', N'Cách nào là hiệu quả nhất để làm sạch đồ dùng bằng nhựa?', 10),
('306d8152-0a8e-48cd-922c-fc325fa02a39', 'SingleChoice', '["CleaningService"]', N'Khi dọn dẹp phòng khách, bạn nên bắt đầu từ đâu?', 10),
('bcbd9e39-aff1-4c6f-9734-30208979f45d', 'SingleChoice', '["CleaningService"]', N'Cách nào là tốt nhất để làm sạch đồ dùng bằng kim loại?', 10); 

INSERT INTO [FreelanceQuizAnswers] ([Id], [Answer], [IsCorrect], [QuestionId]) VALUES
('3f8ae926-01b2-4e13-a8a0-ef0326a4f9ba', '110V', 0, '6028a8a1-22af-4667-8302-fd9fae1a4ffb'),
('2eb3cfaa-93ca-4883-8dd1-aaa254ee2398', '220V', 1, '6028a8a1-22af-4667-8302-fd9fae1a4ffb'),
('ef9eec9a-cee1-4868-b914-096027b6927f', '380V', 0, '6028a8a1-22af-4667-8302-fd9fae1a4ffb'),
('53b6f977-5a81-43f7-b0dc-b847155c119c', '500V', 0, '6028a8a1-22af-4667-8302-fd9fae1a4ffb'),
('4bce76ed-b35c-4a0b-bc6a-535df6a5be53', N'Máy nén', 0, '28dd09fd-ad57-413f-bd73-4601c7bb4d6e'),
('049ff245-8dc3-4d70-9220-1c59650ddbdf', N'Quạt tản nhiệt', 0, '28dd09fd-ad57-413f-bd73-4601c7bb4d6e'),
('0f306c21-877d-47a5-a514-9ec3e305d764', 'Termostat', 1, '28dd09fd-ad57-413f-bd73-4601c7bb4d6e'),
('bf1d1d67-098a-489f-b6bb-fb18459d8fa2', N'Đồng hồ đo nhiệt độ', 0, '28dd09fd-ad57-413f-bd73-4601c7bb4d6e'),
('2bd2993b-86a6-442e-ba43-6f52065e3bfa', N'Ampe kế', 0, '3273ea83-b8af-464b-86c5-08792aeb2859'),
('e57f31e3-ef8d-43bc-9cb3-d06683eb8d52', N'Vôn kế', 0, '3273ea83-b8af-464b-86c5-08792aeb2859'),
('d79df28e-d2dd-488c-9c4a-37d14e530e77', N'Đồng hồ vạn năng', 1, '3273ea83-b8af-464b-86c5-08792aeb2859'),
('ba7d32fb-82fa-4358-9740-5eb85fe9ec72', N'Đồng hồ đo công suất', 0, '3273ea83-b8af-464b-86c5-08792aeb2859'),
('6b75c3e5-d4b0-43bc-ac57-406ec823ec58', N'Dập lửa bằng nước', 0, 'a1848484-fd8a-4a54-93dd-093584abb137'),
('7d570c4f-1bea-4757-a2f4-4fe69da19df6', N'Ngắt điện và sử dụng bình chữa cháy', 1, 'a1848484-fd8a-4a54-93dd-093584abb137'),
('24059b4a-a53e-42ac-bdd0-7b36b69b0f55', N'Tiếp tục sử dụng thiết bị', 0, 'a1848484-fd8a-4a54-93dd-093584abb137'),
('a1e25b51-27fc-4429-af03-85d1dea6f44e', N'Thổi để dập tắt lửa', 0, 'a1848484-fd8a-4a54-93dd-093584abb137'),
('0b11e889-868a-4c66-bccd-a9c1a9ff502c', N'Kìm', 0, '0361a02a-a19f-40cd-b3dc-5393adae67d3'),
('b81fa1e2-50dc-4991-8e57-3405c239cf0b', N'Tuốc nơ vít', 1, '0361a02a-a19f-40cd-b3dc-5393adae67d3'),
('478d4e42-c9f1-4761-9f9f-389945cb5f1d', N'Búa', 0, '0361a02a-a19f-40cd-b3dc-5393adae67d3'),
('a0e0e66f-1658-4eb9-961c-1a8333d1e79b', N'Kéo', 0, '0361a02a-a19f-40cd-b3dc-5393adae67d3'),
('076d2b6e-db9b-4740-890d-2d62f339cb8e', N'Mô tơ', 0, '48dfe682-0fab-4996-a672-d1b0e5135e8a'),
('aa6248c1-4b91-43bb-9d0f-6af645a2ea0c', N'Biến tần', 1, '48dfe682-0fab-4996-a672-d1b0e5135e8a'),
('8ed14f9b-00a7-4398-a564-e6e55897ba83', N'Bơm nước', 0, '48dfe682-0fab-4996-a672-d1b0e5135e8a'),
('c95c5744-9c5c-4be8-b396-5c01fcc135ec', N'Đồng hồ bấm giờ', 0, '48dfe682-0fab-4996-a672-d1b0e5135e8a'),
('5266151d-e37d-4ede-8ace-b6bc8f8af5f9', N'Túi chứa đầy bụi', 1, '0cfd11cf-fe36-409c-afe5-4f3c663f0900'),
('70b7faa5-3880-4fca-b080-651a8be9095b', N'Mô tơ bị quá tải', 0, '0cfd11cf-fe36-409c-afe5-4f3c663f0900'),
('5e50f46d-03fe-4826-a36f-e419311a7de7', N'Dây điện bị đứt', 0, '0cfd11cf-fe36-409c-afe5-4f3c663f0900'),
('0fa64d5e-fd7e-4fff-b8c8-0ed54209c7e1', N'Thiếu dầu bôi trơn', 0, '0cfd11cf-fe36-409c-afe5-4f3c663f0900'),
('64c6f2b9-cba4-4220-8562-659ab606ead3', N'Đồng hồ vạn năng', 0, '8f42092d-108c-48b2-91e9-5ad23676f634'),
('01ee1997-9f9e-4778-8582-ee22986b7065', N'Máy đo ESD', 0, '8f42092d-108c-48b2-91e9-5ad23676f634'),
('8ebb2bc4-2a0b-49a4-93cb-93e4a8673ec3', N'Máy kiểm tra liên tục', 1, '8f42092d-108c-48b2-91e9-5ad23676f634'),
('84b16c44-4ca6-470d-bde4-e52ec22d11a8', N'Ampe kế', 0, '8f42092d-108c-48b2-91e9-5ad23676f634'),
('5607a4d3-86a3-417d-a370-5f5f4520d624', N'Ngắt nguồn điện', 1, '0b0734d8-8133-48bf-89c1-b15be5ec4978'),
('c021e1c7-4d5a-47b2-8064-5e3aeb8b64b2', N'Mở nắp thiết bị', 0, '0b0734d8-8133-48bf-89c1-b15be5ec4978'),
('691a2d22-8816-4a8f-92b4-9be7757ffcb2', N'Kiểm tra bằng mắt thường', 0, '0b0734d8-8133-48bf-89c1-b15be5ec4978'),
('e1c95412-89b4-45fc-a9a5-d0f381ae9757', N'Căng dây điện', 0, '0b0734d8-8133-48bf-89c1-b15be5ec4978'),
('df2a592d-2b30-4b74-99c5-8d1830a77450', N'Quạt thông gió bị kẹt', 0, 'd1f449a7-e816-4c1b-a2c1-7eb600ace33f'),
('22924cd0-7e34-403f-977a-735b05650df6', N'Rơ le nhiệt độ bị hỏng', 1, 'd1f449a7-e816-4c1b-a2c1-7eb600ace33f'),
('d5536590-4d7c-4f0e-b61a-6caa2e4d2e99', N'Cửa không đóng kín', 0, 'd1f449a7-e816-4c1b-a2c1-7eb600ace33f'),
('d5473776-040b-4341-acab-b015d4986d0f', N'Dây giũ quần áo bị rơi ra', 0, 'd1f449a7-e816-4c1b-a2c1-7eb600ace33f'),
('e37c7291-aa71-4983-af33-29c06edbde0a', N'Ampe kế', 0, 'a76c2362-dc49-46a9-985c-ce324c3a485e'),
('e3e13062-4343-4c6d-ad86-d599bca3dba8', N'Vôn kế', 1, 'a76c2362-dc49-46a9-985c-ce324c3a485e'),
('ef65b2de-f9c8-44e7-bb54-f0be6f27064b', N'Máy đo ESD', 0, 'a76c2362-dc49-46a9-985c-ce324c3a485e'),
('4e6f95b7-fce1-4f66-9fda-82272aff70ca', N'Máy kiểm tra liên tục', 0, 'a76c2362-dc49-46a9-985c-ce324c3a485e'),
('a66d0fc4-1b23-41ce-b5e1-3f586a3a35d4', N'Sử dụng thang hoặc giàn giáo an toàn', 1, '4ce46104-602a-4a3e-9402-25ad4fea3dfb'),
('8724400f-e75b-4fb5-aa97-0bb53cc2f712', N'Đứng trên ghế', 0, '4ce46104-602a-4a3e-9402-25ad4fea3dfb'),
('59a75f2b-5c6f-47a8-951a-d59c6950dc10', N'Không cần biện pháp an toàn gì', 0, '4ce46104-602a-4a3e-9402-25ad4fea3dfb'),
('c7b129be-9738-41cc-a157-3cff41803755', N'Sử dụng dây an toàn', 0, '4ce46104-602a-4a3e-9402-25ad4fea3dfb'),
('d5658b07-06bb-4e8b-9492-5b6b1940ad85', N'Đĩa xoay bị kẹt', 0, '0ec8c8b4-ca0f-4f56-adf3-d13559fda9de'),
('da0306d4-c909-45ca-9b1f-6153507959ea', N'Cuộn từ bị hỏng', 1, '0ec8c8b4-ca0f-4f56-adf3-d13559fda9de'),
('eb8998ec-6fc0-4421-b0f3-430559d91669', N'Đèn chiếu sáng bị hỏng', 0, '0ec8c8b4-ca0f-4f56-adf3-d13559fda9de'),
('8f86be34-dbcc-46b7-87d0-b4d8ef0d0c85', N'Núm điều khiển bị gãy', 0, '0ec8c8b4-ca0f-4f56-adf3-d13559fda9de'),
('13275206-1761-48ce-9943-2612fc049aa5', N'Ampe kế', 1, '3a68184a-d230-4883-8192-fe53161b7a2b'),
('e759572f-f215-4d3b-a0b1-a6e5a6b502f3', N'Vôn kế', 0, '3a68184a-d230-4883-8192-fe53161b7a2b'),
('ed0fe9ab-de4d-4493-a9f3-c633c46a1d44', N'Đồng hồ vạn năng', 0, '3a68184a-d230-4883-8192-fe53161b7a2b'),
('7e749387-a305-4ee3-b05d-597356916583', N'Máy đo ESD', 0, '3a68184a-d230-4883-8192-fe53161b7a2b'),
('6ff3f6b2-b53c-4413-9ea7-89c36f0fa3db', N'Lỏng ốc vít', 0, '8a8fd27e-c686-48be-9285-a89a3f779943'),
('ec2cc55e-30f9-47b6-91fc-7d6b1b6c02c4', N'Quạt tản nhiệt bị hỏng', 0, '8a8fd27e-c686-48be-9285-a89a3f779943'),
('9cbde8d9-1d41-4ffa-a367-60969a986268', N'Gỉ sét hoặc rung động', 1, '8a8fd27e-c686-48be-9285-a89a3f779943'),
('893af35e-8e93-4ee2-b9e4-cb49ec016a10', N'Dây điện bị đứt', 0, '8a8fd27e-c686-48be-9285-a89a3f779943'),
('ad9a23f6-7ed6-4f2f-8b53-17c3305907f2', N'Ampe kế', 0, 'fd0fbc73-2a07-45b7-964c-0bbfb1aab750'),
('1fd5aaab-c57f-4f67-89e8-f3a53b33735a', N'Vôn kế', 0, 'fd0fbc73-2a07-45b7-964c-0bbfb1aab750'),
('4a7ad089-b55e-4e1c-8f22-806281595d2c', N'Đồng hồ vạn năng', 0, 'fd0fbc73-2a07-45b7-964c-0bbfb1aab750'),
('b7768f62-b58b-4515-abb2-4bc3d49768cd', N'Máy kiểm tra liên tục', 1, 'fd0fbc73-2a07-45b7-964c-0bbfb1aab750'),
('62215d20-148d-4e0b-8ea6-e038893613fe', N'Lưỡi dao bị mòn', 0, 'adbb530b-c0c4-4107-88dd-042c73ed7a0e'),
('b9d173d2-5aa4-4490-ac16-a411a342608d', N'Núm điều khiển bị gãy', 0, 'adbb530b-c0c4-4107-88dd-042c73ed7a0e'),
('e2df9649-3899-479c-be4e-84817b72c7a6', N'Rơ le bảo vệ quá tải', 1, 'adbb530b-c0c4-4107-88dd-042c73ed7a0e'),
('03b5cd88-f673-4346-b808-3a9db2fb25c1', N'Chậu đựng nước bị rò rỉ', 0, 'adbb530b-c0c4-4107-88dd-042c73ed7a0e'),
('cca778cd-3cbe-4198-a864-0247142fb59a', N'Đảm bảo thông gió tốt', 1, 'e9817f69-54f2-4e05-b59d-439eba8951db'),
('2713bffb-4c0d-40b7-8aa4-c2a0a37546a7', N'Làm việc trong bóng tối', 0, 'e9817f69-54f2-4e05-b59d-439eba8951db'),
('723501a2-2a10-425c-ae27-ddd760d922bb', N'Không cần biện pháp an toàn gì', 0, 'e9817f69-54f2-4e05-b59d-439eba8951db'),
('5500b3df-e0df-432c-868b-c8c6e9dd5405', N'Sử dụng dụng cụ cầm tay', 0, 'e9817f69-54f2-4e05-b59d-439eba8951db'),
('75b46a80-f208-42a3-8d6d-a097a82c145d', N'Cân bằng quạt bị mất', 0, '069ca41f-0c73-4645-a319-b3dde7792b4b'),
('d73ce8f7-28ef-4e01-abbd-35ef5196c36c', N'Cuộn dây động cơ bị đoản mạch', 1, '069ca41f-0c73-4645-a319-b3dde7792b4b'),
('082128f2-42b1-4fff-aa4e-3becbe300896', N'Lưỡi quạt bị gãy', 0, '069ca41f-0c73-4645-a319-b3dde7792b4b'),
('f52d2e98-9f25-4ecc-b07e-3d9e4eb56904', N'Núm điều khiển bị gãy', 0, '069ca41f-0c73-4645-a319-b3dde7792b4b'),
('81e5015c-08ff-43fa-8373-295a010d2355', N'Ampe kế', 0, 'afd35c62-740d-48f0-8e8b-17f7ed459dd7'),
('9a851c26-bc1b-4490-bda0-9837e0065d96', N'Vôn kế xoay chiều', 1, 'afd35c62-740d-48f0-8e8b-17f7ed459dd7'),
('8ae9096e-2e53-47af-8f98-d169f52d56e5', N'Máy kiểm tra liên tục', 0, 'afd35c62-740d-48f0-8e8b-17f7ed459dd7'),
('372c5696-fd61-42ec-80f6-e3242c3ba6c9', N'Đồng hồ vạn năng', 0, 'afd35c62-740d-48f0-8e8b-17f7ed459dd7'),
('14a71ee5-a738-4b75-821f-150943c0e5ee', N'Đế bàn ủi bị gỉ', 0, '25374d1d-69ec-4e48-8838-f39ff7254de1'),
('fb094ad4-5265-43a2-a88f-83871fec6cad', N'Núm điều khiển hơi nước bị kẹt', 0, '25374d1d-69ec-4e48-8838-f39ff7254de1'),
('c5df59b5-8c2d-4a1e-976c-a9a1bb04cb25', N'Vấn đề với bơm nước', 1, '25374d1d-69ec-4e48-8838-f39ff7254de1'),
('57239c80-8c0b-4f85-86ea-5f25d6b9bf92', N'Dây điện bị đứt', 0, '25374d1d-69ec-4e48-8838-f39ff7254de1'),
('5905507d-03db-4197-9398-8ddd00fbe5e0', N'Sử dụng dụng cụ cách điện', 1, '5a8c47db-962b-4476-90be-8fafac05e628'),
('6c6f556a-28c9-4239-9bf6-44fca326efc8', N'Làm việc chân trần', 0, '5a8c47db-962b-4476-90be-8fafac05e628'),
('e91514af-8134-4931-a3d1-7ab73fd1b62d', N'Không cần biện pháp an toàn gì', 0, '5a8c47db-962b-4476-90be-8fafac05e628'),
('81c41e53-caf5-4cbe-aa8c-328010aa2c06', N'Sử dụng dụng cụ bằng kim loại', 0, '5a8c47db-962b-4476-90be-8fafac05e628'),
('544ea577-e07d-4527-8776-e962e6754ffe', N'Nhiệt độ không đủ cao', 1, 'a2411dd7-841f-4db4-9058-9d939d395b2e'),
('c3904e76-1240-4678-8d4a-233f44457b80', N'Quạt thổi gió bị hỏng', 0, 'a2411dd7-841f-4db4-9058-9d939d395b2e'),
('0641bea2-ace4-44f1-80a7-d9d6d686f7e3', N'Rơ le nhiệt độ bị hỏng', 0, 'a2411dd7-841f-4db4-9058-9d939d395b2e'),
('517697e3-cc61-4914-9f0d-06899d1dcd67', N'Núm điều khiển bị gãy', 0, 'a2411dd7-841f-4db4-9058-9d939d395b2e'),
('2cad6ffd-c54d-49ea-9947-854b9787e56a', N'Ampe kế', 0, '4194653a-84c9-4eac-8757-c7f8b6e83b58'),
('6de76a9c-6a4e-42cf-86b2-38667668104b', N'Vôn kế', 0, '4194653a-84c9-4eac-8757-c7f8b6e83b58'),
('48fb1b91-5470-4e63-9c77-788d471d7604', N'Đồng hồ vạn năng', 0, '4194653a-84c9-4eac-8757-c7f8b6e83b58'),
('280da3ca-dfab-4ab5-8735-8c218f614391', N'Watt kế', 1, '4194653a-84c9-4eac-8757-c7f8b6e83b58'),
('7a6dd96f-8044-4f1f-a605-6552f16b149e', N'Quạt hút bị kẹt', 0, 'd5a2935e-210f-414f-98d0-6c0a470e2e23'),
('8b4c3ee6-781b-4ed9-9f5e-1438c10581da', N'Tắc nghẽn ống khói', 1, 'd5a2935e-210f-414f-98d0-6c0a470e2e23'),
('646e6566-457a-4e44-9d8e-c74fdce6afba', N'Núm điều khiển bị gãy', 0, 'd5a2935e-210f-414f-98d0-6c0a470e2e23'),
('4674ef9e-e146-4470-bd0a-4e490e2ffdc9', N'Dây điện bị đứt', 0, 'd5a2935e-210f-414f-98d0-6c0a470e2e23'),
('9544757b-3e68-4378-92bd-e4ade42d3bf4', N'Ampe kế', 0, '6fe24507-de82-4bf1-9e8c-195b633c8418'),
('97588901-2c4d-48b6-ba4b-cc977e78de07', N'Máy dò rò rỉ điện', 1, '6fe24507-de82-4bf1-9e8c-195b633c8418'),
('b2e3cc4e-6232-44d5-aa5d-ea5804d1bac2', N'Vôn kế', 0, '6fe24507-de82-4bf1-9e8c-195b633c8418'),
('75080391-4449-419b-89ac-6f40fcb4751d', N'Máy kiểm tra liên tục', 0, '6fe24507-de82-4bf1-9e8c-195b633c8418'),
('c7ad6390-e58b-408a-9d36-d23d9ba4beb5', N'Bóng đèn bị cháy', 1, '88612459-24b9-4a2c-b93d-6c2ee48d09cf'),
('fe051f02-ada7-4a58-825b-8b7690209c7c', N'Rơ le bảo vệ quá tải', 0, '88612459-24b9-4a2c-b93d-6c2ee48d09cf'),
('f9d7fe99-7d06-4b31-863f-1dbcc184ce93', N'Quạt làm mát bị hỏng', 0, '88612459-24b9-4a2c-b93d-6c2ee48d09cf'),
('7f68f031-c7e5-4da8-9e07-c7dc02a7fc67', N'Dây điện bị đứt', 0, '88612459-24b9-4a2c-b93d-6c2ee48d09cf'),
('a93833db-2662-43e6-a429-c33937320bb9', N'Sử dụng đèn pin hoặc đèn chiếu sáng', 1, '38caec51-bb7b-4786-b60c-63ff3067077a'),
('e1e049df-0d28-44f1-8eb1-4dd426afddf3', N'Làm việc trong bóng tối', 0, '38caec51-bb7b-4786-b60c-63ff3067077a'),
('5308c79a-b689-49d8-9e54-09c6fcbfa77b', N'Không cần biện pháp an toàn gì', 0, '38caec51-bb7b-4786-b60c-63ff3067077a'),
('42ca4cf7-9737-47a4-acca-17c3f408b44e', N'Sử dụng dụng cụ cầm tay', 0, '38caec51-bb7b-4786-b60c-63ff3067077a'),
('11362a95-5969-426f-ad3e-90985daeca00', N'Bơm nước bị kẹt', 0, '53b9d890-2788-4206-a071-6003af54b122'),
('45ee301e-d81f-4b8f-9331-d6eb55b5e627', N'Tắc nghẽn ống xả', 1, '53b9d890-2788-4206-a071-6003af54b122'),
('232ae1c6-6362-4108-8694-3c8a1f632f02', N'Núm điều khiển bị gãy', 0, '53b9d890-2788-4206-a071-6003af54b122'),
('9109ca2f-b886-4044-929e-a317803cd31c', N'Dây giũ chén bát bị rơi ra', 0, '53b9d890-2788-4206-a071-6003af54b122'),
('59f64f31-0077-4456-879c-3ca7a4a23446', N'Ampe kế', 0, 'b626af90-e5eb-4af8-943a-5aafe3c15c7c'),
('1663bab2-8ab3-4768-bde1-c3fd7cfa3e04', N'Vôn kế', 0, 'b626af90-e5eb-4af8-943a-5aafe3c15c7c'),
('eb7747a3-734b-425b-8cae-2a75c3e91ffa', N'Máy kiểm tra liên tục', 1, 'b626af90-e5eb-4af8-943a-5aafe3c15c7c'),
('714f5b0d-423c-4100-a7de-bd1322b6a7a0', N'Watt kế', 0, 'b626af90-e5eb-4af8-943a-5aafe3c15c7c'),
('97ad8bd2-3fbf-4658-bb0c-8da7ee9ddcec', N'Lưỡi dao bị mòn', 0, '84cd768c-e348-4a8f-a3b5-e8996e2a08f3'),
('f42af39c-850d-4c06-a9f3-bbf4fcaffa0e', N'Mô tơ bị quá tải', 1, '84cd768c-e348-4a8f-a3b5-e8996e2a08f3'),
('a4fdcd41-4e93-4b7d-b4f3-63a021ff166d', N'Núm điều khiển bị gãy', 0, '84cd768c-e348-4a8f-a3b5-e8996e2a08f3'),
('c988b8fe-4b4d-4287-9fd0-2c0166d23007', N'Dây điện bị đứt', 0, '84cd768c-e348-4a8f-a3b5-e8996e2a08f3'),
('8a24cd8e-90af-4ed1-8bd7-d91e2cddf0ce', N'Sử dụng khẩu trang và kính bảo hộ', 1, 'ea47e926-bc3a-45de-bc44-99de137d4a63'),
('3ca612e5-0cb5-413a-97d8-05dee7574d76', N'Làm việc trong môi trường bụi bẩn', 0, 'ea47e926-bc3a-45de-bc44-99de137d4a63'),
('68061576-b1ed-421f-b927-da78c47a78d1', N'Không cần biện pháp an toàn gì', 0, 'ea47e926-bc3a-45de-bc44-99de137d4a63'),
('08bac2c4-1517-42a0-8f71-1c15bf3f31b4', N'Sử dụng dụng cụ cầm tay', 0, 'ea47e926-bc3a-45de-bc44-99de137d4a63'),
('427009bd-555a-42af-b23d-961d0032f997', N'Quạt hút bị kẹt', 0, '222eb5b3-5119-4cee-a954-cb02f04b9d14'),
('1409672b-7d3c-4613-bfaa-71492ee9f140', N'Tắc nghẽn ống khói', 1, '222eb5b3-5119-4cee-a954-cb02f04b9d14'),
('b9d4ccb3-8820-4259-b011-770126da1eaf', N'Núm điều khiển bị gãy', 0, '222eb5b3-5119-4cee-a954-cb02f04b9d14'),
('996877b5-d5ca-409f-ac09-0244a82ecfb8', N'Dây điện bị đứt', 0, '222eb5b3-5119-4cee-a954-cb02f04b9d14'),
('75cc8b9b-0a2e-4a75-94e3-7bd3ecc77f09', N'Ampe kế', 0, '233199c8-4590-4a02-a77d-b3a1cc4ab9ba'),
('71a54f52-8915-470d-b29a-3793d1d3a1a8', N'Vôn kế', 0, '233199c8-4590-4a02-a77d-b3a1cc4ab9ba'),
('b594428f-7a43-4034-843a-dfdb006f24c8', N'Đồng hồ vạn năng', 1, '233199c8-4590-4a02-a77d-b3a1cc4ab9ba'),
('4a9d224c-ca2e-4bc4-a8cd-5da534a69854', N'Watt kế', 0, '233199c8-4590-4a02-a77d-b3a1cc4ab9ba'),
('899998ae-5901-429a-b3d0-cdf05243f4f2', N'Nhiệt độ quá cao', 0, '09dbbdd8-da5b-4114-bd9f-0304b11e3881'),
('2cc2c088-4775-4f20-bcfa-83fa3c597f3e', N'Mô tơ bị quá tải', 1, '09dbbdd8-da5b-4114-bd9f-0304b11e3881'),
('341d62db-b0c1-4358-8396-c6d9828a661e', N'Núm điều khiển bị gãy', 0, '09dbbdd8-da5b-4114-bd9f-0304b11e3881'),
('5cbe0014-4a8e-4b4c-87e0-a43fa65a1424', N'Dây điện bị đứt', 0, '09dbbdd8-da5b-4114-bd9f-0304b11e3881'),
('328dfc79-32c2-41f9-9378-2df3871e43ee', N'Sử dụng dụng cụ cách điện', 1, 'db173e6f-ac36-43c3-b750-36e73dffd514'),
('f6fbfb95-91ea-4525-b552-063910a5621c', N'Làm việc trong môi trường ẩm ướt', 0, 'db173e6f-ac36-43c3-b750-36e73dffd514'),
('09ca92d6-baca-4d13-936f-f96bf9d2fcb5', N'Không cần biện pháp an toàn gì', 0, 'db173e6f-ac36-43c3-b750-36e73dffd514'),
('8217c667-6ed5-4dda-8c63-45a69e730564', N'Sử dụng dụng cụ bằng kim loại', 0, 'db173e6f-ac36-43c3-b750-36e73dffd514'),
('0ace8795-7054-4d3b-a400-dceec89d42da', N'Lưỡi dao bị mòn', 0, '6c88d6da-5a21-42a8-b947-0a885b68f370'),
('8e7bea6a-0e26-46b9-89e1-6b44c31c4703', N'Rơ le bảo vệ quá tải', 1, '6c88d6da-5a21-42a8-b947-0a885b68f370'),
('ea252f04-b372-40c8-b2e0-d94442c117e1', N'Núm điều khiển bị gãy', 0, '6c88d6da-5a21-42a8-b947-0a885b68f370'),
('d90d30d4-9df4-4568-b290-978799d5b6ce', N'Dây điện bị đứt', 0, '6c88d6da-5a21-42a8-b947-0a885b68f370'),
('518ba488-b532-484d-acc7-624c5243178b', N'Ampe kế', 0, 'ccf5f549-31c9-4c23-8993-c9003b8bdc14'),
('e11ff353-0a8e-42f4-a21e-bc34bd9eed1b', N'Vôn kế xoay chiều', 1, 'ccf5f549-31c9-4c23-8993-c9003b8bdc14'),
('2336735d-96cb-41e3-ac3f-51314cddc0b2', N'Đồng hồ vạn năng', 0, 'ccf5f549-31c9-4c23-8993-c9003b8bdc14'),
('831da4bc-5e76-48de-91ae-10e26e4a89c2', N'Máy kiểm tra liên tục', 0, 'ccf5f549-31c9-4c23-8993-c9003b8bdc14'),
('431c34a3-bc5e-4934-b457-6071eab1c32e', N'Quạt tản nhiệt bị kẹt', 0, '64ea43d8-da2c-4eed-92e9-991489b5ba65'),
('b627d2e8-8220-40f0-9551-e7d56583d4d9', N'Mô tơ bị quá tải', 0, '64ea43d8-da2c-4eed-92e9-991489b5ba65'),
('69d478d3-c76e-470b-9963-cac7ddd6c5d0', N'Rơ le nhiệt độ bị hỏng', 1, '64ea43d8-da2c-4eed-92e9-991489b5ba65'),
('5fb09939-d4fc-4572-8cb6-be3ea4e4b128', N'Dây điện bị đứt', 0, '64ea43d8-da2c-4eed-92e9-991489b5ba65'),
('b70549e6-3b3e-4ac6-9fc9-73996ca20fff', N'Sử dụng găng tay cách điện', 1, '7792f3f1-9f80-47fd-acd6-b6cf3bcc24ce'),
('782305d0-9ca4-442c-8685-bb774655c397', N'Làm việc trong môi trường ẩm ướt', 0, '7792f3f1-9f80-47fd-acd6-b6cf3bcc24ce'),
('c4541819-177d-4411-a84a-616057382faf', N'Không cần biện pháp an toàn gì', 0, '7792f3f1-9f80-47fd-acd6-b6cf3bcc24ce'),
('a0f55bdc-3a3a-43f6-9ec8-3875543a2903', N'Sử dụng dụng cụ bằng kim loại', 0, '7792f3f1-9f80-47fd-acd6-b6cf3bcc24ce'),
('1d54e9bb-c622-45d8-856f-a0acb67954ad', N'Bình chứa nước bị rò rỉ', 0, '995a6802-f41a-457d-90aa-bce7b2db82c6'),
('a30c5e0f-03bc-42ef-878a-427a14e5d79c', N'Rơ le bảo vệ quá tải', 1, '995a6802-f41a-457d-90aa-bce7b2db82c6'),
('a97bd813-38ff-4e17-a3f4-b69361ebee91', N'Núm điều khiển bị gãy', 0, '995a6802-f41a-457d-90aa-bce7b2db82c6'),
('cee28488-dae0-42b7-9deb-a7b6e9ba6280', N'Dây điện bị đứt', 0, '995a6802-f41a-457d-90aa-bce7b2db82c6'),
('ca3cc141-d123-4178-9c31-427b52857c0a', N'Ampe kế', 0, 'a7d46617-ea08-4b3f-b06c-510b186512e3'),
('ba3e9705-1b04-46b4-b445-84e4986262dc', N'Vôn kế một chiều', 1, 'a7d46617-ea08-4b3f-b06c-510b186512e3'),
('5cf0c663-3334-4077-ac1a-ae5685648f64', N'Máy kiểm tra liên tục', 0, 'a7d46617-ea08-4b3f-b06c-510b186512e3'),
('c20499b1-4ac9-4734-be5f-3c7d2c1e52fe', N'Watt kế', 0, 'a7d46617-ea08-4b3f-b06c-510b186512e3'),
('129fc49a-9043-469d-9979-a73a8427c67b', N'Khay đựng bánh bị kẹt', 0, 'fd04572f-889e-4f52-862d-a1bf6c012273'),
('20fc0370-1e8f-4fc5-a272-3c9fb0cef41d', N'Rơ le nhiệt độ bị hỏng', 1, 'fd04572f-889e-4f52-862d-a1bf6c012273'),
('3b46398f-645e-4296-aba8-0a19137bd76b', N'Núm điều khiển bị gãy', 0, 'fd04572f-889e-4f52-862d-a1bf6c012273'),
('5a2649b7-95be-4de5-ae89-ea560c0b8e3c', N'Dây điện bị đứt', 0, 'fd04572f-889e-4f52-862d-a1bf6c012273'),
('94121a5d-a9e6-45d9-a81e-d326a726fbf2', N'Sử dụng dụng cụ chống tia lửa', 1, '1bff24a3-5478-4ebd-b0bc-8105927cd8de'),
('7ebf7777-e1bc-4b86-9108-8852bf08216d', N'Làm việc trong môi trường khói bụi', 0, '1bff24a3-5478-4ebd-b0bc-8105927cd8de'),
('fd9d6fb6-a20e-40b4-9ef7-8179ce9ed150', N'Không cần biện pháp an toàn gì', 0, '1bff24a3-5478-4ebd-b0bc-8105927cd8de'),
('cfe8a79e-8ddc-4b8b-a865-77bb733ece27', N'Sử dụng dụng cụ bằng kim loại', 0, '1bff24a3-5478-4ebd-b0bc-8105927cd8de'),
('326bdd7f-8beb-432e-a3b3-4c77fbbb8a5f', N'Lưỡi trộn bị kẹt', 0, '0de0e558-789a-4785-b918-137866909417'),
('dee0a4cf-5fba-4b91-b220-44eaf89b8f45', N'Rơ le bảo vệ quá tải', 1, '0de0e558-789a-4785-b918-137866909417'),
('840dd055-f123-45a2-a975-395575cd4d3d', N'Núm điều khiển bị gãy', 0, '0de0e558-789a-4785-b918-137866909417'),
('b254d618-b5e6-4b84-a89c-4a51e40ff190', N'Dây điện bị đứt', 0, '0de0e558-789a-4785-b918-137866909417'),
('8529092f-7760-4afa-ace7-9297c238210f', N'Ampe kế', 0, 'fba2e5e3-d7de-48b2-93cd-cc221a052f79'),
('278d8273-b8b6-4ca3-9387-7d7630202004', N'Vôn kế', 0, 'fba2e5e3-d7de-48b2-93cd-cc221a052f79'),
('bc0324ec-77c2-4802-b740-68df554ea1b8', N'Máy kiểm tra liên tục', 1, 'fba2e5e3-d7de-48b2-93cd-cc221a052f79'),
('2a1bf4e4-f815-4faa-945c-ec997e10f0e0', N'Watt kế', 0, 'fba2e5e3-d7de-48b2-93cd-cc221a052f79'),
('d1478ffe-d102-46f9-9a5b-211088437c2c', N'Quạt hút bị kẹt', 0, '02376c71-f10d-4479-8310-981d8f95c42d'),
('2c59dedc-95c7-4a76-b458-147749fad7d3', N'Tắc nghẽn ống khói', 1, '02376c71-f10d-4479-8310-981d8f95c42d'),
('eaacb532-6699-4b0e-8af7-02d7501c81b6', N'Núm điều khiển bị gãy', 0, '02376c71-f10d-4479-8310-981d8f95c42d'),
('08a71500-92a2-409f-a58c-df1c9ff4e80b', N'Dây điện bị đứt', 0, '02376c71-f10d-4479-8310-981d8f95c42d'),
('4f8b1bab-28b7-4653-9686-519e3c85ab87', N'Sử dụng giày cách điện', 1, '4394b698-fedd-4661-aba5-e0f5da67357d'),
('84fc15ec-a0cc-4017-9e45-d0de6a7c3361', N'Làm việc trên sàn ướt', 0, '4394b698-fedd-4661-aba5-e0f5da67357d'),
('f6620fca-edeb-4605-8777-8be43df063cf', N'Không cần biện pháp an toàn gì', 0, '4394b698-fedd-4661-aba5-e0f5da67357d'),
('40064c3c-0846-459b-b699-8b9c94f4df12', N'Sử dụng dụng cụ bằng kim loại', 0, '4394b698-fedd-4661-aba5-e0f5da67357d'),
('e6bc17c7-c8d5-44d5-b35b-da4401821c48', N'Bàn chải bị mòn', 0, 'a3fa5a42-0012-4bdc-8654-0e4ed071bc22'),
('b5922ec7-671b-459c-b740-45a51313c891', N'Mô tơ bị quá tải', 1, 'a3fa5a42-0012-4bdc-8654-0e4ed071bc22'),
('125cb346-0bd9-4107-a5f2-036dde3fe150', N'Núm điều khiển bị gãy', 0, 'a3fa5a42-0012-4bdc-8654-0e4ed071bc22'),
('5c195016-b1ad-4144-99f6-fde20cc9c905', N'Dây điện bị đứt', 0, 'a3fa5a42-0012-4bdc-8654-0e4ed071bc22'),
('a1541bc7-c530-4fb7-bc5e-e113ad7321fe', N'Ampe kế', 0, '1997f7f0-f617-42c9-9abd-aef6e8ddfed5'),
('97990a78-9a6a-40c7-9102-7e16652aea32', N'Vôn kế', 0, '1997f7f0-f617-42c9-9abd-aef6e8ddfed5'),
('5ab419a2-e751-4acb-bf3f-7dbbc258f8a9', N'Máy kiểm tra liên tục', 0, '1997f7f0-f617-42c9-9abd-aef6e8ddfed5'),
('6faf0add-a4f4-427c-97f1-01bf6a51858f', N'Máy dò sự cố mạch điện', 1, '1997f7f0-f617-42c9-9abd-aef6e8ddfed5'),
('0149d163-749a-469b-8f76-9a9f6648e39d', N'Que đánh trứng bị kẹt', 0, '2eadb3ff-a178-4a3e-b782-cf661410e270'),
('f5037c58-1c5b-4902-a310-16f72b41e311', N'Rơ le bảo vệ quá tải', 1, '2eadb3ff-a178-4a3e-b782-cf661410e270'),
('e8acbb19-8158-44a2-9196-501897ead894', N'Núm điều khiển bị gãy', 0, '2eadb3ff-a178-4a3e-b782-cf661410e270'),
('9ab03629-525c-44c3-b094-ef8a03d2e5d7', N'Dây điện bị đứt', 0, '2eadb3ff-a178-4a3e-b782-cf661410e270'),
('4e02066a-2f66-489c-94ec-af86cfd24314', N'Sử dụng khay cách điện', 1, '0936e03b-cf4a-4ca9-8197-1c8a2384ce26'),
('e7a9df4e-99e8-4f0c-aa71-5e4ce529326d', N'Làm việc trên sàn lát gạch men', 0, '0936e03b-cf4a-4ca9-8197-1c8a2384ce26'),
('ae4b736e-c6dc-4343-8a1c-b4fcd7bd54c7', N'Không cần biện pháp an toàn gì', 0, '0936e03b-cf4a-4ca9-8197-1c8a2384ce26'),
('a62d2d1a-0b58-4105-bfd2-5c160cf6088a', N'Sử dụng dụng cụ bằng kim loại', 0, '0936e03b-cf4a-4ca9-8197-1c8a2384ce26'),
('0e3b66ea-7f9e-4052-a13f-4c89dc8adc31', N'Quạt hút bị kẹt', 0, 'cb24f746-cbb4-49de-a9dc-ef61c7383c19'),
('8f852f01-2f68-47de-967a-50a30f07d57d', N'Túi chứa đầy bụi', 1, 'cb24f746-cbb4-49de-a9dc-ef61c7383c19'),
('ad60914f-41ae-4753-a639-6b5198c7d1e7', N'Núm điều khiển bị gãy', 0, 'cb24f746-cbb4-49de-a9dc-ef61c7383c19'),
('8911bbbe-72be-4594-8b86-2f3941ee88cf', N'Dây điện bị đứt', 0, 'cb24f746-cbb4-49de-a9dc-ef61c7383c19'),
('ca6f8f22-bd52-49cd-ae2e-15a285ea1905', N'Ampe kế', 0, '8e086e7c-dd9b-4a58-a644-feb7a7424432'),
('acd28b23-bf02-4f28-98b1-37d1b7630112', N'Vôn kế', 0, '8e086e7c-dd9b-4a58-a644-feb7a7424432'),
('0d59eb5c-2c18-4cb9-9075-c13781e09d63', N'Máy kiểm tra liên tục', 0, '8e086e7c-dd9b-4a58-a644-feb7a7424432'),
('23365d39-752b-4ca8-9acc-1ca436be90a0', N'Máy dò rò rỉ điện', 1, '8e086e7c-dd9b-4a58-a644-feb7a7424432'),
('75fc2b16-f2a0-482b-aca5-9b714ab9392f', N'Cân bằng ly bị mất', 0, 'c2dce61f-ea4b-4c67-a985-bf62292e89d0'),
('dd9ec0fc-22fb-4cd2-8016-d2539fe89ee7', N'Rơ le bảo vệ quá tải', 1, 'c2dce61f-ea4b-4c67-a985-bf62292e89d0'),
('db181327-ebcd-4f48-88ed-b8c3d3868097', N'Núm điều khiển bị gãy', 0, 'c2dce61f-ea4b-4c67-a985-bf62292e89d0'),
('45f31bad-ebf4-4a8c-bf16-e0bc45bb7851', N'Dây điện bị đứt', 0, 'c2dce61f-ea4b-4c67-a985-bf62292e89d0'),
('a00b3510-4551-4947-8164-d0353e5e1fae', N'Sử dụng dụng cụ chống tia lửa', 1, '8fccc1ba-8d90-4f44-bffc-8374a7048472'),
('b4bf8afa-8b01-4068-b0f4-6ba9a6823617', N'Làm việc trong không gian hẹp', 0, '8fccc1ba-8d90-4f44-bffc-8374a7048472'),
('98b71e5d-6d41-4ad8-ab75-bac63db098ea', N'Không cần biện pháp an toàn gì', 0, '8fccc1ba-8d90-4f44-bffc-8374a7048472'),
('96c77eb5-7170-4921-a02f-0e0d5e91b120', N'Sử dụng dụng cụ bằng kim loại', 0, '8fccc1ba-8d90-4f44-bffc-8374a7048472'),
('8cf099b4-4dda-4f45-803d-773b71f6985c', N'Quạt thông gió bị kẹt', 0, '7b54f55f-47f7-48bc-9add-d5935ee38cf5'),
('875fa670-531b-4fb8-a82f-41122e5cf049', N'Rơ le nhiệt độ bị hỏng', 1, '7b54f55f-47f7-48bc-9add-d5935ee38cf5'),
('765ea438-094b-4c21-bd9c-aff680d9d42b', N'Cửa không đóng kín', 0, '7b54f55f-47f7-48bc-9add-d5935ee38cf5'),
('f3cf3951-09fe-4862-bc95-55ff3f830c59', N'Dây giũ quần áo bị rơi ra', 0, '7b54f55f-47f7-48bc-9add-d5935ee38cf5'),
('0f2d90af-1e23-4c3a-af44-9c1e6b925ffe', N'Ampe kế', 0, 'ca819539-1f2a-4ab3-a648-000b662da030'),
('9ef12888-27fd-4dc3-9677-05c4ac6c21c7', N'Vôn kế', 0, 'ca819539-1f2a-4ab3-a648-000b662da030'),
('3b737ff2-a03c-4e08-8c57-45d6f40bda2b', N'Máy kiểm tra liên tục', 0, 'ca819539-1f2a-4ab3-a648-000b662da030'),
('0859ec5c-6086-42cf-a92a-75f1476b8d4a', N'Máy kiểm tra mạch', 1, 'ca819539-1f2a-4ab3-a648-000b662da030'),
('650213b6-d3b1-4987-9dad-2c52f99a8182', N'Lưỡi dao bị mòn', 0, 'c92ef72a-8fd3-4f40-8b20-8d35b8b33ee8'),
('0bc12443-70b6-4734-b768-974c10cd3c87', N'Mô tơ bị quá tải', 1, 'c92ef72a-8fd3-4f40-8b20-8d35b8b33ee8'),
('2dc69885-5ebb-45a2-828f-8601a1d058ea', N'Núm điều khiển bị gãy', 0, 'c92ef72a-8fd3-4f40-8b20-8d35b8b33ee8'),
('5e381ebb-a9ac-4b99-8764-54ff2aaaf90c', N'Dây điện bị đứt', 0, 'c92ef72a-8fd3-4f40-8b20-8d35b8b33ee8'),
('b3b38037-c72f-4c61-9c3d-c55baff53ab7', N'Sử dụng dụng cụ chống tia lửa', 1, '3ec9561d-e5a4-4683-a754-2eacbc2f1843'),
('9e8e7428-1784-4d04-8ddf-57a043a9a9d8', N'Làm việc trong không gian hẹp', 0, '3ec9561d-e5a4-4683-a754-2eacbc2f1843'),
('ba7068b5-d9ca-4a58-a456-fc04a93b917f', N'Không cần biện pháp an toàn gì', 0, '3ec9561d-e5a4-4683-a754-2eacbc2f1843'),
('44132c27-648d-46f1-9507-b91d5f3bd893', N'Sử dụng dụng cụ bằng kim loại', 0, '3ec9561d-e5a4-4683-a754-2eacbc2f1843'),
('49dfe550-dde3-42fc-ab8e-4559f2f9c051', N'Lưỡi dao bị mòn', 0, '7cb0240f-1be6-4dd1-b7cd-a1e405eb6aa9'),
('1c83560b-d6dd-42b2-8be2-567bc2da7d09', N'Rơ le bảo vệ quá tải', 1, '7cb0240f-1be6-4dd1-b7cd-a1e405eb6aa9'),
('1ffb6e57-74cf-4840-a978-b0b1c12f1229', N'Núm điều khiển bị gãy', 0, '7cb0240f-1be6-4dd1-b7cd-a1e405eb6aa9'),
('5d97547b-3e6f-4480-a6e0-c18f82e91970', N'Dây điện bị đứt', 0, '7cb0240f-1be6-4dd1-b7cd-a1e405eb6aa9'),
('2c22ee02-29ac-447a-b222-e452ed7a403b', N'Ampe kế', 0, '70623818-ed0b-4297-98b2-475b85c03683'),
('6ac1a3ca-eac4-456b-a91c-bae4123b9654', N'Vôn kế', 0, '70623818-ed0b-4297-98b2-475b85c03683'),
('551bab5a-21ea-4637-9d4d-404fde95d24c', N'Máy kiểm tra liên tục', 0, '70623818-ed0b-4297-98b2-475b85c03683'),
('a30e506c-0927-43ef-9727-3218cb55cb2a', N'Máy dò rò rỉ điện', 1, '70623818-ed0b-4297-98b2-475b85c03683'),
('3a3db397-822d-43e1-9da6-849d9e1765b0', N'Lưỡi dao bị mòn', 0, '933d5776-fb6d-4546-aabf-fcfe088c53d2'),
('53c2d8fe-60a7-4538-8234-33ea65990846', N'Rơ le bảo vệ quá tải', 1, '933d5776-fb6d-4546-aabf-fcfe088c53d2'),
('d9c5dff1-39a1-4a90-bd1b-46491ff8ca74', N'Núm điều khiển bị gãy', 0, '933d5776-fb6d-4546-aabf-fcfe088c53d2'),
('7b59baae-5ad0-4dd0-b802-3539d11193cf', N'Dây điện bị đứt', 0, '933d5776-fb6d-4546-aabf-fcfe088c53d2'),
('d320e8b2-205a-4d48-bf52-0ff1e1b7458c', N'Sử dụng khay cách điện', 1, '64a09cf9-2793-455f-84fd-255da9cdea76'),
('dba9099b-1242-4954-b519-bf6a59b76081', N'Làm việc trên sàn lát gạch men', 0, '64a09cf9-2793-455f-84fd-255da9cdea76'),
('ea3eab11-8040-4f1b-b5c8-9861acecbb08', N'Không cần biện pháp an toàn gì', 0, '64a09cf9-2793-455f-84fd-255da9cdea76'),
('7c663b55-9460-49b3-9845-e578114d9948', N'Sử dụng dụng cụ bằng kim loại', 0, '64a09cf9-2793-455f-84fd-255da9cdea76'),
('10f215ec-fd90-462e-950d-e003e07ff84c', N'Bộ nguồn bị hỏng', 1, '71282b17-bea9-463b-aff6-a1a994a34b39'),
('18762dd7-167c-415b-9c10-743983893927', N'Quạt làm mát bị kẹt', 0, '71282b17-bea9-463b-aff6-a1a994a34b39'),
('7066c22d-d698-4072-92db-d2d1ee2e7970', N'Núm điều khiển bị gãy', 0, '71282b17-bea9-463b-aff6-a1a994a34b39'),
('d38e9708-34ff-4c4d-baba-9e5a4aa927d1', N'Dây điện bị đứt', 0, '71282b17-bea9-463b-aff6-a1a994a34b39'),
('94aa6fd8-2eab-4a31-93d7-5ca2960c1b59', N'Ampe kế', 0, 'd409ed01-f384-40bc-9434-3b9b42bd1e08'),
('1b63d226-b4f1-4ebb-84b5-588d4c4108f9', N'Vôn kế', 0, 'd409ed01-f384-40bc-9434-3b9b42bd1e08'),
('65e41552-1c9a-4a31-8475-95b007eef20e', N'Máy kiểm tra liên tục', 0, 'd409ed01-f384-40bc-9434-3b9b42bd1e08'),
('ac72f336-3e4c-4998-a3b1-07a580af020e', N'Máy dò sự cố mạch điện', 1, 'd409ed01-f384-40bc-9434-3b9b42bd1e08'),
('22993e6e-b264-4018-a405-c9532ab5460a', N'Bình chứa nước bị rò rỉ', 0, 'c089f812-9807-44ff-a5a1-9958b219a8e3'),
('db372f5a-3b1d-401d-a909-fb684d315af3', N'Rơ le bảo vệ quá tải', 1, 'c089f812-9807-44ff-a5a1-9958b219a8e3'),
('aa7d7981-a465-44af-8f46-c2984200eba6', N'Núm điều khiển bị gãy', 0, 'c089f812-9807-44ff-a5a1-9958b219a8e3'),
('dfcc506b-156a-4e65-804e-6aba0e28a395', N'Dây điện bị đứt', 0, 'c089f812-9807-44ff-a5a1-9958b219a8e3'),
('c7e6cb78-754e-40b4-97bc-10065f35bdf0', N'Sử dụng găng tay cách điện', 1, '70a044e5-53ce-4aa2-bcac-9f0c280aa0ac'),
('fbf38ba3-4f8a-483f-8766-14438ef39cfb', N'Làm việc trong môi trường ẩm ướt', 0, '70a044e5-53ce-4aa2-bcac-9f0c280aa0ac'),
('519c8fbb-447d-4bab-89b8-631bd27ca321', N'Không cần biện pháp an toàn gì', 0, '70a044e5-53ce-4aa2-bcac-9f0c280aa0ac'),
('c5d489ed-8a5c-4547-89d2-820ff7200e51', N'Sử dụng dụng cụ bằng kim loại', 0, '70a044e5-53ce-4aa2-bcac-9f0c280aa0ac'),
('5800133d-0910-4c64-a7d0-b455d925700f', N'Que đánh trứng bị kẹt', 0, '26c2ae08-fc8d-4a9a-a196-08336fcde55a'),
('c929269c-52f5-43cf-9e54-f4e449957bad', N'Rơ le bảo vệ quá tải', 1, '26c2ae08-fc8d-4a9a-a196-08336fcde55a'),
('2c4aec2a-6a38-4166-b1ec-3108d1bbc5d1', N'Núm điều khiển bị gãy', 0, '26c2ae08-fc8d-4a9a-a196-08336fcde55a'),
('4bd5e3a7-31ae-4d01-bc81-ae1abb1b1ef2', N'Dây điện bị đứt', 0, '26c2ae08-fc8d-4a9a-a196-08336fcde55a'),
('5ce0cfcd-30c8-4094-8a28-999c38b1ea76', N'Ampe kế', 0, 'a69898ec-eda1-4459-ae3e-633014d21cd2'),
('bd450e41-3dbe-430a-aac2-70d33d02ec5d', N'Vôn kế', 0, 'a69898ec-eda1-4459-ae3e-633014d21cd2'),
('186569aa-7ef8-4f3c-b391-a81b31b62e08', N'Máy kiểm tra liên tục', 0, 'a69898ec-eda1-4459-ae3e-633014d21cd2'),
('fa9fda82-bb0a-4c52-bf9a-6cb673db78ab', N'Máy dò rò rỉ điện', 1, 'a69898ec-eda1-4459-ae3e-633014d21cd2'),
('9d90f5cc-e84d-4dd7-9681-03dacbd0f3f2', N'Khay đá bị kẹt', 0, '7c705020-e5cb-40e6-8748-e51e2bdab8ea'),
('4e25e19c-aece-4644-a770-96dff675845f', N'Rơ le nhiệt độ bị hỏng', 1, '7c705020-e5cb-40e6-8748-e51e2bdab8ea'),
('31cde9d8-2536-449e-bbc5-ea80f3a1fc52', N'Núm điều khiển bị gãy', 0, '7c705020-e5cb-40e6-8748-e51e2bdab8ea'),
('6a628a6b-bd28-44e3-bff7-ffe9bfc39d65', N'Dây điện bị đứt', 0, '7c705020-e5cb-40e6-8748-e51e2bdab8ea'),
('e4b59028-f9fb-4fe3-8cd0-75cf09153c7d', N'Sử dụng tấm lót cách điện', 1, 'd7f0d8b2-0bb4-4807-8b6d-18088dcfb1c4'),
('cb34bc1a-3443-443c-8e9f-240a4be8fb58', N'Làm việc trong môi trường ẩm ướt', 0, 'd7f0d8b2-0bb4-4807-8b6d-18088dcfb1c4'),
('0b500134-152d-40b0-8d7f-945e4b1bd105', N'Không cần biện pháp an toàn gì', 0, 'd7f0d8b2-0bb4-4807-8b6d-18088dcfb1c4'),
('f8dae6d6-1e4e-432d-be5b-fc1b587c30e2', N'Sử dụng dụng cụ bằng kim loại', 0, 'd7f0d8b2-0bb4-4807-8b6d-18088dcfb1c4'),
('664d1f1d-2033-4a4e-9b91-ee5fd7b86bc8', N'Lưỡi dao bị mòn', 0, '79f401ac-4525-42f5-ae30-5341a433b082'),
('fd6cf303-e313-4966-887c-99bd1db8a85e', N'Mô tơ bị quá tải', 1, '79f401ac-4525-42f5-ae30-5341a433b082'),
('ef9c9e50-3822-470b-9176-c537223ffd7b', N'Núm điều khiển bị gãy', 0, '79f401ac-4525-42f5-ae30-5341a433b082'),
('995ddb43-8aaf-4bd3-951a-1e28accc0365', N'Dây điện bị đứt', 0, '79f401ac-4525-42f5-ae30-5341a433b082'),
('f3513c41-25de-45fb-91b4-0e042ce55efd', N'Ampe kế xoay chiều', 1, 'f54d6bcd-2ef5-4abb-9361-a60d6b507edd'),
('176a004d-3030-4001-96ff-c2fba5c6ba95', N'Vôn kế', 0, 'f54d6bcd-2ef5-4abb-9361-a60d6b507edd'),
('6e71e494-14d9-46d2-bb40-1ab6c06644f0', N'Máy kiểm tra liên tục', 0, 'f54d6bcd-2ef5-4abb-9361-a60d6b507edd'),
('dc885623-3d24-4589-acf1-2c4fc2451ded', N'Máy dò rò rỉ điện', 0, 'f54d6bcd-2ef5-4abb-9361-a60d6b507edd'),
('be2e78d0-49bc-44c4-b358-a981a400b906', N'Lỏng ốc vít', 0, '619e5e69-3457-41c2-a761-4cb1c2795e8d'),
('8accd373-b1c4-4bd6-a56c-6e283ae6b584', N'Quạt tản nhiệt bị hỏng', 0, '619e5e69-3457-41c2-a761-4cb1c2795e8d'),
('f23758de-5f6c-4038-8819-54581ac0c588', N'Gỉ sét hoặc rung động', 1, '619e5e69-3457-41c2-a761-4cb1c2795e8d'),
('4544fded-8c49-4a9b-822b-22215f415aed', N'Dây điện bị đứt', 0, '619e5e69-3457-41c2-a761-4cb1c2795e8d'),
('2da492da-b539-4f63-a495-81481af3327e', N'Sử dụng tấm lót cách điện', 1, '15963ff3-585c-43a9-94f9-b37a37a80ee7'),
('3c2aaae4-4f9b-465f-82e9-ad85dd2f0f1a', N'Làm việc trong môi trường ẩm ướt', 0, '15963ff3-585c-43a9-94f9-b37a37a80ee7'),
('132176ec-1db2-4c33-8e2a-53390a57e0fa', N'Không cần biện pháp an toàn gì', 0, '15963ff3-585c-43a9-94f9-b37a37a80ee7'),
('01724cad-ecc1-480a-ad11-561cbe29f3bb', N'Sử dụng dụng cụ bằng kim loại', 0, '15963ff3-585c-43a9-94f9-b37a37a80ee7'),
('46b8c2f8-d0ea-4c1d-a8c8-1da690ba5c85', N'Quạt hút bị kẹt', 0, '0faae59d-4afb-4ecf-b5bd-8b43f9d97fd9'),
('6e4a211c-7153-4997-94b6-a98e24ce5f40', N'Tắc nghẽn ống khói', 1, '0faae59d-4afb-4ecf-b5bd-8b43f9d97fd9'),
('80ac2630-929c-465d-9f14-831101767bc8', N'Núm điều khiển bị gãy', 0, '0faae59d-4afb-4ecf-b5bd-8b43f9d97fd9'),
('bcd93504-2b95-4fd1-82d3-47e41af1fd92', N'Dây điện bị đứt', 0, '0faae59d-4afb-4ecf-b5bd-8b43f9d97fd9'),
('38fea88e-5b91-4697-bffe-7df41b2f67d4', N'Ampe kế', 0, '46da1864-0eee-46aa-8a4a-e6ae844c3d1d'),
('72c00e6d-df5f-401b-8043-80698c7079a1', N'Vôn kế', 0, '46da1864-0eee-46aa-8a4a-e6ae844c3d1d'),
('1ce5a183-26ac-4914-8a4e-86790c9eec4f', N'Máy kiểm tra liên tục', 0, '46da1864-0eee-46aa-8a4a-e6ae844c3d1d'),
('bafedce1-e0b5-444f-9bd6-8ae42cde4442', N'Máy kiểm tra mạch', 1, '46da1864-0eee-46aa-8a4a-e6ae844c3d1d'),
('0ab4d570-5973-411e-88ad-4d4319c656cd', N'Quạt hút bị kẹt', 0, '8eac8b63-f5b4-4346-a221-089dfc5782a6'),
('6dbf0d82-fafe-4016-a8ea-3fdaa03f0926', N'Túi chứa đầy bụi', 1, '8eac8b63-f5b4-4346-a221-089dfc5782a6'),
('6e104889-8201-4115-a559-5696aa139db4', N'Núm điều khiển bị gãy', 0, '8eac8b63-f5b4-4346-a221-089dfc5782a6'),
('45b18fa1-1d81-4f0c-bf25-27984b6c205a', N'Dây điện bị đứt', 0, '8eac8b63-f5b4-4346-a221-089dfc5782a6'),
('c19905dc-330b-49d0-a9cd-0cb911e9087e', N'Sử dụng dụng cụ chống tia lửa', 1, '0c47e5e2-1d82-4f6b-9f2d-e54215c963f5'),
('cd3845d3-20e5-4d32-b8b5-93367636d80c', N'Làm việc trong không gian hẹp', 0, '0c47e5e2-1d82-4f6b-9f2d-e54215c963f5'),
('4e181ddb-2f71-405a-9c1f-c698bdd21b7e', N'Không cần biện pháp an toàn gì', 0, '0c47e5e2-1d82-4f6b-9f2d-e54215c963f5'),
('f95c4431-706d-4046-adfe-0926a5cf0f94', N'Sử dụng dụng cụ bằng kim loại', 0, '0c47e5e2-1d82-4f6b-9f2d-e54215c963f5'),
('00ab1bdf-d1ae-4ee7-86af-45228a5a977e', N'Xà phòng nhẹ', 1, '9fd7b229-3191-43db-b83e-f47e9bb8c759'),
('56128d2f-2289-41f8-9d79-01796074dcb7', N'Dầu gội', 0, '9fd7b229-3191-43db-b83e-f47e9bb8c759'),
('30cc8351-3c09-4b0e-a7db-53562d46137e', N'Chất tẩy rửa mạnh', 0, '9fd7b229-3191-43db-b83e-f47e9bb8c759'),
('ddce827b-4529-475e-8f9e-a154ab9334cf', N'Nước lau sàn', 0, '9fd7b229-3191-43db-b83e-f47e9bb8c759'),
('bb93de9e-90d2-4fdf-b280-2092c5d00503', N'Sử dụng chất tẩy rửa mạnh', 0, '91c72ff4-f062-458f-a134-bb0653949194'),
('2f19b8d2-36a8-41aa-b2ac-a761f0525da6', N'Cạo bằng dao', 0, '91c72ff4-f062-458f-a134-bb0653949194'),
('b0841056-c415-4464-aac6-32c7c4a9619c', N'Ngâm nước ấm và chà bằng bàn chải cứng', 1, '91c72ff4-f062-458f-a134-bb0653949194'),
('de95d3f9-ce07-4db6-8e57-ccecc74c1627', N'Để yên vết bẩn', 0, '91c72ff4-f062-458f-a134-bb0653949194'),
('b757c72b-ced7-47b3-9745-0a8e9636435a', N'Bồn tắm - Gương - Bồn vệ sinh - Sàn nhà', 1, 'affe7653-ac25-4e7b-ad8d-3ab7ff1e77b2'),
('09c922a4-bd80-4c99-8b1c-b172fc2ad70d', N'Bồn vệ sinh - Gương - Bồn tắm - Sàn nhà', 0, 'affe7653-ac25-4e7b-ad8d-3ab7ff1e77b2'),
('e08c8e8e-a197-4c9c-953a-2888386dd104', N'Sàn nhà - Bồn tắm - Gương - Bồn vệ sinh', 0, 'affe7653-ac25-4e7b-ad8d-3ab7ff1e77b2'),
('dd9cb023-f1ad-4dad-93ca-cfa838172217', N'Gương - Bồn tắm - Bồn vệ sinh - Sàn nhà', 0, 'affe7653-ac25-4e7b-ad8d-3ab7ff1e77b2'),
('fa1ddc1c-daa9-4486-bf86-7572e51e0fa9', N'Sử dụng chất tẩy rửa chuyên dụng', 1, 'ccc32f4d-89ec-431f-bdff-d512e2be51c3'),
('770685ff-3ee3-4dc9-b3f8-79fd74180e31', N'Cạo bằng dao', 0, 'ccc32f4d-89ec-431f-bdff-d512e2be51c3'),
('b11127e0-bd7e-4da0-ab73-47a4d22aa90a', N'Sử dụng giấm', 0, 'ccc32f4d-89ec-431f-bdff-d512e2be51c3'),
('bccf17e8-2ba1-47bb-9683-5352cd3fa891', N'Để yên vết bẩn', 0, 'ccc32f4d-89ec-431f-bdff-d512e2be51c3'),
('697a91c2-6962-4b3f-a339-cb0d5d13e924', N'Tháo ráy nước đông đá, lau dọn bên trong và bên ngoài, vệ sinh dây điện', 1, '980b1d2d-804b-417a-bd58-bad022556648'),
('f5480c54-9d87-4565-8a93-1ace7b6e51f3', N'Chỉ lau dọn bên trong', 0, '980b1d2d-804b-417a-bd58-bad022556648'),
('1e172ba1-e40f-4ccc-abc1-0193b99c2155', N'Chỉ lau dọn bên ngoài', 0, '980b1d2d-804b-417a-bd58-bad022556648'),
('0ee70a57-e2a1-4760-9eed-faa26954f4bc', N'Không cần làm gì', 0, '980b1d2d-804b-417a-bd58-bad022556648'),
('47edd2cf-6a9c-48cc-980a-0a0ba33ddcbc', N'Hút bụi thường xuyên và sử dụng máy giặt thảm định kỳ', 1, 'f8d1c035-6e46-46eb-8e88-d492d4a4e22f'),
('691c023d-d54b-431c-a2fd-b5028daea7a5', N'Quét bằng chổi', 0, 'f8d1c035-6e46-46eb-8e88-d492d4a4e22f'),
('f3773f08-5a87-4329-b046-b6f8a32f67f4', N'Lau bằng khăn ẩm', 0, 'f8d1c035-6e46-46eb-8e88-d492d4a4e22f'),
('1196afc2-60d9-498e-984e-7e980cc28f76', N'Không cần làm gì', 0, 'f8d1c035-6e46-46eb-8e88-d492d4a4e22f'),
('2821cbf5-e37a-4444-a121-9207f1a640d7', N'Sử dụng miếng bọt biển và xà phòng lau nhẹ nhàng', 1, 'c6951eed-a174-466f-bf9b-caad42219371'),
('37e7df87-77a7-42c4-ae13-f80abee065ba', N'Cạo bằng dao', 0, 'c6951eed-a174-466f-bf9b-caad42219371'),
('b00e1314-e8e3-4961-8b14-a058782b51eb', N'Lau bằng khăn ẩm', 0, 'c6951eed-a174-466f-bf9b-caad42219371'),
('a78220f7-8376-483d-9800-548949632e8e', N'Để yên vết bẩn', 0, 'c6951eed-a174-466f-bf9b-caad42219371'),
('b80aa017-9e7d-42a2-8e6b-28be6c6aac4c', N'Quét và lau bằng dung dịch vệ sinh gỗ nhẹ', 1, '2cb8dcf9-7542-4813-9e16-238143ff0414'),
('a10328c8-87b7-486c-b559-44927d1201b0', N'Sử dụng chất tẩy rửa mạnh', 0, '2cb8dcf9-7542-4813-9e16-238143ff0414'),
('9f0bdbb6-2b52-4d7d-bbcb-9170d8f536da', N'Lau bằng khăn ẩm', 0, '2cb8dcf9-7542-4813-9e16-238143ff0414'),
('5aa84786-4c6d-4138-84ea-1842db2b6e25', N'Không cần làm gì', 0, '2cb8dcf9-7542-4813-9e16-238143ff0414'),
('9b65927f-7e0e-4b69-a66e-8e704a31966b', N'Sử dụng dung dịch lau kính chuyên dụng', 1, '6bafd437-65f5-41b8-8499-e1c5073f2292'),
('808870ee-aeb2-447e-95cb-0a0a87c578bb', N'Lau bằng khăn khô', 0, '6bafd437-65f5-41b8-8499-e1c5073f2292'),
('78840d69-3c57-4109-a16e-b31675a05b71', N'Sử dụng giấm', 0, '6bafd437-65f5-41b8-8499-e1c5073f2292'),
('f3469edf-af47-4f3d-91ff-8d6318b00e6b', N'Để yên vết bẩn', 0, '6bafd437-65f5-41b8-8499-e1c5073f2292'),
('bbea8d77-56ad-4b88-91af-4c60148b6a1b', N'Hút bụi thường xuyên và sử dụng máy giặt ghế định kỳ', 1, '4990c7b5-be19-46a9-882d-9c511ec9064f'),
('7a9712f3-e121-46ec-9599-f8aad0b39247', N'Lau bằng khăn ẩm', 0, '4990c7b5-be19-46a9-882d-9c511ec9064f'),
('4e52a5cd-82e3-40e8-82f5-836546322b0c', N'Sử dụng chất tẩy rửa mạnh', 0, '4990c7b5-be19-46a9-882d-9c511ec9064f'),
('90f562d3-8611-4e91-8148-74532719e8a4', N'Không cần làm gì', 0, '4990c7b5-be19-46a9-882d-9c511ec9064f'),
('4a59c8a7-ef72-4e1e-a6da-75fc8cebc1b0', N'Sử dụng chất tẩy rửa nhẹ và miếng bọt biển', 1, '20c9bad9-82ae-4a32-b679-62a9f55e5072'),
('3a61ccbb-e56c-4757-83a2-b383ca7945c0', N'Cạo bằng dao', 0, '20c9bad9-82ae-4a32-b679-62a9f55e5072'),
('31e4a744-fa0b-42f3-bd2c-7405d8b0a568', N'Sử dụng chất tẩy rửa mạnh', 0, '20c9bad9-82ae-4a32-b679-62a9f55e5072'),
('53d4c921-4aa9-4fb9-9e3e-898b06a2fd53', N'Để yên vết bẩn', 0, '20c9bad9-82ae-4a32-b679-62a9f55e5072'),
('88de39ee-ab90-4dae-8ba5-70163136ecac', N'Tháo rèm và giặt máy hoặc giặt tay', 1, '3c5e8818-500f-478b-9a68-07c3fd10b80a'),
('cab8401b-4a00-4602-af59-574eaf3e50b9', N'Lau bằng khăn ẩm', 0, '3c5e8818-500f-478b-9a68-07c3fd10b80a'),
('35454915-4a0c-46e2-b2f3-0653e99f6973', N'Sử dụng chất tẩy rửa mạnh', 0, '3c5e8818-500f-478b-9a68-07c3fd10b80a'),
('e5d57393-3f67-4d87-94ff-4f20cef9b24a', N'Không cần làm gì', 0, '3c5e8818-500f-478b-9a68-07c3fd10b80a'),
('bea81f11-d70e-4039-b2f9-bb162bc9907b', N'Ngâm trong dung dịch nước nóng và xà phòng', 1, '8d8cfdb4-0d03-47d1-b782-a1939ef630e2'),
('09e4cd84-8a62-4819-bcd8-35783eb37359', N'Lau bằng khăn khô', 0, '8d8cfdb4-0d03-47d1-b782-a1939ef630e2'),
('997a7d3d-83f1-4a3d-b895-7cb73dc07717', N'Sử dụng chất tẩy rửa mạnh', 0, '8d8cfdb4-0d03-47d1-b782-a1939ef630e2'),
('b521d901-e3c3-49a2-9122-f9346860baca', N'Không cần làm gì', 0, '8d8cfdb4-0d03-47d1-b782-a1939ef630e2'),
('95a89174-ed6b-4dcb-8e0d-ac7670d42a3d', N'Sử dụng dung dịch vệ sinh gỗ chuyên dụng', 1, 'c4b7debc-459f-43c6-bfc1-6fcd0193f94e'),
('537e39fa-e92e-41e7-a282-4c519d4a062d', N'Lau bằng khăn ẩm', 0, 'c4b7debc-459f-43c6-bfc1-6fcd0193f94e'),
('e6424ae5-8de5-4aaa-bc35-76770ef6c17f', N'Sử dụng chất tẩy rửa mạnh', 0, 'c4b7debc-459f-43c6-bfc1-6fcd0193f94e'),
('f23a15e8-e3b8-4d89-b483-a0cd5c89de39', N'Không cần làm gì', 0, 'c4b7debc-459f-43c6-bfc1-6fcd0193f94e'),
('cda474c0-7162-4771-a19d-29a7ab72920f', N'Vòi nước', 1, '4495856c-3107-4ea2-ae36-996080450137'),
('353edd24-34bd-4631-8313-01ca331f2ba5', N'Sàn nhà', 0, '4495856c-3107-4ea2-ae36-996080450137'),
('8b535c47-27c3-4900-af2c-4bd230779dae', N'Tủ dưới', 0, '4495856c-3107-4ea2-ae36-996080450137'),
('9eec96aa-1c01-4332-a29a-dc53e4a16485', N'Không quan trọng', 0, '4495856c-3107-4ea2-ae36-996080450137'),
('02a6b964-df72-424f-ba38-3943ea74495e', N'Sử dụng dung dịch vệ sinh chuyên dụng', 1, '652ff952-b2f5-4bf4-b0b0-b38ab40345bf'),
('16f434e0-16f8-4640-8ba4-8e9243ca6f23', N'Cạo bằng dao', 0, '652ff952-b2f5-4bf4-b0b0-b38ab40345bf'),
('2be0668c-75b1-43ce-9196-92ca83161f62', N'Lau bằng khăn ẩm', 0, '652ff952-b2f5-4bf4-b0b0-b38ab40345bf'),
('5ea336f2-31dc-493d-8d2b-b599f61a1686', N'Để yên vết bẩn', 0, '652ff952-b2f5-4bf4-b0b0-b38ab40345bf'),
('3633be1e-b7aa-4738-ad67-c3ce08201278', N'Sử dụng dung dịch giấm và muối', 1, 'cf461267-469c-4ac3-9cc7-5331dcb25cb8'),
('494f1b3b-3181-4a06-b168-dbb424c736fb', N'Lau bằng khăn ẩm', 0, 'cf461267-469c-4ac3-9cc7-5331dcb25cb8'),
('4e0165dc-cee3-4e1d-83f4-50997cb55a99', N'Sử dụng chất tẩy rửa mạnh', 0, 'cf461267-469c-4ac3-9cc7-5331dcb25cb8'),
('36dc7b01-6466-4879-aea9-266425a35660', N'Không cần làm gì', 0, 'cf461267-469c-4ac3-9cc7-5331dcb25cb8'),
('91e66a73-6323-4028-af34-8d71d39eda77', '1:3', 0, 'ddfe89ef-a508-4b57-ba13-52e6deadaad4'),
('599e1481-5c98-43a9-97d3-4d32930f1e06', '1:1', 0, 'ddfe89ef-a508-4b57-ba13-52e6deadaad4'),
('1fe37c96-d750-420a-961e-4936016bcb06', '1:10', 1, 'ddfe89ef-a508-4b57-ba13-52e6deadaad4'),
('fb259643-7128-40ac-8448-907b528cb51c', '1:20', 0, 'ddfe89ef-a508-4b57-ba13-52e6deadaad4'),
('97aa2ed7-c442-4969-9427-646f985034ca', N'Sử dụng chất tẩy rửa chuyên dụng', 1, '1ecb8ca6-1d51-434f-9333-3da95752460d'),
('4b1b261c-0988-49ca-aabf-4422fa383a9f', N'Lau bằng khăn ẩm', 0, '1ecb8ca6-1d51-434f-9333-3da95752460d'),
('9beca14b-7000-4ac2-802e-22b9fcb7004a', N'Sử dụng chất tẩy rửa mạnh', 0, '1ecb8ca6-1d51-434f-9333-3da95752460d'),
('00e5c4c2-3b20-4f56-a533-4940d8340529', N'Không cần làm gì', 0, '1ecb8ca6-1d51-434f-9333-3da95752460d'),
('dd3e40f3-63b5-43c5-ada0-6eca46651552', N'Sử dụng bàn chải cứng và chất tẩy rửa nhẹ', 1, '58a83728-a0cc-46ff-bb21-f2172f63e19b'),
('65077411-71d9-4a37-876b-e70bd897facd', N'Cạo bằng dao', 0, '58a83728-a0cc-46ff-bb21-f2172f63e19b'),
('fb2bc9c5-b1f6-447b-828f-49686f5dc79d', N'Lau bằng khăn ẩm', 0, '58a83728-a0cc-46ff-bb21-f2172f63e19b'),
('b321273a-3e33-4cf8-a013-81cd271dec25', N'Để yên vết bẩn', 0, '58a83728-a0cc-46ff-bb21-f2172f63e19b'),
('1fb718ce-1b5b-49e1-803a-04ff15544794', N'Sử dụng dung dịch oxy già', 1, 'beecf7fd-cff2-4af5-8518-8b156db315eb'),
('dca41942-8621-49ab-bf92-b7689ccbd0f4', N'Lau bằng khăn ẩm', 0, 'beecf7fd-cff2-4af5-8518-8b156db315eb'),
('7c9eeba4-8cdd-430d-9f68-1fc22aa201a3', N'Sử dụng chất tẩy rửa mạnh', 0, 'beecf7fd-cff2-4af5-8518-8b156db315eb'),
('9b6a18f5-eab3-4010-b3b2-70c2b263ca98', N'Không cần làm gì', 0, 'beecf7fd-cff2-4af5-8518-8b156db315eb'),
('39350ae1-3e41-4b08-a4bc-428f2b837733', N'Sử dụng dung dịch giấm và nước ấm', 1, 'a5b9d869-f2b8-458d-b129-afd5baa79d5a'),
('3dfc90d5-9373-4ead-b932-7043f29bb416', N'Lau bằng khăn khô', 0, 'a5b9d869-f2b8-458d-b129-afd5baa79d5a'),
('4eb09196-1020-4513-ada8-630c43c357a1', N'Sử dụng chất tẩy rửa mạnh', 0, 'a5b9d869-f2b8-458d-b129-afd5baa79d5a'),
('fffa17c4-5260-4b8d-a3f6-4142554b5c6c', N'Không cần làm gì', 0, 'a5b9d869-f2b8-458d-b129-afd5baa79d5a'),
('d0fc8729-e788-4571-8365-9492c61b619b', N'Hút bụi thường xuyên và sử dụng máy giặt đệm định kỳ', 1, '101ba5fb-9dc2-493d-a11c-2e372b92fe4a'),
('399f51f4-a172-4578-b418-7dd51fcdb546', N'Lau bằng khăn ẩm', 0, '101ba5fb-9dc2-493d-a11c-2e372b92fe4a'),
('6f58591b-f028-459b-938c-3aeee0ba24dd', N'Sử dụng chất tẩy rửa mạnh', 0, '101ba5fb-9dc2-493d-a11c-2e372b92fe4a'),
('c7caeb63-f387-4093-8bd0-e0f357360cc9', N'Không cần làm gì', 0, '101ba5fb-9dc2-493d-a11c-2e372b92fe4a'),
('b1f6e96b-d5c7-4af1-b41a-144a3889b4d9', N'Sử dụng dung dịch tẩy rửa chuyên dụng', 1, 'bf1d8012-9074-4c43-a20f-56f3206a6837'),
('b78df4f9-11a2-4777-a2f6-cedd6df93b4d', N'Cạo bằng dao', 0, 'bf1d8012-9074-4c43-a20f-56f3206a6837'),
('aa81041f-bd26-48b1-afa5-f6d7569a43ba', N'Lau bằng khăn ẩm', 0, 'bf1d8012-9074-4c43-a20f-56f3206a6837'),
('35ecb996-df04-4151-b671-c4234afc0b43', N'Để yên vết bẩn', 0, 'bf1d8012-9074-4c43-a20f-56f3206a6837'),
('92cbf5f7-1f5f-46d0-823f-6c00630bf4d0', N'Sử dụng dung dịch vệ sinh da chuyên dụng', 1, '55b1fc4a-7574-4b1f-9459-e9dc41366e67'),
('12ce8a06-72dc-48d8-955f-ef94459ef5fc', N'Lau bằng khăn ẩm', 0, '55b1fc4a-7574-4b1f-9459-e9dc41366e67'),
('dade7c87-3501-4f8e-a3d0-5f09b6cc4294', N'Sử dụng chất tẩy rửa mạnh', 0, '55b1fc4a-7574-4b1f-9459-e9dc41366e67'),
('ddbc5028-a452-4cb1-ad8d-40b569004bce', N'Không cần làm gì', 0, '55b1fc4a-7574-4b1f-9459-e9dc41366e67'),
('7de61363-338e-44dc-beda-1e0e8c80fec5', N'Dọn dẹp giường đệm - Lau chùi đồ nội thất - Quét và lau sàn nhà', 1, '7db41214-a360-49ef-ac46-a64b59fd45b0'),
('848cf3f9-69fe-415a-909c-b563fb20b4b6', N'Quét và lau sàn nhà - Dọn dẹp giường đệm - Lau chùi đồ nội thất', 0, '7db41214-a360-49ef-ac46-a64b59fd45b0'),
('0885ad12-5255-42b9-9d23-3eef748b8d67', N'Lau chùi đồ nội thất - Dọn dẹp giường đệm - Quét và lau sàn nhà', 0, '7db41214-a360-49ef-ac46-a64b59fd45b0'),
('8f948e4f-6800-4753-8130-b1c14abf87c6', N'Không quan trọng', 0, '7db41214-a360-49ef-ac46-a64b59fd45b0'),
('7365a432-8d08-4ca5-93b1-c232e5f01093', N'Lau chùi bề mặt và dụng cụ bằng dung dịch vệ sinh chuyên dụng', 1, '3298ba0e-0e86-44a4-abaa-45ceaa1f14a1'),
('757087aa-77dd-438d-adcf-b65baac1da90', N'Quét và lau sàn nhà', 0, '3298ba0e-0e86-44a4-abaa-45ceaa1f14a1'),
('693f4cc8-7518-438c-93d6-f01ca67e1017', N'Sử dụng chất tẩy rửa mạnh', 0, '3298ba0e-0e86-44a4-abaa-45ceaa1f14a1'),
('e74f878a-6d3d-49e5-8c94-20eaf90f9fcc', N'Không cần làm gì', 0, '3298ba0e-0e86-44a4-abaa-45ceaa1f14a1'),
('7e0ce9d4-a398-418e-a909-3655aa1d944c', N'Sử dụng bàn chải mềm và dung dịch xà phòng nhẹ', 1, '77ac31b9-1331-4f2c-8f79-abcb188e63c1'),
('7b91e369-5a66-4a3c-bc80-1f2d5276d5ed', N'Lau bằng khăn ẩm', 0, '77ac31b9-1331-4f2c-8f79-abcb188e63c1'),
('07a0915a-30f7-47cf-9707-9f14eb56eadf', N'Sử dụng chất tẩy rửa mạnh', 0, '77ac31b9-1331-4f2c-8f79-abcb188e63c1'),
('3218f4e7-ea30-4ba4-ad57-98f8efd51fa6', N'Không cần làm gì', 0, '77ac31b9-1331-4f2c-8f79-abcb188e63c1'),
('1e056eb5-9389-4dc0-bd21-e5e22760a0d6', N'Sử dụng nước ấm và xà phòng nhẹ', 1, 'c325c4d7-5c45-4530-b0b9-b9789681ea00'),
('8ef67601-dc65-4105-acf6-09a1a374a4dc', N'Lau bằng khăn khô', 0, 'c325c4d7-5c45-4530-b0b9-b9789681ea00'),
('fb856618-b640-4aa1-a9a3-f42075055a80', N'Sử dụng chất tẩy rửa mạnh', 0, 'c325c4d7-5c45-4530-b0b9-b9789681ea00'),
('44085449-fbb9-4ce1-bdb3-b66173806c12', N'Không cần làm gì', 0, 'c325c4d7-5c45-4530-b0b9-b9789681ea00'),
('df3044ea-0604-41e9-84a0-4084b1ed2f73', N'Sử dụng máy hút bụi và chất tẩy rửa chuyên dụng', 1, 'd95f838e-f69f-4058-9e74-cb2287ff4488'),
('0f45d51c-939b-4651-a062-f0d33a744e9e', N'Lau bằng khăn ẩm', 0, 'd95f838e-f69f-4058-9e74-cb2287ff4488'),
('8a70b8a8-9363-4e38-8f33-7ce650c1b17d', N'Sử dụng chất tẩy rửa mạnh', 0, 'd95f838e-f69f-4058-9e74-cb2287ff4488'),
('90162140-eee9-48ce-8199-78bed734d301', N'Không cần làm gì', 0, 'd95f838e-f69f-4058-9e74-cb2287ff4488'),
('bc37f541-ddeb-4830-8686-7da9272b4cf5', N'Sử dụng dung dịch tẩy rửa chuyên dụng', 1, 'b72c5dbb-62a9-436f-919a-920b1f76d61e'),
('623ab07d-c625-4003-bd5d-ee4a20c79615', N'Cạo bằng dao', 0, 'b72c5dbb-62a9-436f-919a-920b1f76d61e'),
('a5006cde-c8f9-4863-90d8-7112bfc3ea2c', N'Lau bằng khăn ẩm', 0, 'b72c5dbb-62a9-436f-919a-920b1f76d61e'),
('43d48657-80f2-4472-996e-09c9d56bed06', N'Để yên vết bẩn', 0, 'b72c5dbb-62a9-436f-919a-920b1f76d61e'),
('01748eb8-d1e2-4d4c-a48e-873c72d5fe9e', N'Sử dụng dung dịch tẩy rửa nhẹ', 1, '5397caa6-edcc-452a-bda6-537b8f0fdb36'),
('92c87b82-0e2a-499d-ade4-6572860cb1b4', N'Lau bằng khăn khô', 0, '5397caa6-edcc-452a-bda6-537b8f0fdb36'),
('223a09d2-0c07-40b4-89d4-d2623c481ddc', N'Sử dụng chất tẩy rửa mạnh', 0, '5397caa6-edcc-452a-bda6-537b8f0fdb36'),
('65c87187-8bb0-4c34-91e7-c45f907b23e0', N'Không cần làm gì', 0, '5397caa6-edcc-452a-bda6-537b8f0fdb36'),
('217d9a97-25ce-4a28-899b-3a6ace49cd4b', N'Dọn dẹp đồ nội thất', 1, '306d8152-0a8e-48cd-922c-fc325fa02a39'),
('09d3e27b-e250-49bf-a7e0-8d7dfccc8152', N'Quét và lau sàn nhà', 0, '306d8152-0a8e-48cd-922c-fc325fa02a39'),
('f33e718a-a718-4447-b75c-9705a14b99ed', N'Lau chùi bàn trà', 0, '306d8152-0a8e-48cd-922c-fc325fa02a39'),
('87377ee3-d470-4aae-b424-a6ac322fa5d0', N'Không quan trọng', 0, '306d8152-0a8e-48cd-922c-fc325fa02a39'),
('11f905d1-52bc-4454-87c6-2c45c807b3b2', N'Sử dụng dung dịch giấm và nước ấm', 1, 'bcbd9e39-aff1-4c6f-9734-30208979f45d'),
('7a0350d9-1a1e-4a26-a835-9f2b12f396cc', N'Lau bằng khăn khô', 0, 'bcbd9e39-aff1-4c6f-9734-30208979f45d'),
('d64b2701-32b9-4f19-8656-65098bcbe342', N'Sử dụng chất tẩy rửa mạnh', 0, 'bcbd9e39-aff1-4c6f-9734-30208979f45d'),
('82d84f87-d4c9-4400-9c7b-7b05e06f3e7b', N'Không cần làm gì', 0, 'bcbd9e39-aff1-4c6f-9734-30208979f45d'); 

INSERT INTO [FreelanceQuizzes] ([Id], [TotalTime], [TotalQuestion]) VALUES
('144b8199-deea-4b71-aa23-f5a174107e3a', 600, 10),
('a49b397e-69e2-4b03-ba56-4da6024f9a56', 600, 10),
('9ee188ca-2955-4d7a-ba62-29d985cf44b5', 1200, 10),
('14c7955b-c7f1-4ec7-8e6b-d105b882ffd0', 600, 10),
('4f58dc8a-111d-476a-a087-99b9b74aa27d', 600, 10),
('23d2760f-9b06-45e7-8da9-86c8b595dc90', 600, 10),
('23facb3c-62b6-4306-939d-7556d406b938', 600, 10),
('746717e8-cb84-475d-b0fb-ae9817504f69', 600, 10),
('3bfb37be-0e12-4bb1-af05-e072647b7e83', 600, 10),
('1b45eed7-72e2-4771-858b-2d15d7c9e137', 1200, 10); 

INSERT INTO [QuizQuestions] ([QuizId], [QuestionId]) VALUES
('144b8199-deea-4b71-aa23-f5a174107e3a', '980b1d2d-804b-417a-bd58-bad022556648'),
('144b8199-deea-4b71-aa23-f5a174107e3a', '8a8fd27e-c686-48be-9285-a89a3f779943'),
('144b8199-deea-4b71-aa23-f5a174107e3a', '7cb0240f-1be6-4dd1-b7cd-a1e405eb6aa9'),
('144b8199-deea-4b71-aa23-f5a174107e3a', '55b1fc4a-7574-4b1f-9459-e9dc41366e67'),
('144b8199-deea-4b71-aa23-f5a174107e3a', 'c4b7debc-459f-43c6-bfc1-6fcd0193f94e'),
('144b8199-deea-4b71-aa23-f5a174107e3a', '6c88d6da-5a21-42a8-b947-0a885b68f370'),
('144b8199-deea-4b71-aa23-f5a174107e3a', '101ba5fb-9dc2-493d-a11c-2e372b92fe4a'),
('144b8199-deea-4b71-aa23-f5a174107e3a', '7792f3f1-9f80-47fd-acd6-b6cf3bcc24ce'),
('144b8199-deea-4b71-aa23-f5a174107e3a', '64ea43d8-da2c-4eed-92e9-991489b5ba65'),
('144b8199-deea-4b71-aa23-f5a174107e3a', '2eadb3ff-a178-4a3e-b782-cf661410e270'),
('a49b397e-69e2-4b03-ba56-4da6024f9a56', '15963ff3-585c-43a9-94f9-b37a37a80ee7'),
('a49b397e-69e2-4b03-ba56-4da6024f9a56', '55b1fc4a-7574-4b1f-9459-e9dc41366e67'),
('a49b397e-69e2-4b03-ba56-4da6024f9a56', '09dbbdd8-da5b-4114-bd9f-0304b11e3881'),
('a49b397e-69e2-4b03-ba56-4da6024f9a56', 'fd04572f-889e-4f52-862d-a1bf6c012273'),
('a49b397e-69e2-4b03-ba56-4da6024f9a56', 'ddfe89ef-a508-4b57-ba13-52e6deadaad4'),
('a49b397e-69e2-4b03-ba56-4da6024f9a56', '3ec9561d-e5a4-4683-a754-2eacbc2f1843'),
('a49b397e-69e2-4b03-ba56-4da6024f9a56', '0b0734d8-8133-48bf-89c1-b15be5ec4978'),
('a49b397e-69e2-4b03-ba56-4da6024f9a56', '8f42092d-108c-48b2-91e9-5ad23676f634'),
('a49b397e-69e2-4b03-ba56-4da6024f9a56', 'ccc32f4d-89ec-431f-bdff-d512e2be51c3'),
('a49b397e-69e2-4b03-ba56-4da6024f9a56', '3c5e8818-500f-478b-9a68-07c3fd10b80a'),
('9ee188ca-2955-4d7a-ba62-29d985cf44b5', '53b9d890-2788-4206-a071-6003af54b122'),
('9ee188ca-2955-4d7a-ba62-29d985cf44b5', 'c92ef72a-8fd3-4f40-8b20-8d35b8b33ee8'),
('9ee188ca-2955-4d7a-ba62-29d985cf44b5', '91c72ff4-f062-458f-a134-bb0653949194'),
('9ee188ca-2955-4d7a-ba62-29d985cf44b5', '7792f3f1-9f80-47fd-acd6-b6cf3bcc24ce'),
('9ee188ca-2955-4d7a-ba62-29d985cf44b5', '7c705020-e5cb-40e6-8748-e51e2bdab8ea'),
('9ee188ca-2955-4d7a-ba62-29d985cf44b5', '88612459-24b9-4a2c-b93d-6c2ee48d09cf'),
('9ee188ca-2955-4d7a-ba62-29d985cf44b5', 'a3fa5a42-0012-4bdc-8654-0e4ed071bc22'),
('9ee188ca-2955-4d7a-ba62-29d985cf44b5', '306d8152-0a8e-48cd-922c-fc325fa02a39'),
('9ee188ca-2955-4d7a-ba62-29d985cf44b5', '0b0734d8-8133-48bf-89c1-b15be5ec4978'),
('9ee188ca-2955-4d7a-ba62-29d985cf44b5', 'c2dce61f-ea4b-4c67-a985-bf62292e89d0'),
('14c7955b-c7f1-4ec7-8e6b-d105b882ffd0', '48dfe682-0fab-4996-a672-d1b0e5135e8a'),
('14c7955b-c7f1-4ec7-8e6b-d105b882ffd0', 'a5b9d869-f2b8-458d-b129-afd5baa79d5a'),
('14c7955b-c7f1-4ec7-8e6b-d105b882ffd0', '4ce46104-602a-4a3e-9402-25ad4fea3dfb'),
('14c7955b-c7f1-4ec7-8e6b-d105b882ffd0', '4394b698-fedd-4661-aba5-e0f5da67357d'),
('14c7955b-c7f1-4ec7-8e6b-d105b882ffd0', '6028a8a1-22af-4667-8302-fd9fae1a4ffb'),
('14c7955b-c7f1-4ec7-8e6b-d105b882ffd0', 'ccf5f549-31c9-4c23-8993-c9003b8bdc14'),
('14c7955b-c7f1-4ec7-8e6b-d105b882ffd0', '7792f3f1-9f80-47fd-acd6-b6cf3bcc24ce'),
('14c7955b-c7f1-4ec7-8e6b-d105b882ffd0', '8f42092d-108c-48b2-91e9-5ad23676f634'),
('14c7955b-c7f1-4ec7-8e6b-d105b882ffd0', '0361a02a-a19f-40cd-b3dc-5393adae67d3'),
('14c7955b-c7f1-4ec7-8e6b-d105b882ffd0', '0c47e5e2-1d82-4f6b-9f2d-e54215c963f5'),
('4f58dc8a-111d-476a-a087-99b9b74aa27d', 'afd35c62-740d-48f0-8e8b-17f7ed459dd7'),
('4f58dc8a-111d-476a-a087-99b9b74aa27d', '5397caa6-edcc-452a-bda6-537b8f0fdb36'),
('4f58dc8a-111d-476a-a087-99b9b74aa27d', '0faae59d-4afb-4ecf-b5bd-8b43f9d97fd9'),
('4f58dc8a-111d-476a-a087-99b9b74aa27d', '5a8c47db-962b-4476-90be-8fafac05e628'),
('4f58dc8a-111d-476a-a087-99b9b74aa27d', '7cb0240f-1be6-4dd1-b7cd-a1e405eb6aa9'),
('4f58dc8a-111d-476a-a087-99b9b74aa27d', 'ccc32f4d-89ec-431f-bdff-d512e2be51c3'),
('4f58dc8a-111d-476a-a087-99b9b74aa27d', 'a76c2362-dc49-46a9-985c-ce324c3a485e'),
('4f58dc8a-111d-476a-a087-99b9b74aa27d', '619e5e69-3457-41c2-a761-4cb1c2795e8d'),
('4f58dc8a-111d-476a-a087-99b9b74aa27d', 'e9817f69-54f2-4e05-b59d-439eba8951db'),
('4f58dc8a-111d-476a-a087-99b9b74aa27d', '3273ea83-b8af-464b-86c5-08792aeb2859'),
('23d2760f-9b06-45e7-8da9-86c8b595dc90', 'a5b9d869-f2b8-458d-b129-afd5baa79d5a'),
('23d2760f-9b06-45e7-8da9-86c8b595dc90', '3a68184a-d230-4883-8192-fe53161b7a2b'),
('23d2760f-9b06-45e7-8da9-86c8b595dc90', 'd1f449a7-e816-4c1b-a2c1-7eb600ace33f'),
('23d2760f-9b06-45e7-8da9-86c8b595dc90', '20c9bad9-82ae-4a32-b679-62a9f55e5072'),
('23d2760f-9b06-45e7-8da9-86c8b595dc90', '0b0734d8-8133-48bf-89c1-b15be5ec4978'),
('23d2760f-9b06-45e7-8da9-86c8b595dc90', '46da1864-0eee-46aa-8a4a-e6ae844c3d1d'),
('23d2760f-9b06-45e7-8da9-86c8b595dc90', '58a83728-a0cc-46ff-bb21-f2172f63e19b'),
('23d2760f-9b06-45e7-8da9-86c8b595dc90', '980b1d2d-804b-417a-bd58-bad022556648'),
('23d2760f-9b06-45e7-8da9-86c8b595dc90', '8a8fd27e-c686-48be-9285-a89a3f779943'),
('23d2760f-9b06-45e7-8da9-86c8b595dc90', '6fe24507-de82-4bf1-9e8c-195b633c8418'),
('23facb3c-62b6-4306-939d-7556d406b938', '933d5776-fb6d-4546-aabf-fcfe088c53d2'),
('23facb3c-62b6-4306-939d-7556d406b938', '8fccc1ba-8d90-4f44-bffc-8374a7048472'),
('23facb3c-62b6-4306-939d-7556d406b938', 'a76c2362-dc49-46a9-985c-ce324c3a485e'),
('23facb3c-62b6-4306-939d-7556d406b938', '8a8fd27e-c686-48be-9285-a89a3f779943'),
('23facb3c-62b6-4306-939d-7556d406b938', '7cb0240f-1be6-4dd1-b7cd-a1e405eb6aa9'),
('23facb3c-62b6-4306-939d-7556d406b938', '3c5e8818-500f-478b-9a68-07c3fd10b80a'),
('23facb3c-62b6-4306-939d-7556d406b938', 'b72c5dbb-62a9-436f-919a-920b1f76d61e'),
('23facb3c-62b6-4306-939d-7556d406b938', 'ca819539-1f2a-4ab3-a648-000b662da030'),
('23facb3c-62b6-4306-939d-7556d406b938', '71282b17-bea9-463b-aff6-a1a994a34b39'),
('23facb3c-62b6-4306-939d-7556d406b938', 'c4b7debc-459f-43c6-bfc1-6fcd0193f94e'),
('746717e8-cb84-475d-b0fb-ae9817504f69', 'a69898ec-eda1-4459-ae3e-633014d21cd2'),
('746717e8-cb84-475d-b0fb-ae9817504f69', '3a68184a-d230-4883-8192-fe53161b7a2b'),
('746717e8-cb84-475d-b0fb-ae9817504f69', 'e9817f69-54f2-4e05-b59d-439eba8951db'),
('746717e8-cb84-475d-b0fb-ae9817504f69', 'd95f838e-f69f-4058-9e74-cb2287ff4488'),
('746717e8-cb84-475d-b0fb-ae9817504f69', '4394b698-fedd-4661-aba5-e0f5da67357d'),
('746717e8-cb84-475d-b0fb-ae9817504f69', 'c4b7debc-459f-43c6-bfc1-6fcd0193f94e'),
('746717e8-cb84-475d-b0fb-ae9817504f69', 'c325c4d7-5c45-4530-b0b9-b9789681ea00'),
('746717e8-cb84-475d-b0fb-ae9817504f69', 'c2dce61f-ea4b-4c67-a985-bf62292e89d0'),
('746717e8-cb84-475d-b0fb-ae9817504f69', 'd409ed01-f384-40bc-9434-3b9b42bd1e08'),
('746717e8-cb84-475d-b0fb-ae9817504f69', 'adbb530b-c0c4-4107-88dd-042c73ed7a0e'),
('3bfb37be-0e12-4bb1-af05-e072647b7e83', '9fd7b229-3191-43db-b83e-f47e9bb8c759'),
('3bfb37be-0e12-4bb1-af05-e072647b7e83', '71282b17-bea9-463b-aff6-a1a994a34b39'),
('3bfb37be-0e12-4bb1-af05-e072647b7e83', '0361a02a-a19f-40cd-b3dc-5393adae67d3'),
('3bfb37be-0e12-4bb1-af05-e072647b7e83', 'c4b7debc-459f-43c6-bfc1-6fcd0193f94e'),
('3bfb37be-0e12-4bb1-af05-e072647b7e83', '306d8152-0a8e-48cd-922c-fc325fa02a39'),
('3bfb37be-0e12-4bb1-af05-e072647b7e83', '7c705020-e5cb-40e6-8748-e51e2bdab8ea'),
('3bfb37be-0e12-4bb1-af05-e072647b7e83', 'ea47e926-bc3a-45de-bc44-99de137d4a63'),
('3bfb37be-0e12-4bb1-af05-e072647b7e83', '0ec8c8b4-ca0f-4f56-adf3-d13559fda9de'),
('3bfb37be-0e12-4bb1-af05-e072647b7e83', 'a5b9d869-f2b8-458d-b129-afd5baa79d5a'),
('3bfb37be-0e12-4bb1-af05-e072647b7e83', 'a3fa5a42-0012-4bdc-8654-0e4ed071bc22'),
('1b45eed7-72e2-4771-858b-2d15d7c9e137', '70a044e5-53ce-4aa2-bcac-9f0c280aa0ac'),
('1b45eed7-72e2-4771-858b-2d15d7c9e137', 'a7d46617-ea08-4b3f-b06c-510b186512e3'),
('1b45eed7-72e2-4771-858b-2d15d7c9e137', 'd7f0d8b2-0bb4-4807-8b6d-18088dcfb1c4'),
('1b45eed7-72e2-4771-858b-2d15d7c9e137', '4990c7b5-be19-46a9-882d-9c511ec9064f'),
('1b45eed7-72e2-4771-858b-2d15d7c9e137', 'f54d6bcd-2ef5-4abb-9361-a60d6b507edd'),
('1b45eed7-72e2-4771-858b-2d15d7c9e137', 'a69898ec-eda1-4459-ae3e-633014d21cd2'),
('1b45eed7-72e2-4771-858b-2d15d7c9e137', '2eadb3ff-a178-4a3e-b782-cf661410e270'),
('1b45eed7-72e2-4771-858b-2d15d7c9e137', '7792f3f1-9f80-47fd-acd6-b6cf3bcc24ce'),
('1b45eed7-72e2-4771-858b-2d15d7c9e137', '84cd768c-e348-4a8f-a3b5-e8996e2a08f3'),
('1b45eed7-72e2-4771-858b-2d15d7c9e137', '79f401ac-4525-42f5-ae30-5341a433b082'); 

INSERT INTO [FreelanceQuizResults] ([Id], [CompletedAt], [TotalCorrect], [FreelancerId], [QuizId]) VALUES
('2e5d4587-aa8a-4e0c-994a-5684e4328834', '2024-03-25T11:06:22.739152', 5, 'c8ee1679-1c0d-430b-8ac6-c0619f2d3f60', 'a49b397e-69e2-4b03-ba56-4da6024f9a56'),
('027df484-fe9b-4e3c-ad77-0b77b4520498', '2024-03-25T11:06:22.739152', 5, '054d75f5-1670-4212-a505-d71c310ba7ee', '23d2760f-9b06-45e7-8da9-86c8b595dc90'),
('0b60555b-a933-48e7-9911-bf5a8ee750c0', '2024-03-25T11:06:22.739152', 5, 'c8ee1679-1c0d-430b-8ac6-c0619f2d3f60', '14c7955b-c7f1-4ec7-8e6b-d105b882ffd0'),
('08087632-2165-47eb-855c-7b1e9bf54a70', '2024-03-25T11:06:22.739152', 5, 'b0aadd0a-e5bf-4a0f-8687-11d4fa95f2da', '9ee188ca-2955-4d7a-ba62-29d985cf44b5'),
('6a478c93-f022-4741-8147-2e6e346b29bc', '2024-03-25T11:06:22.739152', 5, '054d75f5-1670-4212-a505-d71c310ba7ee', '23d2760f-9b06-45e7-8da9-86c8b595dc90'),
('dbe96e7c-9340-4f92-af57-0f74f9808672', '2024-03-25T11:06:22.739152', 5, '054d75f5-1670-4212-a505-d71c310ba7ee', '4f58dc8a-111d-476a-a087-99b9b74aa27d'),
('5e3b69b2-7d37-44e0-bb24-bccbc9bb3351', '2024-03-25T11:06:22.739152', 5, 'b0aadd0a-e5bf-4a0f-8687-11d4fa95f2da', 'a49b397e-69e2-4b03-ba56-4da6024f9a56'),
('dfc2f9ba-207f-4219-913c-6ec307374c57', '2024-03-25T11:06:22.739152', 5, '595573b0-ac4a-40a8-bb71-226dd487b49d', '23d2760f-9b06-45e7-8da9-86c8b595dc90'),
('136a3af3-3f80-4bbb-9445-3d8caab49126', '2024-03-25T11:06:22.739152', 5, 'b0aadd0a-e5bf-4a0f-8687-11d4fa95f2da', '9ee188ca-2955-4d7a-ba62-29d985cf44b5'),
('57f4e689-df9f-44d3-bfd7-539221de2908', '2024-03-25T11:06:22.739152', 5, 'aef98406-b550-4193-be31-183982da0f0b', '23facb3c-62b6-4306-939d-7556d406b938'),
('2f8cad50-affb-49c9-9470-b3c81b68c023', '2024-03-25T11:06:22.739152', 5, 'efa7888c-c71f-4852-8c53-a77016a9a63c', '3bfb37be-0e12-4bb1-af05-e072647b7e83'),
('08db495c-40b1-4297-99ce-f525a79c9cfa', '2024-03-25T11:06:22.739152', 5, 'efa7888c-c71f-4852-8c53-a77016a9a63c', '1b45eed7-72e2-4771-858b-2d15d7c9e137'),
('332b8301-d23f-4159-87ca-d6e12cc4881f', '2024-03-25T11:06:22.739152', 5, 'c8ee1679-1c0d-430b-8ac6-c0619f2d3f60', '144b8199-deea-4b71-aa23-f5a174107e3a'),
('5d0f15e5-15bf-43b7-8fed-65a3ae119a23', '2024-03-25T11:06:22.740149', 5, '595573b0-ac4a-40a8-bb71-226dd487b49d', '3bfb37be-0e12-4bb1-af05-e072647b7e83'),
('ad78f968-cc9b-477f-9970-e4cf2171b8ae', '2024-03-25T11:06:22.740149', 5, '054d75f5-1670-4212-a505-d71c310ba7ee', '746717e8-cb84-475d-b0fb-ae9817504f69'),
('8e2d7d37-3efc-4457-abe7-03ef894824fb', '2024-03-25T11:06:22.740149', 5, '054d75f5-1670-4212-a505-d71c310ba7ee', '23facb3c-62b6-4306-939d-7556d406b938'),
('26b8286e-3e63-4e08-b446-2ead9de90213', '2024-03-25T11:06:22.740149', 5, 'aef98406-b550-4193-be31-183982da0f0b', '23facb3c-62b6-4306-939d-7556d406b938'),
('b252f3e0-9c39-405f-aa01-3c94bf295382', '2024-03-25T11:06:22.740149', 5, 'c8ee1679-1c0d-430b-8ac6-c0619f2d3f60', '9ee188ca-2955-4d7a-ba62-29d985cf44b5'),
('60c1be57-51fc-498e-9f2f-c08c19e15fe5', '2024-03-25T11:06:22.740149', 5, 'b0aadd0a-e5bf-4a0f-8687-11d4fa95f2da', '14c7955b-c7f1-4ec7-8e6b-d105b882ffd0'),
('f27e90b9-0337-4302-93c5-c96382438278', '2024-03-25T11:06:22.740149', 5, 'efa7888c-c71f-4852-8c53-a77016a9a63c', '9ee188ca-2955-4d7a-ba62-29d985cf44b5'); 

INSERT INTO [FreelanceCorrectQuestions] ([ResultId], [QuestionId]) VALUES
('2e5d4587-aa8a-4e0c-994a-5684e4328834', '3c5e8818-500f-478b-9a68-07c3fd10b80a'),
('2e5d4587-aa8a-4e0c-994a-5684e4328834', '0b0734d8-8133-48bf-89c1-b15be5ec4978'),
('2e5d4587-aa8a-4e0c-994a-5684e4328834', '3ec9561d-e5a4-4683-a754-2eacbc2f1843'),
('2e5d4587-aa8a-4e0c-994a-5684e4328834', '8f42092d-108c-48b2-91e9-5ad23676f634'),
('2e5d4587-aa8a-4e0c-994a-5684e4328834', '09dbbdd8-da5b-4114-bd9f-0304b11e3881'),
('027df484-fe9b-4e3c-ad77-0b77b4520498', 'a5b9d869-f2b8-458d-b129-afd5baa79d5a'),
('027df484-fe9b-4e3c-ad77-0b77b4520498', '6fe24507-de82-4bf1-9e8c-195b633c8418'),
('027df484-fe9b-4e3c-ad77-0b77b4520498', '8a8fd27e-c686-48be-9285-a89a3f779943'),
('027df484-fe9b-4e3c-ad77-0b77b4520498', '3a68184a-d230-4883-8192-fe53161b7a2b'),
('027df484-fe9b-4e3c-ad77-0b77b4520498', 'd1f449a7-e816-4c1b-a2c1-7eb600ace33f'),
('0b60555b-a933-48e7-9911-bf5a8ee750c0', '4ce46104-602a-4a3e-9402-25ad4fea3dfb'),
('0b60555b-a933-48e7-9911-bf5a8ee750c0', 'a5b9d869-f2b8-458d-b129-afd5baa79d5a'),
('0b60555b-a933-48e7-9911-bf5a8ee750c0', '8f42092d-108c-48b2-91e9-5ad23676f634'),
('0b60555b-a933-48e7-9911-bf5a8ee750c0', 'ccf5f549-31c9-4c23-8993-c9003b8bdc14'),
('0b60555b-a933-48e7-9911-bf5a8ee750c0', '4394b698-fedd-4661-aba5-e0f5da67357d'),
('08087632-2165-47eb-855c-7b1e9bf54a70', '7c705020-e5cb-40e6-8748-e51e2bdab8ea'),
('08087632-2165-47eb-855c-7b1e9bf54a70', '91c72ff4-f062-458f-a134-bb0653949194'),
('08087632-2165-47eb-855c-7b1e9bf54a70', '53b9d890-2788-4206-a071-6003af54b122'),
('08087632-2165-47eb-855c-7b1e9bf54a70', 'c92ef72a-8fd3-4f40-8b20-8d35b8b33ee8'),
('08087632-2165-47eb-855c-7b1e9bf54a70', '88612459-24b9-4a2c-b93d-6c2ee48d09cf'),
('6a478c93-f022-4741-8147-2e6e346b29bc', '20c9bad9-82ae-4a32-b679-62a9f55e5072'),
('6a478c93-f022-4741-8147-2e6e346b29bc', '3a68184a-d230-4883-8192-fe53161b7a2b'),
('6a478c93-f022-4741-8147-2e6e346b29bc', '980b1d2d-804b-417a-bd58-bad022556648'),
('6a478c93-f022-4741-8147-2e6e346b29bc', '8a8fd27e-c686-48be-9285-a89a3f779943'),
('6a478c93-f022-4741-8147-2e6e346b29bc', '46da1864-0eee-46aa-8a4a-e6ae844c3d1d'),
('dbe96e7c-9340-4f92-af57-0f74f9808672', '5a8c47db-962b-4476-90be-8fafac05e628'),
('dbe96e7c-9340-4f92-af57-0f74f9808672', '5397caa6-edcc-452a-bda6-537b8f0fdb36'),
('dbe96e7c-9340-4f92-af57-0f74f9808672', '3273ea83-b8af-464b-86c5-08792aeb2859'),
('dbe96e7c-9340-4f92-af57-0f74f9808672', '0faae59d-4afb-4ecf-b5bd-8b43f9d97fd9'),
('dbe96e7c-9340-4f92-af57-0f74f9808672', '619e5e69-3457-41c2-a761-4cb1c2795e8d'),
('5e3b69b2-7d37-44e0-bb24-bccbc9bb3351', '0b0734d8-8133-48bf-89c1-b15be5ec4978'),
('5e3b69b2-7d37-44e0-bb24-bccbc9bb3351', 'ccc32f4d-89ec-431f-bdff-d512e2be51c3'),
('5e3b69b2-7d37-44e0-bb24-bccbc9bb3351', '3ec9561d-e5a4-4683-a754-2eacbc2f1843'),
('5e3b69b2-7d37-44e0-bb24-bccbc9bb3351', '15963ff3-585c-43a9-94f9-b37a37a80ee7'),
('5e3b69b2-7d37-44e0-bb24-bccbc9bb3351', '8f42092d-108c-48b2-91e9-5ad23676f634'),
('dfc2f9ba-207f-4219-913c-6ec307374c57', '58a83728-a0cc-46ff-bb21-f2172f63e19b'),
('dfc2f9ba-207f-4219-913c-6ec307374c57', 'a5b9d869-f2b8-458d-b129-afd5baa79d5a'),
('dfc2f9ba-207f-4219-913c-6ec307374c57', '6fe24507-de82-4bf1-9e8c-195b633c8418'),
('dfc2f9ba-207f-4219-913c-6ec307374c57', '0b0734d8-8133-48bf-89c1-b15be5ec4978'),
('dfc2f9ba-207f-4219-913c-6ec307374c57', 'd1f449a7-e816-4c1b-a2c1-7eb600ace33f'),
('136a3af3-3f80-4bbb-9445-3d8caab49126', '53b9d890-2788-4206-a071-6003af54b122'),
('136a3af3-3f80-4bbb-9445-3d8caab49126', '7c705020-e5cb-40e6-8748-e51e2bdab8ea'),
('136a3af3-3f80-4bbb-9445-3d8caab49126', 'c92ef72a-8fd3-4f40-8b20-8d35b8b33ee8'),
('136a3af3-3f80-4bbb-9445-3d8caab49126', '91c72ff4-f062-458f-a134-bb0653949194'),
('136a3af3-3f80-4bbb-9445-3d8caab49126', '88612459-24b9-4a2c-b93d-6c2ee48d09cf'),
('57f4e689-df9f-44d3-bfd7-539221de2908', '7cb0240f-1be6-4dd1-b7cd-a1e405eb6aa9'),
('57f4e689-df9f-44d3-bfd7-539221de2908', '8a8fd27e-c686-48be-9285-a89a3f779943'),
('57f4e689-df9f-44d3-bfd7-539221de2908', 'a76c2362-dc49-46a9-985c-ce324c3a485e'),
('57f4e689-df9f-44d3-bfd7-539221de2908', 'ca819539-1f2a-4ab3-a648-000b662da030'),
('57f4e689-df9f-44d3-bfd7-539221de2908', 'b72c5dbb-62a9-436f-919a-920b1f76d61e'),
('2f8cad50-affb-49c9-9470-b3c81b68c023', '0361a02a-a19f-40cd-b3dc-5393adae67d3'),
('2f8cad50-affb-49c9-9470-b3c81b68c023', '0ec8c8b4-ca0f-4f56-adf3-d13559fda9de'),
('2f8cad50-affb-49c9-9470-b3c81b68c023', 'c4b7debc-459f-43c6-bfc1-6fcd0193f94e'),
('2f8cad50-affb-49c9-9470-b3c81b68c023', 'ea47e926-bc3a-45de-bc44-99de137d4a63'),
('2f8cad50-affb-49c9-9470-b3c81b68c023', '306d8152-0a8e-48cd-922c-fc325fa02a39'),
('08db495c-40b1-4297-99ce-f525a79c9cfa', '2eadb3ff-a178-4a3e-b782-cf661410e270'),
('08db495c-40b1-4297-99ce-f525a79c9cfa', 'f54d6bcd-2ef5-4abb-9361-a60d6b507edd'),
('08db495c-40b1-4297-99ce-f525a79c9cfa', '70a044e5-53ce-4aa2-bcac-9f0c280aa0ac'),
('08db495c-40b1-4297-99ce-f525a79c9cfa', 'd7f0d8b2-0bb4-4807-8b6d-18088dcfb1c4'),
('08db495c-40b1-4297-99ce-f525a79c9cfa', '7792f3f1-9f80-47fd-acd6-b6cf3bcc24ce'),
('332b8301-d23f-4159-87ca-d6e12cc4881f', '6c88d6da-5a21-42a8-b947-0a885b68f370'),
('332b8301-d23f-4159-87ca-d6e12cc4881f', '7cb0240f-1be6-4dd1-b7cd-a1e405eb6aa9'),
('332b8301-d23f-4159-87ca-d6e12cc4881f', '101ba5fb-9dc2-493d-a11c-2e372b92fe4a'),
('332b8301-d23f-4159-87ca-d6e12cc4881f', '8a8fd27e-c686-48be-9285-a89a3f779943'),
('332b8301-d23f-4159-87ca-d6e12cc4881f', 'c4b7debc-459f-43c6-bfc1-6fcd0193f94e'),
('5d0f15e5-15bf-43b7-8fed-65a3ae119a23', '9fd7b229-3191-43db-b83e-f47e9bb8c759'),
('5d0f15e5-15bf-43b7-8fed-65a3ae119a23', 'a5b9d869-f2b8-458d-b129-afd5baa79d5a'),
('5d0f15e5-15bf-43b7-8fed-65a3ae119a23', 'c4b7debc-459f-43c6-bfc1-6fcd0193f94e'),
('5d0f15e5-15bf-43b7-8fed-65a3ae119a23', '0ec8c8b4-ca0f-4f56-adf3-d13559fda9de'),
('5d0f15e5-15bf-43b7-8fed-65a3ae119a23', '306d8152-0a8e-48cd-922c-fc325fa02a39'),
('ad78f968-cc9b-477f-9970-e4cf2171b8ae', 'c4b7debc-459f-43c6-bfc1-6fcd0193f94e'),
('ad78f968-cc9b-477f-9970-e4cf2171b8ae', 'adbb530b-c0c4-4107-88dd-042c73ed7a0e'),
('ad78f968-cc9b-477f-9970-e4cf2171b8ae', '3a68184a-d230-4883-8192-fe53161b7a2b'),
('ad78f968-cc9b-477f-9970-e4cf2171b8ae', 'c325c4d7-5c45-4530-b0b9-b9789681ea00'),
('ad78f968-cc9b-477f-9970-e4cf2171b8ae', 'a69898ec-eda1-4459-ae3e-633014d21cd2'),
('8e2d7d37-3efc-4457-abe7-03ef894824fb', 'a76c2362-dc49-46a9-985c-ce324c3a485e'),
('8e2d7d37-3efc-4457-abe7-03ef894824fb', 'ca819539-1f2a-4ab3-a648-000b662da030'),
('8e2d7d37-3efc-4457-abe7-03ef894824fb', '8a8fd27e-c686-48be-9285-a89a3f779943'),
('8e2d7d37-3efc-4457-abe7-03ef894824fb', '3c5e8818-500f-478b-9a68-07c3fd10b80a'),
('8e2d7d37-3efc-4457-abe7-03ef894824fb', 'b72c5dbb-62a9-436f-919a-920b1f76d61e'),
('26b8286e-3e63-4e08-b446-2ead9de90213', '8a8fd27e-c686-48be-9285-a89a3f779943'),
('26b8286e-3e63-4e08-b446-2ead9de90213', 'ca819539-1f2a-4ab3-a648-000b662da030'),
('26b8286e-3e63-4e08-b446-2ead9de90213', 'b72c5dbb-62a9-436f-919a-920b1f76d61e'),
('26b8286e-3e63-4e08-b446-2ead9de90213', '71282b17-bea9-463b-aff6-a1a994a34b39'),
('26b8286e-3e63-4e08-b446-2ead9de90213', 'c4b7debc-459f-43c6-bfc1-6fcd0193f94e'),
('b252f3e0-9c39-405f-aa01-3c94bf295382', 'a3fa5a42-0012-4bdc-8654-0e4ed071bc22'),
('b252f3e0-9c39-405f-aa01-3c94bf295382', 'c2dce61f-ea4b-4c67-a985-bf62292e89d0'),
('b252f3e0-9c39-405f-aa01-3c94bf295382', '306d8152-0a8e-48cd-922c-fc325fa02a39'),
('b252f3e0-9c39-405f-aa01-3c94bf295382', '0b0734d8-8133-48bf-89c1-b15be5ec4978'),
('b252f3e0-9c39-405f-aa01-3c94bf295382', '88612459-24b9-4a2c-b93d-6c2ee48d09cf'),
('60c1be57-51fc-498e-9f2f-c08c19e15fe5', 'a5b9d869-f2b8-458d-b129-afd5baa79d5a'),
('60c1be57-51fc-498e-9f2f-c08c19e15fe5', '4ce46104-602a-4a3e-9402-25ad4fea3dfb'),
('60c1be57-51fc-498e-9f2f-c08c19e15fe5', '48dfe682-0fab-4996-a672-d1b0e5135e8a'),
('60c1be57-51fc-498e-9f2f-c08c19e15fe5', '0361a02a-a19f-40cd-b3dc-5393adae67d3'),
('60c1be57-51fc-498e-9f2f-c08c19e15fe5', 'ccf5f549-31c9-4c23-8993-c9003b8bdc14'),
('f27e90b9-0337-4302-93c5-c96382438278', '91c72ff4-f062-458f-a134-bb0653949194'),
('f27e90b9-0337-4302-93c5-c96382438278', '7c705020-e5cb-40e6-8748-e51e2bdab8ea'),
('f27e90b9-0337-4302-93c5-c96382438278', 'c2dce61f-ea4b-4c67-a985-bf62292e89d0'),
('f27e90b9-0337-4302-93c5-c96382438278', '7792f3f1-9f80-47fd-acd6-b6cf3bcc24ce'),
('f27e90b9-0337-4302-93c5-c96382438278', '306d8152-0a8e-48cd-922c-fc325fa02a39'); 

