-- DELETE ALL!!!
Delete from [OrderServiceType];
Delete from [OrderService];
Delete from [Orders];
Delete from [Services];

Delete from [FreelanceSkills];
Delete from [Skills];

DELETE from FreelanceCorrectQuestions;
delete from QuizQuestions;
delete from FreelanceQuizAnswers;
delete from FreelanceQuizQuestions;
delete from FreelanceQuizzes;
DELETE from FreelanceQuizResults;

Delete from [Addresses];
Delete from [Freelancers];
Delete from [Customers];
Delete from [Accounts];

DELETE FROM [ServiceTypes] Where [Id] not in (
'3B8A2D6A-B0E7-46AF-A688-397CEA642603',
'49A42267-D9DC-4E11-87A5-36525D4254D9',
'EF2632F0-47BD-4BBE-A46F-628A28F03D8B',
'DBB78597-043D-47C1-8810-93D392FD09BA');

INSERT INTO [ServiceTypes] ([Id], [Name], [BasePrice], [Description], [ServiceCategoryId], [Image], [Keys]) VALUES
('FD902642-4378-4376-9A77-072644668D15', N'Sửa tivi', 200000.0, N'Sửa chữa để tôi lo', '8A21B21E-DC31-49C8-8B5B-84B69204DC3A', null, null),
('A7E19817-AB88-43A8-B460-237735089C9F', N'Đi mua quần áo', 60000.0, N'Mua sắm hộ siêu nhanh', '6F57D993-EB26-4B35-8C7D-7871A7FD624F', null, null),
('99C88F92-A587-4110-8CBB-299EB2968727', N'Sửa máy tính laptop', 200000.0, N'Hãy yên tâm không nổ đâu', '8A21B21E-DC31-49C8-8B5B-84B69204DC3A', null, null),
('E2E7B569-88B8-4BA6-8B60-3FAB42A6BCF5', N'Đi mua vé concert', 4000000.0, N'Mua sắm hộ siêu nhanh', '6F57D993-EB26-4B35-8C7D-7871A7FD624F', null, null),
('41586551-C098-4FF2-8DEB-45AE7EF64173', N'Đi mua vé xem phim', 20000.0, N'Mua sắm hộ siêu nhanh', '6F57D993-EB26-4B35-8C7D-7871A7FD624F', null, null),
('289CEE0A-8041-4D60-9EB2-478F3311046E', N'Đi siêu thị hộ', 50000.0, N'Mua sắm hộ siêu nhanh', '6F57D993-EB26-4B35-8C7D-7871A7FD624F', null, null),
('E0AE7D37-0CBB-4722-9700-4C13A0BA6D3D', N'Sửa bình gas', 50000000.0, N'Hãy yên tâm không nổ đâu', '8A21B21E-DC31-49C8-8B5B-84B69204DC3A', null, null),
('0CBF59EA-8DCB-4A62-BE82-617153952B1D', N'Sửa máy lạnh', 200000.0, N'Sửa chữa để tôi lo', '8A21B21E-DC31-49C8-8B5B-84B69204DC3A', null, null),
('C82954A1-39D4-4012-86B3-6CAD42C2B399', N'Đi chợ hộ', 40000.0, N'Mua sắm hộ siêu nhanh', '6F57D993-EB26-4B35-8C7D-7871A7FD624F', null, null),
('6A4615D1-0E58-4206-B15E-708E48C1501C', N'Đi siêu thị sang trọng', 100000.0, N'Mua sắm hộ siêu nhanh', '6F57D993-EB26-4B35-8C7D-7871A7FD624F', null, null),
('8800EE29-7A1F-48AD-989C-7669FB278DEA', N'Sửa ống nước', 200000.0, N'Sửa chữa để tôi lo', '8A21B21E-DC31-49C8-8B5B-84B69204DC3A', null, null),
('49993FA5-B4D5-4CBA-B448-7E2B70AFBDD4', N'Sửa máy giặt', 200000.0, N'Sửa máy giặt', '8A21B21E-DC31-49C8-8B5B-84B69204DC3A', null, null),
('6F8F6E58-2A20-413C-90DF-8F665F9B1B8D', N'Đi mua giày camping', 300000.0, N'Mua sắm hộ siêu nhanh', '6F57D993-EB26-4B35-8C7D-7871A7FD624F', null, null),
('9A1EA6DE-0149-42C3-B2A8-E1BFE7C62DF3', N'Sửa bàn ủi', 200000.0, N'Sửa chữa để tôi lo', '8A21B21E-DC31-49C8-8B5B-84B69204DC3A', null, null); 

INSERT INTO [Accounts] ([Id], [Email], [FullName], [DateOfBirth], [Phone], [Role], [Avatar], [RefreshToken], [LoginToken], [LoginTokenExpires], [TokenCreated], [TokenExpires], [IsActive], [IsVerified]) VALUES
('3b49d06b-f468-49c7-8428-ae899c273359', null, N'Phan Hữu Tường', '1988-08-21', '+84842942455', 'Customer', 'https://detoivn.sirv.com/customer_avt/user-avt%20(2).png', 'string', 'default', '2024-03-24T14:17:56.739468', '2024-03-24 14:07:56.739468', '2024-03-24 14:17:56.739468', 1, 1),
('711faca2-c8c9-49b6-8c50-36222875a0dd', null, N'Hoàng Linh Nhi', '2002-03-10', '+84861709636', 'Freelancer', 'https://detoivn.sirv.com/customer_avt/user-avt%20(1).png', 'string', 'default', '2024-03-24T14:17:56.743583', '2024-03-24 14:07:56.743583', '2024-03-24 14:17:56.743583', 1, 1),
('703c88dc-a784-400d-ad2d-15166ad41a93', null, N'Trương Diễm Lệ', '2002-05-21', '+84762188881', 'Customer', 'https://detoivn.sirv.com/customer_avt/user-avt%20(2).png', 'string', 'default', '2024-03-24T14:17:56.745652', '2024-03-24 14:07:56.745652', '2024-03-24 14:17:56.745652', 1, 1),
('4ebc9ac7-487c-4505-81cb-c179596cf88e', null, N'Vũ Trần Quang Tuấn', '1989-08-06', '+84706655273', 'Freelancer', 'https://detoivn.sirv.com/customer_avt/user-avt%20(2).png', 'string', 'default', '2024-03-24T14:17:56.748327', '2024-03-24 14:07:56.748327', '2024-03-24 14:17:56.748327', 1, 1),
('317ce9a4-30ce-4c6d-96b0-fd0b658b9a53', null, N'Vũ Tuấn Khanh', '1978-03-16', '+84984321386', 'Customer', 'https://detoivn.sirv.com/customer_avt/user-avt%20(2).png', 'string', 'default', '2024-03-24T14:17:56.751350', '2024-03-24 14:07:56.751350', '2024-03-24 14:17:56.751350', 1, 1),
('1b09ce5a-7594-4949-82ad-e17724335f5d', null, N'Phạm Khắc Vũ', '1993-07-06', '+84703489772', 'Freelancer', 'https://detoivn.sirv.com/customer_avt/user-avt%20(3).png', 'string', 'default', '2024-03-24T14:17:56.753361', '2024-03-24 14:07:56.753361', '2024-03-24 14:17:56.753361', 1, 1),
('5d3e0da7-492e-4c56-95ed-796a7ada9f69', null, N'Trương Hữu Canh', '2003-11-20', '+84798010202', 'Freelancer', 'https://detoivn.sirv.com/customer_avt/user-avt%20(2).png', 'string', 'default', '2024-03-24T14:17:56.755904', '2024-03-24 14:07:56.755904', '2024-03-24 14:17:56.755904', 1, 1),
('1c8c1d53-e946-4cb6-99c8-fcf4817d3aa0', null, N'Trương Thành Nhân', '2002-02-12', '+84327503615', 'Freelancer', 'https://detoivn.sirv.com/customer_avt/user-avt%20(2).png', 'string', 'default', '2024-03-24T14:17:56.757904', '2024-03-24 14:07:56.757904', '2024-03-24 14:17:56.757904', 1, 1),
('98968f4f-d6f2-48c8-9b67-3ce27a147013', null, N'Hồ Hoài Giang', '1976-08-07', '+84933619879', 'Customer', 'https://detoivn.sirv.com/customer_avt/user-avt%20(3).png', 'string', 'default', '2024-03-24T14:17:56.759905', '2024-03-24 14:07:56.759905', '2024-03-24 14:17:56.759905', 1, 1),
('b2a84ec2-f96b-428b-8d3d-2c359b4a9bb6', null, N'Đặng Nguyễn Hòa Thái', '2002-08-17', '+84385237688', 'Freelancer', 'https://detoivn.sirv.com/customer_avt/user-avt%20(1).png', 'string', 'default', '2024-03-24T14:17:56.762915', '2024-03-24 14:07:56.762915', '2024-03-24 14:17:56.762915', 1, 1); 

INSERT INTO [Freelancers] ([Id], [AccountId], [Rating], [TotalReviewCount], [Balance], [OrderCount], [LoveCount], [PositiveReviewCount], [IdentityNumber], [IsTeam], [Description], [TeamMemberCount]) VALUES
('d023cc0a-83b0-4ab4-b731-e068f05db643', '711faca2-c8c9-49b6-8c50-36222875a0dd', 0, 0, 0, 0, 0, 0, '051200000011', 1, 'Fire happen nothing support suffer which parent. Republican total policy head Mrs debate onto. Catch even front. Responsibility full per among clearly word.', 4),
('657024fc-be8c-404e-8ebb-b4f6e9348d65', '4ebc9ac7-487c-4505-81cb-c179596cf88e', 0, 0, 0, 0, 0, 0, '051200000012', 1, 'Record interview few same. Turn phone heart window. Assume be seek article. Better news face. Small research describe base detail yourself one. Issue grow ask tell.', 2),
('539a7c46-d3da-45ef-aba5-527cf62f7380', '1b09ce5a-7594-4949-82ad-e17724335f5d', 0, 0, 0, 0, 0, 0, '051200000013', 0, 'Many true follow marriage material prove dark. Use act relationship section five focus modern themselves. Six success on responsibility southern at be than. At candidate feel. Former claim chance prevent why measure too.', 1),
('d1c68475-2ff6-493f-8361-ee4049a9a448', '5d3e0da7-492e-4c56-95ed-796a7ada9f69', 0, 0, 0, 0, 0, 0, '051200000014', 0, 'Do ten after those scientist few now four. Teacher wall field impact special artist political. Dream role free walk. Individual man tell response purpose character would. Along letter learn big sing after. Pay picture black near get himself simply make.', 1),
('6c663089-4f85-4b28-9931-65a88b7d6352', '1c8c1d53-e946-4cb6-99c8-fcf4817d3aa0', 0, 0, 0, 0, 0, 0, '051200000015', 0, 'Team yet although hot he couple ground. Away and various main too war project occur. Director simply those physical maybe.', 1),
('efab70bc-f4f1-4dd3-9eb5-d3b38979d82e', 'b2a84ec2-f96b-428b-8d3d-2c359b4a9bb6', 0, 0, 0, 0, 0, 0, '051200000016', 0, 'Grow ahead girl act. Standard audience throw debate daughter. Security fall ready usually.', 1); 

INSERT INTO [Customers] ([Id], [AccountId], [CustomerRank], [MemberPoint]) VALUES
('80ac6f53-c836-4a16-a30a-771842141349', '3b49d06b-f468-49c7-8428-ae899c273359', 'Unranked', 0),
('e4b4c721-50ad-4e2d-bf60-30abfaf5c755', '703c88dc-a784-400d-ad2d-15166ad41a93', 'Unranked', 0),
('c8ef1cef-5066-4f98-adee-0a4edc874768', '317ce9a4-30ce-4c6d-96b0-fd0b658b9a53', 'Unranked', 0),
('7a479846-dcca-44c1-a3c8-4bae2297726a', '98968f4f-d6f2-48c8-9b67-3ce27a147013', 'Unranked', 0); 

INSERT INTO [Addresses] ([Id], [Lat], [Lon], [CustomerAccountId], [FreelanceAccountId], [AddressLine], [Ward], [District], [Province], [Country]) VALUES
('9d295f5e-42e9-4f68-8d55-4aab37cbc93f', 10.528503411627456, 106.7388105406859, '80ac6f53-c836-4a16-a30a-771842141349', null, 'test address', N'Phường 6', N'Quận 11', N'Thành phố Hồ Chí Minh', N'Việt Nam'),
('057212e8-7f46-4019-b8b3-939494ce224d', 10.818988522526896, 106.7743067415901, null, 'd023cc0a-83b0-4ab4-b731-e068f05db643', 'test address', N'Phường An Lạc', N'Quận Bình Tân', N'Thành phố Hồ Chí Minh', N'Việt Nam'),
('329bcbcf-d671-45e0-baf6-10c773b0ded0', 10.564570469806087, 106.7180537494421, 'e4b4c721-50ad-4e2d-bf60-30abfaf5c755', null, 'test address', N'Phường 1', N'Quận 10', N'Thành phố Hồ Chí Minh', N'Việt Nam'),
('f2446f77-7565-4a2d-8dac-8edbbab3e07b', 10.788290177668097, 106.8945897097663, null, '657024fc-be8c-404e-8ebb-b4f6e9348d65', 'test address', N'Phường 15', N'Quận Bình Thạnh', N'Thành phố Hồ Chí Minh', N'Việt Nam'),
('0b54d565-620c-4257-b7ec-218bd3bc00f6', 10.607624149794137, 106.68885503789544, 'c8ef1cef-5066-4f98-adee-0a4edc874768', null, 'test address', N'Phường 4', N'Quận 8', N'Thành phố Hồ Chí Minh', N'Việt Nam'),
('b291dd09-55e4-42c6-970c-13085299e61b', 10.608817564696148, 106.7847991689865, null, '539a7c46-d3da-45ef-aba5-527cf62f7380', 'test address', N'Phường 15', N'Quận 5', N'Thành phố Hồ Chí Minh', N'Việt Nam'),
('50f8cdd3-db05-4823-bca4-f9c1f15c1d0e', 10.538824418523365, 106.931801629082, null, 'd1c68475-2ff6-493f-8361-ee4049a9a448', 'test address', N'Phường 8', N'Quận 4', N'Thành phố Hồ Chí Minh', N'Việt Nam'),
('98a1d429-ef9c-4acc-bd33-9984c554d85e', 10.93745960050975, 106.69584295683505, null, '6c663089-4f85-4b28-9931-65a88b7d6352', 'test address', N'Phường 11', N'Quận 10', N'Thành phố Hồ Chí Minh', N'Việt Nam'),
('feb9600a-7b2c-4182-9e47-d4fa4482388d', 10.894398139673887, 106.91341251020324, '7a479846-dcca-44c1-a3c8-4bae2297726a', null, 'test address', N'Phường 6', N'Quận 3', N'Thành phố Hồ Chí Minh', N'Việt Nam'),
('e813fdeb-1b61-4e27-b082-71323d79fe4e', 10.919404960370525, 106.60938406234708, null, 'efab70bc-f4f1-4dd3-9eb5-d3b38979d82e', 'test address', N'Phường Phước Long A', N'Quận 9', N'Thành phố Hồ Chí Minh', N'Việt Nam'); 

INSERT INTO [Skills] (Id, Name, Description, SkillCategory) VALUES
('6bd9271b-cc3b-47cc-b450-ded4def793ad', 'House Cleaning', 'American whole magazine truth stop whose.', 'CleaningService'),
('ecd115ec-1d48-41df-8cb2-f2dfbf27e762', 'Office Cleaning', 'Through despite cause cause believe son would mouth.', 'CleaningService'),
('18a86778-4f4e-420d-bacd-b0ccc24f596e', 'Deep Cleaning', 'Financial role together range.', 'CleaningService'),
('3b393017-2571-4ba6-afdc-020a3845fb63', 'Carpet Cleaning', 'Beyond its particularly tree whom local tend.', 'CleaningService'),
('72c94025-efef-4d3d-bfad-1de0111a0297', 'Window Cleaning', 'Source nature add rest.', 'CleaningService'),
('26f8bbb9-03c7-4a6a-81c2-d2ea890c555c', 'Maid Service', 'Ability management test during foot that course nothing.', 'CleaningService'),
('6331ded6-d5ba-4680-955b-be43a2a86a19', 'Janitorial Service', 'Sort language ball floor.', 'CleaningService'),
('5d2e17ab-1dda-4e8c-88bb-4b6b24b8a789', 'Disinfection Service', 'Board necessary religious natural sport music white.', 'CleaningService'),
('816ff44c-8a65-4d74-a8d8-448ac78d4ca3', 'Eco-friendly Cleaning', 'Onto knowledge other his offer face country.', 'CleaningService'),
('559386d0-d9be-41f0-b223-296344b1a54f', 'Move-in/Move-out Cleaning', 'Party prevent live.', 'CleaningService'),
('b02ff873-37ef-4ca8-89ee-2b2efc201c51', 'Appliance Repair', 'Theory type successful together.', 'RepairingService'),
('4adfd472-1cae-4303-9a1e-8a37e0d9d48c', 'Refrigerator Repair', 'Study modern miss dog Democrat quickly.', 'RepairingService'),
('bdbbb611-6e6f-4aa0-a6b2-79945004f976', 'Washer/Dryer Repair', 'Every manage political record word group food break.', 'RepairingService'),
('03091e29-325e-45a6-9ebd-3bf6688509f0', 'Oven/Range Repair', 'Friend couple administration even relate head color international.', 'RepairingService'),
('821220ec-289a-415e-8ba8-37e68af739c2', 'Dishwasher Repair', 'Situation talk despite stage.', 'RepairingService'),
('4538407c-7b40-4e96-ab37-79887367f65f', 'HVAC Repair', 'Quite ago play paper office hospital have wonder.', 'RepairingService'),
('953cf5de-6822-4100-ad8b-92ef8db00268', 'Plumbing Repair', 'Against which continue buy decision song view age.', 'RepairingService'),
('f24fa5be-d0ce-4565-ae5f-a0d34a08c4c3', 'Electrical Repair', 'Big employee determine positive go Congress mean always.', 'RepairingService'),
('066deaa3-9354-4412-b37d-5a97c092c975', 'Small Appliance Repair', 'Current grow rule stuff truth college.', 'RepairingService'),
('b3e46fcd-f74b-4d5f-8177-7496b307566d', 'Garbage Disposal Repair', 'Small citizen class morning.', 'RepairingService'),
('93d42916-e751-49cf-93b0-4aaee9d65bc6', 'Personal Shopping', 'Tv program actually race tonight themselves true power.', 'ShoppingService'),
('06a8f895-2ae8-49b3-bb38-fe3699d39968', 'Grocery Shopping', 'Check real leader bad school.', 'ShoppingService'),
('d6d0b621-9612-42b9-bf08-731d6b6348b5', 'Errand Service', 'Care several loss particular pull.', 'ShoppingService'),
('5340abbb-8c07-4563-b5b5-51bbe1dc6516', 'Shopping Assistance', 'Car financial security stock ball organization recognize civil.', 'ShoppingService'),
('711f1ce2-9cb9-49ef-98e1-619934df83a3', 'Gift Shopping', 'Her then nothing increase I reduce industry.', 'ShoppingService'),
('710eea9e-019a-4cd0-9dc4-053db0239c6f', 'Online Shopping', 'Knowledge else citizen month.', 'ShoppingService'),
('5093f599-7543-4e50-9b8d-a2097c4bd09d', 'Bulk Shopping', 'Page a although for study anyone state.', 'ShoppingService'),
('15914709-23e0-4a02-ba40-624670525d6e', 'Specialty Store Shopping', 'Nature white without study candidate.', 'ShoppingService'),
('a8161ef1-7589-4307-b4b9-6cfd541a097e', 'Holiday Shopping', 'Wear individual about add senior woman.', 'ShoppingService'),
('70dd2f2a-9fb3-4006-a53a-89d3f6877fa0', 'Fashion Styling', 'Best budget power them evidence without beyond take.', 'ShoppingService'); 

INSERT INTO [FreelanceSkills] ([FreelancerId], [SkillId]) VALUES
('d023cc0a-83b0-4ab4-b731-e068f05db643', 'bdbbb611-6e6f-4aa0-a6b2-79945004f976'),
('d023cc0a-83b0-4ab4-b731-e068f05db643', 'f24fa5be-d0ce-4565-ae5f-a0d34a08c4c3'),
('d023cc0a-83b0-4ab4-b731-e068f05db643', '72c94025-efef-4d3d-bfad-1de0111a0297'),
('d023cc0a-83b0-4ab4-b731-e068f05db643', '559386d0-d9be-41f0-b223-296344b1a54f'),
('d023cc0a-83b0-4ab4-b731-e068f05db643', '3b393017-2571-4ba6-afdc-020a3845fb63'),
('657024fc-be8c-404e-8ebb-b4f6e9348d65', '821220ec-289a-415e-8ba8-37e68af739c2'),
('657024fc-be8c-404e-8ebb-b4f6e9348d65', '711f1ce2-9cb9-49ef-98e1-619934df83a3'),
('657024fc-be8c-404e-8ebb-b4f6e9348d65', '06a8f895-2ae8-49b3-bb38-fe3699d39968'),
('657024fc-be8c-404e-8ebb-b4f6e9348d65', '6331ded6-d5ba-4680-955b-be43a2a86a19'),
('657024fc-be8c-404e-8ebb-b4f6e9348d65', '3b393017-2571-4ba6-afdc-020a3845fb63'),
('657024fc-be8c-404e-8ebb-b4f6e9348d65', '4538407c-7b40-4e96-ab37-79887367f65f'),
('657024fc-be8c-404e-8ebb-b4f6e9348d65', 'bdbbb611-6e6f-4aa0-a6b2-79945004f976'),
('539a7c46-d3da-45ef-aba5-527cf62f7380', 'ecd115ec-1d48-41df-8cb2-f2dfbf27e762'),
('539a7c46-d3da-45ef-aba5-527cf62f7380', '066deaa3-9354-4412-b37d-5a97c092c975'),
('539a7c46-d3da-45ef-aba5-527cf62f7380', '18a86778-4f4e-420d-bacd-b0ccc24f596e'),
('539a7c46-d3da-45ef-aba5-527cf62f7380', '06a8f895-2ae8-49b3-bb38-fe3699d39968'),
('539a7c46-d3da-45ef-aba5-527cf62f7380', '710eea9e-019a-4cd0-9dc4-053db0239c6f'),
('539a7c46-d3da-45ef-aba5-527cf62f7380', '953cf5de-6822-4100-ad8b-92ef8db00268'),
('539a7c46-d3da-45ef-aba5-527cf62f7380', 'b3e46fcd-f74b-4d5f-8177-7496b307566d'),
('d1c68475-2ff6-493f-8361-ee4049a9a448', 'b3e46fcd-f74b-4d5f-8177-7496b307566d'),
('d1c68475-2ff6-493f-8361-ee4049a9a448', 'd6d0b621-9612-42b9-bf08-731d6b6348b5'),
('d1c68475-2ff6-493f-8361-ee4049a9a448', '821220ec-289a-415e-8ba8-37e68af739c2'),
('6c663089-4f85-4b28-9931-65a88b7d6352', '03091e29-325e-45a6-9ebd-3bf6688509f0'),
('6c663089-4f85-4b28-9931-65a88b7d6352', '953cf5de-6822-4100-ad8b-92ef8db00268'),
('6c663089-4f85-4b28-9931-65a88b7d6352', '559386d0-d9be-41f0-b223-296344b1a54f'),
('6c663089-4f85-4b28-9931-65a88b7d6352', '3b393017-2571-4ba6-afdc-020a3845fb63'),
('6c663089-4f85-4b28-9931-65a88b7d6352', '72c94025-efef-4d3d-bfad-1de0111a0297'),
('6c663089-4f85-4b28-9931-65a88b7d6352', '70dd2f2a-9fb3-4006-a53a-89d3f6877fa0'),
('6c663089-4f85-4b28-9931-65a88b7d6352', '066deaa3-9354-4412-b37d-5a97c092c975'),
('efab70bc-f4f1-4dd3-9eb5-d3b38979d82e', '15914709-23e0-4a02-ba40-624670525d6e'),
('efab70bc-f4f1-4dd3-9eb5-d3b38979d82e', '72c94025-efef-4d3d-bfad-1de0111a0297'),
('efab70bc-f4f1-4dd3-9eb5-d3b38979d82e', '26f8bbb9-03c7-4a6a-81c2-d2ea890c555c'),
('efab70bc-f4f1-4dd3-9eb5-d3b38979d82e', '821220ec-289a-415e-8ba8-37e68af739c2'); 

INSERT INTO [Orders] ([Id], [AddressId], [EstimatedPrice], [StartTime], [FinishTime], [CreatedTime], [FreelancerId], [CustomerId], [Rating], [Comment], [ServiceStatusId]) VALUES
('9f64753c-320e-4bfb-90bb-7be476855eae', 'feb9600a-7b2c-4182-9e47-d4fa4482388d', 600000, '2024-01-13T00:00:00.000000', '2024-01-13T00:00:00.000000', '2024-01-12T00:00:00.000000', 'efab70bc-f4f1-4dd3-9eb5-d3b38979d82e', '7a479846-dcca-44c1-a3c8-4bae2297726a', 3.5, N'Đặng Nguyễn Hòa Thái cần được cải thiện. Tôi cảm thấy mình không nhận được giá trị tương xứng với số tiền bỏ ra.', 'a7d1f0e8-2a6f-4b9d-aa1c-10f58a1d5d32'),
('263077ca-9e5d-4ec4-984e-1e002c7abba5', 'feb9600a-7b2c-4182-9e47-d4fa4482388d', 0, '2024-03-02T00:00:00.000000', null, '2024-02-29T00:00:00.000000', null, '7a479846-dcca-44c1-a3c8-4bae2297726a', 0, null, '8a9f22f1-3c67-49f7-bd84-ec290e4a37fd'),
('cd1c6667-f30b-48c0-932d-5efc6459bf5f', 'feb9600a-7b2c-4182-9e47-d4fa4482388d', 0, '2024-03-11T00:00:00.000000', null, '2024-03-09T00:00:00.000000', null, '7a479846-dcca-44c1-a3c8-4bae2297726a', 0, null, '8a9f22f1-3c67-49f7-bd84-ec290e4a37fd'),
('b73bd1ae-55c8-46a1-a755-725b44a7f116', 'feb9600a-7b2c-4182-9e47-d4fa4482388d', 200000, '2024-02-06T00:00:00.000000', '2024-02-06T00:00:00.000000', '2024-02-04T00:00:00.000000', 'd1c68475-2ff6-493f-8361-ee4049a9a448', '7a479846-dcca-44c1-a3c8-4bae2297726a', 4.5, N'Trương Hữu Canh thật tuyệt vời! Tôi nhận được giá trị tuyệt vời với số tiền bỏ ra.', 'a7d1f0e8-2a6f-4b9d-aa1c-10f58a1d5d32'),
('ab6ea8b6-3877-41a9-b262-6f1ccf444fc3', '0b54d565-620c-4257-b7ec-218bd3bc00f6', 200000, '2024-02-11T00:00:00.000000', '2024-02-11T00:00:00.000000', '2024-02-08T00:00:00.000000', '6c663089-4f85-4b28-9931-65a88b7d6352', 'c8ef1cef-5066-4f98-adee-0a4edc874768', 4.0, N'Tôi thực sự ấn tượng với Trương Thành Nhân. Freelancer thật thân thiện và lịch sự.', 'a7d1f0e8-2a6f-4b9d-aa1c-10f58a1d5d32'),
('b84d843d-aacc-4bdb-b0c4-2dd69a281d77', '0b54d565-620c-4257-b7ec-218bd3bc00f6', 0, '2024-03-14T00:00:00.000000', null, '2024-03-12T00:00:00.000000', null, 'c8ef1cef-5066-4f98-adee-0a4edc874768', 0, null, '8a9f22f1-3c67-49f7-bd84-ec290e4a37fd'),
('326ffd93-f545-4b65-a4fb-2a7600afb053', '0b54d565-620c-4257-b7ec-218bd3bc00f6', 0, '2024-01-03T00:00:00.000000', null, '2024-01-02T00:00:00.000000', null, 'c8ef1cef-5066-4f98-adee-0a4edc874768', 0, null, '8a9f22f1-3c67-49f7-bd84-ec290e4a37fd'),
('b6b784ab-9c5b-4843-9ab2-4e64dbaf4f2d', 'feb9600a-7b2c-4182-9e47-d4fa4482388d', 0, '2024-01-14T00:00:00.000000', null, '2024-01-11T00:00:00.000000', null, '7a479846-dcca-44c1-a3c8-4bae2297726a', 0, null, '8a9f22f1-3c67-49f7-bd84-ec290e4a37fd'),
('5f24a4db-cc6a-45e2-89ae-b82f0f90346e', 'feb9600a-7b2c-4182-9e47-d4fa4482388d', 700000, '2024-02-04T00:00:00.000000', '2024-02-04T00:00:00.000000', '2024-02-01T00:00:00.000000', 'efab70bc-f4f1-4dd3-9eb5-d3b38979d82e', '7a479846-dcca-44c1-a3c8-4bae2297726a', 4.5, N'Tôi thực sự ấn tượng với Đặng Nguyễn Hòa Thái. Dịch vụ vượt quá mong đợi của tôi.', 'a7d1f0e8-2a6f-4b9d-aa1c-10f58a1d5d32'),
('53c86c1a-b6f6-46cd-9f0c-b28c9350d8a3', '0b54d565-620c-4257-b7ec-218bd3bc00f6', 1000000, '2024-03-11T00:00:00.000000', '2024-03-11T00:00:00.000000', '2024-03-10T00:00:00.000000', 'efab70bc-f4f1-4dd3-9eb5-d3b38979d82e', 'c8ef1cef-5066-4f98-adee-0a4edc874768', 3.5, N'Tôi không thích dịch vụ từ Đặng Nguyễn Hòa Thái lắm. Chậm và kém hiệu quả.', 'a7d1f0e8-2a6f-4b9d-aa1c-10f58a1d5d32'),
('964cb34e-006e-4799-83be-f48f4060f8de', '0b54d565-620c-4257-b7ec-218bd3bc00f6', 0, '2024-03-10T00:00:00.000000', null, '2024-03-08T00:00:00.000000', null, 'c8ef1cef-5066-4f98-adee-0a4edc874768', 0, null, '8a9f22f1-3c67-49f7-bd84-ec290e4a37fd'),
('88ec9b13-bdf3-45aa-b553-350c5f535766', '0b54d565-620c-4257-b7ec-218bd3bc00f6', 700000, '2024-02-02T00:00:00.000000', '2024-02-02T00:00:00.000000', '2024-01-31T00:00:00.000000', 'd1c68475-2ff6-493f-8361-ee4049a9a448', 'c8ef1cef-5066-4f98-adee-0a4edc874768', 5.0, N'Tôi thực sự ấn tượng với Trương Hữu Canh. Sự chuyên nghiệp của Freelancer này thật tuyệt đỉnh.', 'a7d1f0e8-2a6f-4b9d-aa1c-10f58a1d5d32'),
('5d2ebfac-421c-451c-89ee-3c10c23fd148', 'feb9600a-7b2c-4182-9e47-d4fa4482388d', 0, '2024-01-25T00:00:00.000000', null, '2024-01-22T00:00:00.000000', null, '7a479846-dcca-44c1-a3c8-4bae2297726a', 0, null, '8a9f22f1-3c67-49f7-bd84-ec290e4a37fd'),
('1502886a-4e8a-44a4-b195-58305166a5ab', 'feb9600a-7b2c-4182-9e47-d4fa4482388d', 100000, '2024-02-02T00:00:00.000000', '2024-02-02T00:00:00.000000', '2024-01-31T00:00:00.000000', 'd1c68475-2ff6-493f-8361-ee4049a9a448', '7a479846-dcca-44c1-a3c8-4bae2297726a', 3.5, N'Tôi không thích dịch vụ từ Trương Hữu Canh lắm. Tôi cảm thấy mình không nhận được giá trị tương xứng với số tiền bỏ ra.', 'a7d1f0e8-2a6f-4b9d-aa1c-10f58a1d5d32'),
('630f5a9b-fa51-4752-b2e8-d9d2de378c0c', 'feb9600a-7b2c-4182-9e47-d4fa4482388d', 200000, '2024-03-04T00:00:00.000000', '2024-03-04T00:00:00.000000', '2024-03-03T00:00:00.000000', 'd023cc0a-83b0-4ab4-b731-e068f05db643', '7a479846-dcca-44c1-a3c8-4bae2297726a', 3.0, N'Hoàng Linh Nhi cần cải thiện khả năng giao tiếp. Chất lượng dịch vụ kém.', 'a7d1f0e8-2a6f-4b9d-aa1c-10f58a1d5d32'),
('d1bacc78-0fdb-40e2-a6cd-a22408ac7450', 'feb9600a-7b2c-4182-9e47-d4fa4482388d', 0, '2024-02-24T00:00:00.000000', null, '2024-02-22T00:00:00.000000', null, '7a479846-dcca-44c1-a3c8-4bae2297726a', 0, null, '8a9f22f1-3c67-49f7-bd84-ec290e4a37fd'),
('61e1fe53-ceb2-4688-88be-0c508aa7e130', 'feb9600a-7b2c-4182-9e47-d4fa4482388d', 300000, '2024-01-25T00:00:00.000000', '2024-01-25T00:00:00.000000', '2024-01-23T00:00:00.000000', 'd023cc0a-83b0-4ab4-b731-e068f05db643', '7a479846-dcca-44c1-a3c8-4bae2297726a', 3.5, N'Thật không may, trải nghiệm của tôi với Hoàng Linh Nhi không được tốt. Tôi cảm thấy mình không nhận được giá trị tương xứng với số tiền bỏ ra.', 'a7d1f0e8-2a6f-4b9d-aa1c-10f58a1d5d32'),
('eaca89d9-c9f0-41e6-b7bf-9a6bf249e77c', 'feb9600a-7b2c-4182-9e47-d4fa4482388d', 900000, '2024-02-24T00:00:00.000000', '2024-02-24T00:00:00.000000', '2024-02-22T00:00:00.000000', 'd1c68475-2ff6-493f-8361-ee4049a9a448', '7a479846-dcca-44c1-a3c8-4bae2297726a', 5.0, N'Tôi không thể hài lòng hơn với dịch vụ của Trương Hữu Canh. Freelancer thật thân thiện và lịch sự.', 'a7d1f0e8-2a6f-4b9d-aa1c-10f58a1d5d32'),
('c0480118-d15d-4cc6-ba05-f1f3e4039cab', '0b54d565-620c-4257-b7ec-218bd3bc00f6', 100000, '2024-02-26T00:00:00.000000', '2024-02-26T00:00:00.000000', '2024-02-25T00:00:00.000000', 'd1c68475-2ff6-493f-8361-ee4049a9a448', 'c8ef1cef-5066-4f98-adee-0a4edc874768', 3.0, N'Trương Hữu Canh thân thiện và nhiệt tình. Tôi cảm thấy mình không nhận được giá trị tương xứng với số tiền bỏ ra.', 'a7d1f0e8-2a6f-4b9d-aa1c-10f58a1d5d32'),
('0638be05-3b0f-482d-bf03-882efbb05c6f', '0b54d565-620c-4257-b7ec-218bd3bc00f6', 0, '2024-03-02T00:00:00.000000', null, '2024-03-01T00:00:00.000000', null, 'c8ef1cef-5066-4f98-adee-0a4edc874768', 0, null, '8a9f22f1-3c67-49f7-bd84-ec290e4a37fd'),
('a5f21fa4-5b05-4367-bba0-0996058ced8b', '0b54d565-620c-4257-b7ec-218bd3bc00f6', 0, '2024-01-16T00:00:00.000000', null, '2024-01-15T00:00:00.000000', null, 'c8ef1cef-5066-4f98-adee-0a4edc874768', 0, null, '8a9f22f1-3c67-49f7-bd84-ec290e4a37fd'),
('dc3ce2c4-8e76-4a21-a522-fe4fcbca003e', '329bcbcf-d671-45e0-baf6-10c773b0ded0', 300000, '2024-02-25T00:00:00.000000', '2024-02-25T00:00:00.000000', '2024-02-22T00:00:00.000000', 'd023cc0a-83b0-4ab4-b731-e068f05db643', 'e4b4c721-50ad-4e2d-bf60-30abfaf5c755', 3.5, N'Hoàng Linh Nhi thiếu chuyên nghiệp. Dịch vụ không đạt được mong đợi của tôi.', 'a7d1f0e8-2a6f-4b9d-aa1c-10f58a1d5d32'),
('2cc60ace-30ee-46ae-ac7c-240eef941391', '329bcbcf-d671-45e0-baf6-10c773b0ded0', 100000, '2024-01-03T00:00:00.000000', '2024-01-03T00:00:00.000000', '2024-01-02T00:00:00.000000', 'efab70bc-f4f1-4dd3-9eb5-d3b38979d82e', 'e4b4c721-50ad-4e2d-bf60-30abfaf5c755', 3.5, N'Đặng Nguyễn Hòa Thái cần cải thiện khả năng giao tiếp. Tôi cảm thấy mình không nhận được giá trị tương xứng với số tiền bỏ ra.', 'a7d1f0e8-2a6f-4b9d-aa1c-10f58a1d5d32'),
('ced55d6f-45c0-45fd-bf73-439f1ac7ea4d', '329bcbcf-d671-45e0-baf6-10c773b0ded0', 300000, '2024-03-01T00:00:00.000000', '2024-03-01T00:00:00.000000', '2024-02-27T00:00:00.000000', '6c663089-4f85-4b28-9931-65a88b7d6352', 'e4b4c721-50ad-4e2d-bf60-30abfaf5c755', 5.0, N'Trương Thành Nhân cung cấp dịch vụ thật hoàn hảo. Chất lượng dịch vụ xuất sắc.', 'a7d1f0e8-2a6f-4b9d-aa1c-10f58a1d5d32'),
('0c6b1d68-f646-4298-a20d-ba083a5e4bb0', '9d295f5e-42e9-4f68-8d55-4aab37cbc93f', 0, '2024-03-12T00:00:00.000000', null, '2024-03-10T00:00:00.000000', null, '80ac6f53-c836-4a16-a30a-771842141349', 0, null, '8a9f22f1-3c67-49f7-bd84-ec290e4a37fd'),
('6887c539-264e-4546-9db9-ca152d0e327a', '9d295f5e-42e9-4f68-8d55-4aab37cbc93f', 0, '2024-01-04T00:00:00.000000', null, '2024-01-02T00:00:00.000000', null, '80ac6f53-c836-4a16-a30a-771842141349', 0, null, '8a9f22f1-3c67-49f7-bd84-ec290e4a37fd'),
('42897cee-676f-4618-8807-0fd2c37a92f3', '9d295f5e-42e9-4f68-8d55-4aab37cbc93f', 0, '2024-01-04T00:00:00.000000', null, '2024-01-02T00:00:00.000000', null, '80ac6f53-c836-4a16-a30a-771842141349', 0, null, '8a9f22f1-3c67-49f7-bd84-ec290e4a37fd'),
('37f4487c-80d1-4ed6-b928-6454b40b7043', '329bcbcf-d671-45e0-baf6-10c773b0ded0', 0, '2024-02-21T00:00:00.000000', null, '2024-02-18T00:00:00.000000', null, 'e4b4c721-50ad-4e2d-bf60-30abfaf5c755', 0, null, '8a9f22f1-3c67-49f7-bd84-ec290e4a37fd'),
('0eab2762-5b56-48ee-b642-09499a2bb388', '329bcbcf-d671-45e0-baf6-10c773b0ded0', 100000, '2024-01-15T00:00:00.000000', '2024-01-15T00:00:00.000000', '2024-01-13T00:00:00.000000', '539a7c46-d3da-45ef-aba5-527cf62f7380', 'e4b4c721-50ad-4e2d-bf60-30abfaf5c755', 5.0, N'Tôi đã có một trải nghiệm tuyệt vời với Phạm Khắc Vũ. Đó là một trải nghiệm suôn sẻ.', 'a7d1f0e8-2a6f-4b9d-aa1c-10f58a1d5d32'),
('53aff67e-61f0-407c-b6f3-c4b8f7f957c1', '329bcbcf-d671-45e0-baf6-10c773b0ded0', 500000, '2024-02-05T00:00:00.000000', '2024-02-05T00:00:00.000000', '2024-02-03T00:00:00.000000', '657024fc-be8c-404e-8ebb-b4f6e9348d65', 'e4b4c721-50ad-4e2d-bf60-30abfaf5c755', 5.0, N'Tôi thực sự ấn tượng với Vũ Trần Quang Tuấn. Freelancer thật thân thiện và lịch sự.', 'a7d1f0e8-2a6f-4b9d-aa1c-10f58a1d5d32'),
('4876fc9e-046f-4358-9a5c-defcfaede8d2', '0b54d565-620c-4257-b7ec-218bd3bc00f6', 0, '2024-01-31T00:00:00.000000', null, '2024-01-29T00:00:00.000000', null, 'c8ef1cef-5066-4f98-adee-0a4edc874768', 0, null, '8a9f22f1-3c67-49f7-bd84-ec290e4a37fd'),
('3c2f0008-b6c7-47f2-9a92-a91b487fdb2b', '0b54d565-620c-4257-b7ec-218bd3bc00f6', 0, '2024-03-16T00:00:00.000000', null, '2024-03-14T00:00:00.000000', null, 'c8ef1cef-5066-4f98-adee-0a4edc874768', 0, null, '8a9f22f1-3c67-49f7-bd84-ec290e4a37fd'),
('988c6015-4e88-492d-9d47-d3ea5a43aa82', '0b54d565-620c-4257-b7ec-218bd3bc00f6', 1000000, '2024-03-13T00:00:00.000000', '2024-03-13T00:00:00.000000', '2024-03-10T00:00:00.000000', '657024fc-be8c-404e-8ebb-b4f6e9348d65', 'c8ef1cef-5066-4f98-adee-0a4edc874768', 3.5, N'Thật không may, trải nghiệm của tôi với Vũ Trần Quang Tuấn không được tốt. Dịch vụ không đạt được mong đợi của tôi.', 'a7d1f0e8-2a6f-4b9d-aa1c-10f58a1d5d32'),
('62c31082-dcdd-4903-af8c-6173c25f14c7', '9d295f5e-42e9-4f68-8d55-4aab37cbc93f', 0, '2024-01-25T00:00:00.000000', null, '2024-01-24T00:00:00.000000', null, '80ac6f53-c836-4a16-a30a-771842141349', 0, null, '8a9f22f1-3c67-49f7-bd84-ec290e4a37fd'),
('1f1421c4-bf5f-4ba2-acec-18746b43c447', '9d295f5e-42e9-4f68-8d55-4aab37cbc93f', 700000, '2024-02-12T00:00:00.000000', '2024-02-12T00:00:00.000000', '2024-02-09T00:00:00.000000', 'd1c68475-2ff6-493f-8361-ee4049a9a448', '80ac6f53-c836-4a16-a30a-771842141349', 5.0, N'Tôi đã có một trải nghiệm tuyệt vời với Trương Hữu Canh. Đó là một trải nghiệm suôn sẻ.', 'a7d1f0e8-2a6f-4b9d-aa1c-10f58a1d5d32'),
('90921e57-0105-4e48-b23b-b4eff8804536', '329bcbcf-d671-45e0-baf6-10c773b0ded0', 0, '2024-01-06T00:00:00.000000', null, '2024-01-05T00:00:00.000000', null, 'e4b4c721-50ad-4e2d-bf60-30abfaf5c755', 0, null, '8a9f22f1-3c67-49f7-bd84-ec290e4a37fd'),
('621dbc72-0c01-4063-a375-974fa17c831a', '329bcbcf-d671-45e0-baf6-10c773b0ded0', 100000, '2024-02-16T00:00:00.000000', '2024-02-16T00:00:00.000000', '2024-02-13T00:00:00.000000', '657024fc-be8c-404e-8ebb-b4f6e9348d65', 'e4b4c721-50ad-4e2d-bf60-30abfaf5c755', 5.0, N'Vũ Trần Quang Tuấn đã làm một công việc rất ấn tượng. Nhanh chóng và hiệu quả.', 'a7d1f0e8-2a6f-4b9d-aa1c-10f58a1d5d32'),
('6f1e8d3e-d3e7-40f9-911f-6742f3a1bee7', 'feb9600a-7b2c-4182-9e47-d4fa4482388d', 0, '2024-02-02T00:00:00.000000', null, '2024-01-30T00:00:00.000000', null, '7a479846-dcca-44c1-a3c8-4bae2297726a', 0, null, '8a9f22f1-3c67-49f7-bd84-ec290e4a37fd'),
('5a32e260-99f5-4266-b2c8-be35da2a4dac', 'feb9600a-7b2c-4182-9e47-d4fa4482388d', 0, '2024-03-15T00:00:00.000000', null, '2024-03-12T00:00:00.000000', null, '7a479846-dcca-44c1-a3c8-4bae2297726a', 0, null, '8a9f22f1-3c67-49f7-bd84-ec290e4a37fd'),
('90a21567-a681-4115-98f8-bd3dc7c6291c', 'feb9600a-7b2c-4182-9e47-d4fa4482388d', 0, '2024-01-09T00:00:00.000000', null, '2024-01-06T00:00:00.000000', null, '7a479846-dcca-44c1-a3c8-4bae2297726a', 0, null, '8a9f22f1-3c67-49f7-bd84-ec290e4a37fd'),
('aee43e15-26e0-4e85-b211-c049de0ee1a8', '0b54d565-620c-4257-b7ec-218bd3bc00f6', 0, '2024-03-23T00:00:00.000000', null, '2024-03-21T00:00:00.000000', null, 'c8ef1cef-5066-4f98-adee-0a4edc874768', 0, null, '8a9f22f1-3c67-49f7-bd84-ec290e4a37fd'),
('c9072d56-5d47-42f5-93fb-3cd277926af0', '0b54d565-620c-4257-b7ec-218bd3bc00f6', 400000, '2024-01-03T00:00:00.000000', '2024-01-03T00:00:00.000000', '2024-01-01T00:00:00.000000', 'd1c68475-2ff6-493f-8361-ee4049a9a448', 'c8ef1cef-5066-4f98-adee-0a4edc874768', 4.5, N'Trương Hữu Canh thật tuyệt vời! Tôi nhận được giá trị tuyệt vời với số tiền bỏ ra.', 'a7d1f0e8-2a6f-4b9d-aa1c-10f58a1d5d32'),
('9da8a40b-6050-496d-87d7-f60cc1b9e240', '0b54d565-620c-4257-b7ec-218bd3bc00f6', 300000, '2024-01-03T00:00:00.000000', '2024-01-03T00:00:00.000000', '2024-01-01T00:00:00.000000', 'd023cc0a-83b0-4ab4-b731-e068f05db643', 'c8ef1cef-5066-4f98-adee-0a4edc874768', 3.0, N'Hoàng Linh Nhi thân thiện và nhiệt tình. Freelancer thiếu giao tiếp với khách hàng.', 'a7d1f0e8-2a6f-4b9d-aa1c-10f58a1d5d32'),
('32db976f-b7e8-4116-abb5-e25dbcd9a5fd', '0b54d565-620c-4257-b7ec-218bd3bc00f6', 0, '2024-03-06T00:00:00.000000', null, '2024-03-04T00:00:00.000000', null, 'c8ef1cef-5066-4f98-adee-0a4edc874768', 0, null, '8a9f22f1-3c67-49f7-bd84-ec290e4a37fd'),
('5eec7937-6e8e-4944-955d-da89e537ef87', '0b54d565-620c-4257-b7ec-218bd3bc00f6', 1000000, '2024-02-24T00:00:00.000000', '2024-02-24T00:00:00.000000', '2024-02-23T00:00:00.000000', '657024fc-be8c-404e-8ebb-b4f6e9348d65', 'c8ef1cef-5066-4f98-adee-0a4edc874768', 3.5, N'Vũ Trần Quang Tuấn cần cải thiện khả năng giao tiếp. Dịch vụ không đạt được mong đợi của tôi.', 'a7d1f0e8-2a6f-4b9d-aa1c-10f58a1d5d32'),
('4ab53ee7-aa17-4ccc-8235-7f2e6e5c4a17', '0b54d565-620c-4257-b7ec-218bd3bc00f6', 600000, '2024-01-15T00:00:00.000000', '2024-01-15T00:00:00.000000', '2024-01-14T00:00:00.000000', 'efab70bc-f4f1-4dd3-9eb5-d3b38979d82e', 'c8ef1cef-5066-4f98-adee-0a4edc874768', 3.0, N'Đặng Nguyễn Hòa Thái thiếu chuyên nghiệp. Chậm và kém hiệu quả.', 'a7d1f0e8-2a6f-4b9d-aa1c-10f58a1d5d32'),
('6d0b6ff9-4a1d-4faa-b365-aac142b08a16', '0b54d565-620c-4257-b7ec-218bd3bc00f6', 0, '2024-01-11T00:00:00.000000', null, '2024-01-08T00:00:00.000000', null, 'c8ef1cef-5066-4f98-adee-0a4edc874768', 0, null, '8a9f22f1-3c67-49f7-bd84-ec290e4a37fd'),
('1dcb2425-2715-4098-ac6a-743c5999b53f', '9d295f5e-42e9-4f68-8d55-4aab37cbc93f', 0, '2024-01-03T00:00:00.000000', null, '2024-01-01T00:00:00.000000', null, '80ac6f53-c836-4a16-a30a-771842141349', 0, null, '8a9f22f1-3c67-49f7-bd84-ec290e4a37fd'),
('2dbe8717-a6d7-466e-b05e-33d657e22956', '0b54d565-620c-4257-b7ec-218bd3bc00f6', 0, '2024-02-04T00:00:00.000000', null, '2024-02-02T00:00:00.000000', null, 'c8ef1cef-5066-4f98-adee-0a4edc874768', 0, null, '8a9f22f1-3c67-49f7-bd84-ec290e4a37fd'),
('d61777a5-38e1-466e-b52e-86f26a61f238', '0b54d565-620c-4257-b7ec-218bd3bc00f6', 0, '2024-03-14T00:00:00.000000', null, '2024-03-13T00:00:00.000000', null, 'c8ef1cef-5066-4f98-adee-0a4edc874768', 0, null, '8a9f22f1-3c67-49f7-bd84-ec290e4a37fd'),
('2ba2aea0-44a2-48d0-9a0b-7e0a027ae193', '0b54d565-620c-4257-b7ec-218bd3bc00f6', 0, '2024-01-12T00:00:00.000000', null, '2024-01-10T00:00:00.000000', null, 'c8ef1cef-5066-4f98-adee-0a4edc874768', 0, null, '8a9f22f1-3c67-49f7-bd84-ec290e4a37fd'),
('fd39cbe3-48cd-4ded-80dc-d9424177bcf6', '0b54d565-620c-4257-b7ec-218bd3bc00f6', 600000, '2024-02-03T00:00:00.000000', '2024-02-03T00:00:00.000000', '2024-01-31T00:00:00.000000', '539a7c46-d3da-45ef-aba5-527cf62f7380', 'c8ef1cef-5066-4f98-adee-0a4edc874768', 5.0, N'Phạm Khắc Vũ vượt xa mong đợi. Dịch vụ vượt quá mong đợi của tôi.', 'a7d1f0e8-2a6f-4b9d-aa1c-10f58a1d5d32'),
('440d8da6-c1b9-47ae-906d-c487e0556920', '0b54d565-620c-4257-b7ec-218bd3bc00f6', 0, '2024-02-23T00:00:00.000000', null, '2024-02-21T00:00:00.000000', null, 'c8ef1cef-5066-4f98-adee-0a4edc874768', 0, null, '8a9f22f1-3c67-49f7-bd84-ec290e4a37fd'),
('ab769a78-7750-4587-ae54-0c707e772d2f', '329bcbcf-d671-45e0-baf6-10c773b0ded0', 400000, '2024-02-20T00:00:00.000000', '2024-02-20T00:00:00.000000', '2024-02-18T00:00:00.000000', 'efab70bc-f4f1-4dd3-9eb5-d3b38979d82e', 'e4b4c721-50ad-4e2d-bf60-30abfaf5c755', 5.0, N'Đặng Nguyễn Hòa Thái thật xuất sắc! Tôi nhận được giá trị tuyệt vời với số tiền bỏ ra.', 'a7d1f0e8-2a6f-4b9d-aa1c-10f58a1d5d32'),
('f020b384-c588-4760-b528-82fa7b6271b3', 'feb9600a-7b2c-4182-9e47-d4fa4482388d', 0, '2024-01-10T00:00:00.000000', null, '2024-01-08T00:00:00.000000', null, '7a479846-dcca-44c1-a3c8-4bae2297726a', 0, null, '8a9f22f1-3c67-49f7-bd84-ec290e4a37fd'),
('945392ea-3e9f-4e19-a39a-c58f0b118dcc', '9d295f5e-42e9-4f68-8d55-4aab37cbc93f', 0, '2024-02-09T00:00:00.000000', null, '2024-02-06T00:00:00.000000', null, '80ac6f53-c836-4a16-a30a-771842141349', 0, null, '8a9f22f1-3c67-49f7-bd84-ec290e4a37fd'),
('25a8b0b4-88c4-4c0d-aa77-aec9ede0a736', '9d295f5e-42e9-4f68-8d55-4aab37cbc93f', 500000, '2024-02-16T00:00:00.000000', '2024-02-16T00:00:00.000000', '2024-02-15T00:00:00.000000', 'd023cc0a-83b0-4ab4-b731-e068f05db643', '80ac6f53-c836-4a16-a30a-771842141349', 3.5, N'Thật không may, trải nghiệm của tôi với Hoàng Linh Nhi không được tốt. Freelancer không thân thiện và không nhiệt tình.', 'a7d1f0e8-2a6f-4b9d-aa1c-10f58a1d5d32'),
('a05e6cd5-4cb5-4972-929f-99cea8ed00b3', '0b54d565-620c-4257-b7ec-218bd3bc00f6', 600000, '2024-02-25T00:00:00.000000', '2024-02-25T00:00:00.000000', '2024-02-23T00:00:00.000000', 'd023cc0a-83b0-4ab4-b731-e068f05db643', 'c8ef1cef-5066-4f98-adee-0a4edc874768', 3.5, N'Tôi không thích dịch vụ từ Hoàng Linh Nhi lắm. Chất lượng dịch vụ kém.', 'a7d1f0e8-2a6f-4b9d-aa1c-10f58a1d5d32'),
('87378558-7435-4280-8e99-213c10f837a0', '0b54d565-620c-4257-b7ec-218bd3bc00f6', 0, '2024-03-15T00:00:00.000000', null, '2024-03-12T00:00:00.000000', null, 'c8ef1cef-5066-4f98-adee-0a4edc874768', 0, null, '8a9f22f1-3c67-49f7-bd84-ec290e4a37fd'),
('3e5f90c8-bd75-4937-8260-3aa353644ed0', '0b54d565-620c-4257-b7ec-218bd3bc00f6', 800000, '2024-02-16T00:00:00.000000', '2024-02-16T00:00:00.000000', '2024-02-14T00:00:00.000000', '539a7c46-d3da-45ef-aba5-527cf62f7380', 'c8ef1cef-5066-4f98-adee-0a4edc874768', 3.5, N'Thật không may, trải nghiệm của tôi với Phạm Khắc Vũ không được tốt. Chất lượng dịch vụ kém.', 'a7d1f0e8-2a6f-4b9d-aa1c-10f58a1d5d32'),
('0c50af70-7e4f-455a-a14e-4fdcd0b29de7', '9d295f5e-42e9-4f68-8d55-4aab37cbc93f', 0, '2024-02-01T00:00:00.000000', null, '2024-01-31T00:00:00.000000', null, '80ac6f53-c836-4a16-a30a-771842141349', 0, null, '8a9f22f1-3c67-49f7-bd84-ec290e4a37fd'),
('716df84a-1191-47b8-a7ed-843289cade8f', '9d295f5e-42e9-4f68-8d55-4aab37cbc93f', 100000, '2024-03-18T00:00:00.000000', '2024-03-18T00:00:00.000000', '2024-03-15T00:00:00.000000', 'd023cc0a-83b0-4ab4-b731-e068f05db643', '80ac6f53-c836-4a16-a30a-771842141349', 4.5, N'Tôi đã có một trải nghiệm tuyệt vời với Hoàng Linh Nhi. Nhanh chóng và hiệu quả.', 'a7d1f0e8-2a6f-4b9d-aa1c-10f58a1d5d32'),
('4ba4ab72-98a7-4d30-a0ba-ea41528117a8', '0b54d565-620c-4257-b7ec-218bd3bc00f6', 0, '2024-01-14T00:00:00.000000', null, '2024-01-11T00:00:00.000000', null, 'c8ef1cef-5066-4f98-adee-0a4edc874768', 0, null, '8a9f22f1-3c67-49f7-bd84-ec290e4a37fd'),
('3776daef-824e-4a12-949e-10c76f9973f7', '0b54d565-620c-4257-b7ec-218bd3bc00f6', 200000, '2024-01-25T00:00:00.000000', '2024-01-25T00:00:00.000000', '2024-01-24T00:00:00.000000', '6c663089-4f85-4b28-9931-65a88b7d6352', 'c8ef1cef-5066-4f98-adee-0a4edc874768', 5.0, N'Tôi đã có một trải nghiệm tuyệt vời với Trương Thành Nhân. Sự chuyên nghiệp của Freelancer này thật tuyệt đỉnh.', 'a7d1f0e8-2a6f-4b9d-aa1c-10f58a1d5d32'),
('2b574463-5a61-45d8-b3db-dee01ecab748', '0b54d565-620c-4257-b7ec-218bd3bc00f6', 0, '2024-03-15T00:00:00.000000', null, '2024-03-12T00:00:00.000000', null, 'c8ef1cef-5066-4f98-adee-0a4edc874768', 0, null, '8a9f22f1-3c67-49f7-bd84-ec290e4a37fd'),
('560c21b8-2f44-4a7a-96d3-cdb9eafe1ea7', '329bcbcf-d671-45e0-baf6-10c773b0ded0', 200000, '2024-01-19T00:00:00.000000', '2024-01-19T00:00:00.000000', '2024-01-17T00:00:00.000000', 'efab70bc-f4f1-4dd3-9eb5-d3b38979d82e', 'e4b4c721-50ad-4e2d-bf60-30abfaf5c755', 5.0, N'Đặng Nguyễn Hòa Thái vượt xa mong đợi. Tôi nhận được giá trị tuyệt vời với số tiền bỏ ra.', 'a7d1f0e8-2a6f-4b9d-aa1c-10f58a1d5d32'),
('1f681b0d-a2a9-4d95-a7b9-88c7d619aca5', '329bcbcf-d671-45e0-baf6-10c773b0ded0', 700000, '2024-03-01T00:00:00.000000', '2024-03-01T00:00:00.000000', '2024-02-29T00:00:00.000000', 'd023cc0a-83b0-4ab4-b731-e068f05db643', 'e4b4c721-50ad-4e2d-bf60-30abfaf5c755', 4.0, N'Hoàng Linh Nhi vượt quá mong đợi của tôi. Dịch vụ vượt quá mong đợi của tôi.', 'a7d1f0e8-2a6f-4b9d-aa1c-10f58a1d5d32'),
('111a3b47-b96b-4614-9699-055f009f6d00', '329bcbcf-d671-45e0-baf6-10c773b0ded0', 600000, '2024-01-17T00:00:00.000000', '2024-01-17T00:00:00.000000', '2024-01-15T00:00:00.000000', 'd1c68475-2ff6-493f-8361-ee4049a9a448', 'e4b4c721-50ad-4e2d-bf60-30abfaf5c755', 3.0, N'Trương Hữu Canh cần cải thiện khả năng giao tiếp. Freelancer không thân thiện và không nhiệt tình.', 'a7d1f0e8-2a6f-4b9d-aa1c-10f58a1d5d32'),
('9d52ecb7-9379-4173-ade3-bce363b264fa', '9d295f5e-42e9-4f68-8d55-4aab37cbc93f', 0, '2024-03-17T00:00:00.000000', null, '2024-03-15T00:00:00.000000', null, '80ac6f53-c836-4a16-a30a-771842141349', 0, null, '8a9f22f1-3c67-49f7-bd84-ec290e4a37fd'),
('a7c204b9-d0eb-4796-bb47-a75622521778', '9d295f5e-42e9-4f68-8d55-4aab37cbc93f', 300000, '2024-03-02T00:00:00.000000', '2024-03-02T00:00:00.000000', '2024-03-01T00:00:00.000000', '6c663089-4f85-4b28-9931-65a88b7d6352', '80ac6f53-c836-4a16-a30a-771842141349', 5.0, N'Tôi thực sự ấn tượng với Trương Thành Nhân. Tôi nhận được giá trị tuyệt vời với số tiền bỏ ra.', 'a7d1f0e8-2a6f-4b9d-aa1c-10f58a1d5d32'),
('b12bdf51-db4c-42e4-bc5e-b1534c38c78f', '0b54d565-620c-4257-b7ec-218bd3bc00f6', 600000, '2024-01-09T00:00:00.000000', '2024-01-09T00:00:00.000000', '2024-01-08T00:00:00.000000', '6c663089-4f85-4b28-9931-65a88b7d6352', 'c8ef1cef-5066-4f98-adee-0a4edc874768', 3.0, N'Trương Thành Nhân thân thiện và nhiệt tình. Đó là một trải nghiệm khá khó chịu.', 'a7d1f0e8-2a6f-4b9d-aa1c-10f58a1d5d32'),
('5acc7637-d482-40ce-b140-27ad3b6a53b0', '329bcbcf-d671-45e0-baf6-10c773b0ded0', 0, '2024-02-11T00:00:00.000000', null, '2024-02-10T00:00:00.000000', null, 'e4b4c721-50ad-4e2d-bf60-30abfaf5c755', 0, null, '8a9f22f1-3c67-49f7-bd84-ec290e4a37fd'),
('33a2baf6-2bae-47ec-a3c1-860ec997257a', '9d295f5e-42e9-4f68-8d55-4aab37cbc93f', 0, '2024-01-02T00:00:00.000000', null, '2024-01-01T00:00:00.000000', null, '80ac6f53-c836-4a16-a30a-771842141349', 0, null, '8a9f22f1-3c67-49f7-bd84-ec290e4a37fd'),
('c46a403d-c816-4313-b15e-0cbade03a176', '9d295f5e-42e9-4f68-8d55-4aab37cbc93f', 300000, '2024-03-02T00:00:00.000000', '2024-03-02T00:00:00.000000', '2024-02-29T00:00:00.000000', 'd1c68475-2ff6-493f-8361-ee4049a9a448', '80ac6f53-c836-4a16-a30a-771842141349', 4.5, N'Trương Hữu Canh thật tuyệt vời! Đó là một trải nghiệm suôn sẻ.', 'a7d1f0e8-2a6f-4b9d-aa1c-10f58a1d5d32'),
('1823dc92-2d71-46e2-a716-98eaf8a46901', '0b54d565-620c-4257-b7ec-218bd3bc00f6', 0, '2024-01-02T00:00:00.000000', null, '2023-12-31T00:00:00.000000', null, 'c8ef1cef-5066-4f98-adee-0a4edc874768', 0, null, '8a9f22f1-3c67-49f7-bd84-ec290e4a37fd'),
('cd83c10a-9cd4-4739-9ca9-03c760218b9b', 'feb9600a-7b2c-4182-9e47-d4fa4482388d', 500000, '2024-01-24T00:00:00.000000', '2024-01-24T00:00:00.000000', '2024-01-21T00:00:00.000000', '657024fc-be8c-404e-8ebb-b4f6e9348d65', '7a479846-dcca-44c1-a3c8-4bae2297726a', 4.5, N'Tôi đã có một trải nghiệm tuyệt vời với Vũ Trần Quang Tuấn. Freelancer thật thân thiện và lịch sự.', 'a7d1f0e8-2a6f-4b9d-aa1c-10f58a1d5d32'),
('040fe016-6dd8-4cc5-945f-2835a279dc29', 'feb9600a-7b2c-4182-9e47-d4fa4482388d', 0, '2024-03-23T00:00:00.000000', null, '2024-03-21T00:00:00.000000', null, '7a479846-dcca-44c1-a3c8-4bae2297726a', 0, null, '8a9f22f1-3c67-49f7-bd84-ec290e4a37fd'),
('3b974f57-687d-4ecc-9ddf-5ca5fcf0492d', '9d295f5e-42e9-4f68-8d55-4aab37cbc93f', 0, '2024-01-28T00:00:00.000000', null, '2024-01-26T00:00:00.000000', null, '80ac6f53-c836-4a16-a30a-771842141349', 0, null, '8a9f22f1-3c67-49f7-bd84-ec290e4a37fd'),
('fb02d050-86a4-49cf-bcb6-4746211a5ff4', '9d295f5e-42e9-4f68-8d55-4aab37cbc93f', 0, '2024-02-15T00:00:00.000000', null, '2024-02-12T00:00:00.000000', null, '80ac6f53-c836-4a16-a30a-771842141349', 0, null, '8a9f22f1-3c67-49f7-bd84-ec290e4a37fd'),
('4adeaab5-05db-45c2-94a6-d3c99dc46584', '9d295f5e-42e9-4f68-8d55-4aab37cbc93f', 400000, '2024-03-09T00:00:00.000000', '2024-03-09T00:00:00.000000', '2024-03-06T00:00:00.000000', 'd023cc0a-83b0-4ab4-b731-e068f05db643', '80ac6f53-c836-4a16-a30a-771842141349', 4.5, N'Hoàng Linh Nhi vượt xa mong đợi. Chất lượng dịch vụ xuất sắc.', 'a7d1f0e8-2a6f-4b9d-aa1c-10f58a1d5d32'),
('d245d9ff-b040-43ea-a529-a9ce5303c672', '329bcbcf-d671-45e0-baf6-10c773b0ded0', 0, '2024-01-21T00:00:00.000000', null, '2024-01-20T00:00:00.000000', null, 'e4b4c721-50ad-4e2d-bf60-30abfaf5c755', 0, null, '8a9f22f1-3c67-49f7-bd84-ec290e4a37fd'),
('bf6daa4a-bf30-49f7-b70d-a90cf8da5bb9', '329bcbcf-d671-45e0-baf6-10c773b0ded0', 0, '2024-03-19T00:00:00.000000', null, '2024-03-18T00:00:00.000000', null, 'e4b4c721-50ad-4e2d-bf60-30abfaf5c755', 0, null, '8a9f22f1-3c67-49f7-bd84-ec290e4a37fd'),
('9240b0c0-80c0-4397-b395-59d0e635b620', '329bcbcf-d671-45e0-baf6-10c773b0ded0', 0, '2024-01-25T00:00:00.000000', null, '2024-01-23T00:00:00.000000', null, 'e4b4c721-50ad-4e2d-bf60-30abfaf5c755', 0, null, '8a9f22f1-3c67-49f7-bd84-ec290e4a37fd'),
('513fcadc-cafd-4acb-8043-f2f6cf7237cc', '0b54d565-620c-4257-b7ec-218bd3bc00f6', 100000, '2024-02-14T00:00:00.000000', '2024-02-14T00:00:00.000000', '2024-02-11T00:00:00.000000', 'd1c68475-2ff6-493f-8361-ee4049a9a448', 'c8ef1cef-5066-4f98-adee-0a4edc874768', 5.0, N'Trương Hữu Canh vượt quá mong đợi của tôi. Tôi nhận được giá trị tuyệt vời với số tiền bỏ ra.', 'a7d1f0e8-2a6f-4b9d-aa1c-10f58a1d5d32'),
('68ce5060-fea4-4dde-b9e3-bd7f4d0a4068', '0b54d565-620c-4257-b7ec-218bd3bc00f6', 0, '2024-01-07T00:00:00.000000', null, '2024-01-06T00:00:00.000000', null, 'c8ef1cef-5066-4f98-adee-0a4edc874768', 0, null, '8a9f22f1-3c67-49f7-bd84-ec290e4a37fd'),
('b1df7d20-6b13-4cd5-837f-2d83f8d2cc5e', '9d295f5e-42e9-4f68-8d55-4aab37cbc93f', 100000, '2024-03-08T00:00:00.000000', '2024-03-08T00:00:00.000000', '2024-03-07T00:00:00.000000', 'd1c68475-2ff6-493f-8361-ee4049a9a448', '80ac6f53-c836-4a16-a30a-771842141349', 3.0, N'Trương Hữu Canh thân thiện và nhiệt tình. Tôi cảm thấy mình không nhận được giá trị tương xứng với số tiền bỏ ra.', 'a7d1f0e8-2a6f-4b9d-aa1c-10f58a1d5d32'),
('55768dc7-ab81-494a-90c6-372991ded6a2', '9d295f5e-42e9-4f68-8d55-4aab37cbc93f', 0, '2024-01-21T00:00:00.000000', null, '2024-01-19T00:00:00.000000', null, '80ac6f53-c836-4a16-a30a-771842141349', 0, null, '8a9f22f1-3c67-49f7-bd84-ec290e4a37fd'),
('df75214a-253f-4164-8824-65f961308277', '9d295f5e-42e9-4f68-8d55-4aab37cbc93f', 300000, '2024-01-18T00:00:00.000000', '2024-01-18T00:00:00.000000', '2024-01-17T00:00:00.000000', '657024fc-be8c-404e-8ebb-b4f6e9348d65', '80ac6f53-c836-4a16-a30a-771842141349', 4.0, N'Làm việc với Vũ Trần Quang Tuấn thật thú vị. Đó là một trải nghiệm suôn sẻ.', 'a7d1f0e8-2a6f-4b9d-aa1c-10f58a1d5d32'),
('ba538c30-4f8b-4de4-8478-755442c5acce', '0b54d565-620c-4257-b7ec-218bd3bc00f6', 0, '2024-02-29T00:00:00.000000', null, '2024-02-27T00:00:00.000000', null, 'c8ef1cef-5066-4f98-adee-0a4edc874768', 0, null, '8a9f22f1-3c67-49f7-bd84-ec290e4a37fd'),
('ee980777-6472-4ec1-9a09-c8333415ff25', '0b54d565-620c-4257-b7ec-218bd3bc00f6', 0, '2024-01-16T00:00:00.000000', null, '2024-01-13T00:00:00.000000', null, 'c8ef1cef-5066-4f98-adee-0a4edc874768', 0, null, '8a9f22f1-3c67-49f7-bd84-ec290e4a37fd'),
('690bae48-e895-4142-92dc-3edbbb5ca53a', '0b54d565-620c-4257-b7ec-218bd3bc00f6', 0, '2024-01-13T00:00:00.000000', null, '2024-01-10T00:00:00.000000', null, 'c8ef1cef-5066-4f98-adee-0a4edc874768', 0, null, '8a9f22f1-3c67-49f7-bd84-ec290e4a37fd'),
('12843459-ffcd-4c6d-96f6-1bff7928a08b', 'feb9600a-7b2c-4182-9e47-d4fa4482388d', 0, '2024-03-09T00:00:00.000000', null, '2024-03-07T00:00:00.000000', null, '7a479846-dcca-44c1-a3c8-4bae2297726a', 0, null, '8a9f22f1-3c67-49f7-bd84-ec290e4a37fd'),
('c1209f55-8967-470d-951a-58d15fc33a4e', '0b54d565-620c-4257-b7ec-218bd3bc00f6', 100000, '2024-02-09T00:00:00.000000', '2024-02-09T00:00:00.000000', '2024-02-06T00:00:00.000000', '539a7c46-d3da-45ef-aba5-527cf62f7380', 'c8ef1cef-5066-4f98-adee-0a4edc874768', 3.0, N'Phạm Khắc Vũ thiếu chuyên nghiệp. Chậm và kém hiệu quả.', 'a7d1f0e8-2a6f-4b9d-aa1c-10f58a1d5d32'),
('b07c941b-bfce-4dee-9272-43cec12e413f', '0b54d565-620c-4257-b7ec-218bd3bc00f6', 300000, '2024-01-16T00:00:00.000000', '2024-01-16T00:00:00.000000', '2024-01-15T00:00:00.000000', 'efab70bc-f4f1-4dd3-9eb5-d3b38979d82e', 'c8ef1cef-5066-4f98-adee-0a4edc874768', 5.0, N'Đặng Nguyễn Hòa Thái cung cấp dịch vụ thật hoàn hảo. Nhanh chóng và hiệu quả.', 'a7d1f0e8-2a6f-4b9d-aa1c-10f58a1d5d32'),
('80bb279d-c928-4ad9-91d2-a454913c2fac', '329bcbcf-d671-45e0-baf6-10c773b0ded0', 0, '2024-01-31T00:00:00.000000', null, '2024-01-30T00:00:00.000000', null, 'e4b4c721-50ad-4e2d-bf60-30abfaf5c755', 0, null, '8a9f22f1-3c67-49f7-bd84-ec290e4a37fd'),
('7165c12d-da5b-4377-bc4a-7ad6c1cb0beb', '329bcbcf-d671-45e0-baf6-10c773b0ded0', 1000000, '2024-01-16T00:00:00.000000', '2024-01-16T00:00:00.000000', '2024-01-15T00:00:00.000000', 'd023cc0a-83b0-4ab4-b731-e068f05db643', 'e4b4c721-50ad-4e2d-bf60-30abfaf5c755', 4.5, N'Hoàng Linh Nhi thật tuyệt vời! Đó là một trải nghiệm suôn sẻ.', 'a7d1f0e8-2a6f-4b9d-aa1c-10f58a1d5d32'),
('5b5f667b-778e-47ee-a87d-b83a4e00c552', '329bcbcf-d671-45e0-baf6-10c773b0ded0', 0, '2024-01-30T00:00:00.000000', null, '2024-01-28T00:00:00.000000', null, 'e4b4c721-50ad-4e2d-bf60-30abfaf5c755', 0, null, '8a9f22f1-3c67-49f7-bd84-ec290e4a37fd'),
('c1f92962-d7aa-42cc-b6c4-34df06fab1b4', '0b54d565-620c-4257-b7ec-218bd3bc00f6', 800000, '2024-02-03T00:00:00.000000', '2024-02-03T00:00:00.000000', '2024-02-01T00:00:00.000000', '539a7c46-d3da-45ef-aba5-527cf62f7380', 'c8ef1cef-5066-4f98-adee-0a4edc874768', 4.0, N'Phạm Khắc Vũ thật xuất sắc! Nhanh chóng và hiệu quả.', 'a7d1f0e8-2a6f-4b9d-aa1c-10f58a1d5d32'),
('1b11d41b-7b73-4db2-8898-fca3b7d7b098', '329bcbcf-d671-45e0-baf6-10c773b0ded0', 400000, '2024-03-07T00:00:00.000000', '2024-03-07T00:00:00.000000', '2024-03-04T00:00:00.000000', 'efab70bc-f4f1-4dd3-9eb5-d3b38979d82e', 'e4b4c721-50ad-4e2d-bf60-30abfaf5c755', 4.5, N'Tôi thực sự ấn tượng với Đặng Nguyễn Hòa Thái. Đó là một trải nghiệm suôn sẻ.', 'a7d1f0e8-2a6f-4b9d-aa1c-10f58a1d5d32'),
('8d8585fd-0535-4d6b-b07c-0ea6e8259b06', '329bcbcf-d671-45e0-baf6-10c773b0ded0', 0, '2024-01-17T00:00:00.000000', null, '2024-01-14T00:00:00.000000', null, 'e4b4c721-50ad-4e2d-bf60-30abfaf5c755', 0, null, '8a9f22f1-3c67-49f7-bd84-ec290e4a37fd'),
('272d347d-2ea1-4f5f-b44c-d7bf05350316', 'feb9600a-7b2c-4182-9e47-d4fa4482388d', 0, '2024-01-18T00:00:00.000000', null, '2024-01-15T00:00:00.000000', null, '7a479846-dcca-44c1-a3c8-4bae2297726a', 0, null, '8a9f22f1-3c67-49f7-bd84-ec290e4a37fd'),
('c7a1381f-2a13-4850-ab2f-4338ac2e4228', 'feb9600a-7b2c-4182-9e47-d4fa4482388d', 0, '2024-01-25T00:00:00.000000', null, '2024-01-22T00:00:00.000000', null, '7a479846-dcca-44c1-a3c8-4bae2297726a', 0, null, '8a9f22f1-3c67-49f7-bd84-ec290e4a37fd'),
('302c3c78-c869-4e0c-99c5-2eddddf03705', '9d295f5e-42e9-4f68-8d55-4aab37cbc93f', 900000, '2024-01-16T00:00:00.000000', '2024-01-16T00:00:00.000000', '2024-01-14T00:00:00.000000', 'd023cc0a-83b0-4ab4-b731-e068f05db643', '80ac6f53-c836-4a16-a30a-771842141349', 5.0, N'Tôi không thể hài lòng hơn với dịch vụ của Hoàng Linh Nhi. Đó là một trải nghiệm suôn sẻ.', 'a7d1f0e8-2a6f-4b9d-aa1c-10f58a1d5d32'),
('96d67b7e-3bd3-47c7-961c-be89473b60ba', '0b54d565-620c-4257-b7ec-218bd3bc00f6', 100000, '2024-02-24T00:00:00.000000', '2024-02-24T00:00:00.000000', '2024-02-23T00:00:00.000000', '6c663089-4f85-4b28-9931-65a88b7d6352', 'c8ef1cef-5066-4f98-adee-0a4edc874768', 3.5, N'Trương Thành Nhân cần cải thiện khả năng giao tiếp. Tôi cảm thấy mình không nhận được giá trị tương xứng với số tiền bỏ ra.', 'a7d1f0e8-2a6f-4b9d-aa1c-10f58a1d5d32'),
('56cc3022-604d-4ca9-8024-208835888bab', '0b54d565-620c-4257-b7ec-218bd3bc00f6', 0, '2024-02-08T00:00:00.000000', null, '2024-02-05T00:00:00.000000', null, 'c8ef1cef-5066-4f98-adee-0a4edc874768', 0, null, '8a9f22f1-3c67-49f7-bd84-ec290e4a37fd'),
('66d799b3-3685-4dcb-bd52-3bc394e6d65e', '0b54d565-620c-4257-b7ec-218bd3bc00f6', 0, '2024-02-25T00:00:00.000000', null, '2024-02-22T00:00:00.000000', null, 'c8ef1cef-5066-4f98-adee-0a4edc874768', 0, null, '8a9f22f1-3c67-49f7-bd84-ec290e4a37fd'),
('fe1e1bd0-0426-42b0-830d-f6e246b6056b', '329bcbcf-d671-45e0-baf6-10c773b0ded0', 300000, '2024-02-18T00:00:00.000000', '2024-02-18T00:00:00.000000', '2024-02-16T00:00:00.000000', '6c663089-4f85-4b28-9931-65a88b7d6352', 'e4b4c721-50ad-4e2d-bf60-30abfaf5c755', 3.0, N'Thật không may, trải nghiệm của tôi với Trương Thành Nhân không được tốt. Freelancer thiếu giao tiếp với khách hàng.', 'a7d1f0e8-2a6f-4b9d-aa1c-10f58a1d5d32'),
('ff6136e7-da5e-438a-9b1b-e61cb52483b4', '329bcbcf-d671-45e0-baf6-10c773b0ded0', 500000, '2024-03-04T00:00:00.000000', '2024-03-04T00:00:00.000000', '2024-03-01T00:00:00.000000', 'd1c68475-2ff6-493f-8361-ee4049a9a448', 'e4b4c721-50ad-4e2d-bf60-30abfaf5c755', 5.0, N'Trương Hữu Canh vượt quá mong đợi của tôi. Nhanh chóng và hiệu quả.', 'a7d1f0e8-2a6f-4b9d-aa1c-10f58a1d5d32'),
('6be46185-05a1-4a7b-a0c7-67e7bca3f597', 'feb9600a-7b2c-4182-9e47-d4fa4482388d', 0, '2024-02-09T00:00:00.000000', null, '2024-02-08T00:00:00.000000', null, '7a479846-dcca-44c1-a3c8-4bae2297726a', 0, null, '8a9f22f1-3c67-49f7-bd84-ec290e4a37fd'),
('978bfdcf-e29b-4b77-90d2-9ed6b0cc6539', 'feb9600a-7b2c-4182-9e47-d4fa4482388d', 0, '2024-01-26T00:00:00.000000', null, '2024-01-23T00:00:00.000000', null, '7a479846-dcca-44c1-a3c8-4bae2297726a', 0, null, '8a9f22f1-3c67-49f7-bd84-ec290e4a37fd'),
('0401cdad-1cfa-480d-84f3-5235196d85ce', 'feb9600a-7b2c-4182-9e47-d4fa4482388d', 0, '2024-03-02T00:00:00.000000', null, '2024-02-28T00:00:00.000000', null, '7a479846-dcca-44c1-a3c8-4bae2297726a', 0, null, '8a9f22f1-3c67-49f7-bd84-ec290e4a37fd'),
('affdc7c8-b6ba-42ca-92ed-93e4075a3161', 'feb9600a-7b2c-4182-9e47-d4fa4482388d', 100000, '2024-02-03T00:00:00.000000', '2024-02-03T00:00:00.000000', '2024-02-02T00:00:00.000000', 'd023cc0a-83b0-4ab4-b731-e068f05db643', '7a479846-dcca-44c1-a3c8-4bae2297726a', 5.0, N'Tôi thực sự ấn tượng với Hoàng Linh Nhi. Chất lượng dịch vụ xuất sắc.', 'a7d1f0e8-2a6f-4b9d-aa1c-10f58a1d5d32'),
('dbe782b6-28ce-4b1d-abcd-a878723d9ef0', '329bcbcf-d671-45e0-baf6-10c773b0ded0', 0, '2024-03-08T00:00:00.000000', null, '2024-03-06T00:00:00.000000', null, 'e4b4c721-50ad-4e2d-bf60-30abfaf5c755', 0, null, '8a9f22f1-3c67-49f7-bd84-ec290e4a37fd'),
('3d7f917b-c27c-4bfb-a24e-e72caddb74c5', '329bcbcf-d671-45e0-baf6-10c773b0ded0', 0, '2024-02-17T00:00:00.000000', null, '2024-02-15T00:00:00.000000', null, 'e4b4c721-50ad-4e2d-bf60-30abfaf5c755', 0, null, '8a9f22f1-3c67-49f7-bd84-ec290e4a37fd'),
('aca5800a-5464-4069-8f06-cf681cd40c53', '329bcbcf-d671-45e0-baf6-10c773b0ded0', 0, '2024-01-15T00:00:00.000000', null, '2024-01-12T00:00:00.000000', null, 'e4b4c721-50ad-4e2d-bf60-30abfaf5c755', 0, null, '8a9f22f1-3c67-49f7-bd84-ec290e4a37fd'),
('f2e181f5-d108-448d-a96d-d59cfd1f1982', '329bcbcf-d671-45e0-baf6-10c773b0ded0', 300000, '2024-03-12T00:00:00.000000', '2024-03-12T00:00:00.000000', '2024-03-11T00:00:00.000000', 'd1c68475-2ff6-493f-8361-ee4049a9a448', 'e4b4c721-50ad-4e2d-bf60-30abfaf5c755', 3.5, N'Trương Hữu Canh cần được cải thiện. Freelancer không thân thiện và không nhiệt tình.', 'a7d1f0e8-2a6f-4b9d-aa1c-10f58a1d5d32'),
('ac657e9a-8d4b-4a62-abbf-bce9707b9251', '329bcbcf-d671-45e0-baf6-10c773b0ded0', 200000, '2024-01-07T00:00:00.000000', '2024-01-07T00:00:00.000000', '2024-01-06T00:00:00.000000', '6c663089-4f85-4b28-9931-65a88b7d6352', 'e4b4c721-50ad-4e2d-bf60-30abfaf5c755', 4.5, N'Làm việc với Trương Thành Nhân thật thú vị. Dịch vụ vượt quá mong đợi của tôi.', 'a7d1f0e8-2a6f-4b9d-aa1c-10f58a1d5d32'),
('6d17c098-8501-4c28-9034-55912840814d', '329bcbcf-d671-45e0-baf6-10c773b0ded0', 0, '2024-01-26T00:00:00.000000', null, '2024-01-23T00:00:00.000000', null, 'e4b4c721-50ad-4e2d-bf60-30abfaf5c755', 0, null, '8a9f22f1-3c67-49f7-bd84-ec290e4a37fd'),
('57b583ed-a627-4ff4-888d-6825e4ba0593', '329bcbcf-d671-45e0-baf6-10c773b0ded0', 800000, '2024-03-09T00:00:00.000000', '2024-03-09T00:00:00.000000', '2024-03-08T00:00:00.000000', 'd1c68475-2ff6-493f-8361-ee4049a9a448', 'e4b4c721-50ad-4e2d-bf60-30abfaf5c755', 3.5, N'Thật không may, trải nghiệm của tôi với Trương Hữu Canh không được tốt. Tôi cảm thấy mình không nhận được giá trị tương xứng với số tiền bỏ ra.', 'a7d1f0e8-2a6f-4b9d-aa1c-10f58a1d5d32'),
('fdbba10f-182d-4404-af78-60785266dc20', '0b54d565-620c-4257-b7ec-218bd3bc00f6', 0, '2024-01-26T00:00:00.000000', null, '2024-01-23T00:00:00.000000', null, 'c8ef1cef-5066-4f98-adee-0a4edc874768', 0, null, '8a9f22f1-3c67-49f7-bd84-ec290e4a37fd'),
('efb98f7b-7c00-4bb7-8e05-c632bec51863', '9d295f5e-42e9-4f68-8d55-4aab37cbc93f', 0, '2024-01-31T00:00:00.000000', null, '2024-01-29T00:00:00.000000', null, '80ac6f53-c836-4a16-a30a-771842141349', 0, null, '8a9f22f1-3c67-49f7-bd84-ec290e4a37fd'),
('b52f2c93-6eec-4156-a99e-39b7ee999d75', '9d295f5e-42e9-4f68-8d55-4aab37cbc93f', 0, '2024-01-19T00:00:00.000000', null, '2024-01-17T00:00:00.000000', null, '80ac6f53-c836-4a16-a30a-771842141349', 0, null, '8a9f22f1-3c67-49f7-bd84-ec290e4a37fd'),
('80e2b809-1d91-4f2a-ba0e-6c4c8f1c4890', '9d295f5e-42e9-4f68-8d55-4aab37cbc93f', 0, '2024-01-13T00:00:00.000000', null, '2024-01-10T00:00:00.000000', null, '80ac6f53-c836-4a16-a30a-771842141349', 0, null, '8a9f22f1-3c67-49f7-bd84-ec290e4a37fd'),
('010559f2-1db7-41dc-96a9-dea94a8c2196', '9d295f5e-42e9-4f68-8d55-4aab37cbc93f', 0, '2024-01-17T00:00:00.000000', null, '2024-01-16T00:00:00.000000', null, '80ac6f53-c836-4a16-a30a-771842141349', 0, null, '8a9f22f1-3c67-49f7-bd84-ec290e4a37fd'),
('c76fb1cf-bce5-4f50-a359-8d8dbca01519', '9d295f5e-42e9-4f68-8d55-4aab37cbc93f', 800000, '2024-03-21T00:00:00.000000', '2024-03-21T00:00:00.000000', '2024-03-18T00:00:00.000000', 'd1c68475-2ff6-493f-8361-ee4049a9a448', '80ac6f53-c836-4a16-a30a-771842141349', 3.0, N'Trương Hữu Canh thân thiện và nhiệt tình. Chậm và kém hiệu quả.', 'a7d1f0e8-2a6f-4b9d-aa1c-10f58a1d5d32'),
('77753daa-4f87-4b26-814d-9424ff7ec19b', '9d295f5e-42e9-4f68-8d55-4aab37cbc93f', 500000, '2024-01-02T00:00:00.000000', '2024-01-02T00:00:00.000000', '2024-01-01T00:00:00.000000', '6c663089-4f85-4b28-9931-65a88b7d6352', '80ac6f53-c836-4a16-a30a-771842141349', 3.5, N'Trương Thành Nhân cần cải thiện khả năng giao tiếp. Freelancer không thân thiện và không nhiệt tình.', 'a7d1f0e8-2a6f-4b9d-aa1c-10f58a1d5d32'),
('cd404d25-0b50-453b-a7c8-7afb9fac7833', '329bcbcf-d671-45e0-baf6-10c773b0ded0', 0, '2024-02-28T00:00:00.000000', null, '2024-02-26T00:00:00.000000', null, 'e4b4c721-50ad-4e2d-bf60-30abfaf5c755', 0, null, '8a9f22f1-3c67-49f7-bd84-ec290e4a37fd'); 

INSERT INTO [Services] ([Id], [Note], [AdditionalNote], [ServiceTypeId], [Requirement], [AdditionalRequirement]) VALUES
('753f2f1d-9864-4966-a026-4ce787216cf2', 'Film heavy chair by development meet door contain.', 'none', '99C88F92-A587-4110-8CBB-299EB2968727', N'[{"Key": "Name", "Value": "Quạt phun sương"}, {"Key": "Size", "Value": "Nhỏ"}, {"Key": "Quantity", "Value": "1"}, {"Key": "Price", "Value": "0"}]', '[]'),
('217743e6-e0a0-49a3-a1fe-29afa545d3c4', 'Fear great easy plan PM more.', 'none', '289CEE0A-8041-4D60-9EB2-478F3311046E', N'[{"Key": "Name", "Value": "Mua"}, {"Key": "Image", "Value": "test.png"}, {"Key": "Price", "Value": "0"}, {"Key": "ShoppingItems", "Value": "[Khoai lang tím, Rau ngò gai, Dầu mè, Cá thu, Muối, Cà chua cà chua, Cá dứa, Cá tầm, Thịt vịt]"}]', '[]'),
('cfa29c2d-3ffe-4000-9612-227a050b9de1', 'Future model green place beat sense far.', 'none', 'A7E19817-AB88-43A8-B460-237735089C9F', N'[{"Key": "Name", "Value": "Mua"}, {"Key": "Image", "Value": "test.png"}, {"Key": "Price", "Value": "0"}, {"Key": "ShoppingItems", "Value": "[Rau diếp, Cần tây, Cá tra, Rau cải baby, Cải thảo]"}]', '[]'),
('bbea08a8-f4cf-4004-a749-dbe0316aa53e', 'Despite boy without.', 'none', '9A1EA6DE-0149-42C3-B2A8-E1BFE7C62DF3', N'[{"Key": "Name", "Value": "Quạt treo tường cắm điện"}, {"Key": "Size", "Value": "Vừa"}, {"Key": "Quantity", "Value": "5"}, {"Key": "Price", "Value": "0"}]', '[]'),
('fa74ed09-2808-483b-8953-0ec49cb641c9', 'Bill education exist sense training other.', 'none', '41586551-C098-4FF2-8DEB-45AE7EF64173', N'[{"Key": "Name", "Value": "Mua"}, {"Key": "Image", "Value": "test.png"}, {"Key": "Price", "Value": "0"}, {"Key": "ShoppingItems", "Value": "[Bí xanh, Cá tra, Sò]"}]', '[]'),
('9baf2fda-960a-4f85-9a78-f0a58df9e3ab', 'Brother teacher three seven attention team.', 'none', 'FD902642-4378-4376-9A77-072644668D15', N'[{"Key": "Name", "Value": "Ổ điện"}, {"Key": "Size", "Value": "Vừa"}, {"Key": "Quantity", "Value": "3"}, {"Key": "Price", "Value": "0"}]', '[]'),
('7816f5cc-696c-4920-8333-d88eb744e8f7', 'Factor head pick church recent.', 'none', '41586551-C098-4FF2-8DEB-45AE7EF64173', N'[{"Key": "Name", "Value": "Mua"}, {"Key": "Image", "Value": "test.png"}, {"Key": "Price", "Value": "0"}, {"Key": "ShoppingItems", "Value": "[Dưa leo, Dầu đậu nành, Dưa hấu không hạt, Cá trích, Gia vị]"}]', '[]'),
('8ddfef86-8dcf-431a-ac93-5062f7a9c648', 'Feel seat appear perform agent likely.', 'none', '49993FA5-B4D5-4CBA-B448-7E2B70AFBDD4', N'[{"Key": "Name", "Value": "Bình điện"}, {"Key": "Size", "Value": "Vừa"}, {"Key": "Quantity", "Value": "4"}, {"Key": "Price", "Value": "0"}]', '[]'),
('f6793278-c265-487c-bd38-96de071b3e4c', 'Guess break about.', 'none', 'FD902642-4378-4376-9A77-072644668D15', N'[{"Key": "Name", "Value": "Sạc pin"}, {"Key": "Size", "Value": "Nhỏ"}, {"Key": "Quantity", "Value": "1"}, {"Key": "Price", "Value": "0"}]', '[]'),
('e85558e1-b09e-407c-82e3-1a93e9818398', 'Know smile home southern.', 'none', '99C88F92-A587-4110-8CBB-299EB2968727', N'[{"Key": "Name", "Value": "Sạc pin"}, {"Key": "Size", "Value": "Vừa"}, {"Key": "Quantity", "Value": "2"}, {"Key": "Price", "Value": "0"}]', '[]'),
('6c17e8df-6e3a-467a-98c8-65750ac8b299', 'Only anyone home doctor be.', 'none', 'E0AE7D37-0CBB-4722-9700-4C13A0BA6D3D', N'[{"Key": "Name", "Value": "Quạt mini cắm điện"}, {"Key": "Size", "Value": "Nhỏ"}, {"Key": "Quantity", "Value": "2"}, {"Key": "Price", "Value": "0"}]', '[]'),
('be86c9f5-b295-47a0-997b-b8e8105b0614', 'Father beautiful than seem sign third in approach.', 'none', '99C88F92-A587-4110-8CBB-299EB2968727', N'[{"Key": "Name", "Value": "Máy lọc không khí"}, {"Key": "Size", "Value": "Nhỏ"}, {"Key": "Quantity", "Value": "2"}, {"Key": "Price", "Value": "0"}]', '[]'),
('8645ffe4-2216-4cd9-bd53-0451f39f7d60', 'Miss couple bag.', 'none', '6A4615D1-0E58-4206-B15E-708E48C1501C', N'[{"Key": "Name", "Value": "Mua"}, {"Key": "Image", "Value": "test.png"}, {"Key": "Price", "Value": "0"}, {"Key": "ShoppingItems", "Value": "[Dưa hấu ruột đen, Cá bóc tôm, Cà tím hột, Dầu mỡ, Dầu mỡ, Bột mì, Cá lóc, Dưa hấu ruột hồng, Thịt bò]"}]', '[]'),
('201d91de-575b-4d79-a8ee-0ae4b44ac3e8', 'Pull save fine team effort.', 'none', '9A1EA6DE-0149-42C3-B2A8-E1BFE7C62DF3', N'[{"Key": "Name", "Value": "Sạc pin"}, {"Key": "Size", "Value": "Vừa"}, {"Key": "Quantity", "Value": "2"}, {"Key": "Price", "Value": "0"}]', '[]'),
('7062ffcd-a063-4ecd-a8db-ebe375ed50ea', 'Leave brother bank better she increase try.', 'none', '289CEE0A-8041-4D60-9EB2-478F3311046E', N'[{"Key": "Name", "Value": "Mua"}, {"Key": "Image", "Value": "test.png"}, {"Key": "Price", "Value": "0"}, {"Key": "ShoppingItems", "Value": "[Bạch tuộc, Tôm bỏ vỏ, Bắp non, Củ cải trắng, Mướp, Bạch tuộc]"}]', '[]'),
('a46125e2-b1fb-4869-be6e-71c35850bd1e', 'Evening admit past Republican common.', 'none', '0CBF59EA-8DCB-4A62-BE82-617153952B1D', N'[{"Key": "Name", "Value": "Sạc điện thoại"}, {"Key": "Size", "Value": "To"}, {"Key": "Quantity", "Value": "4"}, {"Key": "Price", "Value": "0"}]', '[]'),
('91ed665f-a04e-45a0-a194-0e129d1bfd1e', 'Middle teacher business population brother say grow.', 'none', 'E0AE7D37-0CBB-4722-9700-4C13A0BA6D3D', N'[{"Key": "Name", "Value": "Đèn trần"}, {"Key": "Size", "Value": "Nhỏ"}, {"Key": "Quantity", "Value": "3"}, {"Key": "Price", "Value": "0"}]', '[]'),
('107bee8c-e637-44f1-a136-8e6b59ffa225', 'Science top ask film force.', 'none', '8800EE29-7A1F-48AD-989C-7669FB278DEA', N'[{"Key": "Name", "Value": "Quạt đứng cắm điện"}, {"Key": "Size", "Value": "To"}, {"Key": "Quantity", "Value": "5"}, {"Key": "Price", "Value": "0"}]', '[]'),
('46b1937c-7555-4e17-b6cf-4f7305e7a251', 'Run staff service government opportunity.', 'none', 'C82954A1-39D4-4012-86B3-6CAD42C2B399', N'[{"Key": "Name", "Value": "Mua"}, {"Key": "Image", "Value": "test.png"}, {"Key": "Price", "Value": "0"}, {"Key": "ShoppingItems", "Value": "[Cà chua dẻo, Cá, Thịt gà, Dưa cà]"}]', '[]'),
('23697fd6-6c8a-466c-a953-fd76065b918e', 'Other majority final when new clear these.', 'none', '8800EE29-7A1F-48AD-989C-7669FB278DEA', N'[{"Key": "Name", "Value": "Ổ cắm điện"}, {"Key": "Size", "Value": "Nhỏ"}, {"Key": "Quantity", "Value": "5"}, {"Key": "Price", "Value": "0"}]', '[]'),
('e1d3c57c-e295-48e9-bbd3-813c12a28e26', 'Gas kid rise price employee.', 'none', '6F8F6E58-2A20-413C-90DF-8F665F9B1B8D', N'[{"Key": "Name", "Value": "Mua"}, {"Key": "Image", "Value": "test.png"}, {"Key": "Price", "Value": "0"}, {"Key": "ShoppingItems", "Value": "[Dưa hấu ruột trắng, Mì, Bắp trưởng thành, Cà chua dẻo, Cá trê, Cà tím hột, Cá lóc, Cá dằm, Tôm càng nhỏ, Cá]"}]', '[]'),
('978afd29-bfc3-4eb4-b7a4-bb60fc8df550', 'Itself group computer forget would section him.', 'none', 'A7E19817-AB88-43A8-B460-237735089C9F', N'[{"Key": "Name", "Value": "Mua"}, {"Key": "Image", "Value": "test.png"}, {"Key": "Price", "Value": "0"}, {"Key": "ShoppingItems", "Value": "[Cá mòi, Khoai lang tím, Cà chua dẻo]"}]', '[]'),
('5b29f1e1-5475-4190-9b74-c6e7ee62755f', 'North but west.', 'none', 'E0AE7D37-0CBB-4722-9700-4C13A0BA6D3D', N'[{"Key": "Name", "Value": "Đèn hắt"}, {"Key": "Size", "Value": "To"}, {"Key": "Quantity", "Value": "5"}, {"Key": "Price", "Value": "0"}]', '[]'),
('f4faafa0-315b-4cde-8929-9e3a3dd1edb4', 'Collection bad until our per leader change.', 'none', '9A1EA6DE-0149-42C3-B2A8-E1BFE7C62DF3', N'[{"Key": "Name", "Value": "Nồi"}, {"Key": "Size", "Value": "Nhỏ"}, {"Key": "Quantity", "Value": "1"}, {"Key": "Price", "Value": "0"}]', '[]'),
('19fc9af0-e972-4e28-b446-3fab64cfe020', 'Financial too nearly.', 'none', 'A7E19817-AB88-43A8-B460-237735089C9F', N'[{"Key": "Name", "Value": "Mua"}, {"Key": "Image", "Value": "test.png"}, {"Key": "Price", "Value": "0"}, {"Key": "ShoppingItems", "Value": "[Cá dằm, Cà chua rời, Cá bạch tuộc, Cá mập, Mực, Cá trê, Cá chẽo, Dưa cà]"}]', '[]'),
('d44fb011-34d4-475a-aed2-7c94119b292c', 'Various although house build get.', 'none', 'FD902642-4378-4376-9A77-072644668D15', N'[{"Key": "Name", "Value": "Quạt sưởi cắm điện"}, {"Key": "Size", "Value": "To"}, {"Key": "Quantity", "Value": "5"}, {"Key": "Price", "Value": "0"}]', '[]'),
('8264c6ce-0bc4-449b-ba2f-06aa10b76356', 'Might history strong economy break word source.', 'none', '8800EE29-7A1F-48AD-989C-7669FB278DEA', N'[{"Key": "Name", "Value": "Quạt cắm điện"}, {"Key": "Size", "Value": "To"}, {"Key": "Quantity", "Value": "3"}, {"Key": "Price", "Value": "0"}]', '[]'),
('7d42ad00-b554-4f49-8c45-6aa3d9edb5f8', 'Notice kind game act.', 'none', 'E0AE7D37-0CBB-4722-9700-4C13A0BA6D3D', N'[{"Key": "Name", "Value": "Quạt hút"}, {"Key": "Size", "Value": "Vừa"}, {"Key": "Quantity", "Value": "2"}, {"Key": "Price", "Value": "0"}]', '[]'),
('1debf661-564b-4f84-a63a-d89a23fb672b', 'Audience very everything store morning.', 'none', '49993FA5-B4D5-4CBA-B448-7E2B70AFBDD4', N'[{"Key": "Name", "Value": "Máy photocopy"}, {"Key": "Size", "Value": "To"}, {"Key": "Quantity", "Value": "3"}, {"Key": "Price", "Value": "0"}]', '[]'),
('1647f632-44d2-4350-8a06-fb3533b707c8', 'Find add sing standard exactly.', 'none', 'A7E19817-AB88-43A8-B460-237735089C9F', N'[{"Key": "Name", "Value": "Mua"}, {"Key": "Image", "Value": "test.png"}, {"Key": "Price", "Value": "0"}, {"Key": "ShoppingItems", "Value": "[Dưa lưới, Tôm càng nhỏ, Gia vị, Dưa hấu ruột nâu, Cá sứa]"}]', '[]'),
('075d3b26-242f-43fb-b1f9-6426be3de3a4', 'Gun word citizen.', 'none', 'FD902642-4378-4376-9A77-072644668D15', N'[{"Key": "Name", "Value": "Quạt treo tường"}, {"Key": "Size", "Value": "Vừa"}, {"Key": "Quantity", "Value": "5"}, {"Key": "Price", "Value": "0"}]', '[]'),
('8656bd0d-8671-44e8-9082-890e21104aca', 'Large season last meeting southern relate when.', 'none', 'E2E7B569-88B8-4BA6-8B60-3FAB42A6BCF5', N'[{"Key": "Name", "Value": "Mua"}, {"Key": "Image", "Value": "test.png"}, {"Key": "Price", "Value": "0"}, {"Key": "ShoppingItems", "Value": "[Dầu đậu nành, Dưa gang, Mướp đắng, Cá chép, Thịt bò, Cá diêu hồng, Tôm càng nhỏ, Thịt vịt]"}]', '[]'),
('cb997ea9-2eb4-4773-8e11-041ceebcf1f8', 'Education think similar particular before.', 'none', '99C88F92-A587-4110-8CBB-299EB2968727', N'[{"Key": "Name", "Value": "Loa"}, {"Key": "Size", "Value": "Nhỏ"}, {"Key": "Quantity", "Value": "4"}, {"Key": "Price", "Value": "0"}]', '[]'),
('06807087-80d2-4ffb-9b35-93fcf1263212', 'Foreign agency list miss among.', 'none', '0CBF59EA-8DCB-4A62-BE82-617153952B1D', N'[{"Key": "Name", "Value": "Máy tạo ẩm"}, {"Key": "Size", "Value": "To"}, {"Key": "Quantity", "Value": "2"}, {"Key": "Price", "Value": "0"}]', '[]'),
('7dd94364-5918-4b12-b1ad-3fcecffd841e', 'Hotel by year player image central.', 'none', '6A4615D1-0E58-4206-B15E-708E48C1501C', N'[{"Key": "Name", "Value": "Mua"}, {"Key": "Image", "Value": "test.png"}, {"Key": "Price", "Value": "0"}, {"Key": "ShoppingItems", "Value": "[Cá ngừ, Bắp non, Măng tây, Khoai tây, Củ cải đỏ, Cá hồi, Rau muống xanh, Tôm càng vàng]"}]', '[]'),
('b83a87ab-d776-4dc4-b1c9-f4fe9ab7a413', 'Son spend ball company enter son.', 'none', '9A1EA6DE-0149-42C3-B2A8-E1BFE7C62DF3', N'[{"Key": "Name", "Value": "Quạt treo tường"}, {"Key": "Size", "Value": "To"}, {"Key": "Quantity", "Value": "4"}, {"Key": "Price", "Value": "0"}]', '[]'),
('2536bbb4-4570-4f9e-9171-3b05b12f36fe', 'Computer mention time firm water cover social particularly.', 'none', '289CEE0A-8041-4D60-9EB2-478F3311046E', N'[{"Key": "Name", "Value": "Mua"}, {"Key": "Image", "Value": "test.png"}, {"Key": "Price", "Value": "0"}, {"Key": "ShoppingItems", "Value": "[Rau cải ngọt, Dưa hấu dừa, Củ cải, Thịt gà, Rau bắp cải, Cần tây baby, Cà rốt]"}]', '[]'),
('09c15170-c9a3-46dd-967f-a81d88bea33e', 'Later street mention would technology budget first.', 'none', '289CEE0A-8041-4D60-9EB2-478F3311046E', N'[{"Key": "Name", "Value": "Mua"}, {"Key": "Image", "Value": "test.png"}, {"Key": "Price", "Value": "0"}, {"Key": "ShoppingItems", "Value": "[Rau dền xanh, Bột khoai mì, Cải bắp]"}]', '[]'),
('5a7db8da-ef9a-4ce8-a8c8-30632c6c5d8e', 'Though cover including artist find hope.', 'none', 'FD902642-4378-4376-9A77-072644668D15', N'[{"Key": "Name", "Value": "Dụng cụ làm bánh"}, {"Key": "Size", "Value": "To"}, {"Key": "Quantity", "Value": "2"}, {"Key": "Price", "Value": "0"}]', '[]'),
('ffca815c-5585-4179-b696-04853f535b2e', 'Impact key page per.', 'none', 'FD902642-4378-4376-9A77-072644668D15', N'[{"Key": "Name", "Value": "Quạt hút"}, {"Key": "Size", "Value": "To"}, {"Key": "Quantity", "Value": "2"}, {"Key": "Price", "Value": "0"}]', '[]'),
('2e1ab3c0-f5ae-4cc9-8b4e-c01cc4c5a642', 'Live teach movie I situation understand agree.', 'none', '8800EE29-7A1F-48AD-989C-7669FB278DEA', N'[{"Key": "Name", "Value": "Tủ lạnh"}, {"Key": "Size", "Value": "Vừa"}, {"Key": "Quantity", "Value": "4"}, {"Key": "Price", "Value": "0"}]', '[]'),
('264a7d3a-c7e2-45cf-a226-7b653c2e8cd9', 'Training personal expert already.', 'none', 'C82954A1-39D4-4012-86B3-6CAD42C2B399', N'[{"Key": "Name", "Value": "Mua"}, {"Key": "Image", "Value": "test.png"}, {"Key": "Price", "Value": "0"}, {"Key": "ShoppingItems", "Value": "[Rau muống xanh, Bột khoai mì, Cá ngừ, Bột ngô]"}]', '[]'),
('e7c59c65-52e2-4628-97b3-7551d4d1d7f1', 'Company TV policy drug.', 'none', 'E0AE7D37-0CBB-4722-9700-4C13A0BA6D3D', N'[{"Key": "Name", "Value": "Máy phun thuốc"}, {"Key": "Size", "Value": "Nhỏ"}, {"Key": "Quantity", "Value": "5"}, {"Key": "Price", "Value": "0"}]', '[]'),
('92bc6904-372a-4a23-9ebe-f5dc1f91db74', 'Whom goal clear inside.', 'none', 'FD902642-4378-4376-9A77-072644668D15', N'[{"Key": "Name", "Value": "Máy cạo râu"}, {"Key": "Size", "Value": "Nhỏ"}, {"Key": "Quantity", "Value": "3"}, {"Key": "Price", "Value": "0"}]', '[]'),
('65423d9b-cd1d-429e-a49e-7bca9e378148', 'Two hair describe hundred candidate.', 'none', '6A4615D1-0E58-4206-B15E-708E48C1501C', N'[{"Key": "Name", "Value": "Mua"}, {"Key": "Image", "Value": "test.png"}, {"Key": "Price", "Value": "0"}, {"Key": "ShoppingItems", "Value": "[Rau cải bắp, Khoai tây bi, Cá sặc, Bí đỏ lát, Cải thảo]"}]', '[]'),
('8a2dc4c7-4880-427d-87fe-7c098ef18b0c', 'Structure your those head.', 'none', '6A4615D1-0E58-4206-B15E-708E48C1501C', N'[{"Key": "Name", "Value": "Mua"}, {"Key": "Image", "Value": "test.png"}, {"Key": "Price", "Value": "0"}, {"Key": "ShoppingItems", "Value": "[Đường, Cải thảo, Cải thảo, Củ cải đỏ, Cá bơn, Cá tra, Hành tây, Cá tra]"}]', '[]'),
('659b9a78-3e95-4697-970f-58739ee19d66', 'American focus something who blood.', 'none', 'FD902642-4378-4376-9A77-072644668D15', N'[{"Key": "Name", "Value": "Quạt đứng"}, {"Key": "Size", "Value": "To"}, {"Key": "Quantity", "Value": "4"}, {"Key": "Price", "Value": "0"}]', '[]'),
('c08bc20b-a333-4edd-ac1e-6d743c8599e6', 'Left college listen city truth ten seven both.', 'none', '49993FA5-B4D5-4CBA-B448-7E2B70AFBDD4', N'[{"Key": "Name", "Value": "Máy tính"}, {"Key": "Size", "Value": "Vừa"}, {"Key": "Quantity", "Value": "1"}, {"Key": "Price", "Value": "0"}]', '[]'),
('6f137271-a2c0-4856-a702-c08e490ee1bc', 'Road get car party close issue.', 'none', 'E2E7B569-88B8-4BA6-8B60-3FAB42A6BCF5', N'[{"Key": "Name", "Value": "Mua"}, {"Key": "Image", "Value": "test.png"}, {"Key": "Price", "Value": "0"}, {"Key": "ShoppingItems", "Value": "[Cà rốt tươi, Dầu dừa, Cá dằm, Gia vị, Cá dằm, Cải thảo, Khoai tây lát]"}]', '[]'),
('4ac0edf1-33d6-4070-b11f-7c1f7415847a', 'Risk catch check clearly ahead career manage.', 'none', 'E0AE7D37-0CBB-4722-9700-4C13A0BA6D3D', N'[{"Key": "Name", "Value": "Máy fax"}, {"Key": "Size", "Value": "Nhỏ"}, {"Key": "Quantity", "Value": "1"}, {"Key": "Price", "Value": "0"}]', '[]'),
('593ddc87-ae24-49dd-9590-90d84a59c45d', 'Blood single recently other owner message entire.', 'none', 'E2E7B569-88B8-4BA6-8B60-3FAB42A6BCF5', N'[{"Key": "Name", "Value": "Mua"}, {"Key": "Image", "Value": "test.png"}, {"Key": "Price", "Value": "0"}, {"Key": "ShoppingItems", "Value": "[Cá mú, Tôm càng to, Dưa hấu chín, Đường, Ớt sừng, Rau dền xanh, Khoai tây lát, Cà rốt, Bí xanh]"}]', '[]'),
('5058ff91-fe0d-474a-a0f6-a99e9ecf9d75', 'Action throughout stage.', 'none', '49993FA5-B4D5-4CBA-B448-7E2B70AFBDD4', N'[{"Key": "Name", "Value": "Quạt máy"}, {"Key": "Size", "Value": "Nhỏ"}, {"Key": "Quantity", "Value": "4"}, {"Key": "Price", "Value": "0"}]', '[]'),
('435bed85-0012-4c04-b0d6-6ed86d6d6a9e', 'Recent project speech director city necessary thus sister.', 'none', '0CBF59EA-8DCB-4A62-BE82-617153952B1D', N'[{"Key": "Name", "Value": "Máy cưa"}, {"Key": "Size", "Value": "Nhỏ"}, {"Key": "Quantity", "Value": "4"}, {"Key": "Price", "Value": "0"}]', '[]'),
('4cee51eb-4fb5-4f6a-8650-c230b49bf399', 'North trouble upon beautiful open free.', 'none', 'FD902642-4378-4376-9A77-072644668D15', N'[{"Key": "Name", "Value": "Quạt phun sương"}, {"Key": "Size", "Value": "Nhỏ"}, {"Key": "Quantity", "Value": "4"}, {"Key": "Price", "Value": "0"}]', '[]'),
('0fb341ce-1c84-4ef5-a17a-d56a20ed494a', 'Enter discover hair few participant true lead.', 'none', '9A1EA6DE-0149-42C3-B2A8-E1BFE7C62DF3', N'[{"Key": "Name", "Value": "Bình điện"}, {"Key": "Size", "Value": "Vừa"}, {"Key": "Quantity", "Value": "5"}, {"Key": "Price", "Value": "0"}]', '[]'),
('1efbdfd0-e22d-49b4-a736-352c9be6fc10', 'Next sense make real use nice.', 'none', 'A7E19817-AB88-43A8-B460-237735089C9F', N'[{"Key": "Name", "Value": "Mua"}, {"Key": "Image", "Value": "test.png"}, {"Key": "Price", "Value": "0"}, {"Key": "ShoppingItems", "Value": "[Khoai lang mật, Bắp cải, Khoai lang tím, Dầu dừa, Cà tím lát]"}]', '[]'),
('170678d9-b49b-4c0d-84a6-13052318bf3b', 'Dinner stuff find different many.', 'none', '9A1EA6DE-0149-42C3-B2A8-E1BFE7C62DF3', N'[{"Key": "Name", "Value": "Quạt thông gió cắm điện"}, {"Key": "Size", "Value": "Vừa"}, {"Key": "Quantity", "Value": "1"}, {"Key": "Price", "Value": "0"}]', '[]'),
('fa55f6b9-7ed0-4f42-89d3-ab18b10cee9b', 'Great than director remember place grow.', 'none', '41586551-C098-4FF2-8DEB-45AE7EF64173', N'[{"Key": "Name", "Value": "Mua"}, {"Key": "Image", "Value": "test.png"}, {"Key": "Price", "Value": "0"}, {"Key": "ShoppingItems", "Value": "[Ngao, Dưa bắp, Rau sống, Cá ngừ, Cá sứa, Cà chua cà chua]"}]', '[]'),
('50bf292d-84e6-49da-ae87-994d3b48a20a', 'Race wish let left.', 'none', '49993FA5-B4D5-4CBA-B448-7E2B70AFBDD4', N'[{"Key": "Name", "Value": "Dụng cụ làm bánh"}, {"Key": "Size", "Value": "Vừa"}, {"Key": "Quantity", "Value": "4"}, {"Key": "Price", "Value": "0"}]', '[]'),
('981bb5cb-70dc-40a5-ab9d-0ff2a8e954e6', 'Through dinner whose worker offer American.', 'none', '6A4615D1-0E58-4206-B15E-708E48C1501C', N'[{"Key": "Name", "Value": "Mua"}, {"Key": "Image", "Value": "test.png"}, {"Key": "Price", "Value": "0"}, {"Key": "ShoppingItems", "Value": "[Khoai tây bi, Dưa gang, Dưa chuột, Cá hồi, Khoai tây lát, Bột mì trứng]"}]', '[]'),
('38383e69-66fd-4d93-a564-a0225f5e4fcd', 'Paper tree bank letter summer minute perform indeed.', 'none', 'E0AE7D37-0CBB-4722-9700-4C13A0BA6D3D', N'[{"Key": "Name", "Value": "Đồng hồ báo thức"}, {"Key": "Size", "Value": "Nhỏ"}, {"Key": "Quantity", "Value": "2"}, {"Key": "Price", "Value": "0"}]', '[]'),
('4ebde4fb-2da1-4f2a-9b72-94b64552011a', 'Wish among west agreement girl happen.', 'none', 'C82954A1-39D4-4012-86B3-6CAD42C2B399', N'[{"Key": "Name", "Value": "Mua"}, {"Key": "Image", "Value": "test.png"}, {"Key": "Price", "Value": "0"}, {"Key": "ShoppingItems", "Value": "[Thịt vịt, Cá bơn, Cá tầm, Dưa bóp, Bí xanh]"}]', '[]'),
('02bfa067-59bd-4bdc-8e97-5e1d1647e855', 'Inside matter nice really listen.', 'none', '99C88F92-A587-4110-8CBB-299EB2968727', N'[{"Key": "Name", "Value": "Máy phát sóng"}, {"Key": "Size", "Value": "Nhỏ"}, {"Key": "Quantity", "Value": "5"}, {"Key": "Price", "Value": "0"}]', '[]'),
('3045816d-a537-479e-a25a-0436e8d132fa', 'Agency rich accept if share land.', 'none', 'C82954A1-39D4-4012-86B3-6CAD42C2B399', N'[{"Key": "Name", "Value": "Mua"}, {"Key": "Image", "Value": "test.png"}, {"Key": "Price", "Value": "0"}, {"Key": "ShoppingItems", "Value": "[Củ cải đỏ, Củ cải, Cá mòi, Cá tầm, Cá sặc, Dưa hấu ruột đỏ, Cá mè, Rau húng, Cá bạch tuộc, Cá chim]"}]', '[]'),
('f0f91b87-b2ed-4a69-891a-7667139b7cc4', 'Direction exist president outside.', 'none', 'E0AE7D37-0CBB-4722-9700-4C13A0BA6D3D', N'[{"Key": "Name", "Value": "Đèn bàn"}, {"Key": "Size", "Value": "Vừa"}, {"Key": "Quantity", "Value": "4"}, {"Key": "Price", "Value": "0"}]', '[]'),
('07ce5ed4-47e9-43e6-9032-b7f07ca59065', 'Together number degree kid drug toward such.', 'none', 'C82954A1-39D4-4012-86B3-6CAD42C2B399', N'[{"Key": "Name", "Value": "Mua"}, {"Key": "Image", "Value": "test.png"}, {"Key": "Price", "Value": "0"}, {"Key": "ShoppingItems", "Value": "[Mướp, Cà tím, Thịt vịt, Măng, Dầu hướng dương, Cải thảo]"}]', '[]'),
('f1ac7356-c40a-488c-a88d-33390f62e073', 'International position write those full rate clear.', 'none', 'C82954A1-39D4-4012-86B3-6CAD42C2B399', N'[{"Key": "Name", "Value": "Mua"}, {"Key": "Image", "Value": "test.png"}, {"Key": "Price", "Value": "0"}, {"Key": "ShoppingItems", "Value": "[Bí xanh, Bắp ngô, Cá chim, Rau răm, Dầu mỡ, Khoai lang tím]"}]', '[]'),
('70417a09-3edf-462b-a704-62c7c1b33158', 'Week remain decide happy another image.', 'none', 'C82954A1-39D4-4012-86B3-6CAD42C2B399', N'[{"Key": "Name", "Value": "Mua"}, {"Key": "Image", "Value": "test.png"}, {"Key": "Price", "Value": "0"}, {"Key": "ShoppingItems", "Value": "[Măng tây, Cá thu, Ớt chuông, Cá lóc, Ớt chuông, Bắp non, Cá bóc tôm, Cua]"}]', '[]'),
('16afc838-9a7c-491c-8583-873dc703ef4b', 'Wide manage address information serious fine seat should.', 'none', 'E0AE7D37-0CBB-4722-9700-4C13A0BA6D3D', N'[{"Key": "Name", "Value": "Quạt cây"}, {"Key": "Size", "Value": "To"}, {"Key": "Quantity", "Value": "1"}, {"Key": "Price", "Value": "0"}]', '[]'),
('a26ddb9a-7550-481b-8583-5d5596d12942', 'Body language there wonder him.', 'none', 'E2E7B569-88B8-4BA6-8B60-3FAB42A6BCF5', N'[{"Key": "Name", "Value": "Mua"}, {"Key": "Image", "Value": "test.png"}, {"Key": "Price", "Value": "0"}, {"Key": "ShoppingItems", "Value": "[Dầu hào, Tôm càng xanh, Cá nục]"}]', '[]'),
('15517746-8896-499e-9c04-c38adcdb38a5', 'History the bring parent very card.', 'none', '0CBF59EA-8DCB-4A62-BE82-617153952B1D', N'[{"Key": "Name", "Value": "Bếp từ"}, {"Key": "Size", "Value": "To"}, {"Key": "Quantity", "Value": "4"}, {"Key": "Price", "Value": "0"}]', '[]'),
('35882db3-9b8b-4898-b212-9e4809a1b492', 'Gas health sort couple.', 'none', 'FD902642-4378-4376-9A77-072644668D15', N'[{"Key": "Name", "Value": "Quạt bàn"}, {"Key": "Size", "Value": "Vừa"}, {"Key": "Quantity", "Value": "3"}, {"Key": "Price", "Value": "0"}]', '[]'),
('17c39af6-0526-479a-99d2-4020392f74a4', 'Best student describe concern professional discover.', 'none', 'C82954A1-39D4-4012-86B3-6CAD42C2B399', N'[{"Key": "Name", "Value": "Mua"}, {"Key": "Image", "Value": "test.png"}, {"Key": "Price", "Value": "0"}, {"Key": "ShoppingItems", "Value": "[Tôm càng vàng, Rau cải, Cá chép, Bột năng, Bắp trưởng thành, Ớt sừng, Cà chua cà chua, Bí đỏ tươi, Rau muống xanh]"}]', '[]'),
('d21475d6-068d-4b2d-aec0-cec139e56e2e', 'Produce foreign the site.', 'none', 'E2E7B569-88B8-4BA6-8B60-3FAB42A6BCF5', N'[{"Key": "Name", "Value": "Mua"}, {"Key": "Image", "Value": "test.png"}, {"Key": "Price", "Value": "0"}, {"Key": "ShoppingItems", "Value": "[Cá mú, Cá chẽo, Đậu, Cá mú, Ớt sừng, Rau mơ, Cá basa, Rau muống, Ớt, Cá diêu hồng]"}]', '[]'),
('c5ad8685-0887-4c19-9c22-c9c203fc61a9', 'Increase mother important ball.', 'none', '6F8F6E58-2A20-413C-90DF-8F665F9B1B8D', N'[{"Key": "Name", "Value": "Mua"}, {"Key": "Image", "Value": "test.png"}, {"Key": "Price", "Value": "0"}, {"Key": "ShoppingItems", "Value": "[Cà rốt hột, Cá diêu hồng, Cà tím tươi, Dưa hấu ruột vàng]"}]', '[]'),
('47daf7bf-0fda-4cf5-90b0-89ddd25be20e', 'Skill industry old effect.', 'none', 'A7E19817-AB88-43A8-B460-237735089C9F', N'[{"Key": "Name", "Value": "Mua"}, {"Key": "Image", "Value": "test.png"}, {"Key": "Price", "Value": "0"}, {"Key": "ShoppingItems", "Value": "[Cá lóc, Dưa hấu ruột trắng, Ốc, Bạch tuộc, Mì, Rau mơ, Khoai tây tươi, Cà chua hạt]"}]', '[]'),
('3529a66d-b168-4f24-8111-c7f6740d0c8d', 'Whether address senior moment.', 'none', '289CEE0A-8041-4D60-9EB2-478F3311046E', N'[{"Key": "Name", "Value": "Mua"}, {"Key": "Image", "Value": "test.png"}, {"Key": "Price", "Value": "0"}, {"Key": "ShoppingItems", "Value": "[Sò, Mì, Cá đuối, Cà rốt hột, Bầu, Mì, Dưa bóp, Bí đỏ tươi, Bột khoai mì, Bột ngô]"}]', '[]'),
('b44ba158-5076-4721-8da3-0b3eb562cea7', 'Serve can street race seat.', 'none', '6F8F6E58-2A20-413C-90DF-8F665F9B1B8D', N'[{"Key": "Name", "Value": "Mua"}, {"Key": "Image", "Value": "test.png"}, {"Key": "Price", "Value": "0"}, {"Key": "ShoppingItems", "Value": "[Rau cần tây, Cà tím, Ớt, Dưa hấu ruột nâu, Cà rốt tươi, Rau ngò gai, Mướp]"}]', '[]'),
('6885314f-262e-4668-8b3e-4cf63042aeef', 'Herself hold his moment.', 'none', 'C82954A1-39D4-4012-86B3-6CAD42C2B399', N'[{"Key": "Name", "Value": "Mua"}, {"Key": "Image", "Value": "test.png"}, {"Key": "Price", "Value": "0"}, {"Key": "ShoppingItems", "Value": "[Rau diếp, Rau mầm, Mì, Bí đỏ hột, Củ cải trắng, Thịt dê, Cà tím lát]"}]', '[]'),
('4f5a582c-d5b9-48bb-a3e1-8fd50be51030', 'Late every include generation how risk.', 'none', 'A7E19817-AB88-43A8-B460-237735089C9F', N'[{"Key": "Name", "Value": "Mua"}, {"Key": "Image", "Value": "test.png"}, {"Key": "Price", "Value": "0"}, {"Key": "ShoppingItems", "Value": "[Rau mầm, Dưa hấu không hạt, Thịt cừu, Thịt bò, Bí đao]"}]', '[]'),
('5983b983-6bef-4d65-b712-593e5a125206', 'They eye out goal group stop father politics.', 'none', '49993FA5-B4D5-4CBA-B448-7E2B70AFBDD4', N'[{"Key": "Name", "Value": "Quạt thông gió cắm điện"}, {"Key": "Size", "Value": "To"}, {"Key": "Quantity", "Value": "2"}, {"Key": "Price", "Value": "0"}]', '[]'),
('bb2059ae-32a6-4f18-a060-278d3fba2199', 'Feeling cause stand visit red forward table.', 'none', '41586551-C098-4FF2-8DEB-45AE7EF64173', N'[{"Key": "Name", "Value": "Mua"}, {"Key": "Image", "Value": "test.png"}, {"Key": "Price", "Value": "0"}, {"Key": "ShoppingItems", "Value": "[Bí đỏ hột, Rau dền, Tôm bỏ vỏ, Rau mầm, Dầu mỡ]"}]', '[]'),
('506e3d42-3aa4-47cf-9eea-19bec8a5ecec', 'Cell our series mother treat structure positive.', 'none', '6A4615D1-0E58-4206-B15E-708E48C1501C', N'[{"Key": "Name", "Value": "Mua"}, {"Key": "Image", "Value": "test.png"}, {"Key": "Price", "Value": "0"}, {"Key": "ShoppingItems", "Value": "[Cá tra, Cá trê, Thịt bò, Cá dứa, Rau dền xanh, Dưa hấu ruột đỏ, Cá bạch tuộc, Cải thảo, Cá chẽm]"}]', '[]'),
('04d16975-9854-48bf-bb35-3610b02f939d', 'Peace trade product participant.', 'none', 'E2E7B569-88B8-4BA6-8B60-3FAB42A6BCF5', N'[{"Key": "Name", "Value": "Mua"}, {"Key": "Image", "Value": "test.png"}, {"Key": "Price", "Value": "0"}, {"Key": "ShoppingItems", "Value": "[Rau mầm, Ốc, Tôm càng nhỏ, Rau muống]"}]', '[]'),
('5045883a-fbe3-46d7-9cb6-015da1e8035f', 'While door statement scene teach.', 'none', '41586551-C098-4FF2-8DEB-45AE7EF64173', N'[{"Key": "Name", "Value": "Mua"}, {"Key": "Image", "Value": "test.png"}, {"Key": "Price", "Value": "0"}, {"Key": "ShoppingItems", "Value": "[Khoai tây bi, Khoai lang mật, Bí đỏ hột]"}]', '[]'),
('1b20c9f2-4a51-4213-8fe8-bac31cefbc2c', 'Job page position.', 'none', 'E0AE7D37-0CBB-4722-9700-4C13A0BA6D3D', N'[{"Key": "Name", "Value": "Quạt phun sương"}, {"Key": "Size", "Value": "To"}, {"Key": "Quantity", "Value": "2"}, {"Key": "Price", "Value": "0"}]', '[]'),
('aafde55c-4b4c-4b0b-89ee-a5a40c771bde', 'Forward trouble unit people research.', 'none', '8800EE29-7A1F-48AD-989C-7669FB278DEA', N'[{"Key": "Name", "Value": "Máy xay sinh tố"}, {"Key": "Size", "Value": "To"}, {"Key": "Quantity", "Value": "1"}, {"Key": "Price", "Value": "0"}]', '[]'),
('7c896030-3a26-4ea5-ae15-60eff44ecc5b', 'Time back sound city blue.', 'none', '289CEE0A-8041-4D60-9EB2-478F3311046E', N'[{"Key": "Name", "Value": "Mua"}, {"Key": "Image", "Value": "test.png"}, {"Key": "Price", "Value": "0"}, {"Key": "ShoppingItems", "Value": "[Cá lóc, Ốc, Nấm, Dưa chuột, Dưa bắp]"}]', '[]'),
('1a5d77c0-1655-4934-ac04-5333e5810c8c', 'Section lot rather beyond.', 'none', '8800EE29-7A1F-48AD-989C-7669FB278DEA', N'[{"Key": "Name", "Value": "Quạt thông gió cắm điện"}, {"Key": "Size", "Value": "Nhỏ"}, {"Key": "Quantity", "Value": "5"}, {"Key": "Price", "Value": "0"}]', '[]'),
('40f65e22-8a88-429c-9680-c2dfb6ace129', 'Impact six loss agree.', 'none', '6F8F6E58-2A20-413C-90DF-8F665F9B1B8D', N'[{"Key": "Name", "Value": "Mua"}, {"Key": "Image", "Value": "test.png"}, {"Key": "Price", "Value": "0"}, {"Key": "ShoppingItems", "Value": "[Cá chẽm, Rau cải ngọt, Gia vị, Dưa hấu, Dưa hấu ruột hồng, Bắp trưởng thành, Bún, Bí đỏ, Rau cải bó xôi]"}]', '[]'),
('dfeeb8a8-05ff-498d-9282-b0a46cea8249', 'Any include try agree out.', 'none', '8800EE29-7A1F-48AD-989C-7669FB278DEA', N'[{"Key": "Name", "Value": "Máy xay sinh tố"}, {"Key": "Size", "Value": "Nhỏ"}, {"Key": "Quantity", "Value": "4"}, {"Key": "Price", "Value": "0"}]', '[]'),
('9aea8333-3498-407e-bbf4-fcf7c024c39a', 'Certainly walk camera debate western store office.', 'none', 'E0AE7D37-0CBB-4722-9700-4C13A0BA6D3D', '[{"Key": "Name", "Value": "Router"}, {"Key": "Size", "Value": "To"}, {"Key": "Quantity", "Value": "1"}, {"Key": "Price", "Value": "0"}]', '[]'),
('584c8a2f-7f1c-4849-a468-5cd29a30d1c6', 'Beat debate late radio.', 'none', '49993FA5-B4D5-4CBA-B448-7E2B70AFBDD4', N'[{"Key": "Name", "Value": "Máy nén khí"}, {"Key": "Size", "Value": "Nhỏ"}, {"Key": "Quantity", "Value": "3"}, {"Key": "Price", "Value": "0"}]', '[]'),
('b54ff219-7902-48ff-8bc7-056a1c02112b', 'Keep since my necessary million trade.', 'none', '0CBF59EA-8DCB-4A62-BE82-617153952B1D', N'[{"Key": "Name", "Value": "Đồng hồ báo thức"}, {"Key": "Size", "Value": "To"}, {"Key": "Quantity", "Value": "1"}, {"Key": "Price", "Value": "0"}]', '[]'),
('21729205-39b1-440b-9b7a-6429bc7306a9', 'Season toward level generation since also.', 'none', '8800EE29-7A1F-48AD-989C-7669FB278DEA', N'[{"Key": "Name", "Value": "Quạt mini cắm điện"}, {"Key": "Size", "Value": "Vừa"}, {"Key": "Quantity", "Value": "4"}, {"Key": "Price", "Value": "0"}]', '[]'),
('ac915b59-8ffa-4408-be78-fbe590ae2342', 'Economic baby book.', 'none', 'E0AE7D37-0CBB-4722-9700-4C13A0BA6D3D', N'[{"Key": "Name", "Value": "Quạt đứng dưới cắm điện"}, {"Key": "Size", "Value": "Vừa"}, {"Key": "Quantity", "Value": "3"}, {"Key": "Price", "Value": "0"}]', '[]'),
('6abf8769-3f19-4455-ac2d-8213504fdd92', 'Million born American.', 'none', 'E0AE7D37-0CBB-4722-9700-4C13A0BA6D3D', N'[{"Key": "Name", "Value": "Quạt sưởi cắm điện"}, {"Key": "Size", "Value": "To"}, {"Key": "Quantity", "Value": "2"}, {"Key": "Price", "Value": "0"}]', '[]'),
('bf10171c-34bc-489c-83c1-1a8d92292b23', 'Seven lose probably.', 'none', '6F8F6E58-2A20-413C-90DF-8F665F9B1B8D', N'[{"Key": "Name", "Value": "Mua"}, {"Key": "Image", "Value": "test.png"}, {"Key": "Price", "Value": "0"}, {"Key": "ShoppingItems", "Value": "[Khoai lang, Dưa bóp, Mướp, Cá mòi, Rau dưa leo, Rau muống]"}]', '[]'),
('b5d14510-f795-46e2-a172-5d404ddc7c44', 'Show ten century involve down herself drive.', 'none', '0CBF59EA-8DCB-4A62-BE82-617153952B1D', N'[{"Key": "Name", "Value": "Máy cưa"}, {"Key": "Size", "Value": "To"}, {"Key": "Quantity", "Value": "3"}, {"Key": "Price", "Value": "0"}]', '[]'),
('1135b9df-55f3-47eb-98a9-182b881d35e5', 'During such either common relate others.', 'none', '41586551-C098-4FF2-8DEB-45AE7EF64173', N'[{"Key": "Name", "Value": "Mua"}, {"Key": "Image", "Value": "test.png"}, {"Key": "Price", "Value": "0"}, {"Key": "ShoppingItems", "Value": "[Dưa hấu ruột hồng, Rau ngò gai, Sò, Tôm càng nhỏ, Cá bớp, Cá mè]"}]', '[]'),
('db8fae37-8bec-49f6-a703-46b2170d1987', 'Such firm again court culture story.', 'none', '6F8F6E58-2A20-413C-90DF-8F665F9B1B8D', N'[{"Key": "Name", "Value": "Mua"}, {"Key": "Image", "Value": "test.png"}, {"Key": "Price", "Value": "0"}, {"Key": "ShoppingItems", "Value": "[Dưa hấu ruột nâu, Thịt dê, Cá dằm, Cá diêu hồng]"}]', '[]'),
('16c02851-498a-449f-b56d-3527a1a1f81d', 'Explain main sport summer sea record recent.', 'none', '9A1EA6DE-0149-42C3-B2A8-E1BFE7C62DF3', N'[{"Key": "Name", "Value": "Quạt treo tường"}, {"Key": "Size", "Value": "Vừa"}, {"Key": "Quantity", "Value": "1"}, {"Key": "Price", "Value": "0"}]', '[]'),
('f15d1163-11f7-4c0f-aed3-ac2b2446a36f', 'Yet so before wrong.', 'none', 'E0AE7D37-0CBB-4722-9700-4C13A0BA6D3D', N'[{"Key": "Name", "Value": "Máy photocopy"}, {"Key": "Size", "Value": "Vừa"}, {"Key": "Quantity", "Value": "2"}, {"Key": "Price", "Value": "0"}]', '[]'),
('f2015877-9214-48a0-a2cb-e61e687708cf', 'Small certainly pattern daughter carry successful imagine.', 'none', 'C82954A1-39D4-4012-86B3-6CAD42C2B399', N'[{"Key": "Name", "Value": "Mua"}, {"Key": "Image", "Value": "test.png"}, {"Key": "Price", "Value": "0"}, {"Key": "ShoppingItems", "Value": "[Cá diêu hồng, Cà rốt baby, Cà tím, Tôm càng to, Cà chua dẻo, Rau răm]"}]', '[]'),
('7285d0f4-8ad9-4b2c-88d2-cd3175b50972', 'Probably question sense scientist bank result peace.', 'none', '99C88F92-A587-4110-8CBB-299EB2968727', N'[{"Key": "Name", "Value": "Máy ép trái cây"}, {"Key": "Size", "Value": "To"}, {"Key": "Quantity", "Value": "1"}, {"Key": "Price", "Value": "0"}]', '[]'),
('7cebde1a-346b-4855-a18e-5125d761a6e9', 'Station science push industry.', 'none', '49993FA5-B4D5-4CBA-B448-7E2B70AFBDD4', N'[{"Key": "Name", "Value": "Bếp điện từ"}, {"Key": "Size", "Value": "To"}, {"Key": "Quantity", "Value": "2"}, {"Key": "Price", "Value": "0"}]', '[]'),
('402d5a95-0c8d-4eff-9c1a-69dbd4a12483', 'Century energy safe crime social school enter.', 'none', '289CEE0A-8041-4D60-9EB2-478F3311046E', N'[{"Key": "Name", "Value": "Mua"}, {"Key": "Image", "Value": "test.png"}, {"Key": "Price", "Value": "0"}, {"Key": "ShoppingItems", "Value": "[Cá chẽo, Dưa hấu ruột hồng, Đường, Cá basa, Dưa hấu ruột vàng, Bắp ngô, Cá rô, Tôm càng vàng, Thịt dê, Bột mì trứng]"}]', '[]'),
('9c2cf048-d286-41f3-8f68-a52b41b00ab7', 'Pattern might offer indeed light.', 'none', '289CEE0A-8041-4D60-9EB2-478F3311046E', N'[{"Key": "Name", "Value": "Mua"}, {"Key": "Image", "Value": "test.png"}, {"Key": "Price", "Value": "0"}, {"Key": "ShoppingItems", "Value": "[Dưa hấu chín, Cá mòi, Rau ngò gai, Mực, Cá sứa, Cà chua bi, Măng, Dưa hấu ruột nâu, Cà rốt]"}]', '[]'),
('f0493c4d-7ab1-41fb-bf64-bea38a8bd6c8', 'Under between candidate crime officer.', 'none', 'C82954A1-39D4-4012-86B3-6CAD42C2B399', N'[{"Key": "Name", "Value": "Mua"}, {"Key": "Image", "Value": "test.png"}, {"Key": "Price", "Value": "0"}, {"Key": "ShoppingItems", "Value": "[Nấm, Cà rốt hột, Cà tím tươi, Cá bớp, Dầu hướng dương, Cá trích, Sò, Dưa hấu ruột trắng, Dưa hấu hạt, Cá bóc tôm]"}]', '[]'),
('b390e59e-5fc2-4d81-be5c-fc27f3363e8e', 'Scene view today father provide pass.', 'none', 'C82954A1-39D4-4012-86B3-6CAD42C2B399', N'[{"Key": "Name", "Value": "Mua"}, {"Key": "Image", "Value": "test.png"}, {"Key": "Price", "Value": "0"}, {"Key": "ShoppingItems", "Value": "[Rau muống, Cà chua hạt, Cần tây baby, Bột mì trứng, Cá diêu hồng, Khoai lang]"}]', '[]'),
('0597f307-2c0b-48a3-a90d-9119ed7812e1', 'Discover carry TV drive.', 'none', '9A1EA6DE-0149-42C3-B2A8-E1BFE7C62DF3', N'[{"Key": "Name", "Value": "Ổ cắm điện"}, {"Key": "Size", "Value": "Vừa"}, {"Key": "Quantity", "Value": "5"}, {"Key": "Price", "Value": "0"}]', '[]'),
('3cf147e9-25d4-4089-9b74-b8fa2baebeaa', 'School certainly meet floor right growth.', 'none', 'FD902642-4378-4376-9A77-072644668D15', N'[{"Key": "Name", "Value": "Đèn pin"}, {"Key": "Size", "Value": "Vừa"}, {"Key": "Quantity", "Value": "2"}, {"Key": "Price", "Value": "0"}]', '[]'),
('43c168d2-ff94-40e2-abe1-a9b0b0394b92', 'Central baby picture.', 'none', '8800EE29-7A1F-48AD-989C-7669FB278DEA', N'[{"Key": "Name", "Value": "Quạt máy cắm điện"}, {"Key": "Size", "Value": "To"}, {"Key": "Quantity", "Value": "4"}, {"Key": "Price", "Value": "0"}]', '[]'),
('91255fa4-dd25-4641-811a-f751132edeb7', 'Team raise operation.', 'none', 'C82954A1-39D4-4012-86B3-6CAD42C2B399', N'[{"Key": "Name", "Value": "Mua"}, {"Key": "Image", "Value": "test.png"}, {"Key": "Price", "Value": "0"}, {"Key": "ShoppingItems", "Value": "[Tôm bỏ vỏ, Rau muống xanh, Cá dứa, Củ cải đỏ, Bột mì, Cá nục, Thịt vịt, Bột ngô, Cá chim]"}]', '[]'),
('f9e3c9cc-491c-4488-9571-a15dc2674371', 'Soldier class personal quickly ok road military.', 'none', '0CBF59EA-8DCB-4A62-BE82-617153952B1D', N'[{"Key": "Name", "Value": "Đèn hắt"}, {"Key": "Size", "Value": "To"}, {"Key": "Quantity", "Value": "5"}, {"Key": "Price", "Value": "0"}]', '[]'),
('293f34dc-9ab6-491e-bb84-0c424d27c87f', 'Century over short certain PM.', 'none', '0CBF59EA-8DCB-4A62-BE82-617153952B1D', N'[{"Key": "Name", "Value": "Quạt hút bụi"}, {"Key": "Size", "Value": "To"}, {"Key": "Quantity", "Value": "2"}, {"Key": "Price", "Value": "0"}]', '[]'),
('621091ef-a0ee-4cd3-8925-a262f08bb2ca', 'She inside mind.', 'none', '41586551-C098-4FF2-8DEB-45AE7EF64173', N'[{"Key": "Name", "Value": "Mua"}, {"Key": "Image", "Value": "test.png"}, {"Key": "Price", "Value": "0"}, {"Key": "ShoppingItems", "Value": "[Cá thu, Bí đỏ hột, Cá dằm, Cá bớp, Rau cải bắp, Dầu hào, Cà chua hạt, Rau ngót, Cá basa]"}]', '[]'),
('46a4068c-c221-451b-a524-643a63f60eeb', 'Under fear knowledge player down positive.', 'none', '99C88F92-A587-4110-8CBB-299EB2968727', N'[{"Key": "Name", "Value": "Quạt công nghiệp cắm điện"}, {"Key": "Size", "Value": "Vừa"}, {"Key": "Quantity", "Value": "5"}, {"Key": "Price", "Value": "0"}]', '[]'),
('33f6f249-3fd9-453b-b1d4-0cac5c1e5433', 'Sign life successful season crime study environment style.', 'none', '6F8F6E58-2A20-413C-90DF-8F665F9B1B8D', N'[{"Key": "Name", "Value": "Mua"}, {"Key": "Image", "Value": "test.png"}, {"Key": "Price", "Value": "0"}, {"Key": "ShoppingItems", "Value": "[Bột khoai mì, Cà chua hạt, Bí đỏ lát, Đường, Cần tây, Gia vị, Rau cải bó xôi]"}]', '[]'),
('91a9bbc8-3849-4e3a-a849-4ba80131e8a7', 'Really debate energy religious.', 'none', 'E0AE7D37-0CBB-4722-9700-4C13A0BA6D3D', N'[{"Key": "Name", "Value": "Máy là"}, {"Key": "Size", "Value": "To"}, {"Key": "Quantity", "Value": "4"}, {"Key": "Price", "Value": "0"}]', '[]'),
('19e58c1e-4098-4d52-85b3-ad4594db7f92', 'Half black because song capital administration.', 'none', 'A7E19817-AB88-43A8-B460-237735089C9F', N'[{"Key": "Name", "Value": "Mua"}, {"Key": "Image", "Value": "test.png"}, {"Key": "Price", "Value": "0"}, {"Key": "ShoppingItems", "Value": "[Cá mập, Măng tây, Củ cải đỏ, Cà rốt lát, Rau muống xanh, Cải bắp]"}]', '[]'),
('ae5091b5-1625-4f5f-b064-30ef2d441649', 'A certain behavior send laugh cup.', 'none', '6F8F6E58-2A20-413C-90DF-8F665F9B1B8D', N'[{"Key": "Name", "Value": "Mua"}, {"Key": "Image", "Value": "test.png"}, {"Key": "Price", "Value": "0"}, {"Key": "ShoppingItems", "Value": "[Khoai lang mật, Cá bớp, Gạo, Bột mì trứng, Bắp cải, Rau muống xanh, Dầu mè, Cá dứa, Dưa hấu hạt]"}]', '[]'),
('2cae8b50-d55b-4d26-9ddd-5db76b8661e4', 'Name eye article TV.', 'none', '289CEE0A-8041-4D60-9EB2-478F3311046E', N'[{"Key": "Name", "Value": "Mua"}, {"Key": "Image", "Value": "test.png"}, {"Key": "Price", "Value": "0"}, {"Key": "ShoppingItems", "Value": "[Cá chẽm, Cà rốt lát, Cần tây baby, Bí đỏ, Bí xanh, Cá lưỡi, Cá, Dưa hấu ruột nâu, Dưa gang, Cá dứa]"}]', '[]'),
('a166ce3d-5a91-425f-b2d4-b7e372f865ac', 'Population measure student cost policy across inside.', 'none', 'E0AE7D37-0CBB-4722-9700-4C13A0BA6D3D', N'[{"Key": "Name", "Value": "Máy phun sương"}, {"Key": "Size", "Value": "Vừa"}, {"Key": "Quantity", "Value": "4"}, {"Key": "Price", "Value": "0"}]', '[]'),
('b47ea7b8-611b-4e5f-a6ae-f0abbbe9db9e', 'Evening clearly these tonight food age.', 'none', '6A4615D1-0E58-4206-B15E-708E48C1501C', N'[{"Key": "Name", "Value": "Mua"}, {"Key": "Image", "Value": "test.png"}, {"Key": "Price", "Value": "0"}, {"Key": "ShoppingItems", "Value": "[Cá dìa, Dưa hấu chín, Dưa bóp, Rau mơ, Mực, Rau sống]"}]', '[]'),
('f5945e02-cec1-485f-a458-cb2e31ad3b6c', 'Word learn military.', 'none', '0CBF59EA-8DCB-4A62-BE82-617153952B1D', N'[{"Key": "Name", "Value": "Quạt mini"}, {"Key": "Size", "Value": "To"}, {"Key": "Quantity", "Value": "3"}, {"Key": "Price", "Value": "0"}]', '[]'),
('713bff6c-045e-4de2-861c-05ae75481d79', 'Note attention yeah process rest.', 'none', 'C82954A1-39D4-4012-86B3-6CAD42C2B399', N'[{"Key": "Name", "Value": "Mua"}, {"Key": "Image", "Value": "test.png"}, {"Key": "Price", "Value": "0"}, {"Key": "ShoppingItems", "Value": "[Bí đỏ tươi, Cá tầm, Củ cải đỏ, Tôm càng vàng, Cải thảo baby]"}]', '[]'); 

INSERT INTO [OrderService] ([OrderId], [ServiceId]) VALUES
('9f64753c-320e-4bfb-90bb-7be476855eae', '753f2f1d-9864-4966-a026-4ce787216cf2'),
('263077ca-9e5d-4ec4-984e-1e002c7abba5', '217743e6-e0a0-49a3-a1fe-29afa545d3c4'),
('cd1c6667-f30b-48c0-932d-5efc6459bf5f', 'cfa29c2d-3ffe-4000-9612-227a050b9de1'),
('b73bd1ae-55c8-46a1-a755-725b44a7f116', 'bbea08a8-f4cf-4004-a749-dbe0316aa53e'),
('ab6ea8b6-3877-41a9-b262-6f1ccf444fc3', 'fa74ed09-2808-483b-8953-0ec49cb641c9'),
('b84d843d-aacc-4bdb-b0c4-2dd69a281d77', '9baf2fda-960a-4f85-9a78-f0a58df9e3ab'),
('326ffd93-f545-4b65-a4fb-2a7600afb053', '7816f5cc-696c-4920-8333-d88eb744e8f7'),
('b6b784ab-9c5b-4843-9ab2-4e64dbaf4f2d', '8ddfef86-8dcf-431a-ac93-5062f7a9c648'),
('5f24a4db-cc6a-45e2-89ae-b82f0f90346e', 'f6793278-c265-487c-bd38-96de071b3e4c'),
('53c86c1a-b6f6-46cd-9f0c-b28c9350d8a3', 'e85558e1-b09e-407c-82e3-1a93e9818398'),
('964cb34e-006e-4799-83be-f48f4060f8de', '6c17e8df-6e3a-467a-98c8-65750ac8b299'),
('88ec9b13-bdf3-45aa-b553-350c5f535766', 'be86c9f5-b295-47a0-997b-b8e8105b0614'),
('5d2ebfac-421c-451c-89ee-3c10c23fd148', '8645ffe4-2216-4cd9-bd53-0451f39f7d60'),
('1502886a-4e8a-44a4-b195-58305166a5ab', '201d91de-575b-4d79-a8ee-0ae4b44ac3e8'),
('630f5a9b-fa51-4752-b2e8-d9d2de378c0c', '7062ffcd-a063-4ecd-a8db-ebe375ed50ea'),
('d1bacc78-0fdb-40e2-a6cd-a22408ac7450', 'a46125e2-b1fb-4869-be6e-71c35850bd1e'),
('61e1fe53-ceb2-4688-88be-0c508aa7e130', '91ed665f-a04e-45a0-a194-0e129d1bfd1e'),
('eaca89d9-c9f0-41e6-b7bf-9a6bf249e77c', '107bee8c-e637-44f1-a136-8e6b59ffa225'),
('c0480118-d15d-4cc6-ba05-f1f3e4039cab', '46b1937c-7555-4e17-b6cf-4f7305e7a251'),
('0638be05-3b0f-482d-bf03-882efbb05c6f', '23697fd6-6c8a-466c-a953-fd76065b918e'),
('a5f21fa4-5b05-4367-bba0-0996058ced8b', 'e1d3c57c-e295-48e9-bbd3-813c12a28e26'),
('dc3ce2c4-8e76-4a21-a522-fe4fcbca003e', '978afd29-bfc3-4eb4-b7a4-bb60fc8df550'),
('2cc60ace-30ee-46ae-ac7c-240eef941391', '5b29f1e1-5475-4190-9b74-c6e7ee62755f'),
('ced55d6f-45c0-45fd-bf73-439f1ac7ea4d', 'f4faafa0-315b-4cde-8929-9e3a3dd1edb4'),
('0c6b1d68-f646-4298-a20d-ba083a5e4bb0', '19fc9af0-e972-4e28-b446-3fab64cfe020'),
('6887c539-264e-4546-9db9-ca152d0e327a', 'd44fb011-34d4-475a-aed2-7c94119b292c'),
('42897cee-676f-4618-8807-0fd2c37a92f3', '8264c6ce-0bc4-449b-ba2f-06aa10b76356'),
('37f4487c-80d1-4ed6-b928-6454b40b7043', '7d42ad00-b554-4f49-8c45-6aa3d9edb5f8'),
('0eab2762-5b56-48ee-b642-09499a2bb388', '1debf661-564b-4f84-a63a-d89a23fb672b'),
('53aff67e-61f0-407c-b6f3-c4b8f7f957c1', '1647f632-44d2-4350-8a06-fb3533b707c8'),
('4876fc9e-046f-4358-9a5c-defcfaede8d2', '075d3b26-242f-43fb-b1f9-6426be3de3a4'),
('3c2f0008-b6c7-47f2-9a92-a91b487fdb2b', '8656bd0d-8671-44e8-9082-890e21104aca'),
('988c6015-4e88-492d-9d47-d3ea5a43aa82', 'cb997ea9-2eb4-4773-8e11-041ceebcf1f8'),
('62c31082-dcdd-4903-af8c-6173c25f14c7', '06807087-80d2-4ffb-9b35-93fcf1263212'),
('1f1421c4-bf5f-4ba2-acec-18746b43c447', '7dd94364-5918-4b12-b1ad-3fcecffd841e'),
('90921e57-0105-4e48-b23b-b4eff8804536', 'b83a87ab-d776-4dc4-b1c9-f4fe9ab7a413'),
('621dbc72-0c01-4063-a375-974fa17c831a', '2536bbb4-4570-4f9e-9171-3b05b12f36fe'),
('6f1e8d3e-d3e7-40f9-911f-6742f3a1bee7', '09c15170-c9a3-46dd-967f-a81d88bea33e'),
('5a32e260-99f5-4266-b2c8-be35da2a4dac', '5a7db8da-ef9a-4ce8-a8c8-30632c6c5d8e'),
('90a21567-a681-4115-98f8-bd3dc7c6291c', 'ffca815c-5585-4179-b696-04853f535b2e'),
('aee43e15-26e0-4e85-b211-c049de0ee1a8', '2e1ab3c0-f5ae-4cc9-8b4e-c01cc4c5a642'),
('c9072d56-5d47-42f5-93fb-3cd277926af0', '264a7d3a-c7e2-45cf-a226-7b653c2e8cd9'),
('9da8a40b-6050-496d-87d7-f60cc1b9e240', 'e7c59c65-52e2-4628-97b3-7551d4d1d7f1'),
('32db976f-b7e8-4116-abb5-e25dbcd9a5fd', '92bc6904-372a-4a23-9ebe-f5dc1f91db74'),
('5eec7937-6e8e-4944-955d-da89e537ef87', '65423d9b-cd1d-429e-a49e-7bca9e378148'),
('4ab53ee7-aa17-4ccc-8235-7f2e6e5c4a17', '8a2dc4c7-4880-427d-87fe-7c098ef18b0c'),
('6d0b6ff9-4a1d-4faa-b365-aac142b08a16', '659b9a78-3e95-4697-970f-58739ee19d66'),
('1dcb2425-2715-4098-ac6a-743c5999b53f', 'c08bc20b-a333-4edd-ac1e-6d743c8599e6'),
('2dbe8717-a6d7-466e-b05e-33d657e22956', '6f137271-a2c0-4856-a702-c08e490ee1bc'),
('d61777a5-38e1-466e-b52e-86f26a61f238', '4ac0edf1-33d6-4070-b11f-7c1f7415847a'),
('2ba2aea0-44a2-48d0-9a0b-7e0a027ae193', '593ddc87-ae24-49dd-9590-90d84a59c45d'),
('fd39cbe3-48cd-4ded-80dc-d9424177bcf6', '5058ff91-fe0d-474a-a0f6-a99e9ecf9d75'),
('440d8da6-c1b9-47ae-906d-c487e0556920', '435bed85-0012-4c04-b0d6-6ed86d6d6a9e'),
('ab769a78-7750-4587-ae54-0c707e772d2f', '4cee51eb-4fb5-4f6a-8650-c230b49bf399'),
('f020b384-c588-4760-b528-82fa7b6271b3', '0fb341ce-1c84-4ef5-a17a-d56a20ed494a'),
('945392ea-3e9f-4e19-a39a-c58f0b118dcc', '1efbdfd0-e22d-49b4-a736-352c9be6fc10'),
('25a8b0b4-88c4-4c0d-aa77-aec9ede0a736', '170678d9-b49b-4c0d-84a6-13052318bf3b'),
('a05e6cd5-4cb5-4972-929f-99cea8ed00b3', 'fa55f6b9-7ed0-4f42-89d3-ab18b10cee9b'),
('87378558-7435-4280-8e99-213c10f837a0', '50bf292d-84e6-49da-ae87-994d3b48a20a'),
('3e5f90c8-bd75-4937-8260-3aa353644ed0', '981bb5cb-70dc-40a5-ab9d-0ff2a8e954e6'),
('0c50af70-7e4f-455a-a14e-4fdcd0b29de7', '38383e69-66fd-4d93-a564-a0225f5e4fcd'),
('716df84a-1191-47b8-a7ed-843289cade8f', '4ebde4fb-2da1-4f2a-9b72-94b64552011a'),
('4ba4ab72-98a7-4d30-a0ba-ea41528117a8', '02bfa067-59bd-4bdc-8e97-5e1d1647e855'),
('3776daef-824e-4a12-949e-10c76f9973f7', '3045816d-a537-479e-a25a-0436e8d132fa'),
('2b574463-5a61-45d8-b3db-dee01ecab748', 'f0f91b87-b2ed-4a69-891a-7667139b7cc4'),
('560c21b8-2f44-4a7a-96d3-cdb9eafe1ea7', '07ce5ed4-47e9-43e6-9032-b7f07ca59065'),
('1f681b0d-a2a9-4d95-a7b9-88c7d619aca5', 'f1ac7356-c40a-488c-a88d-33390f62e073'),
('111a3b47-b96b-4614-9699-055f009f6d00', '70417a09-3edf-462b-a704-62c7c1b33158'),
('9d52ecb7-9379-4173-ade3-bce363b264fa', '16afc838-9a7c-491c-8583-873dc703ef4b'),
('a7c204b9-d0eb-4796-bb47-a75622521778', 'a26ddb9a-7550-481b-8583-5d5596d12942'),
('b12bdf51-db4c-42e4-bc5e-b1534c38c78f', '15517746-8896-499e-9c04-c38adcdb38a5'),
('5acc7637-d482-40ce-b140-27ad3b6a53b0', '35882db3-9b8b-4898-b212-9e4809a1b492'),
('33a2baf6-2bae-47ec-a3c1-860ec997257a', '17c39af6-0526-479a-99d2-4020392f74a4'),
('c46a403d-c816-4313-b15e-0cbade03a176', 'd21475d6-068d-4b2d-aec0-cec139e56e2e'),
('1823dc92-2d71-46e2-a716-98eaf8a46901', 'c5ad8685-0887-4c19-9c22-c9c203fc61a9'),
('cd83c10a-9cd4-4739-9ca9-03c760218b9b', '47daf7bf-0fda-4cf5-90b0-89ddd25be20e'),
('040fe016-6dd8-4cc5-945f-2835a279dc29', '3529a66d-b168-4f24-8111-c7f6740d0c8d'),
('3b974f57-687d-4ecc-9ddf-5ca5fcf0492d', 'b44ba158-5076-4721-8da3-0b3eb562cea7'),
('fb02d050-86a4-49cf-bcb6-4746211a5ff4', '6885314f-262e-4668-8b3e-4cf63042aeef'),
('4adeaab5-05db-45c2-94a6-d3c99dc46584', '4f5a582c-d5b9-48bb-a3e1-8fd50be51030'),
('d245d9ff-b040-43ea-a529-a9ce5303c672', '5983b983-6bef-4d65-b712-593e5a125206'),
('bf6daa4a-bf30-49f7-b70d-a90cf8da5bb9', 'bb2059ae-32a6-4f18-a060-278d3fba2199'),
('9240b0c0-80c0-4397-b395-59d0e635b620', '506e3d42-3aa4-47cf-9eea-19bec8a5ecec'),
('513fcadc-cafd-4acb-8043-f2f6cf7237cc', '04d16975-9854-48bf-bb35-3610b02f939d'),
('68ce5060-fea4-4dde-b9e3-bd7f4d0a4068', '5045883a-fbe3-46d7-9cb6-015da1e8035f'),
('b1df7d20-6b13-4cd5-837f-2d83f8d2cc5e', '1b20c9f2-4a51-4213-8fe8-bac31cefbc2c'),
('55768dc7-ab81-494a-90c6-372991ded6a2', 'aafde55c-4b4c-4b0b-89ee-a5a40c771bde'),
('df75214a-253f-4164-8824-65f961308277', '7c896030-3a26-4ea5-ae15-60eff44ecc5b'),
('ba538c30-4f8b-4de4-8478-755442c5acce', '1a5d77c0-1655-4934-ac04-5333e5810c8c'),
('ee980777-6472-4ec1-9a09-c8333415ff25', '40f65e22-8a88-429c-9680-c2dfb6ace129'),
('690bae48-e895-4142-92dc-3edbbb5ca53a', 'dfeeb8a8-05ff-498d-9282-b0a46cea8249'),
('12843459-ffcd-4c6d-96f6-1bff7928a08b', '9aea8333-3498-407e-bbf4-fcf7c024c39a'),
('c1209f55-8967-470d-951a-58d15fc33a4e', '584c8a2f-7f1c-4849-a468-5cd29a30d1c6'),
('b07c941b-bfce-4dee-9272-43cec12e413f', 'b54ff219-7902-48ff-8bc7-056a1c02112b'),
('80bb279d-c928-4ad9-91d2-a454913c2fac', '21729205-39b1-440b-9b7a-6429bc7306a9'),
('7165c12d-da5b-4377-bc4a-7ad6c1cb0beb', 'ac915b59-8ffa-4408-be78-fbe590ae2342'),
('5b5f667b-778e-47ee-a87d-b83a4e00c552', '6abf8769-3f19-4455-ac2d-8213504fdd92'),
('c1f92962-d7aa-42cc-b6c4-34df06fab1b4', 'bf10171c-34bc-489c-83c1-1a8d92292b23'),
('1b11d41b-7b73-4db2-8898-fca3b7d7b098', 'b5d14510-f795-46e2-a172-5d404ddc7c44'),
('8d8585fd-0535-4d6b-b07c-0ea6e8259b06', '1135b9df-55f3-47eb-98a9-182b881d35e5'),
('272d347d-2ea1-4f5f-b44c-d7bf05350316', 'db8fae37-8bec-49f6-a703-46b2170d1987'),
('c7a1381f-2a13-4850-ab2f-4338ac2e4228', '16c02851-498a-449f-b56d-3527a1a1f81d'),
('302c3c78-c869-4e0c-99c5-2eddddf03705', 'f15d1163-11f7-4c0f-aed3-ac2b2446a36f'),
('96d67b7e-3bd3-47c7-961c-be89473b60ba', 'f2015877-9214-48a0-a2cb-e61e687708cf'),
('56cc3022-604d-4ca9-8024-208835888bab', '7285d0f4-8ad9-4b2c-88d2-cd3175b50972'),
('66d799b3-3685-4dcb-bd52-3bc394e6d65e', '7cebde1a-346b-4855-a18e-5125d761a6e9'),
('fe1e1bd0-0426-42b0-830d-f6e246b6056b', '402d5a95-0c8d-4eff-9c1a-69dbd4a12483'),
('ff6136e7-da5e-438a-9b1b-e61cb52483b4', '9c2cf048-d286-41f3-8f68-a52b41b00ab7'),
('6be46185-05a1-4a7b-a0c7-67e7bca3f597', 'f0493c4d-7ab1-41fb-bf64-bea38a8bd6c8'),
('978bfdcf-e29b-4b77-90d2-9ed6b0cc6539', 'b390e59e-5fc2-4d81-be5c-fc27f3363e8e'),
('0401cdad-1cfa-480d-84f3-5235196d85ce', '0597f307-2c0b-48a3-a90d-9119ed7812e1'),
('affdc7c8-b6ba-42ca-92ed-93e4075a3161', '3cf147e9-25d4-4089-9b74-b8fa2baebeaa'),
('dbe782b6-28ce-4b1d-abcd-a878723d9ef0', '43c168d2-ff94-40e2-abe1-a9b0b0394b92'),
('3d7f917b-c27c-4bfb-a24e-e72caddb74c5', '91255fa4-dd25-4641-811a-f751132edeb7'),
('aca5800a-5464-4069-8f06-cf681cd40c53', 'f9e3c9cc-491c-4488-9571-a15dc2674371'),
('f2e181f5-d108-448d-a96d-d59cfd1f1982', '293f34dc-9ab6-491e-bb84-0c424d27c87f'),
('ac657e9a-8d4b-4a62-abbf-bce9707b9251', '621091ef-a0ee-4cd3-8925-a262f08bb2ca'),
('6d17c098-8501-4c28-9034-55912840814d', '46a4068c-c221-451b-a524-643a63f60eeb'),
('57b583ed-a627-4ff4-888d-6825e4ba0593', '33f6f249-3fd9-453b-b1d4-0cac5c1e5433'),
('fdbba10f-182d-4404-af78-60785266dc20', '91a9bbc8-3849-4e3a-a849-4ba80131e8a7'),
('efb98f7b-7c00-4bb7-8e05-c632bec51863', '19e58c1e-4098-4d52-85b3-ad4594db7f92'),
('b52f2c93-6eec-4156-a99e-39b7ee999d75', 'ae5091b5-1625-4f5f-b064-30ef2d441649'),
('80e2b809-1d91-4f2a-ba0e-6c4c8f1c4890', '2cae8b50-d55b-4d26-9ddd-5db76b8661e4'),
('010559f2-1db7-41dc-96a9-dea94a8c2196', 'a166ce3d-5a91-425f-b2d4-b7e372f865ac'),
('c76fb1cf-bce5-4f50-a359-8d8dbca01519', 'b47ea7b8-611b-4e5f-a6ae-f0abbbe9db9e'),
('77753daa-4f87-4b26-814d-9424ff7ec19b', 'f5945e02-cec1-485f-a458-cb2e31ad3b6c'),
('cd404d25-0b50-453b-a7c8-7afb9fac7833', '713bff6c-045e-4de2-861c-05ae75481d79'); 

INSERT INTO [OrderServiceType] ([OrderId], [ServiceTypeId]) VALUES
('9f64753c-320e-4bfb-90bb-7be476855eae', '99C88F92-A587-4110-8CBB-299EB2968727'),
('263077ca-9e5d-4ec4-984e-1e002c7abba5', '289CEE0A-8041-4D60-9EB2-478F3311046E'),
('cd1c6667-f30b-48c0-932d-5efc6459bf5f', 'A7E19817-AB88-43A8-B460-237735089C9F'),
('b73bd1ae-55c8-46a1-a755-725b44a7f116', '9A1EA6DE-0149-42C3-B2A8-E1BFE7C62DF3'),
('ab6ea8b6-3877-41a9-b262-6f1ccf444fc3', '41586551-C098-4FF2-8DEB-45AE7EF64173'),
('b84d843d-aacc-4bdb-b0c4-2dd69a281d77', 'FD902642-4378-4376-9A77-072644668D15'),
('326ffd93-f545-4b65-a4fb-2a7600afb053', '41586551-C098-4FF2-8DEB-45AE7EF64173'),
('b6b784ab-9c5b-4843-9ab2-4e64dbaf4f2d', '49993FA5-B4D5-4CBA-B448-7E2B70AFBDD4'),
('5f24a4db-cc6a-45e2-89ae-b82f0f90346e', 'FD902642-4378-4376-9A77-072644668D15'),
('53c86c1a-b6f6-46cd-9f0c-b28c9350d8a3', '99C88F92-A587-4110-8CBB-299EB2968727'),
('964cb34e-006e-4799-83be-f48f4060f8de', 'E0AE7D37-0CBB-4722-9700-4C13A0BA6D3D'),
('88ec9b13-bdf3-45aa-b553-350c5f535766', '99C88F92-A587-4110-8CBB-299EB2968727'),
('5d2ebfac-421c-451c-89ee-3c10c23fd148', '6A4615D1-0E58-4206-B15E-708E48C1501C'),
('1502886a-4e8a-44a4-b195-58305166a5ab', '9A1EA6DE-0149-42C3-B2A8-E1BFE7C62DF3'),
('630f5a9b-fa51-4752-b2e8-d9d2de378c0c', '289CEE0A-8041-4D60-9EB2-478F3311046E'),
('d1bacc78-0fdb-40e2-a6cd-a22408ac7450', '0CBF59EA-8DCB-4A62-BE82-617153952B1D'),
('61e1fe53-ceb2-4688-88be-0c508aa7e130', 'E0AE7D37-0CBB-4722-9700-4C13A0BA6D3D'),
('eaca89d9-c9f0-41e6-b7bf-9a6bf249e77c', '8800EE29-7A1F-48AD-989C-7669FB278DEA'),
('c0480118-d15d-4cc6-ba05-f1f3e4039cab', 'C82954A1-39D4-4012-86B3-6CAD42C2B399'),
('0638be05-3b0f-482d-bf03-882efbb05c6f', '8800EE29-7A1F-48AD-989C-7669FB278DEA'),
('a5f21fa4-5b05-4367-bba0-0996058ced8b', '6F8F6E58-2A20-413C-90DF-8F665F9B1B8D'),
('dc3ce2c4-8e76-4a21-a522-fe4fcbca003e', 'A7E19817-AB88-43A8-B460-237735089C9F'),
('2cc60ace-30ee-46ae-ac7c-240eef941391', 'E0AE7D37-0CBB-4722-9700-4C13A0BA6D3D'),
('ced55d6f-45c0-45fd-bf73-439f1ac7ea4d', '9A1EA6DE-0149-42C3-B2A8-E1BFE7C62DF3'),
('0c6b1d68-f646-4298-a20d-ba083a5e4bb0', 'A7E19817-AB88-43A8-B460-237735089C9F'),
('6887c539-264e-4546-9db9-ca152d0e327a', 'FD902642-4378-4376-9A77-072644668D15'),
('42897cee-676f-4618-8807-0fd2c37a92f3', '8800EE29-7A1F-48AD-989C-7669FB278DEA'),
('37f4487c-80d1-4ed6-b928-6454b40b7043', 'E0AE7D37-0CBB-4722-9700-4C13A0BA6D3D'),
('0eab2762-5b56-48ee-b642-09499a2bb388', '49993FA5-B4D5-4CBA-B448-7E2B70AFBDD4'),
('53aff67e-61f0-407c-b6f3-c4b8f7f957c1', 'A7E19817-AB88-43A8-B460-237735089C9F'),
('4876fc9e-046f-4358-9a5c-defcfaede8d2', 'FD902642-4378-4376-9A77-072644668D15'),
('3c2f0008-b6c7-47f2-9a92-a91b487fdb2b', 'E2E7B569-88B8-4BA6-8B60-3FAB42A6BCF5'),
('988c6015-4e88-492d-9d47-d3ea5a43aa82', '99C88F92-A587-4110-8CBB-299EB2968727'),
('62c31082-dcdd-4903-af8c-6173c25f14c7', '0CBF59EA-8DCB-4A62-BE82-617153952B1D'),
('1f1421c4-bf5f-4ba2-acec-18746b43c447', '6A4615D1-0E58-4206-B15E-708E48C1501C'),
('90921e57-0105-4e48-b23b-b4eff8804536', '9A1EA6DE-0149-42C3-B2A8-E1BFE7C62DF3'),
('621dbc72-0c01-4063-a375-974fa17c831a', '289CEE0A-8041-4D60-9EB2-478F3311046E'),
('6f1e8d3e-d3e7-40f9-911f-6742f3a1bee7', '289CEE0A-8041-4D60-9EB2-478F3311046E'),
('5a32e260-99f5-4266-b2c8-be35da2a4dac', 'FD902642-4378-4376-9A77-072644668D15'),
('90a21567-a681-4115-98f8-bd3dc7c6291c', 'FD902642-4378-4376-9A77-072644668D15'),
('aee43e15-26e0-4e85-b211-c049de0ee1a8', '8800EE29-7A1F-48AD-989C-7669FB278DEA'),
('c9072d56-5d47-42f5-93fb-3cd277926af0', 'C82954A1-39D4-4012-86B3-6CAD42C2B399'),
('9da8a40b-6050-496d-87d7-f60cc1b9e240', 'E0AE7D37-0CBB-4722-9700-4C13A0BA6D3D'),
('32db976f-b7e8-4116-abb5-e25dbcd9a5fd', 'FD902642-4378-4376-9A77-072644668D15'),
('5eec7937-6e8e-4944-955d-da89e537ef87', '6A4615D1-0E58-4206-B15E-708E48C1501C'),
('4ab53ee7-aa17-4ccc-8235-7f2e6e5c4a17', '6A4615D1-0E58-4206-B15E-708E48C1501C'),
('6d0b6ff9-4a1d-4faa-b365-aac142b08a16', 'FD902642-4378-4376-9A77-072644668D15'),
('1dcb2425-2715-4098-ac6a-743c5999b53f', '49993FA5-B4D5-4CBA-B448-7E2B70AFBDD4'),
('2dbe8717-a6d7-466e-b05e-33d657e22956', 'E2E7B569-88B8-4BA6-8B60-3FAB42A6BCF5'),
('d61777a5-38e1-466e-b52e-86f26a61f238', 'E0AE7D37-0CBB-4722-9700-4C13A0BA6D3D'),
('2ba2aea0-44a2-48d0-9a0b-7e0a027ae193', 'E2E7B569-88B8-4BA6-8B60-3FAB42A6BCF5'),
('fd39cbe3-48cd-4ded-80dc-d9424177bcf6', '49993FA5-B4D5-4CBA-B448-7E2B70AFBDD4'),
('440d8da6-c1b9-47ae-906d-c487e0556920', '0CBF59EA-8DCB-4A62-BE82-617153952B1D'),
('ab769a78-7750-4587-ae54-0c707e772d2f', 'FD902642-4378-4376-9A77-072644668D15'),
('f020b384-c588-4760-b528-82fa7b6271b3', '9A1EA6DE-0149-42C3-B2A8-E1BFE7C62DF3'),
('945392ea-3e9f-4e19-a39a-c58f0b118dcc', 'A7E19817-AB88-43A8-B460-237735089C9F'),
('25a8b0b4-88c4-4c0d-aa77-aec9ede0a736', '9A1EA6DE-0149-42C3-B2A8-E1BFE7C62DF3'),
('a05e6cd5-4cb5-4972-929f-99cea8ed00b3', '41586551-C098-4FF2-8DEB-45AE7EF64173'),
('87378558-7435-4280-8e99-213c10f837a0', '49993FA5-B4D5-4CBA-B448-7E2B70AFBDD4'),
('3e5f90c8-bd75-4937-8260-3aa353644ed0', '6A4615D1-0E58-4206-B15E-708E48C1501C'),
('0c50af70-7e4f-455a-a14e-4fdcd0b29de7', 'E0AE7D37-0CBB-4722-9700-4C13A0BA6D3D'),
('716df84a-1191-47b8-a7ed-843289cade8f', 'C82954A1-39D4-4012-86B3-6CAD42C2B399'),
('4ba4ab72-98a7-4d30-a0ba-ea41528117a8', '99C88F92-A587-4110-8CBB-299EB2968727'),
('3776daef-824e-4a12-949e-10c76f9973f7', 'C82954A1-39D4-4012-86B3-6CAD42C2B399'),
('2b574463-5a61-45d8-b3db-dee01ecab748', 'E0AE7D37-0CBB-4722-9700-4C13A0BA6D3D'),
('560c21b8-2f44-4a7a-96d3-cdb9eafe1ea7', 'C82954A1-39D4-4012-86B3-6CAD42C2B399'),
('1f681b0d-a2a9-4d95-a7b9-88c7d619aca5', 'C82954A1-39D4-4012-86B3-6CAD42C2B399'),
('111a3b47-b96b-4614-9699-055f009f6d00', 'C82954A1-39D4-4012-86B3-6CAD42C2B399'),
('9d52ecb7-9379-4173-ade3-bce363b264fa', 'E0AE7D37-0CBB-4722-9700-4C13A0BA6D3D'),
('a7c204b9-d0eb-4796-bb47-a75622521778', 'E2E7B569-88B8-4BA6-8B60-3FAB42A6BCF5'),
('b12bdf51-db4c-42e4-bc5e-b1534c38c78f', '0CBF59EA-8DCB-4A62-BE82-617153952B1D'),
('5acc7637-d482-40ce-b140-27ad3b6a53b0', 'FD902642-4378-4376-9A77-072644668D15'),
('33a2baf6-2bae-47ec-a3c1-860ec997257a', 'C82954A1-39D4-4012-86B3-6CAD42C2B399'),
('c46a403d-c816-4313-b15e-0cbade03a176', 'E2E7B569-88B8-4BA6-8B60-3FAB42A6BCF5'),
('1823dc92-2d71-46e2-a716-98eaf8a46901', '6F8F6E58-2A20-413C-90DF-8F665F9B1B8D'),
('cd83c10a-9cd4-4739-9ca9-03c760218b9b', 'A7E19817-AB88-43A8-B460-237735089C9F'),
('040fe016-6dd8-4cc5-945f-2835a279dc29', '289CEE0A-8041-4D60-9EB2-478F3311046E'),
('3b974f57-687d-4ecc-9ddf-5ca5fcf0492d', '6F8F6E58-2A20-413C-90DF-8F665F9B1B8D'),
('fb02d050-86a4-49cf-bcb6-4746211a5ff4', 'C82954A1-39D4-4012-86B3-6CAD42C2B399'),
('4adeaab5-05db-45c2-94a6-d3c99dc46584', 'A7E19817-AB88-43A8-B460-237735089C9F'),
('d245d9ff-b040-43ea-a529-a9ce5303c672', '49993FA5-B4D5-4CBA-B448-7E2B70AFBDD4'),
('bf6daa4a-bf30-49f7-b70d-a90cf8da5bb9', '41586551-C098-4FF2-8DEB-45AE7EF64173'),
('9240b0c0-80c0-4397-b395-59d0e635b620', '6A4615D1-0E58-4206-B15E-708E48C1501C'),
('513fcadc-cafd-4acb-8043-f2f6cf7237cc', 'E2E7B569-88B8-4BA6-8B60-3FAB42A6BCF5'),
('68ce5060-fea4-4dde-b9e3-bd7f4d0a4068', '41586551-C098-4FF2-8DEB-45AE7EF64173'),
('b1df7d20-6b13-4cd5-837f-2d83f8d2cc5e', 'E0AE7D37-0CBB-4722-9700-4C13A0BA6D3D'),
('55768dc7-ab81-494a-90c6-372991ded6a2', '8800EE29-7A1F-48AD-989C-7669FB278DEA'),
('df75214a-253f-4164-8824-65f961308277', '289CEE0A-8041-4D60-9EB2-478F3311046E'),
('ba538c30-4f8b-4de4-8478-755442c5acce', '8800EE29-7A1F-48AD-989C-7669FB278DEA'),
('ee980777-6472-4ec1-9a09-c8333415ff25', '6F8F6E58-2A20-413C-90DF-8F665F9B1B8D'),
('690bae48-e895-4142-92dc-3edbbb5ca53a', '8800EE29-7A1F-48AD-989C-7669FB278DEA'),
('12843459-ffcd-4c6d-96f6-1bff7928a08b', 'E0AE7D37-0CBB-4722-9700-4C13A0BA6D3D'),
('c1209f55-8967-470d-951a-58d15fc33a4e', '49993FA5-B4D5-4CBA-B448-7E2B70AFBDD4'),
('b07c941b-bfce-4dee-9272-43cec12e413f', '0CBF59EA-8DCB-4A62-BE82-617153952B1D'),
('80bb279d-c928-4ad9-91d2-a454913c2fac', '8800EE29-7A1F-48AD-989C-7669FB278DEA'),
('7165c12d-da5b-4377-bc4a-7ad6c1cb0beb', 'E0AE7D37-0CBB-4722-9700-4C13A0BA6D3D'),
('5b5f667b-778e-47ee-a87d-b83a4e00c552', 'E0AE7D37-0CBB-4722-9700-4C13A0BA6D3D'),
('c1f92962-d7aa-42cc-b6c4-34df06fab1b4', '6F8F6E58-2A20-413C-90DF-8F665F9B1B8D'),
('1b11d41b-7b73-4db2-8898-fca3b7d7b098', '0CBF59EA-8DCB-4A62-BE82-617153952B1D'),
('8d8585fd-0535-4d6b-b07c-0ea6e8259b06', '41586551-C098-4FF2-8DEB-45AE7EF64173'),
('272d347d-2ea1-4f5f-b44c-d7bf05350316', '6F8F6E58-2A20-413C-90DF-8F665F9B1B8D'),
('c7a1381f-2a13-4850-ab2f-4338ac2e4228', '9A1EA6DE-0149-42C3-B2A8-E1BFE7C62DF3'),
('302c3c78-c869-4e0c-99c5-2eddddf03705', 'E0AE7D37-0CBB-4722-9700-4C13A0BA6D3D'),
('96d67b7e-3bd3-47c7-961c-be89473b60ba', 'C82954A1-39D4-4012-86B3-6CAD42C2B399'),
('56cc3022-604d-4ca9-8024-208835888bab', '99C88F92-A587-4110-8CBB-299EB2968727'),
('66d799b3-3685-4dcb-bd52-3bc394e6d65e', '49993FA5-B4D5-4CBA-B448-7E2B70AFBDD4'),
('fe1e1bd0-0426-42b0-830d-f6e246b6056b', '289CEE0A-8041-4D60-9EB2-478F3311046E'),
('ff6136e7-da5e-438a-9b1b-e61cb52483b4', '289CEE0A-8041-4D60-9EB2-478F3311046E'),
('6be46185-05a1-4a7b-a0c7-67e7bca3f597', 'C82954A1-39D4-4012-86B3-6CAD42C2B399'),
('978bfdcf-e29b-4b77-90d2-9ed6b0cc6539', 'C82954A1-39D4-4012-86B3-6CAD42C2B399'),
('0401cdad-1cfa-480d-84f3-5235196d85ce', '9A1EA6DE-0149-42C3-B2A8-E1BFE7C62DF3'),
('affdc7c8-b6ba-42ca-92ed-93e4075a3161', 'FD902642-4378-4376-9A77-072644668D15'),
('dbe782b6-28ce-4b1d-abcd-a878723d9ef0', '8800EE29-7A1F-48AD-989C-7669FB278DEA'),
('3d7f917b-c27c-4bfb-a24e-e72caddb74c5', 'C82954A1-39D4-4012-86B3-6CAD42C2B399'),
('aca5800a-5464-4069-8f06-cf681cd40c53', '0CBF59EA-8DCB-4A62-BE82-617153952B1D'),
('f2e181f5-d108-448d-a96d-d59cfd1f1982', '0CBF59EA-8DCB-4A62-BE82-617153952B1D'),
('ac657e9a-8d4b-4a62-abbf-bce9707b9251', '41586551-C098-4FF2-8DEB-45AE7EF64173'),
('6d17c098-8501-4c28-9034-55912840814d', '99C88F92-A587-4110-8CBB-299EB2968727'),
('57b583ed-a627-4ff4-888d-6825e4ba0593', '6F8F6E58-2A20-413C-90DF-8F665F9B1B8D'),
('fdbba10f-182d-4404-af78-60785266dc20', 'E0AE7D37-0CBB-4722-9700-4C13A0BA6D3D'),
('efb98f7b-7c00-4bb7-8e05-c632bec51863', 'A7E19817-AB88-43A8-B460-237735089C9F'),
('b52f2c93-6eec-4156-a99e-39b7ee999d75', '6F8F6E58-2A20-413C-90DF-8F665F9B1B8D'),
('80e2b809-1d91-4f2a-ba0e-6c4c8f1c4890', '289CEE0A-8041-4D60-9EB2-478F3311046E'),
('010559f2-1db7-41dc-96a9-dea94a8c2196', 'E0AE7D37-0CBB-4722-9700-4C13A0BA6D3D'),
('c76fb1cf-bce5-4f50-a359-8d8dbca01519', '6A4615D1-0E58-4206-B15E-708E48C1501C'),
('77753daa-4f87-4b26-814d-9424ff7ec19b', '0CBF59EA-8DCB-4A62-BE82-617153952B1D'),
('cd404d25-0b50-453b-a7c8-7afb9fac7833', 'C82954A1-39D4-4012-86B3-6CAD42C2B399'); 

INSERT INTO [FreelanceQuizQuestions] ([Id], [Type], [OfSkills], [Question], [Point]) VALUES
('5eb67213-fd45-47ab-9ce4-1fc35a38539d', 'SingleChoice', '["ShoppingService","RepairingService","CleaningService"]', N'Điện áp chuẩn của mạng điện xoay chiều trong gia đình là bao nhiêu?', 10),
('c3542038-5471-4a59-a404-a9711def5c02', 'SingleChoice', '["CleaningService"]', N'Linh kiện nào điều khiển nhiệt độ trong tủ lạnh?', 10),
('5f7f94d1-2bbe-492c-94b0-14165c9bbbca', 'SingleChoice', '["CleaningService","RepairingService"]', N'Thiết bị nào được sử dụng để đo điện trở?', 10),
('e9cb401d-2802-4245-a197-827c3855e208', 'SingleChoice', '["ShoppingService","RepairingService","CleaningService"]', N'Cách tốt nhất để xử lý thiết bị điện bị chập cháy là gì?', 10),
('01e27400-33e9-4729-949c-0e8888b7ffd2', 'SingleChoice', '["ShoppingService"]', N'Công cụ nào được sử dụng để tháo lắp ốc vít?', 10),
('33686df1-3bb6-4444-857a-edc9b2b3a453', 'SingleChoice', '["RepairingService","ShoppingService"]', N'Linh kiện nào điều khiển tốc độ quay của máy giặt?', 10),
('87658d61-65bf-4005-807f-754c3f840078', 'SingleChoice', '["ShoppingService","RepairingService","CleaningService"]', N'Nguyên nhân phổ biến gây ra sự cố máy hút bụi?', 10),
('102792e1-d9be-40bc-a328-3b01233012e9', 'SingleChoice', '["CleaningService"]', N'Thiết bị nào được sử dụng để kiểm tra sự liên tục của mạch điện?', 10),
('70d9cbc9-e6f8-420f-9632-d3235fc744b3', 'SingleChoice', '["RepairingService","ShoppingService"]', N'Biện pháp an toàn nào cần thực hiện trước khi sửa chữa thiết bị điện?', 10),
('a19bae48-c12c-4b25-9930-40e166134fb0', 'SingleChoice', '["ShoppingService","CleaningService"]', N'Nguyên nhân gây ra sự cố máy sấy quần áo không hoạt động?', 10),
('740c632f-6df2-4d24-9eb0-0f52367b521e', 'SingleChoice', '["RepairingService","ShoppingService"]', N'Công cụ nào được sử dụng để đo điện áp?', 10),
('eb4ad7bb-70ee-48d8-8ae2-f5e7f9e356e0', 'SingleChoice', '["CleaningService","RepairingService","ShoppingService"]', N'Biện pháp an toàn nào cần thực hiện khi sửa chữa thiết bị điện ở độ cao?', 10),
('f6481708-ad79-4c1c-8480-281d95776922', 'SingleChoice', '["RepairingService","CleaningService","ShoppingService"]', N'Nguyên nhân gây ra sự cố lò vi sóng không hoạt động?', 10),
('1e4d609d-c56f-421e-aee7-a984d1f3530c', 'SingleChoice', '["RepairingService","ShoppingService","CleaningService"]', N'Công cụ nào được sử dụng để đo dòng điện?', 10),
('8998d1b1-df1d-4036-8788-5acb24db51c9', 'SingleChoice', '["ShoppingService","RepairingService"]', N'Nguyên nhân gây ra sự cố máy gia đình phát ra tiếng ồn lớn?', 10),
('13c0cae8-5114-45e7-8754-14fe7ae63030', 'SingleChoice', '["RepairingService","CleaningService"]', N'Công cụ nào được sử dụng để kiểm tra liên tục của mạch?', 10),
('568b6b76-fc99-4e89-a1f3-5708d2d71cdd', 'SingleChoice', '["CleaningService","RepairingService"]', N'Nguyên nhân gây ra sự cố máy ép trái cây không hoạt động?', 10),
('6a126694-c76d-43d4-8cb7-629aee23c171', 'SingleChoice', '["RepairingService","ShoppingService"]', N'Biện pháp an toàn nào cần thực hiện khi sửa chữa thiết bị điện ở khu vực hẹp?', 10),
('ab7cef41-e21a-4383-b475-2b899f55882d', 'SingleChoice', '["ShoppingService"]', N'Nguyên nhân gây ra sự cố quạt điện không hoạt động?', 10),
('7ffe21d9-c399-445e-a8eb-02defcabe73c', 'SingleChoice', '["RepairingService"]', N'Công cụ nào được sử dụng để kiểm tra điện áp xoay chiều?', 10),
('5fb6559e-585a-4a8b-9767-c93643d7412d', 'SingleChoice', '["RepairingService"]', N'Nguyên nhân gây ra sự cố bàn ủi hơi nước không phun hơi nước?', 10),
('f24795b5-7b1c-4126-94cb-2171a279fb22', 'SingleChoice', '["ShoppingService"]', N'Biện pháp an toàn nào cần thực hiện khi sửa chữa thiết bị điện ở môi trường ẩm ướt?', 10),
('f889cae2-c8d6-4a70-b52e-825af4c740c8', 'SingleChoice', '["CleaningService","ShoppingService"]', N'Nguyên nhân gây ra sự cố máy làm bánh mì không nướng được?', 10),
('8932c294-528b-4fef-ade1-41cb04109fcd', 'SingleChoice', '["CleaningService","ShoppingService"]', N'Công cụ nào được sử dụng để đo công suất điện?', 10),
('91c03053-39cd-483b-b236-5389fd0e932d', 'SingleChoice', '["ShoppingService"]', N'Nguyên nhân gây ra sự cố máy hút khói không hoạt động?', 10),
('11ec587a-42a4-4e8a-8e33-8341dfab0e4d', 'SingleChoice', '["CleaningService"]', N'Công cụ nào được sử dụng để phát hiện sự rò rỉ điện?', 10),
('878e113c-9b62-496e-837b-858abf92e9d9', 'SingleChoice', '["CleaningService","ShoppingService","RepairingService"]', N'Nguyên nhân gây ra sự cố đèn chiếu sáng không sáng?', 10),
('2d63c9e7-e031-44f2-9863-dae7cdb97cd2', 'SingleChoice', '["RepairingService","CleaningService","ShoppingService"]', N'Biện pháp an toàn nào cần thực hiện khi sửa chữa thiết bị điện ở nơi tối?', 10),
('73d3ed3c-7edf-447a-b20e-993dd72cec36', 'SingleChoice', '["RepairingService","ShoppingService"]', N'Nguyên nhân gây ra sự cố máy rửa bát không xả nước?', 10),
('c9ff296e-0391-4115-8647-97dd6882e146', 'SingleChoice', '["CleaningService","ShoppingService","RepairingService"]', N'Công cụ nào được sử dụng để kiểm tra liên tục của mạch điện?', 10),
('29ba7ba5-bd08-4bf0-93ad-54fcb3e7d21d', 'SingleChoice', '["CleaningService"]', N'Nguyên nhân gây ra sự cố máy xay sinh tố không hoạt động?', 10),
('e8b237af-6731-41da-bccb-25e6f99be3d4', 'SingleChoice', '["CleaningService","RepairingService","ShoppingService"]', N'Biện pháp an toàn nào cần thực hiện khi sửa chữa thiết bị điện ở nơi có nhiều bụi bẩn?', 10),
('8c675d09-b223-42da-9ca7-a13aca6b9a0f', 'SingleChoice', '["RepairingService","ShoppingService","CleaningService"]', N'Nguyên nhân gây ra sự cố máy hút mùi không hoạt động?', 10),
('b7bc8b89-d8ce-4770-94e2-4a980a6dfd35', 'SingleChoice', '["ShoppingService"]', N'Công cụ nào được sử dụng để đo điện trở của mạch điện?', 10),
('fe069c8f-9bcc-4973-abfb-01a932874f3e', 'SingleChoice', '["RepairingService","ShoppingService"]', N'Nguyên nhân gây ra sự cố máy sấy tóc không hoạt động?', 10),
('adecc3cd-5817-49e3-859e-f447f77fac82', 'SingleChoice', '["CleaningService"]', N'Biện pháp an toàn nào cần thực hiện khi sửa chữa thiết bị điện ở nơi có nguy cơ bị điện giật?', 10),
('80ceab6f-8ab9-45df-a446-148cdcc9a8fa', 'SingleChoice', '["ShoppingService","RepairingService","CleaningService"]', N'Nguyên nhân gây ra sự cố máy ép nước cam không hoạt động?', 10),
('853cf13a-6265-41f2-9815-b3ae83742c2a', 'SingleChoice', '["ShoppingService","RepairingService"]', N'Công cụ nào được sử dụng để phát hiện điện áp xoay chiều?', 10),
('e713b804-d61a-4b4d-93a3-f22b4279f7be', 'SingleChoice', '["CleaningService","RepairingService","ShoppingService"]', N'Nguyên nhân gây ra sự cố máy làm mát không hoạt động?', 10),
('825f948f-0921-470e-9e76-e72d279ecfaa', 'SingleChoice', '["CleaningService","ShoppingService"]', N'Biện pháp an toàn nào cần thực hiện khi sửa chữa thiết bị điện có nguy cơ bị điện giật cao?', 10),
('ad468362-61d7-40f6-bb63-bbd372f75bcd', 'SingleChoice', '["RepairingService"]', N'Nguyên nhân gây ra sự cố máy pha cà phê không hoạt động?', 10),
('e32d8326-2536-4a34-a713-686104ca81c8', 'SingleChoice', '["RepairingService"]', N'Công cụ nào được sử dụng để phát hiện điện áp một chiều?', 10),
('4cfe1f8d-69d8-474d-b13a-169a8204ec13', 'SingleChoice', '["CleaningService","ShoppingService"]', N'Nguyên nhân gây ra sự cố máy nướng bánh mì không hoạt động?', 10),
('ab9d42ec-a51a-4f07-9f80-2343e865bdd7', 'SingleChoice', '["ShoppingService"]', N'Biện pháp an toàn nào cần thực hiện khi sửa chữa thiết bị điện ở nơi có nguy cơ cháy nổ?', 10),
('44948999-25a9-4452-b275-7f4959a7eaf9', 'SingleChoice', '["CleaningService"]', N'Nguyên nhân gây ra sự cố máy trộn bột không hoạt động?', 10),
('69e02793-c766-4dc2-99b2-b07ce42a7d9f', 'SingleChoice', '["CleaningService","RepairingService","ShoppingService"]', N'Công cụ nào được sử dụng để kiểm tra sự liên tục của mạch điện?', 10),
('6b7a8128-24e5-451c-a6c9-d18f01925ec7', 'SingleChoice', '["CleaningService","ShoppingService","RepairingService"]', N'Nguyên nhân gây ra sự cố máy hút khói/mùi không hoạt động?', 10),
('4c88a1ad-ab13-4643-860d-05c833149d48', 'SingleChoice', '["CleaningService"]', N'Biện pháp an toàn nào cần thực hiện khi sửa chữa thiết bị điện ở nơi có nguy cơ bị giật điện cao?', 10),
('9e8b5c83-818a-4e35-bedb-bc82e087ea44', 'SingleChoice', '["CleaningService","ShoppingService","RepairingService"]', N'Nguyên nhân gây ra sự cố máy chà sàn không hoạt động?', 10),
('8fce106c-8259-4b55-8a8f-7361134c01d0', 'SingleChoice', '["RepairingService"]', N'Công cụ nào được sử dụng để phát hiện sự cố trong mạch điện?', 10),
('91b4e8d4-5bba-40b5-a928-ea6a21503b1a', 'SingleChoice', '["CleaningService","ShoppingService"]', N'Nguyên nhân gây ra sự cố máy đánh trứng không hoạt động?', 10),
('2d6ed27d-3711-4136-956f-4b34835d3cfa', 'SingleChoice', '["ShoppingService","RepairingService"]', N'Biện pháp an toàn nào cần thực hiện khi sửa chữa thiết bị điện ở nơi có nguy cơ bị điện giật cao?', 10),
('18d9b89a-2e4c-4c42-abb8-8f2b57b4e7de', 'SingleChoice', '["ShoppingService","CleaningService","RepairingService"]', N'Nguyên nhân gây ra sự cố máy hút bụi không hoạt động?', 10),
('93f52852-d804-4339-8f3d-4be929d5f013', 'SingleChoice', '["RepairingService"]', N'Công cụ nào được sử dụng để phát hiện sự rò rỉ điện trong mạch?', 10),
('a44a36e7-5136-418b-bfa8-749f4a913b8a', 'SingleChoice', '["RepairingService","CleaningService","ShoppingService"]', N'Nguyên nhân gây ra sự cố máy vắt ly tâm không hoạt động?', 10),
('d1a3f041-28fb-4323-9cc0-faeb6e666a8f', 'SingleChoice', '["ShoppingService","CleaningService","RepairingService"]', N'Biện pháp an toàn nào cần thực hiện khi sửa chữa thiết bị điện ở nơi có nguy cơ cháy nổ cao?', 10),
('7ff1be0e-4d4a-466b-aa86-c2a398f3e73d', 'SingleChoice', '["ShoppingService"]', N'Nguyên nhân gây ra sự cố máy sấy quần áo không hoạt động?', 10),
('27b00492-081d-45b8-a24c-4683cce50f1e', 'SingleChoice', '["RepairingService","ShoppingService"]', N'Công cụ nào được sử dụng để kiểm tra sự hoạt động của mạch điện?', 10),
('295695e6-642f-4d97-88f4-2483814acaa1', 'SingleChoice', '["ShoppingService","RepairingService","CleaningService"]', N'Nguyên nhân gây ra sự cố máy xay thịt không hoạt động?', 10),
('22a26008-a19f-4a24-9824-1134ecc4e3a5', 'SingleChoice', '["ShoppingService"]', N'Biện pháp an toàn nào cần thực hiện khi sửa chữa thiết bị điện ở nơi có nguy cơ cháy nổ cao?', 10),
('466c269c-c007-4951-852d-946e72be0d7c', 'SingleChoice', '["CleaningService","ShoppingService","RepairingService"]', N'Nguyên nhân gây ra sự cố máy ép trái cây không hoạt động?', 10),
('9f310558-6e65-4abd-8137-758dd2de8ea4', 'SingleChoice', '["ShoppingService","RepairingService"]', N'Công cụ nào được sử dụng để kiểm tra sự rò rỉ điện trong hệ thống điện?', 10),
('04ccfc20-575c-45ab-a9e0-d193fdddd9e4', 'SingleChoice', '["ShoppingService","RepairingService"]', N'Nguyên nhân gây ra sự cố máy ép nước cam không hoạt động?', 10),
('0128b1ec-c6f5-4100-97c5-43d582446cf0', 'SingleChoice', '["CleaningService"]', N'Biện pháp an toàn nào cần thực hiện khi sửa chữa thiết bị điện ở nơi có nguy cơ bị điện giật cao?', 10),
('6eccc616-43b3-49e1-873c-dcc434bf0baf', 'SingleChoice', '["CleaningService"]', N'Nguyên nhân gây ra sự cố máy gia đình không khởi động được?', 10),
('7b07da99-5de0-46f1-b98d-c9b657a67242', 'SingleChoice', '["ShoppingService","CleaningService"]', N'Công cụ nào được sử dụng để phát hiện sự cố trong mạch điện?', 10),
('c03e37a1-6517-4f13-9de3-831131453678', 'SingleChoice', '["CleaningService","ShoppingService","RepairingService"]', N'Nguyên nhân gây ra sự cố máy pha cà phê không hoạt động?', 10),
('0acff344-b81a-462d-b08a-4084cf7042f9', 'SingleChoice', '["ShoppingService","RepairingService"]', N'Biện pháp an toàn nào cần thực hiện khi sửa chữa thiết bị điện ở nơi có nguy cơ bị điện giật cao?', 10),
('f82a7fc2-ba8a-4064-9d61-9376b1a193ae', 'SingleChoice', '["CleaningService","RepairingService","ShoppingService"]', N'Nguyên nhân gây ra sự cố máy đánh trứng không hoạt động?', 10),
('3e7c68c3-0320-4285-8c9d-5d7cdc12185f', 'SingleChoice', '["CleaningService"]', N'Công cụ nào được sử dụng để kiểm tra sự rò rỉ điện trong hệ thống điện?', 10),
('42dc9d12-6c04-45ba-ad12-71ba99635acc', 'SingleChoice', '["ShoppingService"]', N'Nguyên nhân gây ra sự cố máy làm đá không hoạt động?', 10),
('068a6beb-01f5-4df9-9a30-be43c23fce03', 'SingleChoice', '["ShoppingService","RepairingService"]', N'Biện pháp an toàn nào cần thực hiện khi sửa chữa thiết bị điện ở nơi có nguy cơ bị điện giật cao?', 10),
('9ee14683-db42-411a-9d35-a4c0f226fc78', 'SingleChoice', '["ShoppingService"]', N'Nguyên nhân gây ra sự cố máy xay sinh tố không hoạt động?', 10),
('89b7b87c-4464-4442-af63-486919679970', 'SingleChoice', '["ShoppingService"]', N'Công cụ nào được sử dụng để đo dòng điện xoay chiều?', 10),
('05de3d42-cde5-4ecd-8d62-cab29ee4d5ef', 'SingleChoice', '["CleaningService","RepairingService"]', N'Nguyên nhân gây ra sự cố máy gia đình phát ra tiếng ồn lớn?', 10),
('749c2891-6097-4fe0-a3a1-be0b86c134ff', 'SingleChoice', '["CleaningService","ShoppingService"]', N'Biện pháp an toàn nào cần thực hiện khi sửa chữa thiết bị điện ở nơi có nguy cơ giật điện cao?', 10),
('afebe8ca-8808-4ead-a39f-bd74cba0fc92', 'SingleChoice', '["ShoppingService","CleaningService","RepairingService"]', N'Nguyên nhân gây ra sự cố máy hút mùi không hoạt động?', 10),
('4e296452-ddd2-46d8-b309-ff15dd2e7ada', 'SingleChoice', '["CleaningService","RepairingService"]', N'Công cụ nào được sử dụng để kiểm tra sự hoạt động của mạch điện?', 10),
('503c45b0-0027-4a91-90c7-62706e6f93d1', 'SingleChoice', '["ShoppingService","RepairingService"]', N'Nguyên nhân gây ra sự cố máy hút bụi không hoạt động?', 10),
('7fdf284a-b87b-4780-8da9-e241dee3e2a2', 'SingleChoice', '["ShoppingService"]', N'Biện pháp an toàn nào cần thực hiện khi sửa chữa thiết bị điện ở nơi có nguy cơ cháy nổ cao?', 10),
('eb8dcd50-51fe-4249-affd-2592a830c9de', 'SingleChoice', '["CleaningService","RepairingService"]', N'Dung dịch nào được sử dụng để làm sạch bề mặt bằng gỗ?', 10),
('51054f0d-37af-4834-ae29-de8f60bda66f', 'SingleChoice', '["RepairingService"]', N'Cách nào là tốt nhất để loại bỏ vết bẩn cứng đầu trên sàn nhà?', 10),
('5fda8e7a-4f2c-433f-8a38-31317c0fbe94', 'SingleChoice', '["RepairingService","CleaningService","ShoppingService"]', N'Khi dọn dẹp phòng tắm, bạn nên lau chùi theo thứ tự nào?', 10),
('5cbc5b39-8602-4150-adf8-aab4dd680178', 'SingleChoice', '["ShoppingService"]', N'Cách nào là hiệu quả nhất để làm sạch bếp từ?', 10),
('fb399e77-a194-4b03-91bd-b44375710800', 'SingleChoice', '["ShoppingService","CleaningService"]', N'Khi làm sạch tủ lạnh, bạn nên thực hiện những bước nào?', 10),
('f8d28e30-447b-41a3-82a3-29a9ba542a6d', 'SingleChoice', '["ShoppingService","RepairingService"]', N'Cách nào là tốt nhất để làm sạch thảm trải sàn?', 10),
('ea32b051-1955-417f-92a6-d54ee82e435c', 'SingleChoice', '["ShoppingService"]', N'Làm thế nào để làm sạch vết bẩn trên tường?', 10),
('0007f993-9a95-4fdb-a17f-e34056c373dd', 'SingleChoice', '["CleaningService","ShoppingService"]', N'Cách nào là tốt nhất để làm sạch sàn gỗ?', 10),
('862f9e25-640b-462d-9962-88c02cd79153', 'SingleChoice', '["RepairingService","CleaningService"]', N'Cách nào là hiệu quả nhất để làm sạch kính?', 10),
('a5f95db5-16f6-4d8a-b9e9-b35a7dbccf78', 'SingleChoice', '["RepairingService"]', N'Làm thế nào để làm sạch bàn ghế bọc nỉ?', 10),
('75e1cc5f-882a-47c4-952f-583b8df9900f', 'SingleChoice', '["ShoppingService"]', N'Cách nào là tốt nhất để làm sạch lò vi sóng?', 10),
('668392d9-819c-44ca-b030-273c693448e8', 'SingleChoice', '["ShoppingService","CleaningService","RepairingService"]', N'Làm thế nào để làm sạch rèm cửa?', 10),
('88d2836a-e9dc-41a9-8f37-fedd2f685797', 'SingleChoice', '["ShoppingService","CleaningService"]', N'Làm thế nào để làm sạch đồ dùng trong nhà bếp?', 10),
('1a02b895-9040-4fa2-ae86-c5caf1721b40', 'SingleChoice', '["CleaningService","ShoppingService"]', N'Cách nào là hiệu quả nhất để làm sạch đồ gỗ?', 10),
('edf2d9c8-8073-4379-9ef9-4fe6f4b7da8e', 'SingleChoice', '["CleaningService","RepairingService","ShoppingService"]', N'Khi làm sạch khu vực xung quanh bồn rửa, bạn nên bắt đầu từ đâu?', 10),
('45785234-9779-413c-9196-1c08e32ccc7a', 'SingleChoice', '["CleaningService","ShoppingService"]', N'Cách nào là tốt nhất để làm sạch vết dầu mỡ trên bếp từ?', 10),
('69980dd3-1e34-411a-9ce3-ed8d4cd64ebb', 'SingleChoice', '["ShoppingService"]', N'Làm thế nào để làm sạch đồ trang sức bằng bạc?', 10),
('8e3d59fe-0f89-47e7-b607-e58855437b4d', 'SingleChoice', '["CleaningService","RepairingService","ShoppingService"]', N'Tỷ lệ khuyến nghị giữa thuốc tẩy và nước để khử trùng bề mặt là gì?', 10),
('8f2f8023-8888-47c1-9af7-5e0a16dbe253', 'SingleChoice', '["ShoppingService","RepairingService","CleaningService"]', N'Cách nào là hiệu quả nhất để làm sạch sàn gạch men?', 10),
('0dbeedb5-f11a-4f20-8032-b1c99bee5be6', 'SingleChoice', '["CleaningService","ShoppingService"]', N'Cách nào là tốt nhất để làm sạch vết bẩn cứng đầu trên tường?', 10),
('e5990c08-374d-4641-b5a9-54a950fcb75c', 'SingleChoice', '["RepairingService","CleaningService"]', N'Cách nào là tốt nhất để làm sạch đồ trang sức bằng vàng?', 10),
('c3faba85-6dfa-4021-b59d-122c489b9bb9', 'SingleChoice', '["CleaningService","RepairingService"]', N'Làm thế nào để làm sạch đồ gốm sứ?', 10),
('8836e821-ba7c-4b53-9937-c77eaba21c79', 'SingleChoice', '["CleaningService","ShoppingService","RepairingService"]', N'Cách nào là tốt nhất để làm sạch vết bẩn trên đệm giường?', 10),
('333ae5ae-1f06-45a4-8de1-4e5a2a575082', 'SingleChoice', '["RepairingService","CleaningService"]', N'Cách nào là hiệu quả nhất để làm sạch bồn tắm?', 10),
('ac521365-ebe4-4ba5-8824-d7a68cf6e266', 'SingleChoice', '["ShoppingService"]', N'Cách nào là tốt nhất để làm sạch đồ bằng da?', 10),
('3ad2d9e5-fc21-482c-b63d-dc1697f9041c', 'SingleChoice', '["RepairingService","ShoppingService"]', N'Khi dọn dẹp phòng ngủ, bạn nên làm việc theo thứ tự nào?', 10),
('a1d7c9ff-d4ff-4d96-be4e-a5a22660d57b', 'SingleChoice', '["ShoppingService","CleaningService","RepairingService"]', N'Cách nào là hiệu quả nhất để làm sạch khu vực nhà bếp?', 10),
('fde5fa3f-fd70-4efb-8977-d2c9637583f0', 'SingleChoice', '["ShoppingService"]', N'Làm thế nào để làm sạch đồ trang sức bằng đá quý?', 10),
('1ae5f821-72b6-489a-baff-02020f0c6b5d', 'SingleChoice', '["ShoppingService"]', N'Cách nào là tốt nhất để làm sạch đồ trang sức bằng ngọc trai?', 10),
('854f78e9-e407-4d4b-81b8-99edb421d4e3', 'SingleChoice', '["RepairingService"]', N'Cách nào là hiệu quả nhất để làm sạch vết bẩn trên thảm trải sàn?', 10),
('c6adc07e-4248-418d-8b57-8a40a3f3bb23', 'SingleChoice', '["CleaningService","ShoppingService","RepairingService"]', N'Cách nào là tốt nhất để làm sạch bồn vệ sinh?', 10),
('a2678726-2eaf-4520-9ea2-f9f257c8257e', 'SingleChoice', '["CleaningService","RepairingService"]', N'Cách nào là hiệu quả nhất để làm sạch đồ dùng bằng nhựa?', 10),
('7059de55-2df9-4caf-9896-3ad64d8760d7', 'SingleChoice', '["ShoppingService","RepairingService"]', N'Khi dọn dẹp phòng khách, bạn nên bắt đầu từ đâu?', 10),
('33f8fab7-899b-45bb-9629-f9f0d3f282c6', 'SingleChoice', '["ShoppingService","RepairingService"]', N'Cách nào là tốt nhất để làm sạch đồ dùng bằng kim loại?', 10); 

INSERT INTO [FreelanceQuizAnswers] ([Id], [Answer], [IsCorrect], [QuestionId]) VALUES
('09afd70a-91c4-4c66-accd-a9977c7c0896', '110V', 0, '5eb67213-fd45-47ab-9ce4-1fc35a38539d'),
('9631128f-7015-4dc7-a4cd-d563058dfbc8', '220V', 1, '5eb67213-fd45-47ab-9ce4-1fc35a38539d'),
('cdc6d127-6b1a-43cb-b0d1-f405352e89f3', '380V', 0, '5eb67213-fd45-47ab-9ce4-1fc35a38539d'),
('d39f23b2-76d5-4e36-bef3-c650e6e1c064', '500V', 0, '5eb67213-fd45-47ab-9ce4-1fc35a38539d'),
('3b3d1fc4-47bf-48bf-a893-ef304afc6ad2', N'Máy nén', 0, 'c3542038-5471-4a59-a404-a9711def5c02'),
('18a4e520-88db-4c8e-bc26-2cced5b48a8a', N'Quạt tản nhiệt', 0, 'c3542038-5471-4a59-a404-a9711def5c02'),
('20f43e26-6dba-4745-ba58-6e6156409660', 'Termostat', 1, 'c3542038-5471-4a59-a404-a9711def5c02'),
('6feccd1e-5701-4727-af88-352913a6fb85', N'Đồng hồ đo nhiệt độ', 0, 'c3542038-5471-4a59-a404-a9711def5c02'),
('6b340997-f438-496b-864e-9d4e52833408', N'Ampe kế', 0, '5f7f94d1-2bbe-492c-94b0-14165c9bbbca'),
('5961f4db-6527-49eb-b275-6976ac889092', N'Vôn kế', 0, '5f7f94d1-2bbe-492c-94b0-14165c9bbbca'),
('90880629-0b23-4f9e-a283-e0095b1aa531', N'Đồng hồ vạn năng', 1, '5f7f94d1-2bbe-492c-94b0-14165c9bbbca'),
('bb50177c-9b0c-4606-b51d-a1c79fcee998', N'Đồng hồ đo công suất', 0, '5f7f94d1-2bbe-492c-94b0-14165c9bbbca'),
('2ac9ae65-5558-440f-95f8-3803a8938acb', N'Dập lửa bằng nước', 0, 'e9cb401d-2802-4245-a197-827c3855e208'),
('45f9b965-b908-4a27-a7d3-26f420eb797c', N'Ngắt điện và sử dụng bình chữa cháy', 1, 'e9cb401d-2802-4245-a197-827c3855e208'),
('ea42883b-5a2b-4f8f-b597-8c1c421d1358', N'Tiếp tục sử dụng thiết bị', 0, 'e9cb401d-2802-4245-a197-827c3855e208'),
('de8778ed-fc5d-4735-9992-149f36682522', N'Thổi để dập tắt lửa', 0, 'e9cb401d-2802-4245-a197-827c3855e208'),
('2b50c191-cd37-4e50-bafe-ce7353ea2009', N'Kìm', 0, '01e27400-33e9-4729-949c-0e8888b7ffd2'),
('3b14c920-d002-4263-88d6-1848dea6db70', N'Tuốc nơ vít', 1, '01e27400-33e9-4729-949c-0e8888b7ffd2'),
('11ba07d4-eb1d-4fba-9c9a-eea4a87e59f8', N'Búa', 0, '01e27400-33e9-4729-949c-0e8888b7ffd2'),
('1a62d815-ae12-4755-9fa9-2dabee82031a', N'Kéo', 0, '01e27400-33e9-4729-949c-0e8888b7ffd2'),
('c3182fdb-7728-4106-b1e8-f16a0d8e2509', N'Mô tơ', 0, '33686df1-3bb6-4444-857a-edc9b2b3a453'),
('05cb05a8-a50f-400c-ad30-32c394fbbd1e', N'Biến tần', 1, '33686df1-3bb6-4444-857a-edc9b2b3a453'),
('eb0d58d2-7900-4ec1-bb4f-b4fa734eec22', N'Bơm nước', 0, '33686df1-3bb6-4444-857a-edc9b2b3a453'),
('12e6c995-f7e3-4fc6-9446-a0ed6309160e', N'Đồng hồ bấm giờ', 0, '33686df1-3bb6-4444-857a-edc9b2b3a453'),
('42c711fb-efc0-4569-835c-fe3bbf7977cf', N'Túi chứa đầy bụi', 1, '87658d61-65bf-4005-807f-754c3f840078'),
('ee6e6712-dc47-40be-a79a-a9651f7d81d6', N'Mô tơ bị quá tải', 0, '87658d61-65bf-4005-807f-754c3f840078'),
('7448a862-9174-46a5-8561-541b9fd1e487', N'Dây điện bị đứt', 0, '87658d61-65bf-4005-807f-754c3f840078'),
('6068c92e-bc2e-4fd1-84e5-ee2e3765738d', N'Thiếu dầu bôi trơn', 0, '87658d61-65bf-4005-807f-754c3f840078'),
('6e37eee7-fd9a-497a-b4c5-61fa8dd5bdb7', N'Đồng hồ vạn năng', 0, '102792e1-d9be-40bc-a328-3b01233012e9'),
('c0bb87b3-477f-4613-8a9f-541d9f2dc06c', N'Máy đo ESD', 0, '102792e1-d9be-40bc-a328-3b01233012e9'),
('c578ac1f-ea2d-4ac0-a51c-755c137a850b', N'Máy kiểm tra liên tục', 1, '102792e1-d9be-40bc-a328-3b01233012e9'),
('c7f5bb72-444a-4eaa-b2bf-fe07ed706ee3', N'Ampe kế', 0, '102792e1-d9be-40bc-a328-3b01233012e9'),
('ecfefd70-d2b5-465b-997c-1eebbda10350', N'Ngắt nguồn điện', 1, '70d9cbc9-e6f8-420f-9632-d3235fc744b3'),
('165cb05c-b9d8-4f80-9c0a-1b95f63268e3', N'Mở nắp thiết bị', 0, '70d9cbc9-e6f8-420f-9632-d3235fc744b3'),
('275e59a7-6e91-40bc-a277-7b774008d360', N'Kiểm tra bằng mắt thường', 0, '70d9cbc9-e6f8-420f-9632-d3235fc744b3'),
('804e1b3a-a3fc-4cd9-a1f6-6da419dc0373', N'Căng dây điện', 0, '70d9cbc9-e6f8-420f-9632-d3235fc744b3'),
('e4cefe08-b129-4acb-bfed-28581350a1ac', N'Quạt thông gió bị kẹt', 0, 'a19bae48-c12c-4b25-9930-40e166134fb0'),
('f0b6436b-59a3-49bf-9a4f-51556d962c2f', N'Rơ le nhiệt độ bị hỏng', 1, 'a19bae48-c12c-4b25-9930-40e166134fb0'),
('3fa95b6c-0cae-4611-b07a-7eed75702510', N'Cửa không đóng kín', 0, 'a19bae48-c12c-4b25-9930-40e166134fb0'),
('3ccd343d-de16-4783-bb57-c7a789a5c64c', N'Dây giũ quần áo bị rơi ra', 0, 'a19bae48-c12c-4b25-9930-40e166134fb0'),
('6c1ced41-0fc3-49d6-84cd-f50dd737935b', N'Ampe kế', 0, '740c632f-6df2-4d24-9eb0-0f52367b521e'),
('64ba6f90-9678-4b5c-9cc0-19668e2b31bf', N'Vôn kế', 1, '740c632f-6df2-4d24-9eb0-0f52367b521e'),
('4852c9d2-dac9-4025-96a4-9bae43fbf11c', N'Máy đo ESD', 0, '740c632f-6df2-4d24-9eb0-0f52367b521e'),
('45dfdcd4-3367-485b-b783-d27c49e7b7fa', N'Máy kiểm tra liên tục', 0, '740c632f-6df2-4d24-9eb0-0f52367b521e'),
('d80ec1f6-0de2-4fdb-8b59-8e4e85c53e33', N'Sử dụng thang hoặc giàn giáo an toàn', 1, 'eb4ad7bb-70ee-48d8-8ae2-f5e7f9e356e0'),
('a6569266-daf9-4056-af36-500501169ac8', N'Đứng trên ghế', 0, 'eb4ad7bb-70ee-48d8-8ae2-f5e7f9e356e0'),
('d0dfe8d5-696a-4727-8d78-8c27535c544a', N'Không cần biện pháp an toàn gì', 0, 'eb4ad7bb-70ee-48d8-8ae2-f5e7f9e356e0'),
('6e60f673-193d-480a-9093-2f46746166dc', N'Sử dụng dây an toàn', 0, 'eb4ad7bb-70ee-48d8-8ae2-f5e7f9e356e0'),
('c2f7d4a1-c480-49d7-93bd-4377b3cda667', N'Đĩa xoay bị kẹt', 0, 'f6481708-ad79-4c1c-8480-281d95776922'),
('e0742485-6aa2-44ae-ae97-afe21752090a', N'Cuộn từ bị hỏng', 1, 'f6481708-ad79-4c1c-8480-281d95776922'),
('34dccd09-e858-424a-af9d-a5a6722c4e85', N'Đèn chiếu sáng bị hỏng', 0, 'f6481708-ad79-4c1c-8480-281d95776922'),
('a3712484-0e66-4a21-81b4-94fb3b45aa42', N'Núm điều khiển bị gãy', 0, 'f6481708-ad79-4c1c-8480-281d95776922'),
('951e7155-e6a5-497c-9038-963732de91c4', N'Ampe kế', 1, '1e4d609d-c56f-421e-aee7-a984d1f3530c'),
('8aaf2ddb-8515-4928-a46c-baa0cca963dd', N'Vôn kế', 0, '1e4d609d-c56f-421e-aee7-a984d1f3530c'),
('44b4a0ce-d1a6-4001-9e3e-2d80582ea542', N'Đồng hồ vạn năng', 0, '1e4d609d-c56f-421e-aee7-a984d1f3530c'),
('07fc9718-f8c4-4060-beee-d21dba0c126f', N'Máy đo ESD', 0, '1e4d609d-c56f-421e-aee7-a984d1f3530c'),
('a7738300-6645-4810-85c5-b442a3c0aac4', N'Lỏng ốc vít', 0, '8998d1b1-df1d-4036-8788-5acb24db51c9'),
('3ed99d67-b954-4374-bfea-c2e890506f0f', N'Quạt tản nhiệt bị hỏng', 0, '8998d1b1-df1d-4036-8788-5acb24db51c9'),
('b5904703-a3d1-433c-87d2-f3a2e22237df', N'Gỉ sét hoặc rung động', 1, '8998d1b1-df1d-4036-8788-5acb24db51c9'),
('4fe55268-bed3-43f8-b9aa-388bb93b73c4', N'Dây điện bị đứt', 0, '8998d1b1-df1d-4036-8788-5acb24db51c9'),
('4e3d88c6-041b-4f1e-a3b7-4954d5fc2e9d', N'Ampe kế', 0, '13c0cae8-5114-45e7-8754-14fe7ae63030'),
('e5b8cdb3-2dd3-4967-b8a2-901d544ae2cd', N'Vôn kế', 0, '13c0cae8-5114-45e7-8754-14fe7ae63030'),
('14bfc96e-dfc6-41e5-b507-cca2e5d3abe3', N'Đồng hồ vạn năng', 0, '13c0cae8-5114-45e7-8754-14fe7ae63030'),
('4153e57b-13ec-4206-a03f-908f37504161', N'Máy kiểm tra liên tục', 1, '13c0cae8-5114-45e7-8754-14fe7ae63030'),
('063d5f00-84c4-476f-9bd7-8d5b5e7d1a11', N'Lưỡi dao bị mòn', 0, '568b6b76-fc99-4e89-a1f3-5708d2d71cdd'),
('68f28687-1009-43a3-9a99-c4c448a7f66e', N'Núm điều khiển bị gãy', 0, '568b6b76-fc99-4e89-a1f3-5708d2d71cdd'),
('ec287237-48e7-4f80-8005-3f168205c36f', N'Rơ le bảo vệ quá tải', 1, '568b6b76-fc99-4e89-a1f3-5708d2d71cdd'),
('9ba9176c-8802-4145-9efb-1f2cb9b34389', N'Chậu đựng nước bị rò rỉ', 0, '568b6b76-fc99-4e89-a1f3-5708d2d71cdd'),
('7b7f69c8-a177-446f-9ab5-54d4fcab7f6d', N'Đảm bảo thông gió tốt', 1, '6a126694-c76d-43d4-8cb7-629aee23c171'),
('86458224-dddf-4878-9cca-43067a4a7bc0', N'Làm việc trong bóng tối', 0, '6a126694-c76d-43d4-8cb7-629aee23c171'),
('80197661-b88d-4611-b70f-d8fa203fdbc5', N'Không cần biện pháp an toàn gì', 0, '6a126694-c76d-43d4-8cb7-629aee23c171'),
('e99ac5a2-5926-4de5-bcf4-4610d06d11aa', N'Sử dụng dụng cụ cầm tay', 0, '6a126694-c76d-43d4-8cb7-629aee23c171'),
('866581ae-82c3-42df-bc3b-b6f2b0576230', N'Cân bằng quạt bị mất', 0, 'ab7cef41-e21a-4383-b475-2b899f55882d'),
('ddf0dc20-901b-43b5-b511-f1d2eb17cd82', N'Cuộn dây động cơ bị đoản mạch', 1, 'ab7cef41-e21a-4383-b475-2b899f55882d'),
('14f9f1f7-4096-475b-9d81-57bb27c317ad', N'Lưỡi quạt bị gãy', 0, 'ab7cef41-e21a-4383-b475-2b899f55882d'),
('5b3cc724-76fb-48b1-93ce-b727a338e5e5', N'Núm điều khiển bị gãy', 0, 'ab7cef41-e21a-4383-b475-2b899f55882d'),
('577b5ac7-9b19-4eac-88bb-c489ec9a650b', N'Ampe kế', 0, '7ffe21d9-c399-445e-a8eb-02defcabe73c'),
('d6cbd8ff-3bfa-4676-8172-4317f0114bad', N'Vôn kế xoay chiều', 1, '7ffe21d9-c399-445e-a8eb-02defcabe73c'),
('42ca3f70-4ab6-47dc-88e5-144e55a20738', N'Máy kiểm tra liên tục', 0, '7ffe21d9-c399-445e-a8eb-02defcabe73c'),
('a367f30b-f8be-48e5-978a-9c9fb90157b2', N'Đồng hồ vạn năng', 0, '7ffe21d9-c399-445e-a8eb-02defcabe73c'),
('ac6de72b-4a96-46d0-b9bd-d361af575e68', N'Đế bàn ủi bị gỉ', 0, '5fb6559e-585a-4a8b-9767-c93643d7412d'),
('f3968a31-fdbe-4c95-81c4-c902e2472e16', N'Núm điều khiển hơi nước bị kẹt', 0, '5fb6559e-585a-4a8b-9767-c93643d7412d'),
('770de6ac-e8de-43fd-9db3-348363eb422e', N'Vấn đề với bơm nước', 1, '5fb6559e-585a-4a8b-9767-c93643d7412d'),
('da2efaa0-29cd-448f-854a-bba14f6f48b2', N'Dây điện bị đứt', 0, '5fb6559e-585a-4a8b-9767-c93643d7412d'),
('b1a670fb-d062-4960-9dcd-d45badc4c419', N'Sử dụng dụng cụ cách điện', 1, 'f24795b5-7b1c-4126-94cb-2171a279fb22'),
('77a704bd-4bf4-4717-a6bf-d9e61af46b19', N'Làm việc chân trần', 0, 'f24795b5-7b1c-4126-94cb-2171a279fb22'),
('2ac3bfbc-b03d-4945-8841-2bef1c3581e8', N'Không cần biện pháp an toàn gì', 0, 'f24795b5-7b1c-4126-94cb-2171a279fb22'),
('bd582f2a-1704-4a07-bde6-db9fecadc80d', N'Sử dụng dụng cụ bằng kim loại', 0, 'f24795b5-7b1c-4126-94cb-2171a279fb22'),
('8a156352-0078-49a9-a6e6-4add4352b32e', N'Nhiệt độ không đủ cao', 1, 'f889cae2-c8d6-4a70-b52e-825af4c740c8'),
('6d1b2c56-0bd3-4f82-8486-1aecfb147c12', N'Quạt thổi gió bị hỏng', 0, 'f889cae2-c8d6-4a70-b52e-825af4c740c8'),
('55f11b10-99d5-442e-97b5-6dc1e4e5af9c', N'Rơ le nhiệt độ bị hỏng', 0, 'f889cae2-c8d6-4a70-b52e-825af4c740c8'),
('0f3973bc-a1fd-44fb-a5b7-029c943aac7b', N'Núm điều khiển bị gãy', 0, 'f889cae2-c8d6-4a70-b52e-825af4c740c8'),
('3222e5f1-7870-4ef9-bb39-2958a3ab5a5d', N'Ampe kế', 0, '8932c294-528b-4fef-ade1-41cb04109fcd'),
('da1028ae-ec0c-4d6a-9387-798fe96ff45b', N'Vôn kế', 0, '8932c294-528b-4fef-ade1-41cb04109fcd'),
('6cca99c6-2dd7-46c7-a7b0-7bab0fc9eb76', N'Đồng hồ vạn năng', 0, '8932c294-528b-4fef-ade1-41cb04109fcd'),
('482fece1-7449-4693-bced-042c39a07ac2', N'Watt kế', 1, '8932c294-528b-4fef-ade1-41cb04109fcd'),
('17406cc4-d951-43eb-a05e-d79347dcde87', N'Quạt hút bị kẹt', 0, '91c03053-39cd-483b-b236-5389fd0e932d'),
('5b0cd79a-3c07-4d5a-8c2b-049a73e34d7b', N'Tắc nghẽn ống khói', 1, '91c03053-39cd-483b-b236-5389fd0e932d'),
('da421e98-8b15-4c2e-9316-b1e9270c80d2', N'Núm điều khiển bị gãy', 0, '91c03053-39cd-483b-b236-5389fd0e932d'),
('031442e7-cd4a-4fa9-aaad-418a634c5dab', N'Dây điện bị đứt', 0, '91c03053-39cd-483b-b236-5389fd0e932d'),
('5e62700c-4077-4a4d-81b4-840f0b7dba77', N'Ampe kế', 0, '11ec587a-42a4-4e8a-8e33-8341dfab0e4d'),
('ce4604e3-9aae-44de-99f8-d8036bd49277', N'Máy dò rò rỉ điện', 1, '11ec587a-42a4-4e8a-8e33-8341dfab0e4d'),
('551310d9-97d7-418d-a664-af04db92c333', N'Vôn kế', 0, '11ec587a-42a4-4e8a-8e33-8341dfab0e4d'),
('950d69ed-a10c-4cff-9637-5da74aa70eff', N'Máy kiểm tra liên tục', 0, '11ec587a-42a4-4e8a-8e33-8341dfab0e4d'),
('8ef63995-3da5-4e51-aa0e-3536624f80df', N'Bóng đèn bị cháy', 1, '878e113c-9b62-496e-837b-858abf92e9d9'),
('4c79a9ef-acf1-4179-b29e-0daf2ae7f3f9', N'Rơ le bảo vệ quá tải', 0, '878e113c-9b62-496e-837b-858abf92e9d9'),
('f7295e26-3341-47ad-b9df-7fa194e32fe5', N'Quạt làm mát bị hỏng', 0, '878e113c-9b62-496e-837b-858abf92e9d9'),
('26399c6b-8aa2-4b43-bc65-8af972618486', N'Dây điện bị đứt', 0, '878e113c-9b62-496e-837b-858abf92e9d9'),
('1aebc309-3a63-459d-ae0d-f77ef06e9c13', N'Sử dụng đèn pin hoặc đèn chiếu sáng', 1, '2d63c9e7-e031-44f2-9863-dae7cdb97cd2'),
('34ead922-a1b4-490f-a7ae-c2ce359350fe', N'Làm việc trong bóng tối', 0, '2d63c9e7-e031-44f2-9863-dae7cdb97cd2'),
('95d3764d-3620-448f-8db9-d2175a9f7f9e', N'Không cần biện pháp an toàn gì', 0, '2d63c9e7-e031-44f2-9863-dae7cdb97cd2'),
('1d400608-16fa-4340-82aa-d12d090f2fcb', N'Sử dụng dụng cụ cầm tay', 0, '2d63c9e7-e031-44f2-9863-dae7cdb97cd2'),
('0cc003f2-42c0-4ce5-95eb-cc4dff1972b3', N'Bơm nước bị kẹt', 0, '73d3ed3c-7edf-447a-b20e-993dd72cec36'),
('b8cf1ea6-0ee1-474f-b738-b032d0f3ec9b', N'Tắc nghẽn ống xả', 1, '73d3ed3c-7edf-447a-b20e-993dd72cec36'),
('c03f2710-1752-444f-b617-f9ecdc873663', N'Núm điều khiển bị gãy', 0, '73d3ed3c-7edf-447a-b20e-993dd72cec36'),
('d4ef5c50-d65d-43b5-8655-c7da8d7cd349', N'Dây giũ chén bát bị rơi ra', 0, '73d3ed3c-7edf-447a-b20e-993dd72cec36'),
('40610369-7141-4f8c-83c3-9d40552b7329', N'Ampe kế', 0, 'c9ff296e-0391-4115-8647-97dd6882e146'),
('01a699f4-9a8b-4994-bdff-d5d0515d8633', N'Vôn kế', 0, 'c9ff296e-0391-4115-8647-97dd6882e146'),
('a9747df7-8075-4923-85bf-2b943c7defbd', N'Máy kiểm tra liên tục', 1, 'c9ff296e-0391-4115-8647-97dd6882e146'),
('5b1a935e-db0e-498e-bc0d-fb8cd0a96acf', N'Watt kế', 0, 'c9ff296e-0391-4115-8647-97dd6882e146'),
('36ae200b-163e-45f1-8115-7c48faa58250', N'Lưỡi dao bị mòn', 0, '29ba7ba5-bd08-4bf0-93ad-54fcb3e7d21d'),
('9c995edd-49cc-4a0b-91d0-9f94c6d3c40f', N'Mô tơ bị quá tải', 1, '29ba7ba5-bd08-4bf0-93ad-54fcb3e7d21d'),
('c38fe0c5-8713-41cc-b064-24a70ea507c7', N'Núm điều khiển bị gãy', 0, '29ba7ba5-bd08-4bf0-93ad-54fcb3e7d21d'),
('7f3e1e96-caec-4622-b54b-de3ae0c1a733', N'Dây điện bị đứt', 0, '29ba7ba5-bd08-4bf0-93ad-54fcb3e7d21d'),
('2ff1779a-0254-4ae3-8ffc-77227cdcb4f7', N'Sử dụng khẩu trang và kính bảo hộ', 1, 'e8b237af-6731-41da-bccb-25e6f99be3d4'),
('3728a30e-a4ee-447c-91ab-6f1c408ee74d', N'Làm việc trong môi trường bụi bẩn', 0, 'e8b237af-6731-41da-bccb-25e6f99be3d4'),
('9609b148-7429-425c-a6f4-df49c4df8652', N'Không cần biện pháp an toàn gì', 0, 'e8b237af-6731-41da-bccb-25e6f99be3d4'),
('a55cc5d6-1f9f-4c27-a8cd-30ba9bf5231d', N'Sử dụng dụng cụ cầm tay', 0, 'e8b237af-6731-41da-bccb-25e6f99be3d4'),
('6562cd6b-0ef9-4022-85b8-042053bdd35e', N'Quạt hút bị kẹt', 0, '8c675d09-b223-42da-9ca7-a13aca6b9a0f'),
('8f41cc4f-af8b-4f68-807e-238899e60535', N'Tắc nghẽn ống khói', 1, '8c675d09-b223-42da-9ca7-a13aca6b9a0f'),
('74b1966f-947d-49ac-b8a3-3489c7aeb446', N'Núm điều khiển bị gãy', 0, '8c675d09-b223-42da-9ca7-a13aca6b9a0f'),
('8ee1c96e-ba59-4b10-a7dc-09355317cc77', N'Dây điện bị đứt', 0, '8c675d09-b223-42da-9ca7-a13aca6b9a0f'),
('18f8e9b5-64dd-43d7-91b0-3e9be300ed5d', N'Ampe kế', 0, 'b7bc8b89-d8ce-4770-94e2-4a980a6dfd35'),
('78e79f16-6e08-404a-a71a-85376b949d46', N'Vôn kế', 0, 'b7bc8b89-d8ce-4770-94e2-4a980a6dfd35'),
('25b76270-dc5b-451e-b869-f3faa3ea9f54', N'Đồng hồ vạn năng', 1, 'b7bc8b89-d8ce-4770-94e2-4a980a6dfd35'),
('2ab0a737-7ce3-48dc-90bf-7b7958a4d007', N'Watt kế', 0, 'b7bc8b89-d8ce-4770-94e2-4a980a6dfd35'),
('c63d18db-4ada-4877-9fa0-9bf81a0846c1', N'Nhiệt độ quá cao', 0, 'fe069c8f-9bcc-4973-abfb-01a932874f3e'),
('5e416354-77d7-47f5-a0cd-c8b8dd2c23a3', N'Mô tơ bị quá tải', 1, 'fe069c8f-9bcc-4973-abfb-01a932874f3e'),
('9464d453-1fb3-4d7c-9ffa-68ecacc9089d', N'Núm điều khiển bị gãy', 0, 'fe069c8f-9bcc-4973-abfb-01a932874f3e'),
('789f3059-89e9-4d48-85f1-abbe693f47a1', N'Dây điện bị đứt', 0, 'fe069c8f-9bcc-4973-abfb-01a932874f3e'),
('b7d52208-c7ae-43c0-90b6-4a86420ec2ee', N'Sử dụng dụng cụ cách điện', 1, 'adecc3cd-5817-49e3-859e-f447f77fac82'),
('84afc13e-c4f7-4360-ab21-989c690d6084', N'Làm việc trong môi trường ẩm ướt', 0, 'adecc3cd-5817-49e3-859e-f447f77fac82'),
('4ca46e4d-786a-4a0d-9609-b97967f123eb', N'Không cần biện pháp an toàn gì', 0, 'adecc3cd-5817-49e3-859e-f447f77fac82'),
('67b0b8eb-2e25-4674-b823-74090d4bfee7', N'Sử dụng dụng cụ bằng kim loại', 0, 'adecc3cd-5817-49e3-859e-f447f77fac82'),
('a8bde544-fd5d-4f46-af66-1cf91a9764ef', N'Lưỡi dao bị mòn', 0, '80ceab6f-8ab9-45df-a446-148cdcc9a8fa'),
('a2368964-3523-452d-ad1d-f68ac814ac5e', N'Rơ le bảo vệ quá tải', 1, '80ceab6f-8ab9-45df-a446-148cdcc9a8fa'),
('a274f0b4-13ea-4f11-af4f-3d6b62a444e8', N'Núm điều khiển bị gãy', 0, '80ceab6f-8ab9-45df-a446-148cdcc9a8fa'),
('2e05b56c-4900-44cf-be2d-16c5aeb632c2', N'Dây điện bị đứt', 0, '80ceab6f-8ab9-45df-a446-148cdcc9a8fa'),
('87943ab3-9529-4005-afc1-c5c51f78cc61', N'Ampe kế', 0, '853cf13a-6265-41f2-9815-b3ae83742c2a'),
('80660924-6788-4747-b08c-467b30704b1d', N'Vôn kế xoay chiều', 1, '853cf13a-6265-41f2-9815-b3ae83742c2a'),
('b5284f4e-0e88-44ab-943a-74da94106a9f', N'Đồng hồ vạn năng', 0, '853cf13a-6265-41f2-9815-b3ae83742c2a'),
('aed52413-af00-4aa1-bb0b-4172d0175c5f', N'Máy kiểm tra liên tục', 0, '853cf13a-6265-41f2-9815-b3ae83742c2a'),
('99775a2a-28c4-456a-943d-afe39876a0c9', N'Quạt tản nhiệt bị kẹt', 0, 'e713b804-d61a-4b4d-93a3-f22b4279f7be'),
('bfd90610-38e8-40cf-8406-a91d65a60bff', N'Mô tơ bị quá tải', 0, 'e713b804-d61a-4b4d-93a3-f22b4279f7be'),
('97383615-595e-4078-8da6-01371f220b85', N'Rơ le nhiệt độ bị hỏng', 1, 'e713b804-d61a-4b4d-93a3-f22b4279f7be'),
('7334cbc7-d21a-4045-a32e-7b4db5eb3365', N'Dây điện bị đứt', 0, 'e713b804-d61a-4b4d-93a3-f22b4279f7be'),
('338d1263-4570-43c5-b7e5-20de0f2593f4', N'Sử dụng găng tay cách điện', 1, '825f948f-0921-470e-9e76-e72d279ecfaa'),
('d7e4e765-e908-49ff-adc4-79bf43ebcefd', N'Làm việc trong môi trường ẩm ướt', 0, '825f948f-0921-470e-9e76-e72d279ecfaa'),
('c4046f04-9dad-4128-88b7-f52343eaad87', N'Không cần biện pháp an toàn gì', 0, '825f948f-0921-470e-9e76-e72d279ecfaa'),
('a816cab4-33d8-44f1-a6c0-2ae4093377d7', N'Sử dụng dụng cụ bằng kim loại', 0, '825f948f-0921-470e-9e76-e72d279ecfaa'),
('07da89a7-b4d8-44a0-90f6-d770ce280fcf', N'Bình chứa nước bị rò rỉ', 0, 'ad468362-61d7-40f6-bb63-bbd372f75bcd'),
('7045664f-f291-402f-9f99-6c2911db7d6d', N'Rơ le bảo vệ quá tải', 1, 'ad468362-61d7-40f6-bb63-bbd372f75bcd'),
('46a7951a-8e41-4025-a589-fbe43ec8c927', N'Núm điều khiển bị gãy', 0, 'ad468362-61d7-40f6-bb63-bbd372f75bcd'),
('85e502cb-6cc1-4545-bbcf-2267b9d3d6dd', N'Dây điện bị đứt', 0, 'ad468362-61d7-40f6-bb63-bbd372f75bcd'),
('c5aa10e1-55ce-492b-84ba-7d59f7adcc23', N'Ampe kế', 0, 'e32d8326-2536-4a34-a713-686104ca81c8'),
('79339b88-ee80-4aa3-9cec-cb0c1ad572c4', N'Vôn kế một chiều', 1, 'e32d8326-2536-4a34-a713-686104ca81c8'),
('acd80403-32a2-4502-b186-3f5748aeccdb', N'Máy kiểm tra liên tục', 0, 'e32d8326-2536-4a34-a713-686104ca81c8'),
('dae0eb6f-3e36-4833-bc81-4f0b3a975c7f', N'Watt kế', 0, 'e32d8326-2536-4a34-a713-686104ca81c8'),
('02a95e20-31d8-4a95-ab33-778c47eb61d0', N'Khay đựng bánh bị kẹt', 0, '4cfe1f8d-69d8-474d-b13a-169a8204ec13'),
('a063f3ad-9560-4bcc-8704-8063ae2233ee', N'Rơ le nhiệt độ bị hỏng', 1, '4cfe1f8d-69d8-474d-b13a-169a8204ec13'),
('b5eba567-5304-4d2f-8474-72fb35c202b2', N'Núm điều khiển bị gãy', 0, '4cfe1f8d-69d8-474d-b13a-169a8204ec13'),
('a8a9d3f6-e8f3-44b2-9a7a-7e8d07a34968', N'Dây điện bị đứt', 0, '4cfe1f8d-69d8-474d-b13a-169a8204ec13'),
('f80030ad-2ce7-4cca-b7e7-4b63d7355be9', N'Sử dụng dụng cụ chống tia lửa', 1, 'ab9d42ec-a51a-4f07-9f80-2343e865bdd7'),
('d5bbb7f1-1c70-411a-986c-13d97765c8bc', N'Làm việc trong môi trường khói bụi', 0, 'ab9d42ec-a51a-4f07-9f80-2343e865bdd7'),
('6ab40def-c060-4d63-af3e-95d87ff8ab2d', N'Không cần biện pháp an toàn gì', 0, 'ab9d42ec-a51a-4f07-9f80-2343e865bdd7'),
('682a2f87-746d-4315-aee3-d1c812980bfd', N'Sử dụng dụng cụ bằng kim loại', 0, 'ab9d42ec-a51a-4f07-9f80-2343e865bdd7'),
('cd4d5ee0-67f1-4ba4-ba15-92cdf55fb65e', N'Lưỡi trộn bị kẹt', 0, '44948999-25a9-4452-b275-7f4959a7eaf9'),
('d121079f-34ea-45fb-b782-9514db40c7e7', N'Rơ le bảo vệ quá tải', 1, '44948999-25a9-4452-b275-7f4959a7eaf9'),
('bd96b8db-0ae7-4fee-aed3-72647f8d3318', N'Núm điều khiển bị gãy', 0, '44948999-25a9-4452-b275-7f4959a7eaf9'),
('3e3e4271-34a9-4c2a-b010-69f38147534f', N'Dây điện bị đứt', 0, '44948999-25a9-4452-b275-7f4959a7eaf9'),
('d414fe1f-a992-4476-86b6-8a1b75603239', N'Ampe kế', 0, '69e02793-c766-4dc2-99b2-b07ce42a7d9f'),
('7afaa86c-7b9c-462a-862d-669031ddc051', N'Vôn kế', 0, '69e02793-c766-4dc2-99b2-b07ce42a7d9f'),
('87427c2e-6422-4cf3-a22d-d180e1892b2f', N'Máy kiểm tra liên tục', 1, '69e02793-c766-4dc2-99b2-b07ce42a7d9f'),
('fbf809e6-a49d-4b15-8eb6-cc9db47b94ce', N'Watt kế', 0, '69e02793-c766-4dc2-99b2-b07ce42a7d9f'),
('381a9ad7-61b2-48c2-88d6-6485a2eaffd7', N'Quạt hút bị kẹt', 0, '6b7a8128-24e5-451c-a6c9-d18f01925ec7'),
('ba7fcb75-6d3f-4652-8ccd-2c472040e672', N'Tắc nghẽn ống khói', 1, '6b7a8128-24e5-451c-a6c9-d18f01925ec7'),
('9ab42898-1da2-4db6-9c51-2942fe6a85e6', N'Núm điều khiển bị gãy', 0, '6b7a8128-24e5-451c-a6c9-d18f01925ec7'),
('fbaa9156-1b98-4762-9541-5a17775b4b02', N'Dây điện bị đứt', 0, '6b7a8128-24e5-451c-a6c9-d18f01925ec7'),
('97db54e6-73c2-4e78-a3f6-0d919d0c2d5f', N'Sử dụng giày cách điện', 1, '4c88a1ad-ab13-4643-860d-05c833149d48'),
('54ed2857-0173-49c6-b30c-c9ac51dfa4f1', N'Làm việc trên sàn ướt', 0, '4c88a1ad-ab13-4643-860d-05c833149d48'),
('c10090c4-8e88-4931-a520-b50f4e2d30b8', N'Không cần biện pháp an toàn gì', 0, '4c88a1ad-ab13-4643-860d-05c833149d48'),
('97e5a000-8541-44a1-adc1-e0a91a9e14a0', N'Sử dụng dụng cụ bằng kim loại', 0, '4c88a1ad-ab13-4643-860d-05c833149d48'),
('b2a0cf11-5960-4177-b714-318291fa53d0', N'Bàn chải bị mòn', 0, '9e8b5c83-818a-4e35-bedb-bc82e087ea44'),
('eaab2dbf-f929-432e-bb6c-709c2f114d59', N'Mô tơ bị quá tải', 1, '9e8b5c83-818a-4e35-bedb-bc82e087ea44'),
('92956500-8cb4-4035-be25-e1dbc092547a', N'Núm điều khiển bị gãy', 0, '9e8b5c83-818a-4e35-bedb-bc82e087ea44'),
('147e2bc8-f1f3-449e-824a-6d626f08a9f8', N'Dây điện bị đứt', 0, '9e8b5c83-818a-4e35-bedb-bc82e087ea44'),
('90b3edc9-814f-4267-b664-f0f224043366', N'Ampe kế', 0, '8fce106c-8259-4b55-8a8f-7361134c01d0'),
('ebd4d5e5-7f3d-4eea-a474-8004ceb0ea8d', N'Vôn kế', 0, '8fce106c-8259-4b55-8a8f-7361134c01d0'),
('c9b1675e-3b80-4820-97a4-cd9117865e9c', N'Máy kiểm tra liên tục', 0, '8fce106c-8259-4b55-8a8f-7361134c01d0'),
('33e419d5-3d70-41c1-b508-ea30901d49fa', N'Máy dò sự cố mạch điện', 1, '8fce106c-8259-4b55-8a8f-7361134c01d0'),
('4a8b0db0-6974-424b-9e2b-b82fff5dc143', N'Que đánh trứng bị kẹt', 0, '91b4e8d4-5bba-40b5-a928-ea6a21503b1a'),
('a9f34bf7-9999-4f48-89cd-64e462d1024d', N'Rơ le bảo vệ quá tải', 1, '91b4e8d4-5bba-40b5-a928-ea6a21503b1a'),
('a2b4ba9d-c169-421a-bb7a-803d1ed33332', N'Núm điều khiển bị gãy', 0, '91b4e8d4-5bba-40b5-a928-ea6a21503b1a'),
('eb6de1ff-30ad-4c55-bf5c-a224cd2ac469', N'Dây điện bị đứt', 0, '91b4e8d4-5bba-40b5-a928-ea6a21503b1a'),
('f969b6cf-1220-4b90-a8ab-6418988f4523', N'Sử dụng khay cách điện', 1, '2d6ed27d-3711-4136-956f-4b34835d3cfa'),
('9428231d-80ec-4a39-b7fd-e1f7f01b7b44', N'Làm việc trên sàn lát gạch men', 0, '2d6ed27d-3711-4136-956f-4b34835d3cfa'),
('1515c8af-ca32-49f3-8d25-71b92a141dd7', N'Không cần biện pháp an toàn gì', 0, '2d6ed27d-3711-4136-956f-4b34835d3cfa'),
('526b4ba0-63ce-41d7-b788-a72b0c00fca9', N'Sử dụng dụng cụ bằng kim loại', 0, '2d6ed27d-3711-4136-956f-4b34835d3cfa'),
('2a49fb7c-54e9-4678-b06d-ab304ec6092b', N'Quạt hút bị kẹt', 0, '18d9b89a-2e4c-4c42-abb8-8f2b57b4e7de'),
('2700ad71-5a94-4c30-829c-1e10bcebb587', N'Túi chứa đầy bụi', 1, '18d9b89a-2e4c-4c42-abb8-8f2b57b4e7de'),
('21720ef8-56fa-4649-85e8-59276ba32c9a', N'Núm điều khiển bị gãy', 0, '18d9b89a-2e4c-4c42-abb8-8f2b57b4e7de'),
('8c7400db-2a06-44a1-95eb-8dcc109c373a', N'Dây điện bị đứt', 0, '18d9b89a-2e4c-4c42-abb8-8f2b57b4e7de'),
('62809dae-e05b-479f-94ba-46d46f6645b7', N'Ampe kế', 0, '93f52852-d804-4339-8f3d-4be929d5f013'),
('dbac754e-963c-414d-a4d0-24090835cb78', N'Vôn kế', 0, '93f52852-d804-4339-8f3d-4be929d5f013'),
('37fc53ae-4a91-4d3d-bb26-863439e7a758', N'Máy kiểm tra liên tục', 0, '93f52852-d804-4339-8f3d-4be929d5f013'),
('ec129642-9552-4ffe-a814-687b86cbe029', N'Máy dò rò rỉ điện', 1, '93f52852-d804-4339-8f3d-4be929d5f013'),
('818eec76-7d3f-40fd-ab75-41713c4271f7', N'Cân bằng ly bị mất', 0, 'a44a36e7-5136-418b-bfa8-749f4a913b8a'),
('d18e366f-67f3-460c-b9ff-19c433f5c98d', N'Rơ le bảo vệ quá tải', 1, 'a44a36e7-5136-418b-bfa8-749f4a913b8a'),
('c63a2a42-6c13-45cd-ae3c-595ee7934348', N'Núm điều khiển bị gãy', 0, 'a44a36e7-5136-418b-bfa8-749f4a913b8a'),
('1569c85d-58d8-4414-b9d8-d9fe0347f4d9', N'Dây điện bị đứt', 0, 'a44a36e7-5136-418b-bfa8-749f4a913b8a'),
('d42362df-7da9-4132-9205-8fa50076447b', N'Sử dụng dụng cụ chống tia lửa', 1, 'd1a3f041-28fb-4323-9cc0-faeb6e666a8f'),
('fd3d8ae4-9439-4e61-bf1e-b3d6dcc21a55', N'Làm việc trong không gian hẹp', 0, 'd1a3f041-28fb-4323-9cc0-faeb6e666a8f'),
('a8d5c322-f2bc-4e06-8898-cd5af97556fd', N'Không cần biện pháp an toàn gì', 0, 'd1a3f041-28fb-4323-9cc0-faeb6e666a8f'),
('20cd69c7-adfa-4d64-9a9d-bb14650f4a6b', N'Sử dụng dụng cụ bằng kim loại', 0, 'd1a3f041-28fb-4323-9cc0-faeb6e666a8f'),
('c4e5c12c-2815-44a8-adbd-a4cf5b58d515', N'Quạt thông gió bị kẹt', 0, '7ff1be0e-4d4a-466b-aa86-c2a398f3e73d'),
('ccfad456-8b6f-40e6-bf65-8a2dfbf173c1', N'Rơ le nhiệt độ bị hỏng', 1, '7ff1be0e-4d4a-466b-aa86-c2a398f3e73d'),
('c70d8156-a71a-4893-a029-2903e318c700', N'Cửa không đóng kín', 0, '7ff1be0e-4d4a-466b-aa86-c2a398f3e73d'),
('d620a3b7-de86-4acd-a28e-95a0799abec5', N'Dây giũ quần áo bị rơi ra', 0, '7ff1be0e-4d4a-466b-aa86-c2a398f3e73d'),
('119eb521-07e5-42a4-a34a-f40a06ee90db', N'Ampe kế', 0, '27b00492-081d-45b8-a24c-4683cce50f1e'),
('93dd702f-5370-4d7e-ac97-dd1f1706cba6', N'Vôn kế', 0, '27b00492-081d-45b8-a24c-4683cce50f1e'),
('682ae4a8-d0ae-42d6-9df5-7c39cc9c1dad', N'Máy kiểm tra liên tục', 0, '27b00492-081d-45b8-a24c-4683cce50f1e'),
('5c6cc3e5-d008-42c2-a2fa-c89e9347825d', N'Máy kiểm tra mạch', 1, '27b00492-081d-45b8-a24c-4683cce50f1e'),
('3c9399b6-3f1e-4a0c-9608-7cb5448f8171', N'Lưỡi dao bị mòn', 0, '295695e6-642f-4d97-88f4-2483814acaa1'),
('dec35bd6-5f40-4bba-bdf4-8cac844667a0', N'Mô tơ bị quá tải', 1, '295695e6-642f-4d97-88f4-2483814acaa1'),
('a3961cd5-edfa-4afc-ad52-4d04715148c5', N'Núm điều khiển bị gãy', 0, '295695e6-642f-4d97-88f4-2483814acaa1'),
('4d3b6110-691b-4b9e-8267-fa3e1ad4844a', N'Dây điện bị đứt', 0, '295695e6-642f-4d97-88f4-2483814acaa1'),
('c7783341-9dba-4331-8b3d-ba779c47ae89', N'Sử dụng dụng cụ chống tia lửa', 1, '22a26008-a19f-4a24-9824-1134ecc4e3a5'),
('0b2695bf-dd41-42b3-9c0d-ffb22787d137', N'Làm việc trong không gian hẹp', 0, '22a26008-a19f-4a24-9824-1134ecc4e3a5'),
('18d7f052-31f2-4b5d-9043-40a9ae5f5d7e', N'Không cần biện pháp an toàn gì', 0, '22a26008-a19f-4a24-9824-1134ecc4e3a5'),
('469ea24d-dcc7-407a-80c2-3e146dc577dd', N'Sử dụng dụng cụ bằng kim loại', 0, '22a26008-a19f-4a24-9824-1134ecc4e3a5'),
('2bd9d082-a9cc-42d5-ab6b-391173ebec22', N'Lưỡi dao bị mòn', 0, '466c269c-c007-4951-852d-946e72be0d7c'),
('ebb6749d-ab72-4f22-8667-92465e3fec7a', N'Rơ le bảo vệ quá tải', 1, '466c269c-c007-4951-852d-946e72be0d7c'),
('d9b3a672-9bcb-45cd-8cf5-39fee89d943b', N'Núm điều khiển bị gãy', 0, '466c269c-c007-4951-852d-946e72be0d7c'),
('e61610b7-2ce7-48b2-b05f-8c732479d9d3', N'Dây điện bị đứt', 0, '466c269c-c007-4951-852d-946e72be0d7c'),
('5c460330-9cd6-4cbc-999d-28444a9c9fc2', N'Ampe kế', 0, '9f310558-6e65-4abd-8137-758dd2de8ea4'),
('8ae44b73-6961-4d3c-a070-6bd21aa6bcd3', N'Vôn kế', 0, '9f310558-6e65-4abd-8137-758dd2de8ea4'),
('ab15b687-aa0f-4a46-8625-b0383393e516', N'Máy kiểm tra liên tục', 0, '9f310558-6e65-4abd-8137-758dd2de8ea4'),
('38b495e4-00f0-4e2d-8c3e-2b24779378a0', N'Máy dò rò rỉ điện', 1, '9f310558-6e65-4abd-8137-758dd2de8ea4'),
('c5871f59-0df5-40b1-a3a2-7b944d231fd3', N'Lưỡi dao bị mòn', 0, '04ccfc20-575c-45ab-a9e0-d193fdddd9e4'),
('794c0e8c-ac97-42b7-91f2-641dee151eaa', N'Rơ le bảo vệ quá tải', 1, '04ccfc20-575c-45ab-a9e0-d193fdddd9e4'),
('92b71ec3-014d-48b0-8b15-4e6a4b847e43', N'Núm điều khiển bị gãy', 0, '04ccfc20-575c-45ab-a9e0-d193fdddd9e4'),
('4f874f94-66b7-4247-b1e4-59397024d5b3', N'Dây điện bị đứt', 0, '04ccfc20-575c-45ab-a9e0-d193fdddd9e4'),
('42f61187-c26f-4cd9-b804-c610c0fab166', N'Sử dụng khay cách điện', 1, '0128b1ec-c6f5-4100-97c5-43d582446cf0'),
('62b1d73e-19fd-45c8-8912-62fcac6f5ee9', N'Làm việc trên sàn lát gạch men', 0, '0128b1ec-c6f5-4100-97c5-43d582446cf0'),
('16442cd9-dbff-40c4-879b-a3891ce1920d', N'Không cần biện pháp an toàn gì', 0, '0128b1ec-c6f5-4100-97c5-43d582446cf0'),
('d75383c5-d167-4e39-b14e-5c3f6ecd76c8', N'Sử dụng dụng cụ bằng kim loại', 0, '0128b1ec-c6f5-4100-97c5-43d582446cf0'),
('d24e2fd4-7228-4e5d-b2b9-2f5ae6a56976', N'Bộ nguồn bị hỏng', 1, '6eccc616-43b3-49e1-873c-dcc434bf0baf'),
('a458ee58-b55b-4d90-8262-b73204b31f15', N'Quạt làm mát bị kẹt', 0, '6eccc616-43b3-49e1-873c-dcc434bf0baf'),
('dfbb4a40-f5b7-4829-b3fc-4ec62d0dd4c7', N'Núm điều khiển bị gãy', 0, '6eccc616-43b3-49e1-873c-dcc434bf0baf'),
('5fea9e2a-c4cf-4c47-ab81-0702236f9368', N'Dây điện bị đứt', 0, '6eccc616-43b3-49e1-873c-dcc434bf0baf'),
('8ef83788-9118-483c-8367-a9565d6b152e', N'Ampe kế', 0, '7b07da99-5de0-46f1-b98d-c9b657a67242'),
('ca8cb4d6-2eb2-491f-9b85-74e6caa6fc15', N'Vôn kế', 0, '7b07da99-5de0-46f1-b98d-c9b657a67242'),
('426d9395-b534-4491-9e02-079641fef889', N'Máy kiểm tra liên tục', 0, '7b07da99-5de0-46f1-b98d-c9b657a67242'),
('2ecb6f92-55e0-41e5-8ea1-995227d00971', N'Máy dò sự cố mạch điện', 1, '7b07da99-5de0-46f1-b98d-c9b657a67242'),
('3270b9da-7acc-4334-aeb6-9730b6157005', N'Bình chứa nước bị rò rỉ', 0, 'c03e37a1-6517-4f13-9de3-831131453678'),
('c99381c8-0ca1-4089-8d05-40eea9f3ef3a', N'Rơ le bảo vệ quá tải', 1, 'c03e37a1-6517-4f13-9de3-831131453678'),
('6c530e73-e6c9-429b-936f-e2b6dbfee276', N'Núm điều khiển bị gãy', 0, 'c03e37a1-6517-4f13-9de3-831131453678'),
('02768f82-1adf-43e6-9d56-f84cc6cda757', N'Dây điện bị đứt', 0, 'c03e37a1-6517-4f13-9de3-831131453678'),
('44c6e523-2e55-4a87-be66-5e0d882137cf', N'Sử dụng găng tay cách điện', 1, '0acff344-b81a-462d-b08a-4084cf7042f9'),
('05407547-ea6c-409d-bded-a8a6a7757500', N'Làm việc trong môi trường ẩm ướt', 0, '0acff344-b81a-462d-b08a-4084cf7042f9'),
('e80725eb-459b-4a52-a09d-509c9be5131e', N'Không cần biện pháp an toàn gì', 0, '0acff344-b81a-462d-b08a-4084cf7042f9'),
('841101d2-96ae-49af-b147-9286619a8a91', N'Sử dụng dụng cụ bằng kim loại', 0, '0acff344-b81a-462d-b08a-4084cf7042f9'),
('4db328d1-e2bc-4d20-9d95-76fbf0823ce0', N'Que đánh trứng bị kẹt', 0, 'f82a7fc2-ba8a-4064-9d61-9376b1a193ae'),
('4d26b584-bf4c-4962-a7d7-888ecdb260ee', N'Rơ le bảo vệ quá tải', 1, 'f82a7fc2-ba8a-4064-9d61-9376b1a193ae'),
('f67a9324-34d2-4b81-9f52-050313376bb7', N'Núm điều khiển bị gãy', 0, 'f82a7fc2-ba8a-4064-9d61-9376b1a193ae'),
('56f11c2a-c6ba-4b0c-aed7-180ac7f3a631', N'Dây điện bị đứt', 0, 'f82a7fc2-ba8a-4064-9d61-9376b1a193ae'),
('e226b503-84bc-4315-90a6-3945a98c445f', N'Ampe kế', 0, '3e7c68c3-0320-4285-8c9d-5d7cdc12185f'),
('0e301c79-5627-4860-bda8-54776803d1d7', N'Vôn kế', 0, '3e7c68c3-0320-4285-8c9d-5d7cdc12185f'),
('8c59bf89-6707-4ef4-8fa2-6a9d0465bf1a', N'Máy kiểm tra liên tục', 0, '3e7c68c3-0320-4285-8c9d-5d7cdc12185f'),
('d6024bff-c91c-424d-94c0-7e396a8f20ef', N'Máy dò rò rỉ điện', 1, '3e7c68c3-0320-4285-8c9d-5d7cdc12185f'),
('a0fdf98f-aee0-4e4b-b47b-7483d4726fc8', N'Khay đá bị kẹt', 0, '42dc9d12-6c04-45ba-ad12-71ba99635acc'),
('8a12ef34-8cea-4c6a-92d7-a244680069ff', N'Rơ le nhiệt độ bị hỏng', 1, '42dc9d12-6c04-45ba-ad12-71ba99635acc'),
('d4a4ac7d-6be7-46c6-9f7b-bb2fafc3236b', N'Núm điều khiển bị gãy', 0, '42dc9d12-6c04-45ba-ad12-71ba99635acc'),
('a1da93c0-0a80-4992-83bf-cd1737094ced', N'Dây điện bị đứt', 0, '42dc9d12-6c04-45ba-ad12-71ba99635acc'),
('c8513c95-a76c-442a-b989-38864a1ed133', N'Sử dụng tấm lót cách điện', 1, '068a6beb-01f5-4df9-9a30-be43c23fce03'),
('b84faabd-123f-46e4-a553-c42983276281', N'Làm việc trong môi trường ẩm ướt', 0, '068a6beb-01f5-4df9-9a30-be43c23fce03'),
('9b232402-14a8-44aa-97b7-cb15b08e34a7', N'Không cần biện pháp an toàn gì', 0, '068a6beb-01f5-4df9-9a30-be43c23fce03'),
('53b6e442-3619-4e19-9a5b-196c0d5784d6', N'Sử dụng dụng cụ bằng kim loại', 0, '068a6beb-01f5-4df9-9a30-be43c23fce03'),
('cdab35c0-f5ae-439a-bd8e-29b788dcec5d', N'Lưỡi dao bị mòn', 0, '9ee14683-db42-411a-9d35-a4c0f226fc78'),
('f1c7b903-42d6-49a6-8322-2d003b89ebd6', N'Mô tơ bị quá tải', 1, '9ee14683-db42-411a-9d35-a4c0f226fc78'),
('1956db1a-7af0-4c82-8046-1a09ced9cf27', N'Núm điều khiển bị gãy', 0, '9ee14683-db42-411a-9d35-a4c0f226fc78'),
('aa037021-a542-422c-bc7b-adb253263358', N'Dây điện bị đứt', 0, '9ee14683-db42-411a-9d35-a4c0f226fc78'),
('607a3c31-1776-422c-b0dc-be506274646f', N'Ampe kế xoay chiều', 1, '89b7b87c-4464-4442-af63-486919679970'),
('53b21784-f485-47ef-9940-21b60c040cf2', N'Vôn kế', 0, '89b7b87c-4464-4442-af63-486919679970'),
('e1157869-f63a-4938-b028-196b4197f53b', N'Máy kiểm tra liên tục', 0, '89b7b87c-4464-4442-af63-486919679970'),
('0cccd791-27ee-4837-935e-3aa1775850bd', N'Máy dò rò rỉ điện', 0, '89b7b87c-4464-4442-af63-486919679970'),
('1f001db5-7a0a-41e5-9ac8-e8ef20d70273', N'Lỏng ốc vít', 0, '05de3d42-cde5-4ecd-8d62-cab29ee4d5ef'),
('c87ef276-5f41-44bd-abd1-4639f5069b61', N'Quạt tản nhiệt bị hỏng', 0, '05de3d42-cde5-4ecd-8d62-cab29ee4d5ef'),
('124129e2-e716-4996-9dee-7b8b14dfb895', N'Gỉ sét hoặc rung động', 1, '05de3d42-cde5-4ecd-8d62-cab29ee4d5ef'),
('72be8b88-1514-4c38-a4a7-f731544c9477', N'Dây điện bị đứt', 0, '05de3d42-cde5-4ecd-8d62-cab29ee4d5ef'),
('bb5a7c5f-fb12-4e4c-a9bc-ebf18a00c4d9', N'Sử dụng tấm lót cách điện', 1, '749c2891-6097-4fe0-a3a1-be0b86c134ff'),
('75d2c699-b032-46e1-ae85-b98cf273bfcd', N'Làm việc trong môi trường ẩm ướt', 0, '749c2891-6097-4fe0-a3a1-be0b86c134ff'),
('e16b9d66-297b-4e9a-8dc1-94ff726a8a32', N'Không cần biện pháp an toàn gì', 0, '749c2891-6097-4fe0-a3a1-be0b86c134ff'),
('84495539-e936-4960-9b5e-b04117b7cc9a', N'Sử dụng dụng cụ bằng kim loại', 0, '749c2891-6097-4fe0-a3a1-be0b86c134ff'),
('b5dbe613-ef0d-44bc-820b-80592c04e5b7', N'Quạt hút bị kẹt', 0, 'afebe8ca-8808-4ead-a39f-bd74cba0fc92'),
('699e7340-403d-4abd-93b7-2297ee303feb', N'Tắc nghẽn ống khói', 1, 'afebe8ca-8808-4ead-a39f-bd74cba0fc92'),
('f64b534a-044d-4ec0-a9a6-194c19cdca15', N'Núm điều khiển bị gãy', 0, 'afebe8ca-8808-4ead-a39f-bd74cba0fc92'),
('4ccaa75c-95d4-4e4e-8eca-ebcbf26c9f04', N'Dây điện bị đứt', 0, 'afebe8ca-8808-4ead-a39f-bd74cba0fc92'),
('58de8323-bbfe-4416-ac1a-bd028b5607aa', N'Ampe kế', 0, '4e296452-ddd2-46d8-b309-ff15dd2e7ada'),
('1867ae64-7512-4100-a504-1ba5877a523f', N'Vôn kế', 0, '4e296452-ddd2-46d8-b309-ff15dd2e7ada'),
('e97b7620-790a-426d-93e0-edee22d40dd5', N'Máy kiểm tra liên tục', 0, '4e296452-ddd2-46d8-b309-ff15dd2e7ada'),
('76fb2a24-2068-4aec-8f71-841a21eba8aa', N'Máy kiểm tra mạch', 1, '4e296452-ddd2-46d8-b309-ff15dd2e7ada'),
('1e761e87-ee39-411a-b499-1006f9a84516', N'Quạt hút bị kẹt', 0, '503c45b0-0027-4a91-90c7-62706e6f93d1'),
('0da84d51-4aa9-438b-9771-eadea86717e5', N'Túi chứa đầy bụi', 1, '503c45b0-0027-4a91-90c7-62706e6f93d1'),
('e33e59e3-8908-4a90-b925-5abc50ca4dde', N'Núm điều khiển bị gãy', 0, '503c45b0-0027-4a91-90c7-62706e6f93d1'),
('e5264818-d7f1-4daf-9c3a-b972f7a64283', N'Dây điện bị đứt', 0, '503c45b0-0027-4a91-90c7-62706e6f93d1'),
('06522a28-71ed-49ea-9073-ecd671b985f1', N'Sử dụng dụng cụ chống tia lửa', 1, '7fdf284a-b87b-4780-8da9-e241dee3e2a2'),
('30208070-bfd2-4571-b56b-72981a6bf4b3', N'Làm việc trong không gian hẹp', 0, '7fdf284a-b87b-4780-8da9-e241dee3e2a2'),
('bfb9c098-466f-4a3c-8d7a-dc0518be3ff2', N'Không cần biện pháp an toàn gì', 0, '7fdf284a-b87b-4780-8da9-e241dee3e2a2'),
('780145fe-142c-4ee3-9020-14bb178a4567', N'Sử dụng dụng cụ bằng kim loại', 0, '7fdf284a-b87b-4780-8da9-e241dee3e2a2'),
('b4b543c1-3c8d-471f-868c-2fe4f90721ad', N'Xà phòng nhẹ', 1, 'eb8dcd50-51fe-4249-affd-2592a830c9de'),
('bea9daa3-6a3f-4f18-acea-0a66697d707f', N'Dầu gội', 0, 'eb8dcd50-51fe-4249-affd-2592a830c9de'),
('1bbcc1f2-3c60-43c9-9ccd-1a4755c2f438', N'Chất tẩy rửa mạnh', 0, 'eb8dcd50-51fe-4249-affd-2592a830c9de'),
('4ed04d37-955d-4723-95b0-5d4ee2e115b9', N'Nước lau sàn', 0, 'eb8dcd50-51fe-4249-affd-2592a830c9de'),
('e65cc767-f7e1-4b1a-a39f-8ec3f0b15877', N'Sử dụng chất tẩy rửa mạnh', 0, '51054f0d-37af-4834-ae29-de8f60bda66f'),
('af5941a7-b7fe-4e8a-9d60-2b39c8c1bcf6', N'Cạo bằng dao', 0, '51054f0d-37af-4834-ae29-de8f60bda66f'),
('760a4f5a-dedf-4835-9478-11394ccb5f3f', N'Ngâm nước ấm và chà bằng bàn chải cứng', 1, '51054f0d-37af-4834-ae29-de8f60bda66f'),
('2a26d602-c90b-461d-bd2a-c273016b69e8', N'Để yên vết bẩn', 0, '51054f0d-37af-4834-ae29-de8f60bda66f'),
('4c33fc41-856b-4576-bad0-b885d703cefd', N'Bồn tắm - Gương - Bồn vệ sinh - Sàn nhà', 1, '5fda8e7a-4f2c-433f-8a38-31317c0fbe94'),
('712b70db-bda9-40e3-9523-f2bec841927a', N'Bồn vệ sinh - Gương - Bồn tắm - Sàn nhà', 0, '5fda8e7a-4f2c-433f-8a38-31317c0fbe94'),
('6a3800b9-cee7-4dac-ac5b-4c1611d8ca48', N'Sàn nhà - Bồn tắm - Gương - Bồn vệ sinh', 0, '5fda8e7a-4f2c-433f-8a38-31317c0fbe94'),
('b78a8e75-307e-4ab4-9290-aa766267b990', N'Gương - Bồn tắm - Bồn vệ sinh - Sàn nhà', 0, '5fda8e7a-4f2c-433f-8a38-31317c0fbe94'),
('b7d6846b-e891-4c9d-af1b-c418ceeb69fa', N'Sử dụng chất tẩy rửa chuyên dụng', 1, '5cbc5b39-8602-4150-adf8-aab4dd680178'),
('5f4d5059-0eaa-4c58-a0d4-96faed02d11c', N'Cạo bằng dao', 0, '5cbc5b39-8602-4150-adf8-aab4dd680178'),
('179a33ed-872a-42cf-a403-5a5a85000685', N'Sử dụng giấm', 0, '5cbc5b39-8602-4150-adf8-aab4dd680178'),
('cb84e087-a037-47a5-8b72-f79508e0b10e', N'Để yên vết bẩn', 0, '5cbc5b39-8602-4150-adf8-aab4dd680178'),
('6c12fe04-0234-4ec0-8ccc-5429665f12e5', N'Tháo ráy nước đông đá, lau dọn bên trong và bên ngoài, vệ sinh dây điện', 1, 'fb399e77-a194-4b03-91bd-b44375710800'),
('00a08019-b810-4ec1-bc1a-b07fce6156cd', N'Chỉ lau dọn bên trong', 0, 'fb399e77-a194-4b03-91bd-b44375710800'),
('bc075d19-28f0-4d54-a902-ee9a5fe57478', N'Chỉ lau dọn bên ngoài', 0, 'fb399e77-a194-4b03-91bd-b44375710800'),
('bd26201c-39cf-4082-b15f-efe2942a9f7e', N'Không cần làm gì', 0, 'fb399e77-a194-4b03-91bd-b44375710800'),
('9a5cddc6-1fa1-46b5-ba2b-af240349e006', N'Hút bụi thường xuyên và sử dụng máy giặt thảm định kỳ', 1, 'f8d28e30-447b-41a3-82a3-29a9ba542a6d'),
('b04bcbbb-2e82-4788-942d-f9735d5a0076', N'Quét bằng chổi', 0, 'f8d28e30-447b-41a3-82a3-29a9ba542a6d'),
('0def0fb1-89ab-4858-afc7-169966afc2ea', N'Lau bằng khăn ẩm', 0, 'f8d28e30-447b-41a3-82a3-29a9ba542a6d'),
('c2800733-1a19-449e-8e9e-127cf2415e1c', N'Không cần làm gì', 0, 'f8d28e30-447b-41a3-82a3-29a9ba542a6d'),
('21d5ef7f-79ff-449b-9dcf-f234e2aaeb3c', N'Sử dụng miếng bọt biển và xà phòng lau nhẹ nhàng', 1, 'ea32b051-1955-417f-92a6-d54ee82e435c'),
('c4565460-f78a-42e6-a89d-dc5b58020082', N'Cạo bằng dao', 0, 'ea32b051-1955-417f-92a6-d54ee82e435c'),
('162eb59f-18df-49f7-99eb-e26cac880451', N'Lau bằng khăn ẩm', 0, 'ea32b051-1955-417f-92a6-d54ee82e435c'),
('819dd203-d0e0-4587-a30f-ad5f870e14bf', N'Để yên vết bẩn', 0, 'ea32b051-1955-417f-92a6-d54ee82e435c'),
('1ff13e02-32d5-479a-a91a-06155821acf8', N'Quét và lau bằng dung dịch vệ sinh gỗ nhẹ', 1, '0007f993-9a95-4fdb-a17f-e34056c373dd'),
('c366646c-c09b-4286-bb03-3da5df425f64', N'Sử dụng chất tẩy rửa mạnh', 0, '0007f993-9a95-4fdb-a17f-e34056c373dd'),
('b5c5ba64-0a2d-4684-8f2b-3fbf9a4ef5fc', N'Lau bằng khăn ẩm', 0, '0007f993-9a95-4fdb-a17f-e34056c373dd'),
('6ce2d513-a2e5-4242-adac-7c77e77ee0a1', N'Không cần làm gì', 0, '0007f993-9a95-4fdb-a17f-e34056c373dd'),
('b9ed068e-336f-455f-b071-ea6ed9c9266e', N'Sử dụng dung dịch lau kính chuyên dụng', 1, '862f9e25-640b-462d-9962-88c02cd79153'),
('4529ac6e-8964-420e-af17-3d0dc4b8b665', N'Lau bằng khăn khô', 0, '862f9e25-640b-462d-9962-88c02cd79153'),
('f8479a65-98aa-4159-b32c-204c1d982829', N'Sử dụng giấm', 0, '862f9e25-640b-462d-9962-88c02cd79153'),
('0d77b837-211f-42cf-bcd2-64acef9401fa', N'Để yên vết bẩn', 0, '862f9e25-640b-462d-9962-88c02cd79153'),
('ca12219a-9354-43dd-a372-30626a304ffc', N'Hút bụi thường xuyên và sử dụng máy giặt ghế định kỳ', 1, 'a5f95db5-16f6-4d8a-b9e9-b35a7dbccf78'),
('89bc952d-e352-4a39-b01b-3962eae54e82', N'Lau bằng khăn ẩm', 0, 'a5f95db5-16f6-4d8a-b9e9-b35a7dbccf78'),
('24b761bd-e326-4eaf-9b37-07557ce59e81', N'Sử dụng chất tẩy rửa mạnh', 0, 'a5f95db5-16f6-4d8a-b9e9-b35a7dbccf78'),
('05808f66-290b-4076-9994-90328a4f1766', N'Không cần làm gì', 0, 'a5f95db5-16f6-4d8a-b9e9-b35a7dbccf78'),
('c48ddddc-ecc2-4a1e-b4ed-31f1d1f7cafa', N'Sử dụng chất tẩy rửa nhẹ và miếng bọt biển', 1, '75e1cc5f-882a-47c4-952f-583b8df9900f'),
('a3698ef9-898a-49dd-a8b8-c9d8ae071435', N'Cạo bằng dao', 0, '75e1cc5f-882a-47c4-952f-583b8df9900f'),
('a93c57e6-b154-4ff3-b928-09807bc70c4e', N'Sử dụng chất tẩy rửa mạnh', 0, '75e1cc5f-882a-47c4-952f-583b8df9900f'),
('a55653d7-5952-4a04-abc9-2e39a1299b37', N'Để yên vết bẩn', 0, '75e1cc5f-882a-47c4-952f-583b8df9900f'),
('2daddbd6-0f4b-42d9-bba8-0b69f6dfe743', N'Tháo rèm và giặt máy hoặc giặt tay', 1, '668392d9-819c-44ca-b030-273c693448e8'),
('5e4fb226-5b0e-4468-9958-69a5c661ac7f', N'Lau bằng khăn ẩm', 0, '668392d9-819c-44ca-b030-273c693448e8'),
('b9684ca7-e168-46a3-8310-2fe3a00364cd', N'Sử dụng chất tẩy rửa mạnh', 0, '668392d9-819c-44ca-b030-273c693448e8'),
('a956b125-7cba-4200-b556-89333e15b335', N'Không cần làm gì', 0, '668392d9-819c-44ca-b030-273c693448e8'),
('723542ec-edc0-4e6e-b5c7-cc117ad6eb40', N'Ngâm trong dung dịch nước nóng và xà phòng', 1, '88d2836a-e9dc-41a9-8f37-fedd2f685797'),
('6dfad44d-ab96-4fb2-8e1e-0989d272804f', N'Lau bằng khăn khô', 0, '88d2836a-e9dc-41a9-8f37-fedd2f685797'),
('69601f62-b483-4420-b13a-c4603c048192', N'Sử dụng chất tẩy rửa mạnh', 0, '88d2836a-e9dc-41a9-8f37-fedd2f685797'),
('32abf55c-97a1-4707-b5e0-6909c9df1c59', N'Không cần làm gì', 0, '88d2836a-e9dc-41a9-8f37-fedd2f685797'),
('4ac2d674-365a-40ee-a1ca-e65199f17440', N'Sử dụng dung dịch vệ sinh gỗ chuyên dụng', 1, '1a02b895-9040-4fa2-ae86-c5caf1721b40'),
('de6ec925-5424-49fc-a1f6-ae131cf305ca', N'Lau bằng khăn ẩm', 0, '1a02b895-9040-4fa2-ae86-c5caf1721b40'),
('286ef311-c74e-411e-83f6-61390aa1daca', N'Sử dụng chất tẩy rửa mạnh', 0, '1a02b895-9040-4fa2-ae86-c5caf1721b40'),
('68734b12-d712-49ed-bc7c-8e23b6924612', N'Không cần làm gì', 0, '1a02b895-9040-4fa2-ae86-c5caf1721b40'),
('d0eaca82-d144-434b-8b2a-facb8da373c7', N'Vòi nước', 1, 'edf2d9c8-8073-4379-9ef9-4fe6f4b7da8e'),
('6cc0fad3-4c15-48d5-915b-9300ec379032', N'Sàn nhà', 0, 'edf2d9c8-8073-4379-9ef9-4fe6f4b7da8e'),
('487fab95-d995-46e1-95a0-8f9183158784', N'Tủ dưới', 0, 'edf2d9c8-8073-4379-9ef9-4fe6f4b7da8e'),
('5d53732e-2651-4df7-a7cc-eeef3df6b65d', N'Không quan trọng', 0, 'edf2d9c8-8073-4379-9ef9-4fe6f4b7da8e'),
('826f245f-2d80-498a-ae09-bea86523bf6e', N'Sử dụng dung dịch vệ sinh chuyên dụng', 1, '45785234-9779-413c-9196-1c08e32ccc7a'),
('6b83a245-10a8-4c51-b544-22a52faf4eb3', N'Cạo bằng dao', 0, '45785234-9779-413c-9196-1c08e32ccc7a'),
('a63f6a76-9f1a-4026-a7ff-b1701727f8ab', N'Lau bằng khăn ẩm', 0, '45785234-9779-413c-9196-1c08e32ccc7a'),
('274d8b8e-d22b-4c02-b14b-5ab2469f136c', N'Để yên vết bẩn', 0, '45785234-9779-413c-9196-1c08e32ccc7a'),
('bac9a884-9313-4a04-b1df-271199ee4fa9', N'Sử dụng dung dịch giấm và muối', 1, '69980dd3-1e34-411a-9ce3-ed8d4cd64ebb'),
('6d6d1952-ad05-4464-9063-9eb821526c07', N'Lau bằng khăn ẩm', 0, '69980dd3-1e34-411a-9ce3-ed8d4cd64ebb'),
('b95acac8-178e-40c6-b058-1128d9d82160', N'Sử dụng chất tẩy rửa mạnh', 0, '69980dd3-1e34-411a-9ce3-ed8d4cd64ebb'),
('0d4ea49d-9f39-4bc6-b18a-422bece1f4d6', N'Không cần làm gì', 0, '69980dd3-1e34-411a-9ce3-ed8d4cd64ebb'),
('5569a33c-5628-4b3c-a2ed-9db24a258a74', '1:3', 0, '8e3d59fe-0f89-47e7-b607-e58855437b4d'),
('e2ea9b00-c6a2-4118-8b0b-096920e2764d', '1:1', 0, '8e3d59fe-0f89-47e7-b607-e58855437b4d'),
('f9560230-cb85-4283-9b34-cbc505c67654', '1:10', 1, '8e3d59fe-0f89-47e7-b607-e58855437b4d'),
('f86a9851-fa99-40b7-b66b-1003e8c6f040', '1:20', 0, '8e3d59fe-0f89-47e7-b607-e58855437b4d'),
('08d3df1a-4b48-4971-a0ca-90eef3f4efc0', N'Sử dụng chất tẩy rửa chuyên dụng', 1, '8f2f8023-8888-47c1-9af7-5e0a16dbe253'),
('d5450587-68a0-4cf7-ac11-297562cf30fa', N'Lau bằng khăn ẩm', 0, '8f2f8023-8888-47c1-9af7-5e0a16dbe253'),
('31959f4a-df72-4f5f-a84a-bb4b0667feb4', N'Sử dụng chất tẩy rửa mạnh', 0, '8f2f8023-8888-47c1-9af7-5e0a16dbe253'),
('59365cb1-36cb-40f8-8cf5-84f01ad596c3', N'Không cần làm gì', 0, '8f2f8023-8888-47c1-9af7-5e0a16dbe253'),
('22dbd93c-fd34-461a-ad5f-0396bd9908c7', N'Sử dụng bàn chải cứng và chất tẩy rửa nhẹ', 1, '0dbeedb5-f11a-4f20-8032-b1c99bee5be6'),
('be9c126c-3f1f-4aee-86c0-c82d5e0ee185', N'Cạo bằng dao', 0, '0dbeedb5-f11a-4f20-8032-b1c99bee5be6'),
('59ec5d29-2067-4457-81ee-3169a2702a28', N'Lau bằng khăn ẩm', 0, '0dbeedb5-f11a-4f20-8032-b1c99bee5be6'),
('51d9d3cb-c1a3-46a7-a87a-00adaf41544a', N'Để yên vết bẩn', 0, '0dbeedb5-f11a-4f20-8032-b1c99bee5be6'),
('be31c5af-6ec3-48fb-90bc-57fb71b78a3a', N'Sử dụng dung dịch oxy già', 1, 'e5990c08-374d-4641-b5a9-54a950fcb75c'),
('47e89514-f3bb-418e-bdb4-9db13624a701', N'Lau bằng khăn ẩm', 0, 'e5990c08-374d-4641-b5a9-54a950fcb75c'),
('f911ce9a-1531-4d13-8681-2d151c03f370', N'Sử dụng chất tẩy rửa mạnh', 0, 'e5990c08-374d-4641-b5a9-54a950fcb75c'),
('d914b100-e845-4489-9e2d-6171c9b7e54d', N'Không cần làm gì', 0, 'e5990c08-374d-4641-b5a9-54a950fcb75c'),
('52d438dc-a9b1-46eb-9645-30249226cf00', N'Sử dụng dung dịch giấm và nước ấm', 1, 'c3faba85-6dfa-4021-b59d-122c489b9bb9'),
('e1d8c486-bd9a-494d-a233-fe03f2ebffe0', N'Lau bằng khăn khô', 0, 'c3faba85-6dfa-4021-b59d-122c489b9bb9'),
('a900c744-3f84-46f5-9387-f5e117d5bf77', N'Sử dụng chất tẩy rửa mạnh', 0, 'c3faba85-6dfa-4021-b59d-122c489b9bb9'),
('fb969726-e21d-432a-94b4-3c3956b9df59', N'Không cần làm gì', 0, 'c3faba85-6dfa-4021-b59d-122c489b9bb9'),
('aa834f5b-0e88-4818-84b1-5188eba01ee1', N'Hút bụi thường xuyên và sử dụng máy giặt đệm định kỳ', 1, '8836e821-ba7c-4b53-9937-c77eaba21c79'),
('21f4f5a1-f04f-4296-af51-dccd038b7d7e', N'Lau bằng khăn ẩm', 0, '8836e821-ba7c-4b53-9937-c77eaba21c79'),
('9985c549-c7cb-471f-b739-97ca500cefd9', N'Sử dụng chất tẩy rửa mạnh', 0, '8836e821-ba7c-4b53-9937-c77eaba21c79'),
('239ec592-31ef-45c3-ad9c-84a94b24986d', N'Không cần làm gì', 0, '8836e821-ba7c-4b53-9937-c77eaba21c79'),
('afa5c257-5d5f-4ac2-b8e9-97b29fcbeeee', N'Sử dụng dung dịch tẩy rửa chuyên dụng', 1, '333ae5ae-1f06-45a4-8de1-4e5a2a575082'),
('19deb483-ddeb-40ab-997f-d954c6c30ce8', N'Cạo bằng dao', 0, '333ae5ae-1f06-45a4-8de1-4e5a2a575082'),
('3c5252c2-934b-4309-a339-a63d9821fd54', N'Lau bằng khăn ẩm', 0, '333ae5ae-1f06-45a4-8de1-4e5a2a575082'),
('87011ab5-7651-414d-a3c6-6a1312545912', N'Để yên vết bẩn', 0, '333ae5ae-1f06-45a4-8de1-4e5a2a575082'),
('5023fd29-6ed8-43cf-a9a6-c20cdde4ae6c', N'Sử dụng dung dịch vệ sinh da chuyên dụng', 1, 'ac521365-ebe4-4ba5-8824-d7a68cf6e266'),
('e1c7ce01-4809-4d7b-a31b-539af2c75ff2', N'Lau bằng khăn ẩm', 0, 'ac521365-ebe4-4ba5-8824-d7a68cf6e266'),
('c2473b46-849a-4530-b8a8-bfd5ff817b56', N'Sử dụng chất tẩy rửa mạnh', 0, 'ac521365-ebe4-4ba5-8824-d7a68cf6e266'),
('8860e578-6d62-4c32-aff6-4c48d190d9d9', N'Không cần làm gì', 0, 'ac521365-ebe4-4ba5-8824-d7a68cf6e266'),
('efd54ea9-96ad-4bf1-a6d6-415db3d2cb19', N'Dọn dẹp giường đệm - Lau chùi đồ nội thất - Quét và lau sàn nhà', 1, '3ad2d9e5-fc21-482c-b63d-dc1697f9041c'),
('997d4bb0-548b-43f7-b430-e2c310727b1d', N'Quét và lau sàn nhà - Dọn dẹp giường đệm - Lau chùi đồ nội thất', 0, '3ad2d9e5-fc21-482c-b63d-dc1697f9041c'),
('786c484d-3986-4542-8001-314cc3f8ae8f', N'Lau chùi đồ nội thất - Dọn dẹp giường đệm - Quét và lau sàn nhà', 0, '3ad2d9e5-fc21-482c-b63d-dc1697f9041c'),
('d5e4ad31-268b-4428-824c-a62bf854a299', N'Không quan trọng', 0, '3ad2d9e5-fc21-482c-b63d-dc1697f9041c'),
('55331384-6752-4434-9c5f-86a960d54984', N'Lau chùi bề mặt và dụng cụ bằng dung dịch vệ sinh chuyên dụng', 1, 'a1d7c9ff-d4ff-4d96-be4e-a5a22660d57b'),
('27d3a862-d2f2-449e-a32d-5c000ac3b2be', N'Quét và lau sàn nhà', 0, 'a1d7c9ff-d4ff-4d96-be4e-a5a22660d57b'),
('1e016b38-da75-4293-b7a2-c3eac242d07d', N'Sử dụng chất tẩy rửa mạnh', 0, 'a1d7c9ff-d4ff-4d96-be4e-a5a22660d57b'),
('550062b5-1576-453f-b84b-7bafe638ac3a', N'Không cần làm gì', 0, 'a1d7c9ff-d4ff-4d96-be4e-a5a22660d57b'),
('1c4b00ff-4c22-4224-986d-ce0829956c19', N'Sử dụng bàn chải mềm và dung dịch xà phòng nhẹ', 1, 'fde5fa3f-fd70-4efb-8977-d2c9637583f0'),
('d8002d62-0848-4cf6-9fd1-79e93db018c6', N'Lau bằng khăn ẩm', 0, 'fde5fa3f-fd70-4efb-8977-d2c9637583f0'),
('16d05bef-e763-4188-99ed-e4e89cab74e8', N'Sử dụng chất tẩy rửa mạnh', 0, 'fde5fa3f-fd70-4efb-8977-d2c9637583f0'),
('59ceac44-e658-463e-b725-6a4bda322267', N'Không cần làm gì', 0, 'fde5fa3f-fd70-4efb-8977-d2c9637583f0'),
('70045d1f-c9d4-40a6-b6ed-bcc68f0fbe02', N'Sử dụng nước ấm và xà phòng nhẹ', 1, '1ae5f821-72b6-489a-baff-02020f0c6b5d'),
('a5c99f92-9ff1-4ba3-99c8-3cc9b27c2a50', N'Lau bằng khăn khô', 0, '1ae5f821-72b6-489a-baff-02020f0c6b5d'),
('287519af-306a-4ce6-a494-23f303156f41', N'Sử dụng chất tẩy rửa mạnh', 0, '1ae5f821-72b6-489a-baff-02020f0c6b5d'),
('e961f8ac-b427-4340-b734-8b09494fc43e', N'Không cần làm gì', 0, '1ae5f821-72b6-489a-baff-02020f0c6b5d'),
('a511f38d-6c1d-4aef-8992-0e0598044e19', N'Sử dụng máy hút bụi và chất tẩy rửa chuyên dụng', 1, '854f78e9-e407-4d4b-81b8-99edb421d4e3'),
('eb9319b4-ae1a-4b23-819f-c9eb565cfd34', N'Lau bằng khăn ẩm', 0, '854f78e9-e407-4d4b-81b8-99edb421d4e3'),
('a444ccd8-5c51-4ae8-82d1-cb341cde222a', N'Sử dụng chất tẩy rửa mạnh', 0, '854f78e9-e407-4d4b-81b8-99edb421d4e3'),
('fff686d1-6909-4414-97bd-5f7ffd4d16ab', N'Không cần làm gì', 0, '854f78e9-e407-4d4b-81b8-99edb421d4e3'),
('7f33bc3e-9967-4dd7-b655-259b73a83403', N'Sử dụng dung dịch tẩy rửa chuyên dụng', 1, 'c6adc07e-4248-418d-8b57-8a40a3f3bb23'),
('42f5bc11-9afa-4c81-9eb7-1f4853d9f946', N'Cạo bằng dao', 0, 'c6adc07e-4248-418d-8b57-8a40a3f3bb23'),
('6bcc3c55-a7ce-463a-80fb-bfb903b53bdd', N'Lau bằng khăn ẩm', 0, 'c6adc07e-4248-418d-8b57-8a40a3f3bb23'),
('b0a9db37-7a0b-49cf-b262-d065958a2b44', N'Để yên vết bẩn', 0, 'c6adc07e-4248-418d-8b57-8a40a3f3bb23'),
('de509cd4-e4e9-49ea-847c-033f6be54e15', N'Sử dụng dung dịch tẩy rửa nhẹ', 1, 'a2678726-2eaf-4520-9ea2-f9f257c8257e'),
('4716df0b-8561-464c-8ff8-a7eca9b56dbb', N'Lau bằng khăn khô', 0, 'a2678726-2eaf-4520-9ea2-f9f257c8257e'),
('919a6e74-1e12-4ff5-971d-ba02c11bd788', N'Sử dụng chất tẩy rửa mạnh', 0, 'a2678726-2eaf-4520-9ea2-f9f257c8257e'),
('2c73f7a5-83fe-400a-b0c3-4de9e195f89e', N'Không cần làm gì', 0, 'a2678726-2eaf-4520-9ea2-f9f257c8257e'),
('90cdddfc-6f44-4058-9f72-2a30c7d25618', N'Dọn dẹp đồ nội thất', 1, '7059de55-2df9-4caf-9896-3ad64d8760d7'),
('44498cc8-dfca-48d1-87ee-2c6648cd3f6d', N'Quét và lau sàn nhà', 0, '7059de55-2df9-4caf-9896-3ad64d8760d7'),
('7e913df6-4168-4a1a-a242-16ff0cff297e', N'Lau chùi bàn trà', 0, '7059de55-2df9-4caf-9896-3ad64d8760d7'),
('255b97bc-a37e-476e-8ba3-67c040677090', N'Không quan trọng', 0, '7059de55-2df9-4caf-9896-3ad64d8760d7'),
('2c08b5ea-8577-43df-aaf6-7f93c173b7f7', N'Sử dụng dung dịch giấm và nước ấm', 1, '33f8fab7-899b-45bb-9629-f9f0d3f282c6'),
('97047fc9-a9c4-4e63-b42e-a8a1a00effe8', N'Lau bằng khăn khô', 0, '33f8fab7-899b-45bb-9629-f9f0d3f282c6'),
('83f36ace-12cd-4d16-ae6b-1039cc342ef1', N'Sử dụng chất tẩy rửa mạnh', 0, '33f8fab7-899b-45bb-9629-f9f0d3f282c6'),
('558ebcdc-fb1b-4eaa-801f-a510efbbdd7d', N'Không cần làm gì', 0, '33f8fab7-899b-45bb-9629-f9f0d3f282c6'); 

INSERT INTO [FreelanceQuizzes] ([Id], [TotalTime], [TotalQuestion]) VALUES
('d5cc0cd2-697d-4d10-86b5-9a945fafba6c', 600, 10); 

INSERT INTO [QuizQuestions] ([QuizId], [QuestionId]) VALUES
('d5cc0cd2-697d-4d10-86b5-9a945fafba6c', '04ccfc20-575c-45ab-a9e0-d193fdddd9e4'),
('d5cc0cd2-697d-4d10-86b5-9a945fafba6c', '22a26008-a19f-4a24-9824-1134ecc4e3a5'),
('d5cc0cd2-697d-4d10-86b5-9a945fafba6c', '13c0cae8-5114-45e7-8754-14fe7ae63030'),
('d5cc0cd2-697d-4d10-86b5-9a945fafba6c', '8c675d09-b223-42da-9ca7-a13aca6b9a0f'),
('d5cc0cd2-697d-4d10-86b5-9a945fafba6c', '4e296452-ddd2-46d8-b309-ff15dd2e7ada'),
('d5cc0cd2-697d-4d10-86b5-9a945fafba6c', 'ad468362-61d7-40f6-bb63-bbd372f75bcd'),
('d5cc0cd2-697d-4d10-86b5-9a945fafba6c', '88d2836a-e9dc-41a9-8f37-fedd2f685797'),
('d5cc0cd2-697d-4d10-86b5-9a945fafba6c', '80ceab6f-8ab9-45df-a446-148cdcc9a8fa'),
('d5cc0cd2-697d-4d10-86b5-9a945fafba6c', '9e8b5c83-818a-4e35-bedb-bc82e087ea44'),
('d5cc0cd2-697d-4d10-86b5-9a945fafba6c', '7b07da99-5de0-46f1-b98d-c9b657a67242'); 

INSERT INTO [FreelanceQuizResults] ([Id], [CompletedAt], [TotalCorrect], [FreelanceId]) VALUES
('6ea7e947-d08a-490f-ae79-84819aea158a', '2024-03-24T14:07:57.572434', 5, 'd1c68475-2ff6-493f-8361-ee4049a9a448'); 

INSERT INTO [FreelanceCorrectQuestions] ([ResultId], [QuestionId]) VALUES
('6ea7e947-d08a-490f-ae79-84819aea158a', '9e8b5c83-818a-4e35-bedb-bc82e087ea44'),
('6ea7e947-d08a-490f-ae79-84819aea158a', '7b07da99-5de0-46f1-b98d-c9b657a67242'),
('6ea7e947-d08a-490f-ae79-84819aea158a', '8c675d09-b223-42da-9ca7-a13aca6b9a0f'),
('6ea7e947-d08a-490f-ae79-84819aea158a', '80ceab6f-8ab9-45df-a446-148cdcc9a8fa'),
('6ea7e947-d08a-490f-ae79-84819aea158a', '13c0cae8-5114-45e7-8754-14fe7ae63030'); 

