-- DELETE ALL!!!
Delete from [OrderServiceType];
Delete from [OrderService];
Delete from [Orders];
Delete from [Services];

Delete from [FreelanceSkills];
Delete from [Skills];

DELETE from FreelanceCorrectQuestions;
delete from QuizQuestions;
delete from FreelanceQuizAnswers;
delete from FreelanceQuizQuestions;
delete from FreelanceQuizzes;
DELETE from FreelanceQuizResults;

Delete from [Addresses];
Delete from [Freelancers];
Delete from [Customers];
Delete from [Accounts];

DELETE FROM [ServiceTypes] Where [Id] not in (
'3B8A2D6A-B0E7-46AF-A688-397CEA642603',
'49A42267-D9DC-4E11-87A5-36525D4254D9',
'EF2632F0-47BD-4BBE-A46F-628A28F03D8B',
'DBB78597-043D-47C1-8810-93D392FD09BA');

INSERT INTO [ServiceTypes] ([Id], [Name], [BasePrice], [Description], [ServiceCategoryId], [Image], [Keys]) VALUES
('96D250D4-0C0E-4521-B94E-05F3CAFCA3F3', N'Đi siêu thị hộ', 50000.0, N'Mua sắm hộ siêu nhanh', '6F57D993-EB26-4B35-8C7D-7871A7FD624F', null, null),
('73BF981F-1CFD-483D-80EE-14AB6D2E55EF', N'Đi siêu thị sang trọng', 100000.0, N'Mua sắm hộ siêu nhanh', '6F57D993-EB26-4B35-8C7D-7871A7FD624F', null, null),
('3779D349-ABCB-4DBC-ABF1-25BA9E94A695', N'Đi mua quần áo', 60000.0, N'Mua sắm hộ siêu nhanh', '6F57D993-EB26-4B35-8C7D-7871A7FD624F', null, null),
('3361BC88-9F58-4BE8-AC37-561606430F8A', N'Đi mua giày camping', 300000.0, N'Mua sắm hộ siêu nhanh', '6F57D993-EB26-4B35-8C7D-7871A7FD624F', null, null),
('07CB166A-4B4E-4637-B224-6277A69003D9', N'Đi mua vé concert', 4000000.0, N'Mua sắm hộ siêu nhanh', '6F57D993-EB26-4B35-8C7D-7871A7FD624F', null, null),
('C82954A1-39D4-4012-86B3-6CAD42C2B399', N'Đi chợ hộ', 40000.0, N'Mua sắm hộ siêu nhanh', '6F57D993-EB26-4B35-8C7D-7871A7FD624F', null, null),
('63CE2EBF-EF36-4B4A-891E-ABBDE2A75B38', N'Sửa máy giặt', 200000.0, N'Sửa máy giặt', '8A21B21E-DC31-49C8-8B5B-84B69204DC3A', null, null),
('F1B832B2-49F3-456F-BACB-B1F8DA766BEA', N'Sửa máy lạnh', 200000.0, N'Sửa chữa để tôi lo', '8A21B21E-DC31-49C8-8B5B-84B69204DC3A', null, null),
('B9F74F9E-F792-4C48-B1B6-B6F0BC402D07', N'Sửa bàn ủi', 200000.0, N'Sửa chữa để tôi lo', '8A21B21E-DC31-49C8-8B5B-84B69204DC3A', null, null),
('88006A8C-D757-4B85-8B91-C88E6078FE9C', N'Sửa tivi', 200000.0, N'Sửa chữa để tôi lo', '8A21B21E-DC31-49C8-8B5B-84B69204DC3A', null, null),
('662A64BE-F7EA-4419-8978-DBF8F19159DC', N'Sửa ống nước', 200000.0, N'Sửa chữa để tôi lo', '8A21B21E-DC31-49C8-8B5B-84B69204DC3A', null, null),
('EF2034C1-7F44-4D07-B9C0-E2A497999A9D', N'Sửa bình gas', 50000000.0, N'Hãy yên tâm không nổ đâu', '8A21B21E-DC31-49C8-8B5B-84B69204DC3A', null, null),
('CCA752D4-C17C-4C31-906F-F33CB8A18E48', N'Sửa máy tính laptop', 200000.0, N'Hãy yên tâm không nổ đâu', '8A21B21E-DC31-49C8-8B5B-84B69204DC3A', null, null),
('A5677DE0-A6A7-42C0-AB77-F34B75BEB63D', N'Đi mua vé xem phim', 20000.0, N'Mua sắm hộ siêu nhanh', '6F57D993-EB26-4B35-8C7D-7871A7FD624F', null, null); 

INSERT INTO [Accounts] ([Id], [Email], [FullName], [DateOfBirth], [Phone], [Role], [Avatar], [RefreshToken], [LoginToken], [LoginTokenExpires], [TokenCreated], [TokenExpires], [IsActive], [IsVerified]) VALUES
('5917728b-adbc-4e2e-b3af-7eb198cfe7d9', null, N'Nguyễn Hải Nhi', '2004-04-28', '+84337839146', 'Freelancer', 'https://detoivn.sirv.com/customer_avt/user-avt%20(2).png', 'string', 'default', '2024-03-25T21:13:55.021358', '2024-03-25 21:03:55.021358', '2024-03-25 21:13:55.021358', 1, 1),
('12f4494a-3e15-4876-ab06-15e5d51c925f', null, N'Phan Thanh Hường', '1995-06-20', '+84766822583', 'Customer', 'https://detoivn.sirv.com/customer_avt/user-avt%20(1).png', 'string', 'default', '2024-03-25T21:13:55.044958', '2024-03-25 21:03:55.044958', '2024-03-25 21:13:55.044958', 1, 1),
('5d8e6267-367a-457a-9acd-cb030ae98208', null, N'Hồ Nguyễn Thanh Loan', '1996-05-26', '+84366280011', 'Freelancer', 'https://detoivn.sirv.com/customer_avt/user-avt%20(3).png', 'string', 'default', '2024-03-25T21:13:55.045970', '2024-03-25 21:03:55.045970', '2024-03-25 21:13:55.045970', 1, 1),
('d2a8893b-f48d-4e21-8587-a75dd5a3f9a8', null, N'Đinh Quốc Huy', '1995-02-23', '+84898305481', 'Freelancer', 'https://detoivn.sirv.com/customer_avt/user-avt%20(3).png', 'string', 'default', '2024-03-25T21:13:55.046972', '2024-03-25 21:03:55.046972', '2024-03-25 21:13:55.046972', 1, 1),
('71a6fcb9-4950-4286-8f2d-2d6e1ebe6d31', null, N'Vũ Yến Trâm', '1993-03-16', '+84371149268', 'Customer', 'https://detoivn.sirv.com/customer_avt/user-avt%20(1).png', 'string', 'default', '2024-03-25T21:13:55.047970', '2024-03-25 21:03:55.047970', '2024-03-25 21:13:55.047970', 1, 1),
('00f73df9-484c-4c8e-bac0-8d8b01290e44', null, N'Huỳnh Ngô Tùng Lâm', '1976-06-01', '+84381598367', 'Customer', 'https://detoivn.sirv.com/customer_avt/user-avt%20(2).png', 'string', 'default', '2024-03-25T21:13:55.048971', '2024-03-25 21:03:55.048971', '2024-03-25 21:13:55.048971', 1, 1),
('657e502d-8a4b-41b9-b3ff-674f2e69ebe3', null, N'Hoàng Thanh Vinh', '1993-01-29', '+84377055008', 'Freelancer', 'https://detoivn.sirv.com/customer_avt/user-avt%20(3).png', 'string', 'default', '2024-03-25T21:13:55.049970', '2024-03-25 21:03:55.049970', '2024-03-25 21:13:55.049970', 1, 1),
('79e61bc4-80b4-4137-b32c-5fe22469b6ef', null, N'Trương Thảo Hồng', '1989-06-30', '+84825021600', 'Customer', 'https://detoivn.sirv.com/customer_avt/user-avt%20(2).png', 'string', 'default', '2024-03-25T21:13:55.049970', '2024-03-25 21:03:55.049970', '2024-03-25 21:13:55.049970', 1, 1),
('1accf76c-54ab-40b8-8b94-d530fbd8c876', null, N'Lê Ngọc Oanh', '1986-12-12', '+84856511662', 'Freelancer', 'https://detoivn.sirv.com/customer_avt/user-avt%20(2).png', 'string', 'default', '2024-03-25T21:13:55.050967', '2024-03-25 21:03:55.050967', '2024-03-25 21:13:55.050967', 1, 1),
('25a5e3a4-5939-476e-bdcd-0e1cd64bdf90', null, N'Phạm Minh Ðan', '2004-02-23', '+84708952478', 'Freelancer', 'https://detoivn.sirv.com/customer_avt/user-avt%20(2).png', 'string', 'default', '2024-03-25T21:13:55.051975', '2024-03-25 21:03:55.051975', '2024-03-25 21:13:55.051975', 1, 1),
('e225657b-1069-41b7-b3e5-4252e068b46e', null, N'Đinh Tuyết Hồng', '1997-01-12', '+84708156075', 'Customer', 'https://detoivn.sirv.com/customer_avt/user-avt%20(2).png', 'string', 'default', '2024-03-25T21:13:55.053478', '2024-03-25 21:03:55.053478', '2024-03-25 21:13:55.053478', 1, 1),
('17104782-97f1-4283-bc60-7971e845fced', null, N'Đỗ Dương Hoàng Thái', '1978-11-23', '+84917301041', 'Customer', 'https://detoivn.sirv.com/customer_avt/user-avt%20(1).png', 'string', 'default', '2024-03-25T21:13:55.053478', '2024-03-25 21:03:55.053478', '2024-03-25 21:13:55.053478', 1, 1),
('6bbc4f33-75b7-4e5e-a175-691c6374b661', null, N'Vũ Cao Minh', '1980-10-01', '+84967456072', 'Customer', 'https://detoivn.sirv.com/customer_avt/user-avt%20(1).png', 'string', 'default', '2024-03-25T21:13:55.054487', '2024-03-25 21:03:55.054487', '2024-03-25 21:13:55.054487', 1, 1),
('2b263289-9b61-4913-b74a-4ce30518c5d9', null, N'Phan Hoàng Minh Thái', '1989-11-08', '+84844644909', 'Freelancer', 'https://detoivn.sirv.com/customer_avt/user-avt%20(1).png', 'string', 'default', '2024-03-25T21:13:55.055494', '2024-03-25 21:03:55.055494', '2024-03-25 21:13:55.055494', 1, 1),
('35e89731-1b0e-45ff-b67f-65b09eeddc2a', null, N'Phạm Đinh Tuấn Ðức', '1999-09-02', '+84338234688', 'Customer', 'https://detoivn.sirv.com/customer_avt/user-avt%20(2).png', 'string', 'default', '2024-03-25T21:13:55.056496', '2024-03-25 21:03:55.056496', '2024-03-25 21:13:55.056496', 1, 1),
('40980421-44c8-4d55-b292-182bffdfff80', null, N'Lê Việt Phương', '2002-08-12', '+84881463369', 'Freelancer', 'https://detoivn.sirv.com/customer_avt/user-avt%20(3).png', 'string', 'default', '2024-03-25T21:13:55.057497', '2024-03-25 21:03:55.057497', '2024-03-25 21:13:55.057497', 1, 1); 

INSERT INTO [Freelancers] ([Id], [AccountId], [Rating], [TotalReviewCount], [Balance], [OrderCount], [LoveCount], [PositiveReviewCount], [IdentityNumber], [IsTeam], [Description], [TeamMemberCount]) VALUES
('68417aab-eac6-4f98-9fbe-474d44da397b', '5917728b-adbc-4e2e-b3af-7eb198cfe7d9', 0, 0, 0, 0, 0, 0, '051200000011', 1, 'Huge debate among way democratic chair cup. Gun still bit other maintain nor. There many true follow marriage material.', 3),
('fcd93fa0-f708-4dfb-909c-ca17ae019edf', '5d8e6267-367a-457a-9acd-cb030ae98208', 0, 0, 0, 0, 0, 0, '051200000012', 0, 'Owner choose here family relationship. At be than always different American address. Former claim chance prevent why measure too.', 1),
('f0f005cc-f572-4587-ae3d-cb6fd966bffa', 'd2a8893b-f48d-4e21-8587-a75dd5a3f9a8', 0, 0, 0, 0, 0, 0, '051200000013', 0, 'Face top individual win suddenly. Parent do ten after those scientist. Medical effort assume teacher wall. Significant his himself clearly very. Expert stop area along individual.', 1),
('fcf8f034-efac-494a-aa4f-fc6b179d7e9a', '657e502d-8a4b-41b9-b3ff-674f2e69ebe3', 0, 0, 0, 0, 0, 0, '051200000014', 1, 'Hit another likely character allow pay picture. Record power crime situation. Book art red pass value practice wide. Fast support when hold family second whatever work. Million size country site. He couple ground place what top.', 2),
('c925afb7-1360-461d-a929-fe40784845d1', '1accf76c-54ab-40b8-8b94-d530fbd8c876', 0, 0, 0, 0, 0, 0, '051200000015', 1, 'Single recognize information figure box international not type. Indeed between similar safe. Social issue indicate.', 5),
('f71517d3-eb13-44bf-8d15-59b534956ba1', '25a5e3a4-5939-476e-bdcd-0e1cd64bdf90', 0, 0, 0, 0, 0, 0, '051200000016', 0, 'Girl act window standard audience throw. About probably rule too security. Hard agency painting teacher cost.', 1),
('658159fd-0309-4106-b9c7-2477086b66a9', '2b263289-9b61-4913-b74a-4ce30518c5d9', 0, 0, 0, 0, 0, 0, '051200000017', 0, 'Which fast there network force or ball. Ok choose today watch source firm drug. Fact information animal car. Hour reduce car. Nearly scientist central instead PM.', 1),
('8f4a397e-9498-40d8-9252-d6660484c65c', '40980421-44c8-4d55-b292-182bffdfff80', 0, 0, 0, 0, 0, 0, '051200000018', 1, 'Across while top kid he weight. Wear someone everybody newspaper. Somebody land human should. Company where future model green place. Low data ability recognize.', 6); 

INSERT INTO [Customers] ([Id], [AccountId], [CustomerRank], [MemberPoint]) VALUES
('1e961845-eda5-41b4-9a9b-20347c532a32', '12f4494a-3e15-4876-ab06-15e5d51c925f', 'Unranked', 0),
('060336b0-34cb-4cb5-9f6e-8127ec85909b', '71a6fcb9-4950-4286-8f2d-2d6e1ebe6d31', 'Unranked', 0),
('b3c6210b-c6ab-4c22-9fca-882e4a9501cc', '00f73df9-484c-4c8e-bac0-8d8b01290e44', 'Unranked', 0),
('371e3c00-71f5-460f-ad5a-7beaa7965fc2', '79e61bc4-80b4-4137-b32c-5fe22469b6ef', 'Unranked', 0),
('3d3bba59-efa9-446c-8a7d-28fd4d57e082', 'e225657b-1069-41b7-b3e5-4252e068b46e', 'Unranked', 0),
('792399d7-4938-475c-a477-d6f24dc5db89', '17104782-97f1-4283-bc60-7971e845fced', 'Unranked', 0),
('b206f1c7-9fd6-4624-baac-1db7b2b237f3', '6bbc4f33-75b7-4e5e-a175-691c6374b661', 'Unranked', 0),
('c7821af8-4d6a-4f5b-905e-42096835159e', '35e89731-1b0e-45ff-b67f-65b09eeddc2a', 'Unranked', 0); 

INSERT INTO [Addresses] ([Id], [Lat], [Lon], [CustomerAccountId], [FreelanceAccountId], [AddressLine], [Ward], [District], [Province], [Country]) VALUES
('251b1c64-0b14-49a3-8f60-2058eab2c1d1', 10.569230507839233, 106.64782889573834, null, '68417aab-eac6-4f98-9fbe-474d44da397b', 'test address', N'Thị trấn Hóc Môn', N'Huyện Hóc Môn', N'Thành phố Hồ Chí Minh', N'Việt Nam'),
('7db36b8a-0eb2-4288-b1f7-ecaa8f8a1e5e', 10.788640197048334, 106.952990764799, '1e961845-eda5-41b4-9a9b-20347c532a32', null, 'test address', N'Phường 9', N'Quận 3', N'Thành phố Hồ Chí Minh', N'Việt Nam'),
('32530bf6-9d6d-485f-9973-c9080f365e8e', 10.7179467077026, 106.61956555697324, null, 'fcd93fa0-f708-4dfb-909c-ca17ae019edf', 'test address', N'Phường 15', N'Quận 5', N'Thành phố Hồ Chí Minh', N'Việt Nam'),
('2febc020-18ec-4d6f-9e63-807536a9b554', 10.702228474735373, 106.6356273366653, null, 'f0f005cc-f572-4587-ae3d-cb6fd966bffa', 'test address', N'Phường 15', N'Quận 11', N'Thành phố Hồ Chí Minh', N'Việt Nam'),
('35f3adc2-0c61-4ce1-99cb-68b331b3738f', 10.845259619963594, 106.60027369315536, '060336b0-34cb-4cb5-9f6e-8127ec85909b', null, 'test address', N'Phường 5', N'Quận 6', N'Thành phố Hồ Chí Minh', N'Việt Nam'),
('41d9914d-2dfe-4018-8800-7260382164e9', 10.470148164897669, 106.85941439460782, 'b3c6210b-c6ab-4c22-9fca-882e4a9501cc', null, 'test address', N'Phường 5', N'Quận 10', N'Thành phố Hồ Chí Minh', N'Việt Nam'),
('4b08056a-64f9-43c1-91e5-dc9a5e82f421', 10.9284618469993, 106.92585275424014, null, 'fcf8f034-efac-494a-aa4f-fc6b179d7e9a', 'test address', N'Xã Bình Mỹ', N'Huyện Củ Chi', N'Thành phố Hồ Chí Minh', N'Việt Nam'),
('55adeb85-b28f-4006-b128-70ef65cdda9e', 10.611109402175076, 106.67654160875162, '371e3c00-71f5-460f-ad5a-7beaa7965fc2', null, 'test address', N'Phường 5', N'Quận Phú Nhuận', N'Thành phố Hồ Chí Minh', N'Việt Nam'),
('3eb05ad4-805c-4919-9b40-9164dd9aa901', 10.645566989738883, 106.7941249134708, null, 'c925afb7-1360-461d-a929-fe40784845d1', 'test address', N'Phường 8', N'Quận 6', N'Thành phố Hồ Chí Minh', N'Việt Nam'),
('20c76814-8423-4730-9309-bb7583a414e4', 10.741322875816307, 106.61490137261399, null, 'f71517d3-eb13-44bf-8d15-59b534956ba1', 'test address', N'Phường 17', N'Quận Bình Thạnh', N'Thành phố Hồ Chí Minh', N'Việt Nam'),
('a16f9eb3-0a3b-4195-a5e5-d9c866f54e6b', 10.77997095704316, 106.64804242058432, '3d3bba59-efa9-446c-8a7d-28fd4d57e082', null, 'test address', N'Phường 4', N'Quận 11', N'Thành phố Hồ Chí Minh', N'Việt Nam'),
('9b7217e9-ffbc-42e3-9847-453c1bf65ce0', 10.699031487941427, 106.72587219385308, '792399d7-4938-475c-a477-d6f24dc5db89', null, 'test address', N'Phường 5', N'Quận 3', N'Thành phố Hồ Chí Minh', N'Việt Nam'),
('3a0b0fae-42e9-483c-92f5-5c84770500b7', 10.923697506699455, 106.99769861140247, 'b206f1c7-9fd6-4624-baac-1db7b2b237f3', null, 'test address', N'Phường 1', N'Quận Phú Nhuận', N'Thành phố Hồ Chí Minh', N'Việt Nam'),
('b58925de-f743-4a8f-b9f6-77dc765a51b5', 10.764310529593882, 106.71414971473477, null, '658159fd-0309-4106-b9c7-2477086b66a9', 'test address', N'Phường 14', N'Quận 6', N'Thành phố Hồ Chí Minh', N'Việt Nam'),
('5892db82-da73-409a-9009-fcf3dafaf28b', 10.846184482261057, 106.7442303274262, 'c7821af8-4d6a-4f5b-905e-42096835159e', null, 'test address', N'Xã Thạnh An', N'Huyện Cần Giờ', N'Thành phố Hồ Chí Minh', N'Việt Nam'),
('2de468c9-4e1e-4071-b2ee-357c6b2dd318', 10.674568382803109, 106.81147637360276, null, '8f4a397e-9498-40d8-9252-d6660484c65c', 'test address', N'Xã Bình Hưng', N'Huyện Bình Chánh', N'Thành phố Hồ Chí Minh', N'Việt Nam'); 

INSERT INTO [Skills] (Id, Name, Description, SkillCategory) VALUES
('12662e49-fc1c-4079-a8c6-84daa4fa6cb5', 'House Cleaning', 'American whole magazine truth stop whose.', 'CleaningService'),
('06101acf-dd7f-4af0-a94f-9e3cdab148a9', 'Office Cleaning', 'Through despite cause cause believe son would mouth.', 'CleaningService'),
('0ae20b71-7ae6-4a75-8930-87728c5b52ee', 'Deep Cleaning', 'Financial role together range.', 'CleaningService'),
('2a7dcaec-6625-49ac-9b76-a8f8f2cbebce', 'Carpet Cleaning', 'Beyond its particularly tree whom local tend.', 'CleaningService'),
('50f6ef47-d904-4f9d-be52-a0949d02433f', 'Window Cleaning', 'Source nature add rest.', 'CleaningService'),
('f3c12b9d-8f9a-4e78-8189-f16b86561dd4', 'Maid Service', 'Ability management test during foot that course nothing.', 'CleaningService'),
('de421abb-de23-48d5-b4fa-4dc5e3ac39a2', 'Janitorial Service', 'Sort language ball floor.', 'CleaningService'),
('0376a4ed-8de4-4e9f-bc92-7d29ae5e41ce', 'Disinfection Service', 'Board necessary religious natural sport music white.', 'CleaningService'),
('b0105259-4f9e-4780-b0d9-2cc199f078bd', 'Eco-friendly Cleaning', 'Onto knowledge other his offer face country.', 'CleaningService'),
('83b5978a-2f9f-4a6e-ac5d-33e4f0efccfa', 'Move-in/Move-out Cleaning', 'Party prevent live.', 'CleaningService'),
('f70f0186-7bec-4739-b55d-1dadf254a06e', 'Appliance Repair', 'Theory type successful together.', 'RepairingService'),
('bbe59600-2dd9-4314-93b9-52b4dbe3e42d', 'Refrigerator Repair', 'Study modern miss dog Democrat quickly.', 'RepairingService'),
('d047c0fa-b314-4cd9-971d-1ac176194067', 'Washer/Dryer Repair', 'Every manage political record word group food break.', 'RepairingService'),
('5ecee311-cd82-466f-bab5-d41133ff6eb1', 'Oven/Range Repair', 'Friend couple administration even relate head color international.', 'RepairingService'),
('0f9e4fff-bc94-4f6e-84f4-f74f9230d09b', 'Dishwasher Repair', 'Situation talk despite stage.', 'RepairingService'),
('0df1c950-31df-4c06-8cf8-099609dcc57b', 'HVAC Repair', 'Quite ago play paper office hospital have wonder.', 'RepairingService'),
('a91759de-3593-4656-acb9-191c7e193b56', 'Plumbing Repair', 'Against which continue buy decision song view age.', 'RepairingService'),
('bf0b71bd-ff53-4070-b14a-f3abf021e6cf', 'Electrical Repair', 'Big employee determine positive go Congress mean always.', 'RepairingService'),
('e97f58db-5ec3-49a5-a1d7-26d76371568e', 'Small Appliance Repair', 'Current grow rule stuff truth college.', 'RepairingService'),
('3393f7a2-47d7-46f6-8174-63975f50de1f', 'Garbage Disposal Repair', 'Small citizen class morning.', 'RepairingService'),
('a9fe4c12-66f4-46ff-a3f1-f9a23a945c82', 'Personal Shopping', 'Tv program actually race tonight themselves true power.', 'ShoppingService'),
('6fbda4f9-80cc-4b5c-b405-b6497989ec1e', 'Grocery Shopping', 'Check real leader bad school.', 'ShoppingService'),
('41a5328b-b003-4047-b5f6-b7ea93fa4ebc', 'Errand Service', 'Care several loss particular pull.', 'ShoppingService'),
('cf63eb63-6677-47b3-a573-8dda37fb8ef8', 'Shopping Assistance', 'Car financial security stock ball organization recognize civil.', 'ShoppingService'),
('a2d6fd0f-ad7c-451d-b763-7b4540d44ec1', 'Gift Shopping', 'Her then nothing increase I reduce industry.', 'ShoppingService'),
('dd2cf184-61f5-4b4c-856f-4c3c787003f0', 'Online Shopping', 'Knowledge else citizen month.', 'ShoppingService'),
('315e8c85-cf70-4d05-bcb2-2712f6620d46', 'Bulk Shopping', 'Page a although for study anyone state.', 'ShoppingService'),
('584c8e79-e1ef-4cae-88e0-a9a34939c739', 'Specialty Store Shopping', 'Nature white without study candidate.', 'ShoppingService'),
('ebe8541c-13bc-455d-84d6-a5f0aabae3a2', 'Holiday Shopping', 'Wear individual about add senior woman.', 'ShoppingService'),
('43147874-0778-4efa-98b4-a1161873687e', 'Fashion Styling', 'Best budget power them evidence without beyond take.', 'ShoppingService'); 

INSERT INTO [FreelanceSkills] ([FreelancerId], [SkillId]) VALUES
('68417aab-eac6-4f98-9fbe-474d44da397b', '3393f7a2-47d7-46f6-8174-63975f50de1f'),
('68417aab-eac6-4f98-9fbe-474d44da397b', '0376a4ed-8de4-4e9f-bc92-7d29ae5e41ce'),
('68417aab-eac6-4f98-9fbe-474d44da397b', '12662e49-fc1c-4079-a8c6-84daa4fa6cb5'),
('68417aab-eac6-4f98-9fbe-474d44da397b', 'f70f0186-7bec-4739-b55d-1dadf254a06e'),
('68417aab-eac6-4f98-9fbe-474d44da397b', '41a5328b-b003-4047-b5f6-b7ea93fa4ebc'),
('68417aab-eac6-4f98-9fbe-474d44da397b', 'cf63eb63-6677-47b3-a573-8dda37fb8ef8'),
('68417aab-eac6-4f98-9fbe-474d44da397b', '315e8c85-cf70-4d05-bcb2-2712f6620d46'),
('fcd93fa0-f708-4dfb-909c-ca17ae019edf', '06101acf-dd7f-4af0-a94f-9e3cdab148a9'),
('fcd93fa0-f708-4dfb-909c-ca17ae019edf', 'e97f58db-5ec3-49a5-a1d7-26d76371568e'),
('fcd93fa0-f708-4dfb-909c-ca17ae019edf', '0ae20b71-7ae6-4a75-8930-87728c5b52ee'),
('fcd93fa0-f708-4dfb-909c-ca17ae019edf', '6fbda4f9-80cc-4b5c-b405-b6497989ec1e'),
('fcd93fa0-f708-4dfb-909c-ca17ae019edf', 'dd2cf184-61f5-4b4c-856f-4c3c787003f0'),
('fcd93fa0-f708-4dfb-909c-ca17ae019edf', 'a91759de-3593-4656-acb9-191c7e193b56'),
('fcd93fa0-f708-4dfb-909c-ca17ae019edf', '3393f7a2-47d7-46f6-8174-63975f50de1f'),
('f0f005cc-f572-4587-ae3d-cb6fd966bffa', 'ebe8541c-13bc-455d-84d6-a5f0aabae3a2'),
('f0f005cc-f572-4587-ae3d-cb6fd966bffa', '584c8e79-e1ef-4cae-88e0-a9a34939c739'),
('f0f005cc-f572-4587-ae3d-cb6fd966bffa', '3393f7a2-47d7-46f6-8174-63975f50de1f'),
('f0f005cc-f572-4587-ae3d-cb6fd966bffa', '41a5328b-b003-4047-b5f6-b7ea93fa4ebc'),
('f0f005cc-f572-4587-ae3d-cb6fd966bffa', '0ae20b71-7ae6-4a75-8930-87728c5b52ee'),
('f0f005cc-f572-4587-ae3d-cb6fd966bffa', '6fbda4f9-80cc-4b5c-b405-b6497989ec1e'),
('fcf8f034-efac-494a-aa4f-fc6b179d7e9a', 'b0105259-4f9e-4780-b0d9-2cc199f078bd'),
('fcf8f034-efac-494a-aa4f-fc6b179d7e9a', 'ebe8541c-13bc-455d-84d6-a5f0aabae3a2'),
('fcf8f034-efac-494a-aa4f-fc6b179d7e9a', '12662e49-fc1c-4079-a8c6-84daa4fa6cb5'),
('fcf8f034-efac-494a-aa4f-fc6b179d7e9a', 'a91759de-3593-4656-acb9-191c7e193b56'),
('fcf8f034-efac-494a-aa4f-fc6b179d7e9a', '6fbda4f9-80cc-4b5c-b405-b6497989ec1e'),
('fcf8f034-efac-494a-aa4f-fc6b179d7e9a', 'e97f58db-5ec3-49a5-a1d7-26d76371568e'),
('c925afb7-1360-461d-a929-fe40784845d1', 'cf63eb63-6677-47b3-a573-8dda37fb8ef8'),
('c925afb7-1360-461d-a929-fe40784845d1', 'b0105259-4f9e-4780-b0d9-2cc199f078bd'),
('c925afb7-1360-461d-a929-fe40784845d1', '0ae20b71-7ae6-4a75-8930-87728c5b52ee'),
('c925afb7-1360-461d-a929-fe40784845d1', 'bbe59600-2dd9-4314-93b9-52b4dbe3e42d'),
('c925afb7-1360-461d-a929-fe40784845d1', '2a7dcaec-6625-49ac-9b76-a8f8f2cbebce'),
('f71517d3-eb13-44bf-8d15-59b534956ba1', '0df1c950-31df-4c06-8cf8-099609dcc57b'),
('f71517d3-eb13-44bf-8d15-59b534956ba1', 'bbe59600-2dd9-4314-93b9-52b4dbe3e42d'),
('f71517d3-eb13-44bf-8d15-59b534956ba1', '41a5328b-b003-4047-b5f6-b7ea93fa4ebc'),
('658159fd-0309-4106-b9c7-2477086b66a9', '0376a4ed-8de4-4e9f-bc92-7d29ae5e41ce'),
('658159fd-0309-4106-b9c7-2477086b66a9', '0f9e4fff-bc94-4f6e-84f4-f74f9230d09b'),
('658159fd-0309-4106-b9c7-2477086b66a9', 'a9fe4c12-66f4-46ff-a3f1-f9a23a945c82'),
('8f4a397e-9498-40d8-9252-d6660484c65c', '12662e49-fc1c-4079-a8c6-84daa4fa6cb5'),
('8f4a397e-9498-40d8-9252-d6660484c65c', 'de421abb-de23-48d5-b4fa-4dc5e3ac39a2'),
('8f4a397e-9498-40d8-9252-d6660484c65c', '83b5978a-2f9f-4a6e-ac5d-33e4f0efccfa'),
('8f4a397e-9498-40d8-9252-d6660484c65c', '2a7dcaec-6625-49ac-9b76-a8f8f2cbebce'),
('8f4a397e-9498-40d8-9252-d6660484c65c', 'a2d6fd0f-ad7c-451d-b763-7b4540d44ec1'),
('8f4a397e-9498-40d8-9252-d6660484c65c', 'a9fe4c12-66f4-46ff-a3f1-f9a23a945c82'); 

INSERT INTO [Orders] ([Id], [AddressId], [EstimatedPrice], [StartTime], [FinishTime], [CreatedTime], [FreelancerId], [CustomerId], [Rating], [Comment], [ServiceStatusId]) VALUES
('3f37a0d8-35dc-4046-9c9a-3eaedc30d2d1', '41d9914d-2dfe-4018-8800-7260382164e9', 0, '2024-02-11T00:00:00.000000', null, '2024-02-08T00:00:00.000000', '68417aab-eac6-4f98-9fbe-474d44da397b', 'b3c6210b-c6ab-4c22-9fca-882e4a9501cc', 0, null, '0815e9cf-98c7-4a6a-b27b-43d9b8d1f5a2'),
('578e522e-d1e9-408b-b65e-9e154670258c', '3a0b0fae-42e9-483c-92f5-5c84770500b7', 0, '2024-02-13T00:00:00.000000', null, '2024-02-12T00:00:00.000000', '68417aab-eac6-4f98-9fbe-474d44da397b', 'b206f1c7-9fd6-4624-baac-1db7b2b237f3', 0, null, '0815e9cf-98c7-4a6a-b27b-43d9b8d1f5a2'),
('898b7873-f5c7-4933-9e80-608edc727dca', '35f3adc2-0c61-4ce1-99cb-68b331b3738f', 0, '2024-02-10T00:00:00.000000', null, '2024-02-08T00:00:00.000000', '68417aab-eac6-4f98-9fbe-474d44da397b', '060336b0-34cb-4cb5-9f6e-8127ec85909b', 0, null, '0815e9cf-98c7-4a6a-b27b-43d9b8d1f5a2'),
('8a444797-bf6e-4db9-9cc1-633f9a624f87', '3a0b0fae-42e9-483c-92f5-5c84770500b7', 0, '2024-02-08T00:00:00.000000', null, '2024-02-05T00:00:00.000000', '68417aab-eac6-4f98-9fbe-474d44da397b', 'b206f1c7-9fd6-4624-baac-1db7b2b237f3', 0, null, '0815e9cf-98c7-4a6a-b27b-43d9b8d1f5a2'),
('888540d0-e36c-45be-b348-ec35c3b8fe56', '5892db82-da73-409a-9009-fcf3dafaf28b', 0, '2024-01-06T00:00:00.000000', null, '2024-01-03T00:00:00.000000', '68417aab-eac6-4f98-9fbe-474d44da397b', 'c7821af8-4d6a-4f5b-905e-42096835159e', 0, null, '0815e9cf-98c7-4a6a-b27b-43d9b8d1f5a2'),
('9bd6be70-bc8a-439d-a9cd-d14427c95152', '3a0b0fae-42e9-483c-92f5-5c84770500b7', 500000, '2024-01-12T00:00:00.000000', '2024-01-12T00:00:00.000000', '2024-01-09T00:00:00.000000', 'f71517d3-eb13-44bf-8d15-59b534956ba1', 'b206f1c7-9fd6-4624-baac-1db7b2b237f3', 3.0, N'Phạm Minh Ðan cần cải thiện khả năng giao tiếp. Tôi cảm thấy mình không nhận được giá trị tương xứng với số tiền bỏ ra.', 'a7d1f0e8-2a6f-4b9d-aa1c-10f58a1d5d32'),
('d8ae4065-c46a-4f61-a30b-e99ba6a5e67a', '3a0b0fae-42e9-483c-92f5-5c84770500b7', 0, '2024-01-15T00:00:00.000000', null, '2024-01-12T00:00:00.000000', null, 'b206f1c7-9fd6-4624-baac-1db7b2b237f3', 0, null, '8a9f22f1-3c67-49f7-bd84-ec290e4a37fd'),
('cfa2da6a-79ff-4abf-b17d-6a5f3348b558', '7db36b8a-0eb2-4288-b1f7-ecaa8f8a1e5e', 300000, '2024-02-05T00:00:00.000000', '2024-02-05T00:00:00.000000', '2024-02-04T00:00:00.000000', 'fcd93fa0-f708-4dfb-909c-ca17ae019edf', '1e961845-eda5-41b4-9a9b-20347c532a32', 5.0, N'Làm việc với Hồ Nguyễn Thanh Loan thật thú vị. Tôi nhận được giá trị tuyệt vời với số tiền bỏ ra.', 'a7d1f0e8-2a6f-4b9d-aa1c-10f58a1d5d32'),
('cb234962-1858-4511-8933-2ea34a105fc4', '3a0b0fae-42e9-483c-92f5-5c84770500b7', 0, '2024-01-25T00:00:00.000000', null, '2024-01-22T00:00:00.000000', null, 'b206f1c7-9fd6-4624-baac-1db7b2b237f3', 0, null, '8a9f22f1-3c67-49f7-bd84-ec290e4a37fd'),
('2daffe05-68bf-45d9-926e-c07d45c71553', '3a0b0fae-42e9-483c-92f5-5c84770500b7', 100000, '2024-02-02T00:00:00.000000', '2024-02-02T00:00:00.000000', '2024-01-31T00:00:00.000000', '8f4a397e-9498-40d8-9252-d6660484c65c', 'b206f1c7-9fd6-4624-baac-1db7b2b237f3', 3.5, N'Tôi không thích dịch vụ từ Lê Việt Phương lắm. Tôi cảm thấy mình không nhận được giá trị tương xứng với số tiền bỏ ra.', 'a7d1f0e8-2a6f-4b9d-aa1c-10f58a1d5d32'),
('585daeeb-2827-466a-a970-f0772016d790', '3a0b0fae-42e9-483c-92f5-5c84770500b7', 200000, '2024-03-04T00:00:00.000000', '2024-03-04T00:00:00.000000', '2024-03-03T00:00:00.000000', '68417aab-eac6-4f98-9fbe-474d44da397b', 'b206f1c7-9fd6-4624-baac-1db7b2b237f3', 3.0, N'Nguyễn Hải Nhi cần cải thiện khả năng giao tiếp. Chất lượng dịch vụ kém.', 'a7d1f0e8-2a6f-4b9d-aa1c-10f58a1d5d32'),
('cd193bb8-7cc3-4f68-b439-995f16799384', '5892db82-da73-409a-9009-fcf3dafaf28b', 0, '2024-02-14T00:00:00.000000', null, '2024-02-12T00:00:00.000000', null, 'c7821af8-4d6a-4f5b-905e-42096835159e', 0, null, '8a9f22f1-3c67-49f7-bd84-ec290e4a37fd'),
('4f724383-631f-4e28-9518-735c6ac342da', '55adeb85-b28f-4006-b128-70ef65cdda9e', 600000, '2024-03-22T00:00:00.000000', '2024-03-22T00:00:00.000000', '2024-03-20T00:00:00.000000', 'fcf8f034-efac-494a-aa4f-fc6b179d7e9a', '371e3c00-71f5-460f-ad5a-7beaa7965fc2', 4.0, N'Hoàng Thanh Vinh thật tuyệt vời! Đó là một trải nghiệm suôn sẻ.', 'a7d1f0e8-2a6f-4b9d-aa1c-10f58a1d5d32'),
('29f51638-d121-45d4-9cfb-25a56648dbee', '55adeb85-b28f-4006-b128-70ef65cdda9e', 0, '2024-02-22T00:00:00.000000', null, '2024-02-21T00:00:00.000000', null, '371e3c00-71f5-460f-ad5a-7beaa7965fc2', 0, null, '8a9f22f1-3c67-49f7-bd84-ec290e4a37fd'),
('37443bcf-46e4-44bf-9d41-ed336cd21a97', 'a16f9eb3-0a3b-4195-a5e5-d9c866f54e6b', 600000, '2024-02-20T00:00:00.000000', '2024-02-20T00:00:00.000000', '2024-02-18T00:00:00.000000', 'fcf8f034-efac-494a-aa4f-fc6b179d7e9a', '3d3bba59-efa9-446c-8a7d-28fd4d57e082', 5.0, N'Hoàng Thanh Vinh cung cấp dịch vụ thật hoàn hảo. Sự chuyên nghiệp của Freelancer này thật tuyệt đỉnh.', 'a7d1f0e8-2a6f-4b9d-aa1c-10f58a1d5d32'),
('39d20fb8-6b80-4151-8fff-88a5c4ca5ab5', '7db36b8a-0eb2-4288-b1f7-ecaa8f8a1e5e', 300000, '2024-01-18T00:00:00.000000', '2024-01-18T00:00:00.000000', '2024-01-15T00:00:00.000000', '658159fd-0309-4106-b9c7-2477086b66a9', '1e961845-eda5-41b4-9a9b-20347c532a32', 3.0, N'Tôi không thích dịch vụ từ Phan Hoàng Minh Thái lắm. Freelancer không thân thiện và không nhiệt tình.', 'a7d1f0e8-2a6f-4b9d-aa1c-10f58a1d5d32'),
('c3569c20-1a89-49b9-a24f-16b0b3c8d4eb', '5892db82-da73-409a-9009-fcf3dafaf28b', 0, '2024-02-27T00:00:00.000000', null, '2024-02-25T00:00:00.000000', null, 'c7821af8-4d6a-4f5b-905e-42096835159e', 0, null, '8a9f22f1-3c67-49f7-bd84-ec290e4a37fd'),
('f282bcbe-14ab-4583-8cda-01f1baec5eb1', 'a16f9eb3-0a3b-4195-a5e5-d9c866f54e6b', 0, '2024-01-19T00:00:00.000000', null, '2024-01-17T00:00:00.000000', null, '3d3bba59-efa9-446c-8a7d-28fd4d57e082', 0, null, '8a9f22f1-3c67-49f7-bd84-ec290e4a37fd'),
('bd401272-4bb8-42b0-84be-8e7a1b604691', '5892db82-da73-409a-9009-fcf3dafaf28b', 500000, '2024-02-03T00:00:00.000000', '2024-02-03T00:00:00.000000', '2024-01-31T00:00:00.000000', 'fcf8f034-efac-494a-aa4f-fc6b179d7e9a', 'c7821af8-4d6a-4f5b-905e-42096835159e', 3.5, N'Thật không may, trải nghiệm của tôi với Hoàng Thanh Vinh không được tốt. Đó là một trải nghiệm khá khó chịu.', 'a7d1f0e8-2a6f-4b9d-aa1c-10f58a1d5d32'),
('d4590ce8-0f1f-4af5-bd73-0ab3d2022879', '5892db82-da73-409a-9009-fcf3dafaf28b', 0, '2024-03-02T00:00:00.000000', null, '2024-03-01T00:00:00.000000', null, 'c7821af8-4d6a-4f5b-905e-42096835159e', 0, null, '8a9f22f1-3c67-49f7-bd84-ec290e4a37fd'),
('6d12d462-00e0-4fef-927d-cdf9bab76c13', '5892db82-da73-409a-9009-fcf3dafaf28b', 100000, '2024-02-17T00:00:00.000000', '2024-02-17T00:00:00.000000', '2024-02-14T00:00:00.000000', 'f71517d3-eb13-44bf-8d15-59b534956ba1', 'c7821af8-4d6a-4f5b-905e-42096835159e', 3.5, N'Phạm Minh Ðan thiếu chuyên nghiệp. Chậm và kém hiệu quả.', 'a7d1f0e8-2a6f-4b9d-aa1c-10f58a1d5d32'),
('608fdba9-264a-4285-a6b1-15a1a753616a', '41d9914d-2dfe-4018-8800-7260382164e9', 0, '2024-01-08T00:00:00.000000', null, '2024-01-06T00:00:00.000000', null, 'b3c6210b-c6ab-4c22-9fca-882e4a9501cc', 0, null, '8a9f22f1-3c67-49f7-bd84-ec290e4a37fd'),
('c1c619c7-0668-4c3b-9dd3-facdfea4042d', '41d9914d-2dfe-4018-8800-7260382164e9', 0, '2024-03-02T00:00:00.000000', null, '2024-02-29T00:00:00.000000', null, 'b3c6210b-c6ab-4c22-9fca-882e4a9501cc', 0, null, '8a9f22f1-3c67-49f7-bd84-ec290e4a37fd'),
('e00aab36-c8af-4313-bc09-e476ca4597a2', '41d9914d-2dfe-4018-8800-7260382164e9', 0, '2024-02-28T00:00:00.000000', null, '2024-02-27T00:00:00.000000', null, 'b3c6210b-c6ab-4c22-9fca-882e4a9501cc', 0, null, '8a9f22f1-3c67-49f7-bd84-ec290e4a37fd'),
('37273afc-9879-4e95-a5e4-0c4a58723674', '7db36b8a-0eb2-4288-b1f7-ecaa8f8a1e5e', 500000, '2024-02-05T00:00:00.000000', '2024-02-05T00:00:00.000000', '2024-02-03T00:00:00.000000', 'f0f005cc-f572-4587-ae3d-cb6fd966bffa', '1e961845-eda5-41b4-9a9b-20347c532a32', 5.0, N'Tôi thực sự ấn tượng với Đinh Quốc Huy. Freelancer thật thân thiện và lịch sự.', 'a7d1f0e8-2a6f-4b9d-aa1c-10f58a1d5d32'),
('9ff0e2fb-43fe-4397-bfb8-da4c44046f48', '7db36b8a-0eb2-4288-b1f7-ecaa8f8a1e5e', 0, '2024-02-11T00:00:00.000000', null, '2024-02-10T00:00:00.000000', null, '1e961845-eda5-41b4-9a9b-20347c532a32', 0, null, '8a9f22f1-3c67-49f7-bd84-ec290e4a37fd'),
('9b0bd01a-aa12-43ad-9940-3d2be77def37', '7db36b8a-0eb2-4288-b1f7-ecaa8f8a1e5e', 300000, '2024-02-25T00:00:00.000000', '2024-02-25T00:00:00.000000', '2024-02-24T00:00:00.000000', '68417aab-eac6-4f98-9fbe-474d44da397b', '1e961845-eda5-41b4-9a9b-20347c532a32', 4.5, N'Tôi đã có một trải nghiệm tuyệt vời với Nguyễn Hải Nhi. Sự chuyên nghiệp của Freelancer này thật tuyệt đỉnh.', 'a7d1f0e8-2a6f-4b9d-aa1c-10f58a1d5d32'),
('aa32b3d3-513c-4f53-96f0-3ccfcb832b66', '55adeb85-b28f-4006-b128-70ef65cdda9e', 0, '2024-01-16T00:00:00.000000', null, '2024-01-13T00:00:00.000000', null, '371e3c00-71f5-460f-ad5a-7beaa7965fc2', 0, null, '8a9f22f1-3c67-49f7-bd84-ec290e4a37fd'),
('b73ca1e2-fb75-4247-9cb7-52bcdb6976a5', '41d9914d-2dfe-4018-8800-7260382164e9', 0, '2024-03-02T00:00:00.000000', null, '2024-02-29T00:00:00.000000', null, 'b3c6210b-c6ab-4c22-9fca-882e4a9501cc', 0, null, '8a9f22f1-3c67-49f7-bd84-ec290e4a37fd'),
('e42c6b87-93e6-4bfb-bffa-002b36eec460', '41d9914d-2dfe-4018-8800-7260382164e9', 600000, '2024-02-12T00:00:00.000000', '2024-02-12T00:00:00.000000', '2024-02-10T00:00:00.000000', 'c925afb7-1360-461d-a929-fe40784845d1', 'b3c6210b-c6ab-4c22-9fca-882e4a9501cc', 5.0, N'Tôi không thể hài lòng hơn với dịch vụ của Lê Ngọc Oanh. Nhanh chóng và hiệu quả.', 'a7d1f0e8-2a6f-4b9d-aa1c-10f58a1d5d32'),
('6c85c2e3-49b9-46d6-a235-1d8715ccab2c', '35f3adc2-0c61-4ce1-99cb-68b331b3738f', 0, '2024-02-22T00:00:00.000000', null, '2024-02-20T00:00:00.000000', null, '060336b0-34cb-4cb5-9f6e-8127ec85909b', 0, null, '8a9f22f1-3c67-49f7-bd84-ec290e4a37fd'),
('1c14f035-5455-4669-affe-d778036a15bf', '7db36b8a-0eb2-4288-b1f7-ecaa8f8a1e5e', 0, '2024-03-08T00:00:00.000000', null, '2024-03-05T00:00:00.000000', null, '1e961845-eda5-41b4-9a9b-20347c532a32', 0, null, '8a9f22f1-3c67-49f7-bd84-ec290e4a37fd'),
('93d4da0b-f69f-425b-915e-227a0f2a7d95', '7db36b8a-0eb2-4288-b1f7-ecaa8f8a1e5e', 200000, '2024-02-03T00:00:00.000000', '2024-02-03T00:00:00.000000', '2024-01-31T00:00:00.000000', '658159fd-0309-4106-b9c7-2477086b66a9', '1e961845-eda5-41b4-9a9b-20347c532a32', 3.0, N'Tôi không thích dịch vụ từ Phan Hoàng Minh Thái lắm. Freelancer không thân thiện và không nhiệt tình.', 'a7d1f0e8-2a6f-4b9d-aa1c-10f58a1d5d32'),
('3933a503-1d8e-48f9-a631-bdddf0fbd9ba', '7db36b8a-0eb2-4288-b1f7-ecaa8f8a1e5e', 500000, '2024-03-18T00:00:00.000000', '2024-03-18T00:00:00.000000', '2024-03-16T00:00:00.000000', 'c925afb7-1360-461d-a929-fe40784845d1', '1e961845-eda5-41b4-9a9b-20347c532a32', 4.5, N'Lê Ngọc Oanh đã làm một công việc rất ấn tượng. Dịch vụ vượt quá mong đợi của tôi.', 'a7d1f0e8-2a6f-4b9d-aa1c-10f58a1d5d32'),
('118e8c80-86b9-4a0d-bab2-4edaa094a484', '3a0b0fae-42e9-483c-92f5-5c84770500b7', 0, '2024-01-31T00:00:00.000000', null, '2024-01-29T00:00:00.000000', null, 'b206f1c7-9fd6-4624-baac-1db7b2b237f3', 0, null, '8a9f22f1-3c67-49f7-bd84-ec290e4a37fd'),
('6735c2a7-d770-417e-9837-e13982bf9cfe', '3a0b0fae-42e9-483c-92f5-5c84770500b7', 0, '2024-03-15T00:00:00.000000', null, '2024-03-12T00:00:00.000000', null, 'b206f1c7-9fd6-4624-baac-1db7b2b237f3', 0, null, '8a9f22f1-3c67-49f7-bd84-ec290e4a37fd'),
('f0f381ed-3563-45a8-b264-2477d42cffe2', '3a0b0fae-42e9-483c-92f5-5c84770500b7', 100000, '2024-03-22T00:00:00.000000', '2024-03-22T00:00:00.000000', '2024-03-21T00:00:00.000000', 'f0f005cc-f572-4587-ae3d-cb6fd966bffa', 'b206f1c7-9fd6-4624-baac-1db7b2b237f3', 4.0, N'Đinh Quốc Huy cung cấp dịch vụ thật hoàn hảo. Đó là một trải nghiệm suôn sẻ.', 'a7d1f0e8-2a6f-4b9d-aa1c-10f58a1d5d32'),
('a1ba8271-c06f-4108-87ad-0b14f7f2e5c6', '3a0b0fae-42e9-483c-92f5-5c84770500b7', 0, '2024-03-08T00:00:00.000000', null, '2024-03-07T00:00:00.000000', null, 'b206f1c7-9fd6-4624-baac-1db7b2b237f3', 0, null, '8a9f22f1-3c67-49f7-bd84-ec290e4a37fd'),
('82b37caa-8138-4fae-9591-56154ad037e7', '3a0b0fae-42e9-483c-92f5-5c84770500b7', 400000, '2024-03-16T00:00:00.000000', '2024-03-16T00:00:00.000000', '2024-03-15T00:00:00.000000', 'f0f005cc-f572-4587-ae3d-cb6fd966bffa', 'b206f1c7-9fd6-4624-baac-1db7b2b237f3', 5.0, N'Đinh Quốc Huy cung cấp dịch vụ thật hoàn hảo. Nhanh chóng và hiệu quả.', 'a7d1f0e8-2a6f-4b9d-aa1c-10f58a1d5d32'),
('807c5b10-8ae4-4fe4-9dc9-a7fed86d32f7', '41d9914d-2dfe-4018-8800-7260382164e9', 100000, '2024-02-19T00:00:00.000000', '2024-02-19T00:00:00.000000', '2024-02-18T00:00:00.000000', '68417aab-eac6-4f98-9fbe-474d44da397b', 'b3c6210b-c6ab-4c22-9fca-882e4a9501cc', 3.0, N'Nguyễn Hải Nhi thiếu chuyên nghiệp. Đó là một trải nghiệm khá khó chịu.', 'a7d1f0e8-2a6f-4b9d-aa1c-10f58a1d5d32'),
('e564b5e1-41de-457b-af78-5f25b248e0b9', '3a0b0fae-42e9-483c-92f5-5c84770500b7', 0, '2024-02-24T00:00:00.000000', null, '2024-02-21T00:00:00.000000', null, 'b206f1c7-9fd6-4624-baac-1db7b2b237f3', 0, null, '8a9f22f1-3c67-49f7-bd84-ec290e4a37fd'),
('95f0069e-6208-4645-833a-21d26711053b', '9b7217e9-ffbc-42e3-9847-453c1bf65ce0', 0, '2024-02-29T00:00:00.000000', null, '2024-02-27T00:00:00.000000', null, '792399d7-4938-475c-a477-d6f24dc5db89', 0, null, '8a9f22f1-3c67-49f7-bd84-ec290e4a37fd'),
('5c3ce1da-6e6d-4ada-ba7b-c75edc0840b5', '9b7217e9-ffbc-42e3-9847-453c1bf65ce0', 700000, '2024-01-04T00:00:00.000000', '2024-01-04T00:00:00.000000', '2024-01-01T00:00:00.000000', 'fcf8f034-efac-494a-aa4f-fc6b179d7e9a', '792399d7-4938-475c-a477-d6f24dc5db89', 4.0, N'Hoàng Thanh Vinh thật tuyệt vời! Đó là một trải nghiệm suôn sẻ.', 'a7d1f0e8-2a6f-4b9d-aa1c-10f58a1d5d32'),
('1a4ef377-99e3-4403-a77e-6f71df33eaa0', '9b7217e9-ffbc-42e3-9847-453c1bf65ce0', 700000, '2024-03-10T00:00:00.000000', '2024-03-10T00:00:00.000000', '2024-03-08T00:00:00.000000', '68417aab-eac6-4f98-9fbe-474d44da397b', '792399d7-4938-475c-a477-d6f24dc5db89', 3.0, N'Nguyễn Hải Nhi cần được cải thiện. Dịch vụ không đạt được mong đợi của tôi.', 'a7d1f0e8-2a6f-4b9d-aa1c-10f58a1d5d32'),
('e9366098-8bd0-4dc0-a817-58e703dee8b7', '5892db82-da73-409a-9009-fcf3dafaf28b', 0, '2024-03-18T00:00:00.000000', null, '2024-03-16T00:00:00.000000', null, 'c7821af8-4d6a-4f5b-905e-42096835159e', 0, null, '8a9f22f1-3c67-49f7-bd84-ec290e4a37fd'),
('059c2b86-03e8-4bd6-89d2-c100704c2125', '5892db82-da73-409a-9009-fcf3dafaf28b', 0, '2024-03-16T00:00:00.000000', null, '2024-03-14T00:00:00.000000', null, 'c7821af8-4d6a-4f5b-905e-42096835159e', 0, null, '8a9f22f1-3c67-49f7-bd84-ec290e4a37fd'),
('336ff667-5187-41ce-a2ad-906aeb4a1826', '9b7217e9-ffbc-42e3-9847-453c1bf65ce0', 600000, '2024-01-11T00:00:00.000000', '2024-01-11T00:00:00.000000', '2024-01-08T00:00:00.000000', '8f4a397e-9498-40d8-9252-d6660484c65c', '792399d7-4938-475c-a477-d6f24dc5db89', 4.0, N'Tôi không thể hài lòng hơn với dịch vụ của Lê Việt Phương. Sự chuyên nghiệp của Freelancer này thật tuyệt đỉnh.', 'a7d1f0e8-2a6f-4b9d-aa1c-10f58a1d5d32'),
('955a1481-62a4-42ec-a7c1-1b73f7ec419a', '9b7217e9-ffbc-42e3-9847-453c1bf65ce0', 0, '2024-01-23T00:00:00.000000', null, '2024-01-22T00:00:00.000000', null, '792399d7-4938-475c-a477-d6f24dc5db89', 0, null, '8a9f22f1-3c67-49f7-bd84-ec290e4a37fd'),
('7edcb2db-fb78-4110-ac4c-0a24e99a097a', '9b7217e9-ffbc-42e3-9847-453c1bf65ce0', 0, '2024-03-24T00:00:00.000000', null, '2024-03-21T00:00:00.000000', null, '792399d7-4938-475c-a477-d6f24dc5db89', 0, null, '8a9f22f1-3c67-49f7-bd84-ec290e4a37fd'),
('db184b6e-0494-49fb-b16c-96bf2ef28164', '41d9914d-2dfe-4018-8800-7260382164e9', 700000, '2024-02-16T00:00:00.000000', '2024-02-16T00:00:00.000000', '2024-02-14T00:00:00.000000', 'fcd93fa0-f708-4dfb-909c-ca17ae019edf', 'b3c6210b-c6ab-4c22-9fca-882e4a9501cc', 5.0, N'Hồ Nguyễn Thanh Loan thật tuyệt vời! Tôi nhận được giá trị tuyệt vời với số tiền bỏ ra.', 'a7d1f0e8-2a6f-4b9d-aa1c-10f58a1d5d32'),
('818ec191-fa82-454e-b735-34dc6905ff1f', '41d9914d-2dfe-4018-8800-7260382164e9', 300000, '2024-03-20T00:00:00.000000', '2024-03-20T00:00:00.000000', '2024-03-19T00:00:00.000000', '8f4a397e-9498-40d8-9252-d6660484c65c', 'b3c6210b-c6ab-4c22-9fca-882e4a9501cc', 4.5, N'Lê Việt Phương thật tuyệt vời! Chất lượng dịch vụ xuất sắc.', 'a7d1f0e8-2a6f-4b9d-aa1c-10f58a1d5d32'),
('6438327b-b2a1-4e90-b2f9-65c832972eb9', 'a16f9eb3-0a3b-4195-a5e5-d9c866f54e6b', 0, '2024-02-04T00:00:00.000000', null, '2024-02-01T00:00:00.000000', null, '3d3bba59-efa9-446c-8a7d-28fd4d57e082', 0, null, '8a9f22f1-3c67-49f7-bd84-ec290e4a37fd'),
('b0ecae9b-d261-4bc0-a164-3469d7e27ee4', '9b7217e9-ffbc-42e3-9847-453c1bf65ce0', 0, '2024-01-13T00:00:00.000000', null, '2024-01-12T00:00:00.000000', null, '792399d7-4938-475c-a477-d6f24dc5db89', 0, null, '8a9f22f1-3c67-49f7-bd84-ec290e4a37fd'),
('a4c587d9-7560-4ba2-b6c4-555c6fc08e24', '9b7217e9-ffbc-42e3-9847-453c1bf65ce0', 600000, '2024-02-18T00:00:00.000000', '2024-02-18T00:00:00.000000', '2024-02-16T00:00:00.000000', '658159fd-0309-4106-b9c7-2477086b66a9', '792399d7-4938-475c-a477-d6f24dc5db89', 3.0, N'Thật không may, trải nghiệm của tôi với Phan Hoàng Minh Thái không được tốt. Dịch vụ không đạt được mong đợi của tôi.', 'a7d1f0e8-2a6f-4b9d-aa1c-10f58a1d5d32'),
('ed924f17-d40a-46ae-9833-ba2cea4bb2f6', '55adeb85-b28f-4006-b128-70ef65cdda9e', 0, '2024-03-15T00:00:00.000000', null, '2024-03-14T00:00:00.000000', null, '371e3c00-71f5-460f-ad5a-7beaa7965fc2', 0, null, '8a9f22f1-3c67-49f7-bd84-ec290e4a37fd'),
('f578b9f4-3040-4bec-bd35-58e9f3ffac8e', '55adeb85-b28f-4006-b128-70ef65cdda9e', 600000, '2024-01-26T00:00:00.000000', '2024-01-26T00:00:00.000000', '2024-01-25T00:00:00.000000', '658159fd-0309-4106-b9c7-2477086b66a9', '371e3c00-71f5-460f-ad5a-7beaa7965fc2', 5.0, N'Phan Hoàng Minh Thái thật tuyệt vời! Chất lượng dịch vụ xuất sắc.', 'a7d1f0e8-2a6f-4b9d-aa1c-10f58a1d5d32'),
('b30e42d4-6925-4d2e-8ba5-9fbf81e46d6e', '7db36b8a-0eb2-4288-b1f7-ecaa8f8a1e5e', 500000, '2024-03-15T00:00:00.000000', '2024-03-15T00:00:00.000000', '2024-03-14T00:00:00.000000', 'fcf8f034-efac-494a-aa4f-fc6b179d7e9a', '1e961845-eda5-41b4-9a9b-20347c532a32', 5.0, N'Làm việc với Hoàng Thanh Vinh thật thú vị. Tôi nhận được giá trị tuyệt vời với số tiền bỏ ra.', 'a7d1f0e8-2a6f-4b9d-aa1c-10f58a1d5d32'),
('2760c816-a0ad-45aa-99a9-3c03e2a92ef0', '7db36b8a-0eb2-4288-b1f7-ecaa8f8a1e5e', 300000, '2024-03-06T00:00:00.000000', '2024-03-06T00:00:00.000000', '2024-03-04T00:00:00.000000', 'f71517d3-eb13-44bf-8d15-59b534956ba1', '1e961845-eda5-41b4-9a9b-20347c532a32', 5.0, N'Phạm Minh Ðan đã làm một công việc rất ấn tượng. Nhanh chóng và hiệu quả.', 'a7d1f0e8-2a6f-4b9d-aa1c-10f58a1d5d32'),
('8c9ba52f-a017-4874-b92d-3e09e896be63', '55adeb85-b28f-4006-b128-70ef65cdda9e', 800000, '2024-02-16T00:00:00.000000', '2024-02-16T00:00:00.000000', '2024-02-14T00:00:00.000000', 'fcf8f034-efac-494a-aa4f-fc6b179d7e9a', '371e3c00-71f5-460f-ad5a-7beaa7965fc2', 3.0, N'Hoàng Thanh Vinh thiếu chuyên nghiệp. Đó là một trải nghiệm khá khó chịu.', 'a7d1f0e8-2a6f-4b9d-aa1c-10f58a1d5d32'),
('a11fb3d3-c545-4231-8ec0-0b189d4487ea', '55adeb85-b28f-4006-b128-70ef65cdda9e', 0, '2024-03-16T00:00:00.000000', null, '2024-03-14T00:00:00.000000', null, '371e3c00-71f5-460f-ad5a-7beaa7965fc2', 0, null, '8a9f22f1-3c67-49f7-bd84-ec290e4a37fd'),
('9d156de2-941e-4d9a-8b56-d09bcb806993', '5892db82-da73-409a-9009-fcf3dafaf28b', 0, '2024-02-12T00:00:00.000000', null, '2024-02-11T00:00:00.000000', null, 'c7821af8-4d6a-4f5b-905e-42096835159e', 0, null, '8a9f22f1-3c67-49f7-bd84-ec290e4a37fd'),
('a54a45c5-afa4-46cd-a8e4-dd393edf9afc', '5892db82-da73-409a-9009-fcf3dafaf28b', 0, '2024-02-28T00:00:00.000000', null, '2024-02-26T00:00:00.000000', null, 'c7821af8-4d6a-4f5b-905e-42096835159e', 0, null, '8a9f22f1-3c67-49f7-bd84-ec290e4a37fd'),
('3add7b5f-779b-422a-b196-5ee04e78cef0', '5892db82-da73-409a-9009-fcf3dafaf28b', 400000, '2024-01-05T00:00:00.000000', '2024-01-05T00:00:00.000000', '2024-01-04T00:00:00.000000', 'fcf8f034-efac-494a-aa4f-fc6b179d7e9a', 'c7821af8-4d6a-4f5b-905e-42096835159e', 3.0, N'Hoàng Thanh Vinh cần cải thiện khả năng giao tiếp. Đó là một trải nghiệm khá khó chịu.', 'a7d1f0e8-2a6f-4b9d-aa1c-10f58a1d5d32'),
('4231dfa7-9da0-42c7-8609-74f2792abc20', '7db36b8a-0eb2-4288-b1f7-ecaa8f8a1e5e', 0, '2024-03-03T00:00:00.000000', null, '2024-03-01T00:00:00.000000', null, '1e961845-eda5-41b4-9a9b-20347c532a32', 0, null, '8a9f22f1-3c67-49f7-bd84-ec290e4a37fd'),
('8426d49b-9891-488c-a053-c22501e82ab3', '7db36b8a-0eb2-4288-b1f7-ecaa8f8a1e5e', 200000, '2024-02-22T00:00:00.000000', '2024-02-22T00:00:00.000000', '2024-02-19T00:00:00.000000', 'c925afb7-1360-461d-a929-fe40784845d1', '1e961845-eda5-41b4-9a9b-20347c532a32', 3.0, N'Lê Ngọc Oanh cần cải thiện khả năng giao tiếp. Dịch vụ không đạt được mong đợi của tôi.', 'a7d1f0e8-2a6f-4b9d-aa1c-10f58a1d5d32'),
('22de11a9-2c4a-43f1-b079-2086c2399e51', '7db36b8a-0eb2-4288-b1f7-ecaa8f8a1e5e', 500000, '2024-02-10T00:00:00.000000', '2024-02-10T00:00:00.000000', '2024-02-07T00:00:00.000000', '68417aab-eac6-4f98-9fbe-474d44da397b', '1e961845-eda5-41b4-9a9b-20347c532a32', 4.5, N'Tôi đã có một trải nghiệm tuyệt vời với Nguyễn Hải Nhi. Freelancer thật thân thiện và lịch sự.', 'a7d1f0e8-2a6f-4b9d-aa1c-10f58a1d5d32'),
('4d9c2909-8d15-4f0a-9181-eece27d28e1b', '41d9914d-2dfe-4018-8800-7260382164e9', 100000, '2024-03-09T00:00:00.000000', '2024-03-09T00:00:00.000000', '2024-03-07T00:00:00.000000', '68417aab-eac6-4f98-9fbe-474d44da397b', 'b3c6210b-c6ab-4c22-9fca-882e4a9501cc', 3.0, N'Thật không may, trải nghiệm của tôi với Nguyễn Hải Nhi không được tốt. Tôi cảm thấy mình không nhận được giá trị tương xứng với số tiền bỏ ra.', 'a7d1f0e8-2a6f-4b9d-aa1c-10f58a1d5d32'),
('6264142b-de5a-4c24-96ce-5464074eb27d', '7db36b8a-0eb2-4288-b1f7-ecaa8f8a1e5e', 1000000, '2024-01-14T00:00:00.000000', '2024-01-14T00:00:00.000000', '2024-01-12T00:00:00.000000', 'c925afb7-1360-461d-a929-fe40784845d1', '1e961845-eda5-41b4-9a9b-20347c532a32', 3.0, N'Lê Ngọc Oanh cần được cải thiện. Freelancer không thân thiện và không nhiệt tình.', 'a7d1f0e8-2a6f-4b9d-aa1c-10f58a1d5d32'),
('5e22cf38-ae07-4d89-884e-66fa43087e9c', '7db36b8a-0eb2-4288-b1f7-ecaa8f8a1e5e', 200000, '2024-02-25T00:00:00.000000', '2024-02-25T00:00:00.000000', '2024-02-24T00:00:00.000000', 'fcd93fa0-f708-4dfb-909c-ca17ae019edf', '1e961845-eda5-41b4-9a9b-20347c532a32', 5.0, N'Hồ Nguyễn Thanh Loan vượt xa mong đợi. Dịch vụ vượt quá mong đợi của tôi.', 'a7d1f0e8-2a6f-4b9d-aa1c-10f58a1d5d32'),
('c79610ef-1d85-40d2-9016-b961ccae078d', '7db36b8a-0eb2-4288-b1f7-ecaa8f8a1e5e', 0, '2024-03-22T00:00:00.000000', null, '2024-03-21T00:00:00.000000', null, '1e961845-eda5-41b4-9a9b-20347c532a32', 0, null, '8a9f22f1-3c67-49f7-bd84-ec290e4a37fd'),
('b91fd2ff-6557-4f8f-951a-e58018b41d55', '5892db82-da73-409a-9009-fcf3dafaf28b', 500000, '2024-01-24T00:00:00.000000', '2024-01-24T00:00:00.000000', '2024-01-21T00:00:00.000000', 'f0f005cc-f572-4587-ae3d-cb6fd966bffa', 'c7821af8-4d6a-4f5b-905e-42096835159e', 4.5, N'Tôi đã có một trải nghiệm tuyệt vời với Đinh Quốc Huy. Freelancer thật thân thiện và lịch sự.', 'a7d1f0e8-2a6f-4b9d-aa1c-10f58a1d5d32'),
('76f386f5-d4fd-4f96-bff0-0955290dd073', '5892db82-da73-409a-9009-fcf3dafaf28b', 0, '2024-03-23T00:00:00.000000', null, '2024-03-21T00:00:00.000000', null, 'c7821af8-4d6a-4f5b-905e-42096835159e', 0, null, '8a9f22f1-3c67-49f7-bd84-ec290e4a37fd'),
('61736f25-2fec-4563-8eab-083611045f8c', '35f3adc2-0c61-4ce1-99cb-68b331b3738f', 0, '2024-01-28T00:00:00.000000', null, '2024-01-26T00:00:00.000000', null, '060336b0-34cb-4cb5-9f6e-8127ec85909b', 0, null, '8a9f22f1-3c67-49f7-bd84-ec290e4a37fd'),
('ad88bd42-8268-4c13-9827-fc15d07e0ec6', '35f3adc2-0c61-4ce1-99cb-68b331b3738f', 0, '2024-02-15T00:00:00.000000', null, '2024-02-12T00:00:00.000000', null, '060336b0-34cb-4cb5-9f6e-8127ec85909b', 0, null, '8a9f22f1-3c67-49f7-bd84-ec290e4a37fd'),
('95e10327-8ef4-4f73-9060-02d38eeef471', '35f3adc2-0c61-4ce1-99cb-68b331b3738f', 400000, '2024-03-09T00:00:00.000000', '2024-03-09T00:00:00.000000', '2024-03-06T00:00:00.000000', '68417aab-eac6-4f98-9fbe-474d44da397b', '060336b0-34cb-4cb5-9f6e-8127ec85909b', 4.5, N'Nguyễn Hải Nhi vượt xa mong đợi. Chất lượng dịch vụ xuất sắc.', 'a7d1f0e8-2a6f-4b9d-aa1c-10f58a1d5d32'),
('3f47a1e6-2936-4b69-8abc-569b0c2096ac', '7db36b8a-0eb2-4288-b1f7-ecaa8f8a1e5e', 0, '2024-01-24T00:00:00.000000', null, '2024-01-21T00:00:00.000000', null, '1e961845-eda5-41b4-9a9b-20347c532a32', 0, null, '8a9f22f1-3c67-49f7-bd84-ec290e4a37fd'),
('8c30cfe1-5b2c-4c3d-ae05-ce6a13a11a53', '7db36b8a-0eb2-4288-b1f7-ecaa8f8a1e5e', 0, '2024-02-13T00:00:00.000000', null, '2024-02-12T00:00:00.000000', null, '1e961845-eda5-41b4-9a9b-20347c532a32', 0, null, '8a9f22f1-3c67-49f7-bd84-ec290e4a37fd'),
('9810f330-d0eb-4005-b548-ce3fb99d0aae', 'a16f9eb3-0a3b-4195-a5e5-d9c866f54e6b', 0, '2024-03-19T00:00:00.000000', null, '2024-03-16T00:00:00.000000', null, '3d3bba59-efa9-446c-8a7d-28fd4d57e082', 0, null, '8a9f22f1-3c67-49f7-bd84-ec290e4a37fd'),
('4b13ee7f-c6da-4d83-93f3-f2356a101caa', '55adeb85-b28f-4006-b128-70ef65cdda9e', 900000, '2024-01-26T00:00:00.000000', '2024-01-26T00:00:00.000000', '2024-01-23T00:00:00.000000', '658159fd-0309-4106-b9c7-2477086b66a9', '371e3c00-71f5-460f-ad5a-7beaa7965fc2', 3.5, N'Phan Hoàng Minh Thái thân thiện và nhiệt tình. Đó là một trải nghiệm khá khó chịu.', 'a7d1f0e8-2a6f-4b9d-aa1c-10f58a1d5d32'),
('4ff0cb01-b85a-41cb-823c-78a533f38a99', 'a16f9eb3-0a3b-4195-a5e5-d9c866f54e6b', 500000, '2024-01-20T00:00:00.000000', '2024-01-20T00:00:00.000000', '2024-01-17T00:00:00.000000', 'fcd93fa0-f708-4dfb-909c-ca17ae019edf', '3d3bba59-efa9-446c-8a7d-28fd4d57e082', 3.5, N'Tôi không thích dịch vụ từ Hồ Nguyễn Thanh Loan lắm. Chất lượng dịch vụ kém.', 'a7d1f0e8-2a6f-4b9d-aa1c-10f58a1d5d32'),
('f997a13c-d972-49e7-8a50-1164ec9f5616', 'a16f9eb3-0a3b-4195-a5e5-d9c866f54e6b', 0, '2024-02-04T00:00:00.000000', null, '2024-02-01T00:00:00.000000', null, '3d3bba59-efa9-446c-8a7d-28fd4d57e082', 0, null, '8a9f22f1-3c67-49f7-bd84-ec290e4a37fd'),
('d5b93408-6cd4-4146-8042-030c324b0117', '55adeb85-b28f-4006-b128-70ef65cdda9e', 0, '2024-02-28T00:00:00.000000', null, '2024-02-27T00:00:00.000000', null, '371e3c00-71f5-460f-ad5a-7beaa7965fc2', 0, null, '8a9f22f1-3c67-49f7-bd84-ec290e4a37fd'),
('8f1047b0-6bc8-4188-9a73-1df9cd023d7f', '55adeb85-b28f-4006-b128-70ef65cdda9e', 500000, '2024-01-14T00:00:00.000000', '2024-01-14T00:00:00.000000', '2024-01-12T00:00:00.000000', '68417aab-eac6-4f98-9fbe-474d44da397b', '371e3c00-71f5-460f-ad5a-7beaa7965fc2', 5.0, N'Tôi thực sự ấn tượng với Nguyễn Hải Nhi. Đó là một trải nghiệm suôn sẻ.', 'a7d1f0e8-2a6f-4b9d-aa1c-10f58a1d5d32'),
('3b6014c0-d98a-43f5-9adb-63d25632317d', '55adeb85-b28f-4006-b128-70ef65cdda9e', 300000, '2024-03-03T00:00:00.000000', '2024-03-03T00:00:00.000000', '2024-03-02T00:00:00.000000', 'f71517d3-eb13-44bf-8d15-59b534956ba1', '371e3c00-71f5-460f-ad5a-7beaa7965fc2', 4.5, N'Phạm Minh Ðan đã làm một công việc rất ấn tượng. Tôi nhận được giá trị tuyệt vời với số tiền bỏ ra.', 'a7d1f0e8-2a6f-4b9d-aa1c-10f58a1d5d32'),
('5b3b15a0-e840-411b-83f7-52c21aec7874', '55adeb85-b28f-4006-b128-70ef65cdda9e', 0, '2024-02-13T00:00:00.000000', null, '2024-02-11T00:00:00.000000', null, '371e3c00-71f5-460f-ad5a-7beaa7965fc2', 0, null, '8a9f22f1-3c67-49f7-bd84-ec290e4a37fd'),
('a0a7cd1c-4ae6-470c-b16a-813a5370a05c', '7db36b8a-0eb2-4288-b1f7-ecaa8f8a1e5e', 500000, '2024-02-24T00:00:00.000000', '2024-02-24T00:00:00.000000', '2024-02-21T00:00:00.000000', '658159fd-0309-4106-b9c7-2477086b66a9', '1e961845-eda5-41b4-9a9b-20347c532a32', 5.0, N'Phan Hoàng Minh Thái thật xuất sắc! Freelancer thật thân thiện và lịch sự.', 'a7d1f0e8-2a6f-4b9d-aa1c-10f58a1d5d32'),
('e498fd31-7e96-4ae9-9f48-2f1c338e3c32', '41d9914d-2dfe-4018-8800-7260382164e9', 700000, '2024-01-27T00:00:00.000000', '2024-01-27T00:00:00.000000', '2024-01-25T00:00:00.000000', '8f4a397e-9498-40d8-9252-d6660484c65c', 'b3c6210b-c6ab-4c22-9fca-882e4a9501cc', 3.0, N'Lê Việt Phương thiếu chuyên nghiệp. Freelancer không thân thiện và không nhiệt tình.', 'a7d1f0e8-2a6f-4b9d-aa1c-10f58a1d5d32'),
('d3000505-4828-4206-b600-6eab4ad0b4e2', '9b7217e9-ffbc-42e3-9847-453c1bf65ce0', 200000, '2024-02-02T00:00:00.000000', '2024-02-02T00:00:00.000000', '2024-01-30T00:00:00.000000', 'f71517d3-eb13-44bf-8d15-59b534956ba1', '792399d7-4938-475c-a477-d6f24dc5db89', 3.5, N'Tôi không thích dịch vụ từ Phạm Minh Ðan lắm. Tôi cảm thấy mình không nhận được giá trị tương xứng với số tiền bỏ ra.', 'a7d1f0e8-2a6f-4b9d-aa1c-10f58a1d5d32'),
('baaf3c9f-7e49-4cf0-8b33-45a3bd9199e3', '55adeb85-b28f-4006-b128-70ef65cdda9e', 0, '2024-01-31T00:00:00.000000', null, '2024-01-30T00:00:00.000000', null, '371e3c00-71f5-460f-ad5a-7beaa7965fc2', 0, null, '8a9f22f1-3c67-49f7-bd84-ec290e4a37fd'),
('3df49d62-22c0-4fc6-892b-4a41d7068f6c', '5892db82-da73-409a-9009-fcf3dafaf28b', 700000, '2024-03-16T00:00:00.000000', '2024-03-16T00:00:00.000000', '2024-03-13T00:00:00.000000', 'f71517d3-eb13-44bf-8d15-59b534956ba1', 'c7821af8-4d6a-4f5b-905e-42096835159e', 3.5, N'Thật không may, trải nghiệm của tôi với Phạm Minh Ðan không được tốt. Freelancer không thân thiện và không nhiệt tình.', 'a7d1f0e8-2a6f-4b9d-aa1c-10f58a1d5d32'),
('74682468-6fad-4ba5-a59d-fd19a6af2ce0', '5892db82-da73-409a-9009-fcf3dafaf28b', 200000, '2024-02-25T00:00:00.000000', '2024-02-25T00:00:00.000000', '2024-02-24T00:00:00.000000', '68417aab-eac6-4f98-9fbe-474d44da397b', 'c7821af8-4d6a-4f5b-905e-42096835159e', 4.5, N'Nguyễn Hải Nhi thật xuất sắc! Freelancer thật thân thiện và lịch sự.', 'a7d1f0e8-2a6f-4b9d-aa1c-10f58a1d5d32'),
('222c0bf4-09a7-46da-a346-4565f5a28185', '5892db82-da73-409a-9009-fcf3dafaf28b', 0, '2024-01-03T00:00:00.000000', null, '2023-12-31T00:00:00.000000', null, 'c7821af8-4d6a-4f5b-905e-42096835159e', 0, null, '8a9f22f1-3c67-49f7-bd84-ec290e4a37fd'),
('3a6ccc54-2756-4081-ad4b-2a4111fc6c59', '41d9914d-2dfe-4018-8800-7260382164e9', 1000000, '2024-02-26T00:00:00.000000', '2024-02-26T00:00:00.000000', '2024-02-24T00:00:00.000000', '8f4a397e-9498-40d8-9252-d6660484c65c', 'b3c6210b-c6ab-4c22-9fca-882e4a9501cc', 4.0, N'Lê Việt Phương vượt xa mong đợi. Đó là một trải nghiệm suôn sẻ.', 'a7d1f0e8-2a6f-4b9d-aa1c-10f58a1d5d32'),
('a9c842b4-8903-4fc3-b0da-14f1959f50b6', '41d9914d-2dfe-4018-8800-7260382164e9', 0, '2024-01-24T00:00:00.000000', null, '2024-01-22T00:00:00.000000', null, 'b3c6210b-c6ab-4c22-9fca-882e4a9501cc', 0, null, '8a9f22f1-3c67-49f7-bd84-ec290e4a37fd'),
('a8918ced-94ee-4d0e-a5ff-ea54fda321c3', '41d9914d-2dfe-4018-8800-7260382164e9', 400000, '2024-01-24T00:00:00.000000', '2024-01-24T00:00:00.000000', '2024-01-23T00:00:00.000000', '658159fd-0309-4106-b9c7-2477086b66a9', 'b3c6210b-c6ab-4c22-9fca-882e4a9501cc', 4.0, N'Làm việc với Phan Hoàng Minh Thái thật thú vị. Freelancer thật thân thiện và lịch sự.', 'a7d1f0e8-2a6f-4b9d-aa1c-10f58a1d5d32'),
('39d02070-29f4-4863-aa2e-d9dc6cba86ed', '7db36b8a-0eb2-4288-b1f7-ecaa8f8a1e5e', 0, '2024-03-20T00:00:00.000000', null, '2024-03-17T00:00:00.000000', null, '1e961845-eda5-41b4-9a9b-20347c532a32', 0, null, '8a9f22f1-3c67-49f7-bd84-ec290e4a37fd'),
('e87daed6-00fe-4c3f-bc77-f1f8bbf5164b', '7db36b8a-0eb2-4288-b1f7-ecaa8f8a1e5e', 0, '2024-01-23T00:00:00.000000', null, '2024-01-22T00:00:00.000000', null, '1e961845-eda5-41b4-9a9b-20347c532a32', 0, null, '8a9f22f1-3c67-49f7-bd84-ec290e4a37fd'),
('03973ce1-3f93-4005-98c1-b062621d2bf1', '7db36b8a-0eb2-4288-b1f7-ecaa8f8a1e5e', 200000, '2024-03-20T00:00:00.000000', '2024-03-20T00:00:00.000000', '2024-03-17T00:00:00.000000', '68417aab-eac6-4f98-9fbe-474d44da397b', '1e961845-eda5-41b4-9a9b-20347c532a32', 4.0, N'Nguyễn Hải Nhi thật xuất sắc! Sự chuyên nghiệp của Freelancer này thật tuyệt đỉnh.', 'a7d1f0e8-2a6f-4b9d-aa1c-10f58a1d5d32'),
('76fe67c1-ef9d-45a9-8ac9-4ca0ebabc40f', '41d9914d-2dfe-4018-8800-7260382164e9', 0, '2024-01-31T00:00:00.000000', null, '2024-01-30T00:00:00.000000', null, 'b3c6210b-c6ab-4c22-9fca-882e4a9501cc', 0, null, '8a9f22f1-3c67-49f7-bd84-ec290e4a37fd'),
('177cf1c5-28d8-41d8-b3e1-029338da330b', '41d9914d-2dfe-4018-8800-7260382164e9', 0, '2024-01-31T00:00:00.000000', null, '2024-01-28T00:00:00.000000', null, 'b3c6210b-c6ab-4c22-9fca-882e4a9501cc', 0, null, '8a9f22f1-3c67-49f7-bd84-ec290e4a37fd'),
('8041dbe3-613e-429d-afe7-6f2f09a7d683', '41d9914d-2dfe-4018-8800-7260382164e9', 900000, '2024-02-12T00:00:00.000000', '2024-02-12T00:00:00.000000', '2024-02-10T00:00:00.000000', 'fcd93fa0-f708-4dfb-909c-ca17ae019edf', 'b3c6210b-c6ab-4c22-9fca-882e4a9501cc', 4.5, N'Hồ Nguyễn Thanh Loan cung cấp dịch vụ thật hoàn hảo. Freelancer thật thân thiện và lịch sự.', 'a7d1f0e8-2a6f-4b9d-aa1c-10f58a1d5d32'),
('2904ba56-f2fd-49e6-8f1d-a01422c59665', '41d9914d-2dfe-4018-8800-7260382164e9', 0, '2024-03-11T00:00:00.000000', null, '2024-03-09T00:00:00.000000', null, 'b3c6210b-c6ab-4c22-9fca-882e4a9501cc', 0, null, '8a9f22f1-3c67-49f7-bd84-ec290e4a37fd'),
('b242caab-a532-45d0-bb16-6ec4c4827aef', '41d9914d-2dfe-4018-8800-7260382164e9', 0, '2024-03-09T00:00:00.000000', null, '2024-03-06T00:00:00.000000', null, 'b3c6210b-c6ab-4c22-9fca-882e4a9501cc', 0, null, '8a9f22f1-3c67-49f7-bd84-ec290e4a37fd'),
('94ab832c-3937-4fe5-b0a5-d9282ce1e82c', '7db36b8a-0eb2-4288-b1f7-ecaa8f8a1e5e', 0, '2024-03-17T00:00:00.000000', null, '2024-03-16T00:00:00.000000', null, '1e961845-eda5-41b4-9a9b-20347c532a32', 0, null, '8a9f22f1-3c67-49f7-bd84-ec290e4a37fd'),
('a72e1349-1b0d-47f7-830c-c6760f5b3c1d', '7db36b8a-0eb2-4288-b1f7-ecaa8f8a1e5e', 400000, '2024-02-12T00:00:00.000000', '2024-02-12T00:00:00.000000', '2024-02-11T00:00:00.000000', '68417aab-eac6-4f98-9fbe-474d44da397b', '1e961845-eda5-41b4-9a9b-20347c532a32', 5.0, N'Nguyễn Hải Nhi vượt xa mong đợi. Chất lượng dịch vụ xuất sắc.', 'a7d1f0e8-2a6f-4b9d-aa1c-10f58a1d5d32'),
('45a78905-229d-46d2-8e84-786fe8fefae5', '7db36b8a-0eb2-4288-b1f7-ecaa8f8a1e5e', 300000, '2024-02-20T00:00:00.000000', '2024-02-20T00:00:00.000000', '2024-02-17T00:00:00.000000', 'c925afb7-1360-461d-a929-fe40784845d1', '1e961845-eda5-41b4-9a9b-20347c532a32', 4.5, N'Lê Ngọc Oanh đã làm một công việc rất ấn tượng. Tôi nhận được giá trị tuyệt vời với số tiền bỏ ra.', 'a7d1f0e8-2a6f-4b9d-aa1c-10f58a1d5d32'),
('2fee8b1d-2d80-4a3c-aed8-87de00949c39', '7db36b8a-0eb2-4288-b1f7-ecaa8f8a1e5e', 0, '2024-03-11T00:00:00.000000', null, '2024-03-10T00:00:00.000000', null, '1e961845-eda5-41b4-9a9b-20347c532a32', 0, null, '8a9f22f1-3c67-49f7-bd84-ec290e4a37fd'),
('2f3f3bed-5cd3-4223-8c37-251612031c1d', '41d9914d-2dfe-4018-8800-7260382164e9', 0, '2024-02-15T00:00:00.000000', null, '2024-02-12T00:00:00.000000', null, 'b3c6210b-c6ab-4c22-9fca-882e4a9501cc', 0, null, '8a9f22f1-3c67-49f7-bd84-ec290e4a37fd'),
('274920c1-25e7-43ac-a091-1fad5f3ab54d', '41d9914d-2dfe-4018-8800-7260382164e9', 1000000, '2024-01-22T00:00:00.000000', '2024-01-22T00:00:00.000000', '2024-01-21T00:00:00.000000', 'fcf8f034-efac-494a-aa4f-fc6b179d7e9a', 'b3c6210b-c6ab-4c22-9fca-882e4a9501cc', 5.0, N'Hoàng Thanh Vinh vượt xa mong đợi. Freelancer thật thân thiện và lịch sự.', 'a7d1f0e8-2a6f-4b9d-aa1c-10f58a1d5d32'),
('9a14c2a3-904a-4126-9f8a-9a1ba22223b4', '41d9914d-2dfe-4018-8800-7260382164e9', 0, '2024-03-19T00:00:00.000000', null, '2024-03-16T00:00:00.000000', null, 'b3c6210b-c6ab-4c22-9fca-882e4a9501cc', 0, null, '8a9f22f1-3c67-49f7-bd84-ec290e4a37fd'),
('a4cb8598-ebc3-4e10-9795-2cca05d2449e', '55adeb85-b28f-4006-b128-70ef65cdda9e', 0, '2024-02-01T00:00:00.000000', null, '2024-01-31T00:00:00.000000', null, '371e3c00-71f5-460f-ad5a-7beaa7965fc2', 0, null, '8a9f22f1-3c67-49f7-bd84-ec290e4a37fd'),
('a5eaf515-eadb-42d4-8c30-4e06b72f10dc', '55adeb85-b28f-4006-b128-70ef65cdda9e', 0, '2024-02-26T00:00:00.000000', null, '2024-02-23T00:00:00.000000', null, '371e3c00-71f5-460f-ad5a-7beaa7965fc2', 0, null, '8a9f22f1-3c67-49f7-bd84-ec290e4a37fd'),
('a63ef754-e012-40d0-ba4f-1876b5e20a15', '55adeb85-b28f-4006-b128-70ef65cdda9e', 0, '2024-02-02T00:00:00.000000', null, '2024-01-30T00:00:00.000000', null, '371e3c00-71f5-460f-ad5a-7beaa7965fc2', 0, null, '8a9f22f1-3c67-49f7-bd84-ec290e4a37fd'),
('94842e68-c843-4241-bf94-03e0d07ef33d', '55adeb85-b28f-4006-b128-70ef65cdda9e', 1000000, '2024-02-20T00:00:00.000000', '2024-02-20T00:00:00.000000', '2024-02-18T00:00:00.000000', '8f4a397e-9498-40d8-9252-d6660484c65c', '371e3c00-71f5-460f-ad5a-7beaa7965fc2', 3.0, N'Thật không may, trải nghiệm của tôi với Lê Việt Phương không được tốt. Freelancer không thân thiện và không nhiệt tình.', 'a7d1f0e8-2a6f-4b9d-aa1c-10f58a1d5d32'),
('a471ff31-d29e-48fc-a135-d0d1ffa31c7a', '55adeb85-b28f-4006-b128-70ef65cdda9e', 0, '2024-01-02T00:00:00.000000', null, '2024-01-01T00:00:00.000000', null, '371e3c00-71f5-460f-ad5a-7beaa7965fc2', 0, null, '8a9f22f1-3c67-49f7-bd84-ec290e4a37fd'),
('664c63e5-37c2-4605-ae6a-8725a621bc69', '3a0b0fae-42e9-483c-92f5-5c84770500b7', 200000, '2024-02-08T00:00:00.000000', '2024-02-08T00:00:00.000000', '2024-02-05T00:00:00.000000', '8f4a397e-9498-40d8-9252-d6660484c65c', 'b206f1c7-9fd6-4624-baac-1db7b2b237f3', 5.0, N'Tôi đã có một trải nghiệm tuyệt vời với Lê Việt Phương. Sự chuyên nghiệp của Freelancer này thật tuyệt đỉnh.', 'a7d1f0e8-2a6f-4b9d-aa1c-10f58a1d5d32'),
('a6da8175-c057-462f-826c-dfd5359c8faf', '3a0b0fae-42e9-483c-92f5-5c84770500b7', 0, '2024-01-17T00:00:00.000000', null, '2024-01-15T00:00:00.000000', null, 'b206f1c7-9fd6-4624-baac-1db7b2b237f3', 0, null, '8a9f22f1-3c67-49f7-bd84-ec290e4a37fd'),
('d4f0750d-ae98-4ea0-a5a2-4d957218ea39', '3a0b0fae-42e9-483c-92f5-5c84770500b7', 0, '2024-01-13T00:00:00.000000', null, '2024-01-10T00:00:00.000000', null, 'b206f1c7-9fd6-4624-baac-1db7b2b237f3', 0, null, '8a9f22f1-3c67-49f7-bd84-ec290e4a37fd'),
('87afc07b-6972-4f22-8fe5-0734dc044635', '7db36b8a-0eb2-4288-b1f7-ecaa8f8a1e5e', 200000, '2024-01-12T00:00:00.000000', '2024-01-12T00:00:00.000000', '2024-01-11T00:00:00.000000', '658159fd-0309-4106-b9c7-2477086b66a9', '1e961845-eda5-41b4-9a9b-20347c532a32', 4.0, N'Phan Hoàng Minh Thái thật xuất sắc! Chất lượng dịch vụ xuất sắc.', 'a7d1f0e8-2a6f-4b9d-aa1c-10f58a1d5d32'),
('a5f5fb6c-6d9b-4f71-a238-2980bf0d6a06', '7db36b8a-0eb2-4288-b1f7-ecaa8f8a1e5e', 0, '2024-02-07T00:00:00.000000', null, '2024-02-06T00:00:00.000000', null, '1e961845-eda5-41b4-9a9b-20347c532a32', 0, null, '8a9f22f1-3c67-49f7-bd84-ec290e4a37fd'),
('ecaabca4-1379-40e1-866c-63de280055c7', '7db36b8a-0eb2-4288-b1f7-ecaa8f8a1e5e', 0, '2024-02-27T00:00:00.000000', null, '2024-02-24T00:00:00.000000', null, '1e961845-eda5-41b4-9a9b-20347c532a32', 0, null, '8a9f22f1-3c67-49f7-bd84-ec290e4a37fd'); 

INSERT INTO [Services] ([Id], [Note], [AdditionalNote], [ServiceTypeId], [Requirement], [AdditionalRequirement]) VALUES
('075d4312-29a4-49a5-ac3d-fb3ac294234d', 'Seven evidence worker building this American either.', 'none', 'CCA752D4-C17C-4C31-906F-F33CB8A18E48', N'[{"Key": "Name", "Value": "Máy scan"}, {"Key": "Size", "Value": "Nhỏ"}, {"Key": "Quantity", "Value": "4"}, {"Key": "Price", "Value": "0"}]', '[]'),
('fdcb21b6-f6a7-401f-8845-5a9af38f87c0', 'Be audience energy move brother teacher three seven.', 'none', 'EF2034C1-7F44-4D07-B9C0-E2A497999A9D', N'[{"Key": "Name", "Value": "Đèn ngủ"}, {"Key": "Size", "Value": "Vừa"}, {"Key": "Quantity", "Value": "3"}, {"Key": "Price", "Value": "0"}]', '[]'),
('cf13d03f-1c72-43e1-8717-62d71052132d', 'Factor head pick church recent.', 'none', '07CB166A-4B4E-4637-B224-6277A69003D9', N'[{"Key": "Name", "Value": "Mua"}, {"Key": "Image", "Value": "test.png"}, {"Key": "Price", "Value": "0"}, {"Key": "ShoppingItems", "Value": "[Dưa leo, Dầu đậu nành, Dưa hấu không hạt, Cá trích, Gia vị]"}]', '[]'),
('9160cc81-f554-4b69-a5a9-8cfca5c6da35', 'Line indeed live reason five present art feel.', 'none', 'F1B832B2-49F3-456F-BACB-B1F8DA766BEA', N'[{"Key": "Name", "Value": "Máy xay sinh tố"}, {"Key": "Size", "Value": "To"}, {"Key": "Quantity", "Value": "3"}, {"Key": "Price", "Value": "0"}]', '[]'),
('6dd134b4-f44a-4bfa-b247-1d1b022b023d', 'Rather bank we under.', 'none', '3361BC88-9F58-4BE8-AC37-561606430F8A', N'[{"Key": "Name", "Value": "Mua"}, {"Key": "Image", "Value": "test.png"}, {"Key": "Price", "Value": "0"}, {"Key": "ShoppingItems", "Value": "[Cá mập, Cá thu, Ớt chuông]"}]', '[]'),
('549f899f-d5c1-43e6-9531-d71a8fd496d2', 'Black leave form collection instead.', 'none', 'EF2034C1-7F44-4D07-B9C0-E2A497999A9D', N'[{"Key": "Name", "Value": "Máy đánh trứng"}, {"Key": "Size", "Value": "Nhỏ"}, {"Key": "Quantity", "Value": "5"}, {"Key": "Price", "Value": "0"}]', '[]'),
('956e69f7-c782-4f0b-aa0a-39d1646734bd', 'Role somebody keep daughter report town.', 'none', 'C82954A1-39D4-4012-86B3-6CAD42C2B399', N'[{"Key": "Name", "Value": "Mua"}, {"Key": "Image", "Value": "test.png"}, {"Key": "Price", "Value": "0"}, {"Key": "ShoppingItems", "Value": "[Cá, Cà tím, Cá mú, Ớt, Cải bắp]"}]', '[]'),
('778ec77e-fa93-4702-845e-16031b67a314', 'In approach recent program possible natural.', 'none', '88006A8C-D757-4B85-8B91-C88E6078FE9C', N'[{"Key": "Name", "Value": "Máy lọc nước"}, {"Key": "Size", "Value": "To"}, {"Key": "Quantity", "Value": "5"}, {"Key": "Price", "Value": "0"}]', '[]'),
('ac99196f-981f-4110-b523-081dd99dc592', 'Fund bill third some follow.', 'none', '88006A8C-D757-4B85-8B91-C88E6078FE9C', N'[{"Key": "Name", "Value": "Máy tính"}, {"Key": "Size", "Value": "To"}, {"Key": "Quantity", "Value": "2"}, {"Key": "Price", "Value": "0"}]', '[]'),
('303abeb2-fc13-4d58-adfa-f432e1e06641', 'Couple bag thank.', 'none', 'F1B832B2-49F3-456F-BACB-B1F8DA766BEA', N'[{"Key": "Name", "Value": "Máy nén khí"}, {"Key": "Size", "Value": "Vừa"}, {"Key": "Quantity", "Value": "1"}, {"Key": "Price", "Value": "0"}]', '[]'),
('044ad45a-7760-46a2-a269-7771adb5d2f9', 'The drive figure necessary across manager.', 'none', 'C82954A1-39D4-4012-86B3-6CAD42C2B399', N'[{"Key": "Name", "Value": "Mua"}, {"Key": "Image", "Value": "test.png"}, {"Key": "Price", "Value": "0"}, {"Key": "ShoppingItems", "Value": "[Rau muống xanh, Cá chép, Mướp đắng, Cá dứa, Dưa hấu dừa, Cá sứa]"}]', '[]'),
('7167d201-cc33-4c71-b6bb-86dfd8839923', 'Partner stand next though house where.', 'none', '73BF981F-1CFD-483D-80EE-14AB6D2E55EF', N'[{"Key": "Name", "Value": "Mua"}, {"Key": "Image", "Value": "test.png"}, {"Key": "Price", "Value": "0"}, {"Key": "ShoppingItems", "Value": "[Bột khoai mì, Bột ngô, Rau cải baby, Cá tầm]"}]', '[]'),
('1b2c40bd-a1ef-4799-8ee7-6d0b02309aed', 'Movie end discussion budget situation between run.', 'none', 'EF2034C1-7F44-4D07-B9C0-E2A497999A9D', N'[{"Key": "Name", "Value": "Máy cắt cỏ"}, {"Key": "Size", "Value": "Vừa"}, {"Key": "Quantity", "Value": "5"}, {"Key": "Price", "Value": "0"}]', '[]'),
('0b62aaaf-7bd3-472c-841d-73dd819a3805', 'Population brother say grow push region.', 'none', '3361BC88-9F58-4BE8-AC37-561606430F8A', N'[{"Key": "Name", "Value": "Mua"}, {"Key": "Image", "Value": "test.png"}, {"Key": "Price", "Value": "0"}, {"Key": "ShoppingItems", "Value": "[Cá dìa, Mực, Khoai lang mật, Ngao, Dưa hấu dừa, Rau mầm]"}]', '[]'),
('565e9641-9b9b-4079-8e4b-b0dee819e409', 'Network foreign one.', 'none', 'F1B832B2-49F3-456F-BACB-B1F8DA766BEA', N'[{"Key": "Name", "Value": "Máy khoan"}, {"Key": "Size", "Value": "To"}, {"Key": "Quantity", "Value": "2"}, {"Key": "Price", "Value": "0"}]', '[]'),
('44ddfb86-9f09-4f15-a558-efb2108916e0', 'Staff service government opportunity.', 'none', 'CCA752D4-C17C-4C31-906F-F33CB8A18E48', N'[{"Key": "Name", "Value": "Ổ cắm điện"}, {"Key": "Size", "Value": "To"}, {"Key": "Quantity", "Value": "2"}, {"Key": "Price", "Value": "0"}]', '[]'),
('b13feebb-2add-4506-b90a-b3eadbfdccd2', 'Present produce manager well lose finish summer.', 'none', 'F1B832B2-49F3-456F-BACB-B1F8DA766BEA', N'[{"Key": "Name", "Value": "Máy in"}, {"Key": "Size", "Value": "Vừa"}, {"Key": "Quantity", "Value": "1"}, {"Key": "Price", "Value": "0"}]', '[]'),
('0036739e-12eb-418a-8ff7-e8e7440a6046', 'Firm section economic.', 'none', 'CCA752D4-C17C-4C31-906F-F33CB8A18E48', N'[{"Key": "Name", "Value": "Máy cắt cỏ"}, {"Key": "Size", "Value": "Vừa"}, {"Key": "Quantity", "Value": "1"}, {"Key": "Price", "Value": "0"}]', '[]'),
('d0ea2eec-3cff-401c-92a5-8fe07c734e75', 'Road size impact act through move.', 'none', '3361BC88-9F58-4BE8-AC37-561606430F8A', N'[{"Key": "Name", "Value": "Mua"}, {"Key": "Image", "Value": "test.png"}, {"Key": "Price", "Value": "0"}, {"Key": "ShoppingItems", "Value": "[Bắp ngô, Bắp ngô, Đậu, Cá đuối, Thịt bò, Cá basa, Cải thảo, Cá ngừ]"}]', '[]'),
('c07bec0a-1127-4c86-9546-05c660504946', 'Tv important hope about catch than method.', 'none', 'CCA752D4-C17C-4C31-906F-F33CB8A18E48', N'[{"Key": "Name", "Value": "Quạt bàn cắm điện"}, {"Key": "Size", "Value": "To"}, {"Key": "Quantity", "Value": "4"}, {"Key": "Price", "Value": "0"}]', '[]'),
('1ec06835-ac90-437b-a621-21818af6a76f', 'Style star east against southern.', 'none', 'EF2034C1-7F44-4D07-B9C0-E2A497999A9D', N'[{"Key": "Name", "Value": "Quạt treo tường cắm điện"}, {"Key": "Size", "Value": "Nhỏ"}, {"Key": "Quantity", "Value": "1"}, {"Key": "Price", "Value": "0"}]', '[]'),
('bf79822d-c364-460c-b665-71572f07db6f', 'Green save identify establish manage hotel financial.', 'none', '07CB166A-4B4E-4637-B224-6277A69003D9', N'[{"Key": "Name", "Value": "Mua"}, {"Key": "Image", "Value": "test.png"}, {"Key": "Price", "Value": "0"}, {"Key": "ShoppingItems", "Value": "[Rau dưa leo, Mướp đắng, Bí đỏ lát, Tôm, Bí đỏ tươi, Bột mì, Cá dằm, Cà chua rời]"}]', '[]'),
('0906e80e-e735-4a54-8de9-6eaf91725361', 'Quite old simply face rather.', 'none', '07CB166A-4B4E-4637-B224-6277A69003D9', N'[{"Key": "Name", "Value": "Mua"}, {"Key": "Image", "Value": "test.png"}, {"Key": "Price", "Value": "0"}, {"Key": "ShoppingItems", "Value": "[Ốc, Rau cải bó xôi, Dưa leo, Cá chẽm, Khoai tây nghiền, Củ cải, Mướp, Cá trê, Dưa cà, Bí đỏ hột]"}]', '[]'),
('8e7a946a-f08d-4ccf-915c-91a8cd951eb2', 'Class test check suffer star once.', 'none', '3361BC88-9F58-4BE8-AC37-561606430F8A', N'[{"Key": "Name", "Value": "Mua"}, {"Key": "Image", "Value": "test.png"}, {"Key": "Price", "Value": "0"}, {"Key": "ShoppingItems", "Value": "[Cá sứa, Rau muống bạch, Cá chép, Cà chua, Ốc, Rau dưa leo, Tôm càng nhỏ, Cá chim]"}]', '[]'),
('a091100e-b2da-44b3-8268-47d9cf551e85', 'Audience very everything store morning.', 'none', 'F1B832B2-49F3-456F-BACB-B1F8DA766BEA', N'[{"Key": "Name", "Value": "Quạt thông gió"}, {"Key": "Size", "Value": "To"}, {"Key": "Quantity", "Value": "3"}, {"Key": "Price", "Value": "0"}]', '[]'),
('c4211117-b1fd-4186-b2d9-8af530576654', 'Find add sing standard exactly.', 'none', '73BF981F-1CFD-483D-80EE-14AB6D2E55EF', N'[{"Key": "Name", "Value": "Mua"}, {"Key": "Image", "Value": "test.png"}, {"Key": "Price", "Value": "0"}, {"Key": "ShoppingItems", "Value": "[Dưa lưới, Tôm càng nhỏ, Gia vị, Dưa hấu ruột nâu, Cá sứa]"}]', '[]'),
('ea76e259-3c93-446e-a0fa-c1c1c232e0dc', 'Guess we no in pass sound.', 'none', '07CB166A-4B4E-4637-B224-6277A69003D9', N'[{"Key": "Name", "Value": "Mua"}, {"Key": "Image", "Value": "test.png"}, {"Key": "Price", "Value": "0"}, {"Key": "ShoppingItems", "Value": "[Ớt chuông, Cà tím hột, Rau cải ngọt, Rau cần tây, Rau mùi, Nấm, Cà rốt, Khoai lang tím]"}]', '[]'),
('ba69d88c-1490-4cbf-8a3c-a50369ac5d42', 'Large season last meeting southern relate when.', 'none', '3361BC88-9F58-4BE8-AC37-561606430F8A', N'[{"Key": "Name", "Value": "Mua"}, {"Key": "Image", "Value": "test.png"}, {"Key": "Price", "Value": "0"}, {"Key": "ShoppingItems", "Value": "[Dầu đậu nành, Dưa gang, Mướp đắng, Cá chép, Thịt bò, Cá diêu hồng, Tôm càng nhỏ, Thịt vịt]"}]', '[]'),
('bfcd42dc-f62c-4e5c-89d5-cafa55d68359', 'Itself play pull recent state old.', 'none', 'F1B832B2-49F3-456F-BACB-B1F8DA766BEA', N'[{"Key": "Name", "Value": "Tủ lạnh"}, {"Key": "Size", "Value": "Vừa"}, {"Key": "Quantity", "Value": "2"}, {"Key": "Price", "Value": "0"}]', '[]'),
('a9431734-e524-4986-a0d2-158e1076f420', 'Bank ten guess.', 'none', 'C82954A1-39D4-4012-86B3-6CAD42C2B399', N'[{"Key": "Name", "Value": "Mua"}, {"Key": "Image", "Value": "test.png"}, {"Key": "Price", "Value": "0"}, {"Key": "ShoppingItems", "Value": "[Dưa hấu ruột đỏ, Cá diêu hồng, Rau húng, Cá tra, Thịt heo]"}]', '[]'),
('8e4daf18-453a-49cc-b680-889e8304a6df', 'Challenge term memory clear throughout treat relate respond.', 'none', '96D250D4-0C0E-4521-B94E-05F3CAFCA3F3', N'[{"Key": "Name", "Value": "Mua"}, {"Key": "Image", "Value": "test.png"}, {"Key": "Price", "Value": "0"}, {"Key": "ShoppingItems", "Value": "[Tôm, Rau mùi, Tôm càng nhỏ, Cá hồi, Thịt dê, Ớt, Rau cải baby, Cá diêu hồng]"}]', '[]'),
('8e9a33e0-9aba-4dec-80e6-7b007fd56efa', 'Mission remember tree care sign arm bar.', 'none', '3779D349-ABCB-4DBC-ABF1-25BA9E94A695', N'[{"Key": "Name", "Value": "Mua"}, {"Key": "Image", "Value": "test.png"}, {"Key": "Price", "Value": "0"}, {"Key": "ShoppingItems", "Value": "[Dưa hấu ruột vàng, Bún, Dầu dừa, Gạo, Bí đỏ tươi, Rau cải, Rau dền xanh, Bắp non, Hành tây, Củ cải]"}]', '[]'),
('01a86bd8-5aa3-4eb5-a0bd-4aeb46953b9b', 'Parent now from her gun subject.', 'none', 'B9F74F9E-F792-4C48-B1B6-B6F0BC402D07', N'[{"Key": "Name", "Value": "Máy phun thuốc"}, {"Key": "Size", "Value": "Nhỏ"}, {"Key": "Quantity", "Value": "1"}, {"Key": "Price", "Value": "0"}]', '[]'),
('8ff5ca06-f6c1-4331-aca8-0d6a064aeec3', 'Safe affect though cover.', 'none', '662A64BE-F7EA-4419-8978-DBF8F19159DC', N'[{"Key": "Name", "Value": "Máy hút bụi"}, {"Key": "Size", "Value": "Nhỏ"}, {"Key": "Quantity", "Value": "3"}, {"Key": "Price", "Value": "0"}]', '[]'),
('93bf3dc7-c47d-4642-b757-47ee83c5efdc', 'Include air sort couple hold group but.', 'none', '88006A8C-D757-4B85-8B91-C88E6078FE9C', N'[{"Key": "Name", "Value": "Quạt hâm cắm điện"}, {"Key": "Size", "Value": "Vừa"}, {"Key": "Quantity", "Value": "3"}, {"Key": "Price", "Value": "0"}]', '[]'),
('6770dd1c-14a1-4501-b4cb-6d754df0c69c', 'Lead network the many ball appear.', 'none', 'C82954A1-39D4-4012-86B3-6CAD42C2B399', N'[{"Key": "Name", "Value": "Mua"}, {"Key": "Image", "Value": "test.png"}, {"Key": "Price", "Value": "0"}, {"Key": "ShoppingItems", "Value": "[Cà rốt tươi, Dầu olive, Khoai lang]"}]', '[]'),
('18272d67-8715-483e-834d-1503ef4afce5', 'Training personal expert already.', 'none', 'A5677DE0-A6A7-42C0-AB77-F34B75BEB63D', N'[{"Key": "Name", "Value": "Mua"}, {"Key": "Image", "Value": "test.png"}, {"Key": "Price", "Value": "0"}, {"Key": "ShoppingItems", "Value": "[Rau cần tây, Rau mầm, Cá chẽm, Hành tây, Bột mì trứng, Rau muống, Cá mè, Tôm càng vàng, Củ cải đỏ]"}]', '[]'),
('59b761f7-4afc-4243-920f-4a4a27dbd1ba', 'Drive example color draw difficult.', 'none', 'F1B832B2-49F3-456F-BACB-B1F8DA766BEA', N'[{"Key": "Name", "Value": "Quạt bàn"}, {"Key": "Size", "Value": "To"}, {"Key": "Quantity", "Value": "4"}, {"Key": "Price", "Value": "0"}]', '[]'),
('99174f5b-b1e3-4dc3-a4a7-9436c8f919e8', 'North add us accept hope soon.', 'none', '63CE2EBF-EF36-4B4A-891E-ABBDE2A75B38', N'[{"Key": "Name", "Value": "Máy fax"}, {"Key": "Size", "Value": "Vừa"}, {"Key": "Quantity", "Value": "5"}, {"Key": "Price", "Value": "0"}]', '[]'),
('0e7f7a1c-d670-4ca6-b5c7-135f63d463f8', 'Job trial four easy case member.', 'none', '88006A8C-D757-4B85-8B91-C88E6078FE9C', N'[{"Key": "Name", "Value": "Máy sấy tóc"}, {"Key": "Size", "Value": "Nhỏ"}, {"Key": "Quantity", "Value": "4"}, {"Key": "Price", "Value": "0"}]', '[]'),
('7c33822e-4628-42da-9882-19e7ca7c37f9', 'Population however ok structure your.', 'none', 'C82954A1-39D4-4012-86B3-6CAD42C2B399', N'[{"Key": "Name", "Value": "Mua"}, {"Key": "Image", "Value": "test.png"}, {"Key": "Price", "Value": "0"}, {"Key": "ShoppingItems", "Value": "[Cải thảo, Cải thảo, Củ cải đỏ, Cá bơn]"}]', '[]'),
('24191154-5efd-4bd6-85c7-a1e3c9a14f29', 'She picture send cultural whatever computer.', 'none', '73BF981F-1CFD-483D-80EE-14AB6D2E55EF', N'[{"Key": "Name", "Value": "Mua"}, {"Key": "Image", "Value": "test.png"}, {"Key": "Price", "Value": "0"}, {"Key": "ShoppingItems", "Value": "[Dầu mè, Cà rốt baby, Cá mòi, Cá trích, Dầu hào, Ớt sừng, Cá dìa, Dưa hấu, Tôm bỏ vỏ, Cá mòi]"}]', '[]'),
('f43230a5-a8ed-403a-8e32-6045f74c0fe2', 'Necessary alone improve heart decade.', 'none', '88006A8C-D757-4B85-8B91-C88E6078FE9C', N'[{"Key": "Name", "Value": "Máy nén khí"}, {"Key": "Size", "Value": "Vừa"}, {"Key": "Quantity", "Value": "4"}, {"Key": "Price", "Value": "0"}]', '[]'),
('fe12f4a6-5896-43e7-96d4-ee34fb66d95d', 'Nation network college debate direction moment.', 'none', '3779D349-ABCB-4DBC-ABF1-25BA9E94A695', N'[{"Key": "Name", "Value": "Mua"}, {"Key": "Image", "Value": "test.png"}, {"Key": "Price", "Value": "0"}, {"Key": "ShoppingItems", "Value": "[Cua, Cá mập, Bí đỏ tươi, Dưa lưới, Củ cải trắng]"}]', '[]'),
('6bfd5b80-c253-4ec3-b7bf-9f84c104c1bd', 'Hope likely fill improve image best.', 'none', '3779D349-ABCB-4DBC-ABF1-25BA9E94A695', N'[{"Key": "Name", "Value": "Mua"}, {"Key": "Image", "Value": "test.png"}, {"Key": "Price", "Value": "0"}, {"Key": "ShoppingItems", "Value": "[Dầu đậu nành, Đường, Dưa hấu không hạt, Cà chua hạt, Cá sặc, Ngao, Dưa hấu ruột vàng, Cá bạch tuộc]"}]', '[]'),
('df0f5de7-ce92-4f48-9228-cbae56561cd8', 'Popular word book read pass heart soldier action.', 'none', '3779D349-ABCB-4DBC-ABF1-25BA9E94A695', N'[{"Key": "Name", "Value": "Mua"}, {"Key": "Image", "Value": "test.png"}, {"Key": "Price", "Value": "0"}, {"Key": "ShoppingItems", "Value": "[Bí xanh, Dầu hướng dương, Mì, Tôm bỏ vỏ, Dưa hấu dừa]"}]', '[]'),
('b8f55d28-007c-4527-923f-f407dcfdc32e', 'Part decade remain if again care.', 'none', '3779D349-ABCB-4DBC-ABF1-25BA9E94A695', N'[{"Key": "Name", "Value": "Mua"}, {"Key": "Image", "Value": "test.png"}, {"Key": "Price", "Value": "0"}, {"Key": "ShoppingItems", "Value": "[Rau muống, Rau mơ, Rau răm]"}]', '[]'),
('123d7e76-8dca-4400-9454-de378f9a09b6', 'Upon beautiful open free medical lay.', 'none', '63CE2EBF-EF36-4B4A-891E-ABBDE2A75B38', N'[{"Key": "Name", "Value": "Chảo"}, {"Key": "Size", "Value": "Vừa"}, {"Key": "Quantity", "Value": "5"}, {"Key": "Price", "Value": "0"}]', '[]'),
('4fad9d65-82a9-4381-89cc-134c0fb3e948', 'Nearly hour enter discover hair few participant.', 'none', 'F1B832B2-49F3-456F-BACB-B1F8DA766BEA', N'[{"Key": "Name", "Value": "Quạt mini"}, {"Key": "Size", "Value": "Nhỏ"}, {"Key": "Quantity", "Value": "3"}, {"Key": "Price", "Value": "0"}]', '[]'),
('f8a277fe-3940-40cd-8309-115edd989560', 'Cup almost identify record own research blood.', 'none', '662A64BE-F7EA-4419-8978-DBF8F19159DC', N'[{"Key": "Name", "Value": "Bếp gas"}, {"Key": "Size", "Value": "To"}, {"Key": "Quantity", "Value": "2"}, {"Key": "Price", "Value": "0"}]', '[]'),
('5f7feb64-6cd1-4c5c-9c84-ff160dd2afd0', 'Drop marriage worker.', 'none', 'F1B832B2-49F3-456F-BACB-B1F8DA766BEA', N'[{"Key": "Name", "Value": "Quạt treo tường"}, {"Key": "Size", "Value": "Vừa"}, {"Key": "Quantity", "Value": "3"}, {"Key": "Price", "Value": "0"}]', '[]'),
('c0aff9a4-effa-4f32-9ece-05c4b921378c', 'Discuss very score loss.', 'none', 'C82954A1-39D4-4012-86B3-6CAD42C2B399', N'[{"Key": "Name", "Value": "Mua"}, {"Key": "Image", "Value": "test.png"}, {"Key": "Price", "Value": "0"}, {"Key": "ShoppingItems", "Value": "[Bắp trưởng thành, Dưa leo, Cá bơn, Cá nục]"}]', '[]'),
('a83a4c28-d26b-435a-aedb-21f70aa0075a', 'Upon full director race.', 'none', '07CB166A-4B4E-4637-B224-6277A69003D9', N'[{"Key": "Name", "Value": "Mua"}, {"Key": "Image", "Value": "test.png"}, {"Key": "Price", "Value": "0"}, {"Key": "ShoppingItems", "Value": "[Đậu, Rau cải baby, Măng, Cá dìa, Bột năng, Thịt dê, Cà chua, Cà rốt]"}]', '[]'),
('fd27aced-cd32-4d73-a25e-aa7f9e37ca9b', 'Determine human find discussion military ability line hour.', 'none', '63CE2EBF-EF36-4B4A-891E-ABBDE2A75B38', N'[{"Key": "Name", "Value": "Máy fax"}, {"Key": "Size", "Value": "To"}, {"Key": "Quantity", "Value": "4"}, {"Key": "Price", "Value": "0"}]', '[]'),
('acec22bb-996e-4a28-8808-b913cdf83d98', 'Account movement can.', 'none', 'CCA752D4-C17C-4C31-906F-F33CB8A18E48', N'[{"Key": "Name", "Value": "Quạt treo tường cắm điện"}, {"Key": "Size", "Value": "Vừa"}, {"Key": "Quantity", "Value": "1"}, {"Key": "Price", "Value": "0"}]', '[]'),
('b2da02fa-7ef5-40d0-b66f-0fd08c80d044', 'Unit dinner indeed listen.', 'none', 'A5677DE0-A6A7-42C0-AB77-F34B75BEB63D', N'[{"Key": "Name", "Value": "Mua"}, {"Key": "Image", "Value": "test.png"}, {"Key": "Price", "Value": "0"}, {"Key": "ShoppingItems", "Value": "[Bột khoai mì, Củ cải trắng, Rau mùi, Dưa hấu dừa, Dầu ăn, Cá tầm]"}]', '[]'),
('a74a37ad-757a-44c9-96b1-c393f9966093', 'Debate wish floor inside matter nice.', 'none', '07CB166A-4B4E-4637-B224-6277A69003D9', N'[{"Key": "Name", "Value": "Mua"}, {"Key": "Image", "Value": "test.png"}, {"Key": "Price", "Value": "0"}, {"Key": "ShoppingItems", "Value": "[Măng, Cá diêu hồng, Khoai tây tươi, Dầu ăn]"}]', '[]'),
('7d2b1eff-54fd-4d2e-a80e-696c7799ba6d', 'Condition natural can effort bad measure star.', 'none', 'EF2034C1-7F44-4D07-B9C0-E2A497999A9D', N'[{"Key": "Name", "Value": "Máy scan"}, {"Key": "Size", "Value": "Nhỏ"}, {"Key": "Quantity", "Value": "5"}, {"Key": "Price", "Value": "0"}]', '[]'),
('022a3aa5-35e7-42bb-a54f-36a57d65b75b', 'Feel military pull watch choice.', 'none', '3361BC88-9F58-4BE8-AC37-561606430F8A', N'[{"Key": "Name", "Value": "Mua"}, {"Key": "Image", "Value": "test.png"}, {"Key": "Price", "Value": "0"}, {"Key": "ShoppingItems", "Value": "[Cá bớp, Dưa bóp, Cà chua hạt, Cải thảo baby, Cá ngừ, Dưa chuột, Tôm, Cà chua rời, Rau muống bạch]"}]', '[]'),
('4d5fc0de-7e28-4691-abf2-336a0ecff5c5', 'Could foreign mind myself surface old charge.', 'none', '96D250D4-0C0E-4521-B94E-05F3CAFCA3F3', N'[{"Key": "Name", "Value": "Mua"}, {"Key": "Image", "Value": "test.png"}, {"Key": "Price", "Value": "0"}, {"Key": "ShoppingItems", "Value": "[Rau ngót, Rau dưa leo, Rau cải baby, Củ cải đỏ, Khoai tây bi, Cá trích, Cà tím hột, Cá thu]"}]', '[]'),
('a1f833a4-c651-44cb-87f7-13c79abc81af', 'Management court head successful response hospital.', 'none', '3361BC88-9F58-4BE8-AC37-561606430F8A', N'[{"Key": "Name", "Value": "Mua"}, {"Key": "Image", "Value": "test.png"}, {"Key": "Price", "Value": "0"}, {"Key": "ShoppingItems", "Value": "[Rau ngò gai, Rau bắp cải, Cải bắp, Hành tây]"}]', '[]'),
('5446de9b-2815-459a-87e2-431074903edd', 'Senior seem west hour less.', 'none', '662A64BE-F7EA-4419-8978-DBF8F19159DC', N'[{"Key": "Name", "Value": "Máy cưa"}, {"Key": "Size", "Value": "Vừa"}, {"Key": "Quantity", "Value": "1"}, {"Key": "Price", "Value": "0"}]', '[]'),
('1059f456-2973-4591-af53-c203b8d09ec4', 'Debate take one them in decision.', 'none', 'B9F74F9E-F792-4C48-B1B6-B6F0BC402D07', N'[{"Key": "Name", "Value": "Máy phun sương"}, {"Key": "Size", "Value": "Vừa"}, {"Key": "Quantity", "Value": "1"}, {"Key": "Price", "Value": "0"}]', '[]'),
('7b038a0e-59c3-49ff-92a1-f7dddd503ca9', 'Happen letter body language there wonder him.', 'none', 'CCA752D4-C17C-4C31-906F-F33CB8A18E48', N'[{"Key": "Name", "Value": "Đèn bàn"}, {"Key": "Size", "Value": "To"}, {"Key": "Quantity", "Value": "1"}, {"Key": "Price", "Value": "0"}]', '[]'),
('9a7315b3-b35d-45e4-b6e6-db7767abfb32', 'Very analysis firm once machine.', 'none', 'EF2034C1-7F44-4D07-B9C0-E2A497999A9D', N'[{"Key": "Name", "Value": "Bình điện"}, {"Key": "Size", "Value": "Vừa"}, {"Key": "Quantity", "Value": "2"}, {"Key": "Price", "Value": "0"}]', '[]'),
('51412913-c50f-4e85-8672-4d0376894697', 'Bring parent very.', 'none', 'B9F74F9E-F792-4C48-B1B6-B6F0BC402D07', N'[{"Key": "Name", "Value": "Máy photocopy"}, {"Key": "Size", "Value": "Vừa"}, {"Key": "Quantity", "Value": "3"}, {"Key": "Price", "Value": "0"}]', '[]'),
('e241280d-46b7-464b-ac08-7892fab9ff51', 'Sort couple station my full need claim many.', 'none', '63CE2EBF-EF36-4B4A-891E-ABBDE2A75B38', N'[{"Key": "Name", "Value": "Bình đun nước"}, {"Key": "Size", "Value": "Vừa"}, {"Key": "Quantity", "Value": "3"}, {"Key": "Price", "Value": "0"}]', '[]'),
('1a290ffc-4861-4a6d-a165-e114122443d1', 'Cut recognize keep citizen result thus.', 'none', 'C82954A1-39D4-4012-86B3-6CAD42C2B399', N'[{"Key": "Name", "Value": "Mua"}, {"Key": "Image", "Value": "test.png"}, {"Key": "Price", "Value": "0"}, {"Key": "ShoppingItems", "Value": "[Dưa hấu ruột đen, Mì, Ớt sừng, Khoai tây tươi]"}]', '[]'),
('117b54d4-de26-4168-963f-8cfcec1ffb32', 'Everybody professor show bar.', 'none', 'B9F74F9E-F792-4C48-B1B6-B6F0BC402D07', N'[{"Key": "Name", "Value": "Máy ép trái cây"}, {"Key": "Size", "Value": "Nhỏ"}, {"Key": "Quantity", "Value": "4"}, {"Key": "Price", "Value": "0"}]', '[]'),
('b5492a15-606e-40cc-aaf1-97a5b1fe5267', 'Never ten become me story but order.', 'none', 'A5677DE0-A6A7-42C0-AB77-F34B75BEB63D', N'[{"Key": "Name", "Value": "Mua"}, {"Key": "Image", "Value": "test.png"}, {"Key": "Price", "Value": "0"}, {"Key": "ShoppingItems", "Value": "[Cá gai, Mì, Tôm càng to, Bí đỏ tươi, Dầu mỡ, Cá dằm, Cua, Măng]"}]', '[]'),
('736b3d13-f3e3-4e5c-8c52-35c2b71512f1', 'Skill industry old effect.', 'none', '73BF981F-1CFD-483D-80EE-14AB6D2E55EF', N'[{"Key": "Name", "Value": "Mua"}, {"Key": "Image", "Value": "test.png"}, {"Key": "Price", "Value": "0"}, {"Key": "ShoppingItems", "Value": "[Cá lóc, Dưa hấu ruột trắng, Ốc, Bạch tuộc, Mì, Rau mơ, Khoai tây tươi, Cà chua hạt]"}]', '[]'),
('4493f2c4-acff-4520-bcc7-0287c1bae94e', 'Whether address senior moment.', 'none', 'C82954A1-39D4-4012-86B3-6CAD42C2B399', N'[{"Key": "Name", "Value": "Mua"}, {"Key": "Image", "Value": "test.png"}, {"Key": "Price", "Value": "0"}, {"Key": "ShoppingItems", "Value": "[Sò, Mì, Cá đuối, Cà rốt hột, Bầu, Mì, Dưa bóp, Bí đỏ tươi, Bột khoai mì, Bột ngô]"}]', '[]'),
('684667fa-65a3-49ca-8d73-9b82d9afc0c8', 'Name Congress ten return understand.', 'none', 'CCA752D4-C17C-4C31-906F-F33CB8A18E48', N'[{"Key": "Name", "Value": "Máy phát điện"}, {"Key": "Size", "Value": "Nhỏ"}, {"Key": "Quantity", "Value": "2"}, {"Key": "Price", "Value": "0"}]', '[]'),
('54b43c5d-881c-46aa-909c-90b8bebf02a9', 'Race seat model similar sometimes talk remember again.', 'none', 'EF2034C1-7F44-4D07-B9C0-E2A497999A9D', N'[{"Key": "Name", "Value": "Bàn là"}, {"Key": "Size", "Value": "Nhỏ"}, {"Key": "Quantity", "Value": "5"}, {"Key": "Price", "Value": "0"}]', '[]'),
('e8f861b7-f42c-4a80-b7f2-55ed1dde2481', 'Measure defense mouth manage camera beat.', 'none', 'F1B832B2-49F3-456F-BACB-B1F8DA766BEA', N'[{"Key": "Name", "Value": "Máy ép trái cây"}, {"Key": "Size", "Value": "Nhỏ"}, {"Key": "Quantity", "Value": "4"}, {"Key": "Price", "Value": "0"}]', '[]'),
('024406ca-f961-42e6-8046-c0a4b5618f73', 'Product election baby seven only scientist.', 'none', '63CE2EBF-EF36-4B4A-891E-ABBDE2A75B38', '[{"Key": "Name", "Value": "Tai nghe"}, {"Key": "Size", "Value": "To"}, {"Key": "Quantity", "Value": "3"}, {"Key": "Price", "Value": "0"}]', '[]'),
('0795e5e0-8a60-4b79-8fb3-6af3603706ba', 'They eye out goal group stop father politics.', 'none', 'F1B832B2-49F3-456F-BACB-B1F8DA766BEA', N'[{"Key": "Name", "Value": "Quạt công nghiệp cắm điện"}, {"Key": "Size", "Value": "To"}, {"Key": "Quantity", "Value": "2"}, {"Key": "Price", "Value": "0"}]', '[]'),
('63bf55b1-b84c-41d0-b484-cacda6f72514', 'Table owner how husband time fear.', 'none', 'A5677DE0-A6A7-42C0-AB77-F34B75BEB63D', N'[{"Key": "Name", "Value": "Mua"}, {"Key": "Image", "Value": "test.png"}, {"Key": "Price", "Value": "0"}, {"Key": "ShoppingItems", "Value": "[Dầu mỡ, Cá mè, Cá dứa, Cà chua dẻo, Rau húng, Tôm bỏ vỏ]"}]', '[]'),
('496cc16f-8ba1-4a4f-8679-4bf975274888', 'Item lay practice appear role.', 'none', 'CCA752D4-C17C-4C31-906F-F33CB8A18E48', N'[{"Key": "Name", "Value": "Đồng hồ báo thức"}, {"Key": "Size", "Value": "To"}, {"Key": "Quantity", "Value": "4"}, {"Key": "Price", "Value": "0"}]', '[]'),
('eaff8cab-df13-45e9-887f-35454fcc8748', 'Trouble cold thank while door statement scene teach.', 'none', 'CCA752D4-C17C-4C31-906F-F33CB8A18E48', N'[{"Key": "Name", "Value": "Bình chữa cháy"}, {"Key": "Size", "Value": "Nhỏ"}, {"Key": "Quantity", "Value": "1"}, {"Key": "Price", "Value": "0"}]', '[]'),
('a5ee5d5c-6ee6-4cfe-b5f0-16b75a206717', 'Many character option imagine.', 'none', '73BF981F-1CFD-483D-80EE-14AB6D2E55EF', N'[{"Key": "Name", "Value": "Mua"}, {"Key": "Image", "Value": "test.png"}, {"Key": "Price", "Value": "0"}, {"Key": "ShoppingItems", "Value": "[Rau cải ngọt, Muối, Rau cải baby, Bí đỏ, Dưa hấu không hạt, Cá mập, Cá, Thịt heo, Cà tím lát]"}]', '[]'),
('b142e85e-b599-44ee-9cfb-4dd0746a8f05', 'Information forward trouble unit.', 'none', '662A64BE-F7EA-4419-8978-DBF8F19159DC', N'[{"Key": "Name", "Value": "Quạt hâm"}, {"Key": "Size", "Value": "To"}, {"Key": "Quantity", "Value": "2"}, {"Key": "Price", "Value": "0"}]', '[]'),
('e5e7090b-8817-49dd-b4d7-762bb98ba5fe', 'Once born control white.', 'none', '662A64BE-F7EA-4419-8978-DBF8F19159DC', N'[{"Key": "Name", "Value": "Bàn là"}, {"Key": "Size", "Value": "To"}, {"Key": "Quantity", "Value": "4"}, {"Key": "Price", "Value": "0"}]', '[]'),
('a1bced18-42a2-41fd-b8b1-ac155824a522', 'Stay soon account part wind well thousand.', 'none', '07CB166A-4B4E-4637-B224-6277A69003D9', N'[{"Key": "Name", "Value": "Mua"}, {"Key": "Image", "Value": "test.png"}, {"Key": "Price", "Value": "0"}, {"Key": "ShoppingItems", "Value": "[Khoai tây lát, Cải bắp, Cá diêu hồng, Cua]"}]', '[]'),
('3ec1710f-bfc8-445c-ad7f-494d4f6bfce4', 'Star be hot often worry any include try.', 'none', '63CE2EBF-EF36-4B4A-891E-ABBDE2A75B38', N'[{"Key": "Name", "Value": "Máy chiếu"}, {"Key": "Size", "Value": "Vừa"}, {"Key": "Quantity", "Value": "1"}, {"Key": "Price", "Value": "0"}]', '[]'),
('7efe925e-9386-459c-9746-3b76d3ce2b0e', 'Night top popular open.', 'none', 'B9F74F9E-F792-4C48-B1B6-B6F0BC402D07', N'[{"Key": "Name", "Value": "Bếp gas"}, {"Key": "Size", "Value": "To"}, {"Key": "Quantity", "Value": "4"}, {"Key": "Price", "Value": "0"}]', '[]'),
('ee64393b-e387-443e-92ac-9a938e11c2a6', 'Choice cell seven care yet.', 'none', '662A64BE-F7EA-4419-8978-DBF8F19159DC', N'[{"Key": "Name", "Value": "Lò vi sóng"}, {"Key": "Size", "Value": "To"}, {"Key": "Quantity", "Value": "1"}, {"Key": "Price", "Value": "0"}]', '[]'),
('dbec4913-a0ea-409e-9860-4c8c0ffb2c6e', 'Money ball keep since my necessary million.', 'none', 'F1B832B2-49F3-456F-BACB-B1F8DA766BEA', N'[{"Key": "Name", "Value": "Máy làm sạch"}, {"Key": "Size", "Value": "To"}, {"Key": "Quantity", "Value": "4"}, {"Key": "Price", "Value": "0"}]', '[]'),
('6660b0a6-77a1-4d88-950e-7e309b50e6dd', 'Good program risk I spring.', 'none', '73BF981F-1CFD-483D-80EE-14AB6D2E55EF', N'[{"Key": "Name", "Value": "Mua"}, {"Key": "Image", "Value": "test.png"}, {"Key": "Price", "Value": "0"}, {"Key": "ShoppingItems", "Value": "[Cà rốt, Cá sứa, Dưa hấu ruột đỏ, Khoai lang tím, Dưa hấu hạt]"}]', '[]'),
('d34b0790-da7c-4afe-b48c-5b28d8d6cda8', 'Wall conference especially.', 'none', 'B9F74F9E-F792-4C48-B1B6-B6F0BC402D07', N'[{"Key": "Name", "Value": "Bình đun nước"}, {"Key": "Size", "Value": "Nhỏ"}, {"Key": "Quantity", "Value": "5"}, {"Key": "Price", "Value": "0"}]', '[]'),
('164e7d9b-5416-4744-b931-8518bdca7ecb', 'Sea thought raise suggest six claim analysis.', 'none', 'F1B832B2-49F3-456F-BACB-B1F8DA766BEA', N'[{"Key": "Name", "Value": "Quạt hâm cắm điện"}, {"Key": "Size", "Value": "Vừa"}, {"Key": "Quantity", "Value": "1"}, {"Key": "Price", "Value": "0"}]', '[]'),
('1ce24682-3f2d-4689-b322-da16ab67df44', 'Rate oil defense agree lawyer.', 'none', 'EF2034C1-7F44-4D07-B9C0-E2A497999A9D', N'[{"Key": "Name", "Value": "Máy photocopy"}, {"Key": "Size", "Value": "To"}, {"Key": "Quantity", "Value": "2"}, {"Key": "Price", "Value": "0"}]', '[]'),
('c29b5808-d2dd-4515-8a27-fe5429076fcb', 'Daughter consider group eat soon must toward.', 'none', 'C82954A1-39D4-4012-86B3-6CAD42C2B399', N'[{"Key": "Name", "Value": "Mua"}, {"Key": "Image", "Value": "test.png"}, {"Key": "Price", "Value": "0"}, {"Key": "ShoppingItems", "Value": "[Cá bớp, Cá mè, Gia vị, Cá lăng, Cà chua hạt, Rau cải, Dưa hấu ruột trắng, Dưa hấu ruột hồng, Măng, Cua]"}]', '[]'),
('0fa69506-d7bf-49ff-a1a2-e5d5e5303197', 'Economy explain main sport.', 'none', '07CB166A-4B4E-4637-B224-6277A69003D9', N'[{"Key": "Name", "Value": "Mua"}, {"Key": "Image", "Value": "test.png"}, {"Key": "Price", "Value": "0"}, {"Key": "ShoppingItems", "Value": "[Cá diêu hồng, Cà tím tươi, Rau mùi, Cá lóc, Bí đỏ hột, Cà tím hột, Cà tím lát, Rau muống bạch, Rau mùi]"}]', '[]'),
('8f38f8b4-eb31-4452-ba14-eba01db713ca', 'Heart watch bed bag wind physical media.', 'none', 'A5677DE0-A6A7-42C0-AB77-F34B75BEB63D', N'[{"Key": "Name", "Value": "Mua"}, {"Key": "Image", "Value": "test.png"}, {"Key": "Price", "Value": "0"}, {"Key": "ShoppingItems", "Value": "[Bầu, Thịt gà, Thịt bò, Cá mè, Cà rốt baby, Cá chẽm, Măng tây, Cải thảo baby, Dưa hấu ruột trắng]"}]', '[]'),
('8f590a01-715e-47f2-b604-b75c3eb0d972', 'Small certainly pattern daughter carry successful imagine.', 'none', '3779D349-ABCB-4DBC-ABF1-25BA9E94A695', N'[{"Key": "Name", "Value": "Mua"}, {"Key": "Image", "Value": "test.png"}, {"Key": "Price", "Value": "0"}, {"Key": "ShoppingItems", "Value": "[Cá diêu hồng, Cà rốt baby, Cà tím, Tôm càng to, Cà chua dẻo, Rau răm]"}]', '[]'),
('f84ec75e-b145-4ada-9d42-eec6aad1996c', 'Together record system term.', 'none', '3779D349-ABCB-4DBC-ABF1-25BA9E94A695', N'[{"Key": "Name", "Value": "Mua"}, {"Key": "Image", "Value": "test.png"}, {"Key": "Price", "Value": "0"}, {"Key": "ShoppingItems", "Value": "[Rau ngót, Bí đỏ, Dưa hấu ruột hồng, Dưa bắp, Cà chua bi, Rau dền xanh]"}]', '[]'),
('4d49f975-2f9f-4eaf-baf8-e6e5ba65e644', 'Station science push industry.', 'none', 'CCA752D4-C17C-4C31-906F-F33CB8A18E48', N'[{"Key": "Name", "Value": "Quạt hút"}, {"Key": "Size", "Value": "To"}, {"Key": "Quantity", "Value": "2"}, {"Key": "Price", "Value": "0"}]', '[]'),
('819370fb-b94d-4679-8470-955a4c0e451a', 'Glass evening much why.', 'none', 'F1B832B2-49F3-456F-BACB-B1F8DA766BEA', N'[{"Key": "Name", "Value": "Máy đánh trứng"}, {"Key": "Size", "Value": "To"}, {"Key": "Quantity", "Value": "3"}, {"Key": "Price", "Value": "0"}]', '[]'),
('8bb453bb-1a2d-4a8d-b6a4-29a9262668a4', 'Institution to movie seven.', 'none', '3361BC88-9F58-4BE8-AC37-561606430F8A', N'[{"Key": "Name", "Value": "Mua"}, {"Key": "Image", "Value": "test.png"}, {"Key": "Price", "Value": "0"}, {"Key": "ShoppingItems", "Value": "[Dưa hấu ruột vàng, Bắp ngô, Cá rô, Tôm càng vàng, Thịt dê, Bột mì trứng, Rau mơ]"}]', '[]'),
('ffa47a4b-2d4f-4f63-8363-cdd61218a1cd', 'Kitchen seven write decision data wrong best I.', 'none', 'B9F74F9E-F792-4C48-B1B6-B6F0BC402D07', N'[{"Key": "Name", "Value": "Quạt hơi nước"}, {"Key": "Size", "Value": "Nhỏ"}, {"Key": "Quantity", "Value": "1"}, {"Key": "Price", "Value": "0"}]', '[]'),
('17d8aacc-7cf5-4d02-b1c0-87bac3478eb3', 'Do believe her attorney stock.', 'none', 'B9F74F9E-F792-4C48-B1B6-B6F0BC402D07', N'[{"Key": "Name", "Value": "Quạt đứng dưới"}, {"Key": "Size", "Value": "Vừa"}, {"Key": "Quantity", "Value": "2"}, {"Key": "Price", "Value": "0"}]', '[]'),
('dde74f94-72aa-4de6-b6bc-fca4dd7fceca', 'Police it house political energy song policy.', 'none', '3361BC88-9F58-4BE8-AC37-561606430F8A', N'[{"Key": "Name", "Value": "Mua"}, {"Key": "Image", "Value": "test.png"}, {"Key": "Price", "Value": "0"}, {"Key": "ShoppingItems", "Value": "[Cá bóc tôm, Bột mì, Thịt vịt, Bột ngô, Cà chua cà chua, Cà tím lát]"}]', '[]'),
('39c07e61-1639-4bb7-a107-ec561cf12988', 'Hot scene view today father.', 'none', 'F1B832B2-49F3-456F-BACB-B1F8DA766BEA', N'[{"Key": "Name", "Value": "Máy scan"}, {"Key": "Size", "Value": "Nhỏ"}, {"Key": "Quantity", "Value": "5"}, {"Key": "Price", "Value": "0"}]', '[]'),
('d5ef4004-7359-4426-a311-986fd042c8a7', 'Partner pressure discover carry TV drive.', 'none', '662A64BE-F7EA-4419-8978-DBF8F19159DC', N'[{"Key": "Name", "Value": "Máy lọc nước"}, {"Key": "Size", "Value": "To"}, {"Key": "Quantity", "Value": "1"}, {"Key": "Price", "Value": "0"}]', '[]'),
('82c478ca-c032-4dd7-809f-5ecb6119deb5', 'Baby picture choice could own glass.', 'none', 'C82954A1-39D4-4012-86B3-6CAD42C2B399', N'[{"Key": "Name", "Value": "Mua"}, {"Key": "Image", "Value": "test.png"}, {"Key": "Price", "Value": "0"}, {"Key": "ShoppingItems", "Value": "[Cà tím tươi, Cá dằm, Muối, Khoai lang, Mực, Cá tra]"}]', '[]'),
('9ccea7cf-df7a-40cf-8702-6600c80d8618', 'Bring citizen kid support interest.', 'none', '88006A8C-D757-4B85-8B91-C88E6078FE9C', N'[{"Key": "Name", "Value": "Máy massage"}, {"Key": "Size", "Value": "To"}, {"Key": "Quantity", "Value": "4"}, {"Key": "Price", "Value": "0"}]', '[]'),
('b53e8e8e-8ae3-4b36-90b7-99ccef428413', 'Either none heavy down business state way sister.', 'none', '73BF981F-1CFD-483D-80EE-14AB6D2E55EF', N'[{"Key": "Name", "Value": "Mua"}, {"Key": "Image", "Value": "test.png"}, {"Key": "Price", "Value": "0"}, {"Key": "ShoppingItems", "Value": "[Hành tây, Bột ngô, Dưa cà, Dưa hấu dừa, Bí đỏ lát, Măng, Rau dưa leo, Bột mì]"}]', '[]'),
('7ef5c031-1fab-49db-ab31-4387ae04e6ec', 'Especially life sister official.', 'none', '88006A8C-D757-4B85-8B91-C88E6078FE9C', N'[{"Key": "Name", "Value": "Nồi"}, {"Key": "Size", "Value": "Nhỏ"}, {"Key": "Quantity", "Value": "1"}, {"Key": "Price", "Value": "0"}]', '[]'),
('bed385c9-bb55-4f21-859f-e4375ba7baa1', 'Town worker present defense become result.', 'none', '96D250D4-0C0E-4521-B94E-05F3CAFCA3F3', N'[{"Key": "Name", "Value": "Mua"}, {"Key": "Image", "Value": "test.png"}, {"Key": "Price", "Value": "0"}, {"Key": "ShoppingItems", "Value": "[Cà chua hạt, Ốc, Bắp cải, Cá lưỡi]"}]', '[]'),
('33833256-e050-4592-8eb4-9d1e6679c74e', 'Believe power especially song energy.', 'none', '88006A8C-D757-4B85-8B91-C88E6078FE9C', N'[{"Key": "Name", "Value": "Quạt hút bụi"}, {"Key": "Size", "Value": "To"}, {"Key": "Quantity", "Value": "4"}, {"Key": "Price", "Value": "0"}]', '[]'),
('1acf2735-b975-4680-8529-b59c832c7331', 'Ago whom language place side member sign.', 'none', 'CCA752D4-C17C-4C31-906F-F33CB8A18E48', N'[{"Key": "Name", "Value": "Máy hàn"}, {"Key": "Size", "Value": "Nhỏ"}, {"Key": "Quantity", "Value": "3"}, {"Key": "Price", "Value": "0"}]', '[]'),
('ad61ea28-190e-44a8-bec9-a225ab0f097f', 'Study environment style remain.', 'none', 'F1B832B2-49F3-456F-BACB-B1F8DA766BEA', N'[{"Key": "Name", "Value": "Quạt máy"}, {"Key": "Size", "Value": "To"}, {"Key": "Quantity", "Value": "5"}, {"Key": "Price", "Value": "0"}]', '[]'),
('9bf33846-894e-46ad-b5ee-f2c0d90494ab', 'Single camera political economic seven treatment.', 'none', 'C82954A1-39D4-4012-86B3-6CAD42C2B399', N'[{"Key": "Name", "Value": "Mua"}, {"Key": "Image", "Value": "test.png"}, {"Key": "Price", "Value": "0"}, {"Key": "ShoppingItems", "Value": "[Mì, Rau ngò gai, Cua, Bí đỏ tươi, Cá hồi, Dầu ăn, Thịt heo]"}]', '[]'),
('9f48939f-ec18-434e-9211-06000feeea3d', 'Improve once worry newspaper laugh benefit.', 'none', 'F1B832B2-49F3-456F-BACB-B1F8DA766BEA', N'[{"Key": "Name", "Value": "Nồi"}, {"Key": "Size", "Value": "To"}, {"Key": "Quantity", "Value": "3"}, {"Key": "Price", "Value": "0"}]', '[]'),
('fc8c082b-099c-42c7-a59d-58f30355cb97', 'Behavior send laugh.', 'none', '662A64BE-F7EA-4419-8978-DBF8F19159DC', N'[{"Key": "Name", "Value": "Quạt đứng dưới"}, {"Key": "Size", "Value": "Vừa"}, {"Key": "Quantity", "Value": "1"}, {"Key": "Price", "Value": "0"}]', '[]'),
('a3922349-6141-40c0-82c7-e1ba53b5f70b', 'Blue right fine.', 'none', '3361BC88-9F58-4BE8-AC37-561606430F8A', N'[{"Key": "Name", "Value": "Mua"}, {"Key": "Image", "Value": "test.png"}, {"Key": "Price", "Value": "0"}, {"Key": "ShoppingItems", "Value": "[Cá rô, Khoai tây, Củ cải trắng, Dưa hấu ruột trắng, Tôm bỏ vỏ, Cá trê]"}]', '[]'),
('8e5776e9-0551-4747-b01a-e3c82b93cc2e', 'Close election stop cold.', 'none', '73BF981F-1CFD-483D-80EE-14AB6D2E55EF', N'[{"Key": "Name", "Value": "Mua"}, {"Key": "Image", "Value": "test.png"}, {"Key": "Price", "Value": "0"}, {"Key": "ShoppingItems", "Value": "[Sò, Bột ngô, Dầu olive, Ngao, Cá chim, Rau muống xanh, Khoai tây lát]"}]', '[]'),
('26e9d479-36e5-45ae-ae9c-fe6852733f8f', 'Inside water do get finish pick shake level.', 'none', 'B9F74F9E-F792-4C48-B1B6-B6F0BC402D07', N'[{"Key": "Name", "Value": "Máy kho lạnh"}, {"Key": "Size", "Value": "Nhỏ"}, {"Key": "Quantity", "Value": "4"}, {"Key": "Price", "Value": "0"}]', '[]'),
('09ef7289-27ae-4e1b-a838-72fe3eaf7e71', 'Cost develop left poor.', 'none', 'EF2034C1-7F44-4D07-B9C0-E2A497999A9D', N'[{"Key": "Name", "Value": "Quạt đứng cắm điện"}, {"Key": "Size", "Value": "Vừa"}, {"Key": "Quantity", "Value": "3"}, {"Key": "Price", "Value": "0"}]', '[]'),
('088afd72-bc1d-4438-979a-fb070821c701', 'Necessary allow including level well kid.', 'none', 'C82954A1-39D4-4012-86B3-6CAD42C2B399', N'[{"Key": "Name", "Value": "Mua"}, {"Key": "Image", "Value": "test.png"}, {"Key": "Price", "Value": "0"}, {"Key": "ShoppingItems", "Value": "[Dầu ăn, Tôm càng nhỏ, Cá dạ cá, Cá chim, Ớt, Củ cải, Dưa hấu dừa, Thịt cừu, Cà tím lát, Cá thu]"}]', '[]'); 

INSERT INTO [OrderService] ([OrderId], [ServiceId]) VALUES
('3f37a0d8-35dc-4046-9c9a-3eaedc30d2d1', '075d4312-29a4-49a5-ac3d-fb3ac294234d'),
('578e522e-d1e9-408b-b65e-9e154670258c', 'fdcb21b6-f6a7-401f-8845-5a9af38f87c0'),
('898b7873-f5c7-4933-9e80-608edc727dca', 'cf13d03f-1c72-43e1-8717-62d71052132d'),
('8a444797-bf6e-4db9-9cc1-633f9a624f87', '9160cc81-f554-4b69-a5a9-8cfca5c6da35'),
('888540d0-e36c-45be-b348-ec35c3b8fe56', '6dd134b4-f44a-4bfa-b247-1d1b022b023d'),
('9bd6be70-bc8a-439d-a9cd-d14427c95152', '549f899f-d5c1-43e6-9531-d71a8fd496d2'),
('d8ae4065-c46a-4f61-a30b-e99ba6a5e67a', '956e69f7-c782-4f0b-aa0a-39d1646734bd'),
('cfa2da6a-79ff-4abf-b17d-6a5f3348b558', '778ec77e-fa93-4702-845e-16031b67a314'),
('cb234962-1858-4511-8933-2ea34a105fc4', 'ac99196f-981f-4110-b523-081dd99dc592'),
('2daffe05-68bf-45d9-926e-c07d45c71553', '303abeb2-fc13-4d58-adfa-f432e1e06641'),
('585daeeb-2827-466a-a970-f0772016d790', '044ad45a-7760-46a2-a269-7771adb5d2f9'),
('cd193bb8-7cc3-4f68-b439-995f16799384', '7167d201-cc33-4c71-b6bb-86dfd8839923'),
('4f724383-631f-4e28-9518-735c6ac342da', '1b2c40bd-a1ef-4799-8ee7-6d0b02309aed'),
('29f51638-d121-45d4-9cfb-25a56648dbee', '0b62aaaf-7bd3-472c-841d-73dd819a3805'),
('37443bcf-46e4-44bf-9d41-ed336cd21a97', '565e9641-9b9b-4079-8e4b-b0dee819e409'),
('39d20fb8-6b80-4151-8fff-88a5c4ca5ab5', '44ddfb86-9f09-4f15-a558-efb2108916e0'),
('c3569c20-1a89-49b9-a24f-16b0b3c8d4eb', 'b13feebb-2add-4506-b90a-b3eadbfdccd2'),
('f282bcbe-14ab-4583-8cda-01f1baec5eb1', '0036739e-12eb-418a-8ff7-e8e7440a6046'),
('bd401272-4bb8-42b0-84be-8e7a1b604691', 'd0ea2eec-3cff-401c-92a5-8fe07c734e75'),
('d4590ce8-0f1f-4af5-bd73-0ab3d2022879', 'c07bec0a-1127-4c86-9546-05c660504946'),
('6d12d462-00e0-4fef-927d-cdf9bab76c13', '1ec06835-ac90-437b-a621-21818af6a76f'),
('608fdba9-264a-4285-a6b1-15a1a753616a', 'bf79822d-c364-460c-b665-71572f07db6f'),
('c1c619c7-0668-4c3b-9dd3-facdfea4042d', '0906e80e-e735-4a54-8de9-6eaf91725361'),
('e00aab36-c8af-4313-bc09-e476ca4597a2', '8e7a946a-f08d-4ccf-915c-91a8cd951eb2'),
('37273afc-9879-4e95-a5e4-0c4a58723674', 'a091100e-b2da-44b3-8268-47d9cf551e85'),
('9ff0e2fb-43fe-4397-bfb8-da4c44046f48', 'c4211117-b1fd-4186-b2d9-8af530576654'),
('9b0bd01a-aa12-43ad-9940-3d2be77def37', 'ea76e259-3c93-446e-a0fa-c1c1c232e0dc'),
('aa32b3d3-513c-4f53-96f0-3ccfcb832b66', 'ba69d88c-1490-4cbf-8a3c-a50369ac5d42'),
('b73ca1e2-fb75-4247-9cb7-52bcdb6976a5', 'bfcd42dc-f62c-4e5c-89d5-cafa55d68359'),
('e42c6b87-93e6-4bfb-bffa-002b36eec460', 'a9431734-e524-4986-a0d2-158e1076f420'),
('6c85c2e3-49b9-46d6-a235-1d8715ccab2c', '8e4daf18-453a-49cc-b680-889e8304a6df'),
('1c14f035-5455-4669-affe-d778036a15bf', '8e9a33e0-9aba-4dec-80e6-7b007fd56efa'),
('93d4da0b-f69f-425b-915e-227a0f2a7d95', '01a86bd8-5aa3-4eb5-a0bd-4aeb46953b9b'),
('3933a503-1d8e-48f9-a631-bdddf0fbd9ba', '8ff5ca06-f6c1-4331-aca8-0d6a064aeec3'),
('118e8c80-86b9-4a0d-bab2-4edaa094a484', '93bf3dc7-c47d-4642-b757-47ee83c5efdc'),
('6735c2a7-d770-417e-9837-e13982bf9cfe', '6770dd1c-14a1-4501-b4cb-6d754df0c69c'),
('f0f381ed-3563-45a8-b264-2477d42cffe2', '18272d67-8715-483e-834d-1503ef4afce5'),
('a1ba8271-c06f-4108-87ad-0b14f7f2e5c6', '59b761f7-4afc-4243-920f-4a4a27dbd1ba'),
('82b37caa-8138-4fae-9591-56154ad037e7', '99174f5b-b1e3-4dc3-a4a7-9436c8f919e8'),
('807c5b10-8ae4-4fe4-9dc9-a7fed86d32f7', '0e7f7a1c-d670-4ca6-b5c7-135f63d463f8'),
('e564b5e1-41de-457b-af78-5f25b248e0b9', '7c33822e-4628-42da-9882-19e7ca7c37f9'),
('95f0069e-6208-4645-833a-21d26711053b', '24191154-5efd-4bd6-85c7-a1e3c9a14f29'),
('5c3ce1da-6e6d-4ada-ba7b-c75edc0840b5', 'f43230a5-a8ed-403a-8e32-6045f74c0fe2'),
('1a4ef377-99e3-4403-a77e-6f71df33eaa0', 'fe12f4a6-5896-43e7-96d4-ee34fb66d95d'),
('e9366098-8bd0-4dc0-a817-58e703dee8b7', '6bfd5b80-c253-4ec3-b7bf-9f84c104c1bd'),
('059c2b86-03e8-4bd6-89d2-c100704c2125', 'df0f5de7-ce92-4f48-9228-cbae56561cd8'),
('336ff667-5187-41ce-a2ad-906aeb4a1826', 'b8f55d28-007c-4527-923f-f407dcfdc32e'),
('955a1481-62a4-42ec-a7c1-1b73f7ec419a', '123d7e76-8dca-4400-9454-de378f9a09b6'),
('7edcb2db-fb78-4110-ac4c-0a24e99a097a', '4fad9d65-82a9-4381-89cc-134c0fb3e948'),
('db184b6e-0494-49fb-b16c-96bf2ef28164', 'f8a277fe-3940-40cd-8309-115edd989560'),
('818ec191-fa82-454e-b735-34dc6905ff1f', '5f7feb64-6cd1-4c5c-9c84-ff160dd2afd0'),
('6438327b-b2a1-4e90-b2f9-65c832972eb9', 'c0aff9a4-effa-4f32-9ece-05c4b921378c'),
('b0ecae9b-d261-4bc0-a164-3469d7e27ee4', 'a83a4c28-d26b-435a-aedb-21f70aa0075a'),
('a4c587d9-7560-4ba2-b6c4-555c6fc08e24', 'fd27aced-cd32-4d73-a25e-aa7f9e37ca9b'),
('ed924f17-d40a-46ae-9833-ba2cea4bb2f6', 'acec22bb-996e-4a28-8808-b913cdf83d98'),
('f578b9f4-3040-4bec-bd35-58e9f3ffac8e', 'b2da02fa-7ef5-40d0-b66f-0fd08c80d044'),
('b30e42d4-6925-4d2e-8ba5-9fbf81e46d6e', 'a74a37ad-757a-44c9-96b1-c393f9966093'),
('2760c816-a0ad-45aa-99a9-3c03e2a92ef0', '7d2b1eff-54fd-4d2e-a80e-696c7799ba6d'),
('8c9ba52f-a017-4874-b92d-3e09e896be63', '022a3aa5-35e7-42bb-a54f-36a57d65b75b'),
('a11fb3d3-c545-4231-8ec0-0b189d4487ea', '4d5fc0de-7e28-4691-abf2-336a0ecff5c5'),
('9d156de2-941e-4d9a-8b56-d09bcb806993', 'a1f833a4-c651-44cb-87f7-13c79abc81af'),
('a54a45c5-afa4-46cd-a8e4-dd393edf9afc', '5446de9b-2815-459a-87e2-431074903edd'),
('3add7b5f-779b-422a-b196-5ee04e78cef0', '1059f456-2973-4591-af53-c203b8d09ec4'),
('4231dfa7-9da0-42c7-8609-74f2792abc20', '7b038a0e-59c3-49ff-92a1-f7dddd503ca9'),
('8426d49b-9891-488c-a053-c22501e82ab3', '9a7315b3-b35d-45e4-b6e6-db7767abfb32'),
('22de11a9-2c4a-43f1-b079-2086c2399e51', '51412913-c50f-4e85-8672-4d0376894697'),
('4d9c2909-8d15-4f0a-9181-eece27d28e1b', 'e241280d-46b7-464b-ac08-7892fab9ff51'),
('6264142b-de5a-4c24-96ce-5464074eb27d', '1a290ffc-4861-4a6d-a165-e114122443d1'),
('5e22cf38-ae07-4d89-884e-66fa43087e9c', '117b54d4-de26-4168-963f-8cfcec1ffb32'),
('c79610ef-1d85-40d2-9016-b961ccae078d', 'b5492a15-606e-40cc-aaf1-97a5b1fe5267'),
('b91fd2ff-6557-4f8f-951a-e58018b41d55', '736b3d13-f3e3-4e5c-8c52-35c2b71512f1'),
('76f386f5-d4fd-4f96-bff0-0955290dd073', '4493f2c4-acff-4520-bcc7-0287c1bae94e'),
('61736f25-2fec-4563-8eab-083611045f8c', '684667fa-65a3-49ca-8d73-9b82d9afc0c8'),
('ad88bd42-8268-4c13-9827-fc15d07e0ec6', '54b43c5d-881c-46aa-909c-90b8bebf02a9'),
('95e10327-8ef4-4f73-9060-02d38eeef471', 'e8f861b7-f42c-4a80-b7f2-55ed1dde2481'),
('3f47a1e6-2936-4b69-8abc-569b0c2096ac', '024406ca-f961-42e6-8046-c0a4b5618f73'),
('8c30cfe1-5b2c-4c3d-ae05-ce6a13a11a53', '0795e5e0-8a60-4b79-8fb3-6af3603706ba'),
('9810f330-d0eb-4005-b548-ce3fb99d0aae', '63bf55b1-b84c-41d0-b484-cacda6f72514'),
('4b13ee7f-c6da-4d83-93f3-f2356a101caa', '496cc16f-8ba1-4a4f-8679-4bf975274888'),
('4ff0cb01-b85a-41cb-823c-78a533f38a99', 'eaff8cab-df13-45e9-887f-35454fcc8748'),
('f997a13c-d972-49e7-8a50-1164ec9f5616', 'a5ee5d5c-6ee6-4cfe-b5f0-16b75a206717'),
('d5b93408-6cd4-4146-8042-030c324b0117', 'b142e85e-b599-44ee-9cfb-4dd0746a8f05'),
('8f1047b0-6bc8-4188-9a73-1df9cd023d7f', 'e5e7090b-8817-49dd-b4d7-762bb98ba5fe'),
('3b6014c0-d98a-43f5-9adb-63d25632317d', 'a1bced18-42a2-41fd-b8b1-ac155824a522'),
('5b3b15a0-e840-411b-83f7-52c21aec7874', '3ec1710f-bfc8-445c-ad7f-494d4f6bfce4'),
('a0a7cd1c-4ae6-470c-b16a-813a5370a05c', '7efe925e-9386-459c-9746-3b76d3ce2b0e'),
('e498fd31-7e96-4ae9-9f48-2f1c338e3c32', 'ee64393b-e387-443e-92ac-9a938e11c2a6'),
('d3000505-4828-4206-b600-6eab4ad0b4e2', 'dbec4913-a0ea-409e-9860-4c8c0ffb2c6e'),
('baaf3c9f-7e49-4cf0-8b33-45a3bd9199e3', '6660b0a6-77a1-4d88-950e-7e309b50e6dd'),
('3df49d62-22c0-4fc6-892b-4a41d7068f6c', 'd34b0790-da7c-4afe-b48c-5b28d8d6cda8'),
('74682468-6fad-4ba5-a59d-fd19a6af2ce0', '164e7d9b-5416-4744-b931-8518bdca7ecb'),
('222c0bf4-09a7-46da-a346-4565f5a28185', '1ce24682-3f2d-4689-b322-da16ab67df44'),
('3a6ccc54-2756-4081-ad4b-2a4111fc6c59', 'c29b5808-d2dd-4515-8a27-fe5429076fcb'),
('a9c842b4-8903-4fc3-b0da-14f1959f50b6', '0fa69506-d7bf-49ff-a1a2-e5d5e5303197'),
('a8918ced-94ee-4d0e-a5ff-ea54fda321c3', '8f38f8b4-eb31-4452-ba14-eba01db713ca'),
('39d02070-29f4-4863-aa2e-d9dc6cba86ed', '8f590a01-715e-47f2-b604-b75c3eb0d972'),
('e87daed6-00fe-4c3f-bc77-f1f8bbf5164b', 'f84ec75e-b145-4ada-9d42-eec6aad1996c'),
('03973ce1-3f93-4005-98c1-b062621d2bf1', '4d49f975-2f9f-4eaf-baf8-e6e5ba65e644'),
('76fe67c1-ef9d-45a9-8ac9-4ca0ebabc40f', '819370fb-b94d-4679-8470-955a4c0e451a'),
('177cf1c5-28d8-41d8-b3e1-029338da330b', '8bb453bb-1a2d-4a8d-b6a4-29a9262668a4'),
('8041dbe3-613e-429d-afe7-6f2f09a7d683', 'ffa47a4b-2d4f-4f63-8363-cdd61218a1cd'),
('2904ba56-f2fd-49e6-8f1d-a01422c59665', '17d8aacc-7cf5-4d02-b1c0-87bac3478eb3'),
('b242caab-a532-45d0-bb16-6ec4c4827aef', 'dde74f94-72aa-4de6-b6bc-fca4dd7fceca'),
('94ab832c-3937-4fe5-b0a5-d9282ce1e82c', '39c07e61-1639-4bb7-a107-ec561cf12988'),
('a72e1349-1b0d-47f7-830c-c6760f5b3c1d', 'd5ef4004-7359-4426-a311-986fd042c8a7'),
('45a78905-229d-46d2-8e84-786fe8fefae5', '82c478ca-c032-4dd7-809f-5ecb6119deb5'),
('2fee8b1d-2d80-4a3c-aed8-87de00949c39', '9ccea7cf-df7a-40cf-8702-6600c80d8618'),
('2f3f3bed-5cd3-4223-8c37-251612031c1d', 'b53e8e8e-8ae3-4b36-90b7-99ccef428413'),
('274920c1-25e7-43ac-a091-1fad5f3ab54d', '7ef5c031-1fab-49db-ab31-4387ae04e6ec'),
('9a14c2a3-904a-4126-9f8a-9a1ba22223b4', 'bed385c9-bb55-4f21-859f-e4375ba7baa1'),
('a4cb8598-ebc3-4e10-9795-2cca05d2449e', '33833256-e050-4592-8eb4-9d1e6679c74e'),
('a5eaf515-eadb-42d4-8c30-4e06b72f10dc', '1acf2735-b975-4680-8529-b59c832c7331'),
('a63ef754-e012-40d0-ba4f-1876b5e20a15', 'ad61ea28-190e-44a8-bec9-a225ab0f097f'),
('94842e68-c843-4241-bf94-03e0d07ef33d', '9bf33846-894e-46ad-b5ee-f2c0d90494ab'),
('a471ff31-d29e-48fc-a135-d0d1ffa31c7a', '9f48939f-ec18-434e-9211-06000feeea3d'),
('664c63e5-37c2-4605-ae6a-8725a621bc69', 'fc8c082b-099c-42c7-a59d-58f30355cb97'),
('a6da8175-c057-462f-826c-dfd5359c8faf', 'a3922349-6141-40c0-82c7-e1ba53b5f70b'),
('d4f0750d-ae98-4ea0-a5a2-4d957218ea39', '8e5776e9-0551-4747-b01a-e3c82b93cc2e'),
('87afc07b-6972-4f22-8fe5-0734dc044635', '26e9d479-36e5-45ae-ae9c-fe6852733f8f'),
('a5f5fb6c-6d9b-4f71-a238-2980bf0d6a06', '09ef7289-27ae-4e1b-a838-72fe3eaf7e71'),
('ecaabca4-1379-40e1-866c-63de280055c7', '088afd72-bc1d-4438-979a-fb070821c701'); 

INSERT INTO [OrderServiceType] ([OrderId], [ServiceTypeId]) VALUES
('3f37a0d8-35dc-4046-9c9a-3eaedc30d2d1', 'CCA752D4-C17C-4C31-906F-F33CB8A18E48'),
('578e522e-d1e9-408b-b65e-9e154670258c', 'EF2034C1-7F44-4D07-B9C0-E2A497999A9D'),
('898b7873-f5c7-4933-9e80-608edc727dca', '07CB166A-4B4E-4637-B224-6277A69003D9'),
('8a444797-bf6e-4db9-9cc1-633f9a624f87', 'F1B832B2-49F3-456F-BACB-B1F8DA766BEA'),
('888540d0-e36c-45be-b348-ec35c3b8fe56', '3361BC88-9F58-4BE8-AC37-561606430F8A'),
('9bd6be70-bc8a-439d-a9cd-d14427c95152', 'EF2034C1-7F44-4D07-B9C0-E2A497999A9D'),
('d8ae4065-c46a-4f61-a30b-e99ba6a5e67a', 'C82954A1-39D4-4012-86B3-6CAD42C2B399'),
('cfa2da6a-79ff-4abf-b17d-6a5f3348b558', '88006A8C-D757-4B85-8B91-C88E6078FE9C'),
('cb234962-1858-4511-8933-2ea34a105fc4', '88006A8C-D757-4B85-8B91-C88E6078FE9C'),
('2daffe05-68bf-45d9-926e-c07d45c71553', 'F1B832B2-49F3-456F-BACB-B1F8DA766BEA'),
('585daeeb-2827-466a-a970-f0772016d790', 'C82954A1-39D4-4012-86B3-6CAD42C2B399'),
('cd193bb8-7cc3-4f68-b439-995f16799384', '73BF981F-1CFD-483D-80EE-14AB6D2E55EF'),
('4f724383-631f-4e28-9518-735c6ac342da', 'EF2034C1-7F44-4D07-B9C0-E2A497999A9D'),
('29f51638-d121-45d4-9cfb-25a56648dbee', '3361BC88-9F58-4BE8-AC37-561606430F8A'),
('37443bcf-46e4-44bf-9d41-ed336cd21a97', 'F1B832B2-49F3-456F-BACB-B1F8DA766BEA'),
('39d20fb8-6b80-4151-8fff-88a5c4ca5ab5', 'CCA752D4-C17C-4C31-906F-F33CB8A18E48'),
('c3569c20-1a89-49b9-a24f-16b0b3c8d4eb', 'F1B832B2-49F3-456F-BACB-B1F8DA766BEA'),
('f282bcbe-14ab-4583-8cda-01f1baec5eb1', 'CCA752D4-C17C-4C31-906F-F33CB8A18E48'),
('bd401272-4bb8-42b0-84be-8e7a1b604691', '3361BC88-9F58-4BE8-AC37-561606430F8A'),
('d4590ce8-0f1f-4af5-bd73-0ab3d2022879', 'CCA752D4-C17C-4C31-906F-F33CB8A18E48'),
('6d12d462-00e0-4fef-927d-cdf9bab76c13', 'EF2034C1-7F44-4D07-B9C0-E2A497999A9D'),
('608fdba9-264a-4285-a6b1-15a1a753616a', '07CB166A-4B4E-4637-B224-6277A69003D9'),
('c1c619c7-0668-4c3b-9dd3-facdfea4042d', '07CB166A-4B4E-4637-B224-6277A69003D9'),
('e00aab36-c8af-4313-bc09-e476ca4597a2', '3361BC88-9F58-4BE8-AC37-561606430F8A'),
('37273afc-9879-4e95-a5e4-0c4a58723674', 'F1B832B2-49F3-456F-BACB-B1F8DA766BEA'),
('9ff0e2fb-43fe-4397-bfb8-da4c44046f48', '73BF981F-1CFD-483D-80EE-14AB6D2E55EF'),
('9b0bd01a-aa12-43ad-9940-3d2be77def37', '07CB166A-4B4E-4637-B224-6277A69003D9'),
('aa32b3d3-513c-4f53-96f0-3ccfcb832b66', '3361BC88-9F58-4BE8-AC37-561606430F8A'),
('b73ca1e2-fb75-4247-9cb7-52bcdb6976a5', 'F1B832B2-49F3-456F-BACB-B1F8DA766BEA'),
('e42c6b87-93e6-4bfb-bffa-002b36eec460', 'C82954A1-39D4-4012-86B3-6CAD42C2B399'),
('6c85c2e3-49b9-46d6-a235-1d8715ccab2c', '96D250D4-0C0E-4521-B94E-05F3CAFCA3F3'),
('1c14f035-5455-4669-affe-d778036a15bf', '3779D349-ABCB-4DBC-ABF1-25BA9E94A695'),
('93d4da0b-f69f-425b-915e-227a0f2a7d95', 'B9F74F9E-F792-4C48-B1B6-B6F0BC402D07'),
('3933a503-1d8e-48f9-a631-bdddf0fbd9ba', '662A64BE-F7EA-4419-8978-DBF8F19159DC'),
('118e8c80-86b9-4a0d-bab2-4edaa094a484', '88006A8C-D757-4B85-8B91-C88E6078FE9C'),
('6735c2a7-d770-417e-9837-e13982bf9cfe', 'C82954A1-39D4-4012-86B3-6CAD42C2B399'),
('f0f381ed-3563-45a8-b264-2477d42cffe2', 'A5677DE0-A6A7-42C0-AB77-F34B75BEB63D'),
('a1ba8271-c06f-4108-87ad-0b14f7f2e5c6', 'F1B832B2-49F3-456F-BACB-B1F8DA766BEA'),
('82b37caa-8138-4fae-9591-56154ad037e7', '63CE2EBF-EF36-4B4A-891E-ABBDE2A75B38'),
('807c5b10-8ae4-4fe4-9dc9-a7fed86d32f7', '88006A8C-D757-4B85-8B91-C88E6078FE9C'),
('e564b5e1-41de-457b-af78-5f25b248e0b9', 'C82954A1-39D4-4012-86B3-6CAD42C2B399'),
('95f0069e-6208-4645-833a-21d26711053b', '73BF981F-1CFD-483D-80EE-14AB6D2E55EF'),
('5c3ce1da-6e6d-4ada-ba7b-c75edc0840b5', '88006A8C-D757-4B85-8B91-C88E6078FE9C'),
('1a4ef377-99e3-4403-a77e-6f71df33eaa0', '3779D349-ABCB-4DBC-ABF1-25BA9E94A695'),
('e9366098-8bd0-4dc0-a817-58e703dee8b7', '3779D349-ABCB-4DBC-ABF1-25BA9E94A695'),
('059c2b86-03e8-4bd6-89d2-c100704c2125', '3779D349-ABCB-4DBC-ABF1-25BA9E94A695'),
('336ff667-5187-41ce-a2ad-906aeb4a1826', '3779D349-ABCB-4DBC-ABF1-25BA9E94A695'),
('955a1481-62a4-42ec-a7c1-1b73f7ec419a', '63CE2EBF-EF36-4B4A-891E-ABBDE2A75B38'),
('7edcb2db-fb78-4110-ac4c-0a24e99a097a', 'F1B832B2-49F3-456F-BACB-B1F8DA766BEA'),
('db184b6e-0494-49fb-b16c-96bf2ef28164', '662A64BE-F7EA-4419-8978-DBF8F19159DC'),
('818ec191-fa82-454e-b735-34dc6905ff1f', 'F1B832B2-49F3-456F-BACB-B1F8DA766BEA'),
('6438327b-b2a1-4e90-b2f9-65c832972eb9', 'C82954A1-39D4-4012-86B3-6CAD42C2B399'),
('b0ecae9b-d261-4bc0-a164-3469d7e27ee4', '07CB166A-4B4E-4637-B224-6277A69003D9'),
('a4c587d9-7560-4ba2-b6c4-555c6fc08e24', '63CE2EBF-EF36-4B4A-891E-ABBDE2A75B38'),
('ed924f17-d40a-46ae-9833-ba2cea4bb2f6', 'CCA752D4-C17C-4C31-906F-F33CB8A18E48'),
('f578b9f4-3040-4bec-bd35-58e9f3ffac8e', 'A5677DE0-A6A7-42C0-AB77-F34B75BEB63D'),
('b30e42d4-6925-4d2e-8ba5-9fbf81e46d6e', '07CB166A-4B4E-4637-B224-6277A69003D9'),
('2760c816-a0ad-45aa-99a9-3c03e2a92ef0', 'EF2034C1-7F44-4D07-B9C0-E2A497999A9D'),
('8c9ba52f-a017-4874-b92d-3e09e896be63', '3361BC88-9F58-4BE8-AC37-561606430F8A'),
('a11fb3d3-c545-4231-8ec0-0b189d4487ea', '96D250D4-0C0E-4521-B94E-05F3CAFCA3F3'),
('9d156de2-941e-4d9a-8b56-d09bcb806993', '3361BC88-9F58-4BE8-AC37-561606430F8A'),
('a54a45c5-afa4-46cd-a8e4-dd393edf9afc', '662A64BE-F7EA-4419-8978-DBF8F19159DC'),
('3add7b5f-779b-422a-b196-5ee04e78cef0', 'B9F74F9E-F792-4C48-B1B6-B6F0BC402D07'),
('4231dfa7-9da0-42c7-8609-74f2792abc20', 'CCA752D4-C17C-4C31-906F-F33CB8A18E48'),
('8426d49b-9891-488c-a053-c22501e82ab3', 'EF2034C1-7F44-4D07-B9C0-E2A497999A9D'),
('22de11a9-2c4a-43f1-b079-2086c2399e51', 'B9F74F9E-F792-4C48-B1B6-B6F0BC402D07'),
('4d9c2909-8d15-4f0a-9181-eece27d28e1b', '63CE2EBF-EF36-4B4A-891E-ABBDE2A75B38'),
('6264142b-de5a-4c24-96ce-5464074eb27d', 'C82954A1-39D4-4012-86B3-6CAD42C2B399'),
('5e22cf38-ae07-4d89-884e-66fa43087e9c', 'B9F74F9E-F792-4C48-B1B6-B6F0BC402D07'),
('c79610ef-1d85-40d2-9016-b961ccae078d', 'A5677DE0-A6A7-42C0-AB77-F34B75BEB63D'),
('b91fd2ff-6557-4f8f-951a-e58018b41d55', '73BF981F-1CFD-483D-80EE-14AB6D2E55EF'),
('76f386f5-d4fd-4f96-bff0-0955290dd073', 'C82954A1-39D4-4012-86B3-6CAD42C2B399'),
('61736f25-2fec-4563-8eab-083611045f8c', 'CCA752D4-C17C-4C31-906F-F33CB8A18E48'),
('ad88bd42-8268-4c13-9827-fc15d07e0ec6', 'EF2034C1-7F44-4D07-B9C0-E2A497999A9D'),
('95e10327-8ef4-4f73-9060-02d38eeef471', 'F1B832B2-49F3-456F-BACB-B1F8DA766BEA'),
('3f47a1e6-2936-4b69-8abc-569b0c2096ac', '63CE2EBF-EF36-4B4A-891E-ABBDE2A75B38'),
('8c30cfe1-5b2c-4c3d-ae05-ce6a13a11a53', 'F1B832B2-49F3-456F-BACB-B1F8DA766BEA'),
('9810f330-d0eb-4005-b548-ce3fb99d0aae', 'A5677DE0-A6A7-42C0-AB77-F34B75BEB63D'),
('4b13ee7f-c6da-4d83-93f3-f2356a101caa', 'CCA752D4-C17C-4C31-906F-F33CB8A18E48'),
('4ff0cb01-b85a-41cb-823c-78a533f38a99', 'CCA752D4-C17C-4C31-906F-F33CB8A18E48'),
('f997a13c-d972-49e7-8a50-1164ec9f5616', '73BF981F-1CFD-483D-80EE-14AB6D2E55EF'),
('d5b93408-6cd4-4146-8042-030c324b0117', '662A64BE-F7EA-4419-8978-DBF8F19159DC'),
('8f1047b0-6bc8-4188-9a73-1df9cd023d7f', '662A64BE-F7EA-4419-8978-DBF8F19159DC'),
('3b6014c0-d98a-43f5-9adb-63d25632317d', '07CB166A-4B4E-4637-B224-6277A69003D9'),
('5b3b15a0-e840-411b-83f7-52c21aec7874', '63CE2EBF-EF36-4B4A-891E-ABBDE2A75B38'),
('a0a7cd1c-4ae6-470c-b16a-813a5370a05c', 'B9F74F9E-F792-4C48-B1B6-B6F0BC402D07'),
('e498fd31-7e96-4ae9-9f48-2f1c338e3c32', '662A64BE-F7EA-4419-8978-DBF8F19159DC'),
('d3000505-4828-4206-b600-6eab4ad0b4e2', 'F1B832B2-49F3-456F-BACB-B1F8DA766BEA'),
('baaf3c9f-7e49-4cf0-8b33-45a3bd9199e3', '73BF981F-1CFD-483D-80EE-14AB6D2E55EF'),
('3df49d62-22c0-4fc6-892b-4a41d7068f6c', 'B9F74F9E-F792-4C48-B1B6-B6F0BC402D07'),
('74682468-6fad-4ba5-a59d-fd19a6af2ce0', 'F1B832B2-49F3-456F-BACB-B1F8DA766BEA'),
('222c0bf4-09a7-46da-a346-4565f5a28185', 'EF2034C1-7F44-4D07-B9C0-E2A497999A9D'),
('3a6ccc54-2756-4081-ad4b-2a4111fc6c59', 'C82954A1-39D4-4012-86B3-6CAD42C2B399'),
('a9c842b4-8903-4fc3-b0da-14f1959f50b6', '07CB166A-4B4E-4637-B224-6277A69003D9'),
('a8918ced-94ee-4d0e-a5ff-ea54fda321c3', 'A5677DE0-A6A7-42C0-AB77-F34B75BEB63D'),
('39d02070-29f4-4863-aa2e-d9dc6cba86ed', '3779D349-ABCB-4DBC-ABF1-25BA9E94A695'),
('e87daed6-00fe-4c3f-bc77-f1f8bbf5164b', '3779D349-ABCB-4DBC-ABF1-25BA9E94A695'),
('03973ce1-3f93-4005-98c1-b062621d2bf1', 'CCA752D4-C17C-4C31-906F-F33CB8A18E48'),
('76fe67c1-ef9d-45a9-8ac9-4ca0ebabc40f', 'F1B832B2-49F3-456F-BACB-B1F8DA766BEA'),
('177cf1c5-28d8-41d8-b3e1-029338da330b', '3361BC88-9F58-4BE8-AC37-561606430F8A'),
('8041dbe3-613e-429d-afe7-6f2f09a7d683', 'B9F74F9E-F792-4C48-B1B6-B6F0BC402D07'),
('2904ba56-f2fd-49e6-8f1d-a01422c59665', 'B9F74F9E-F792-4C48-B1B6-B6F0BC402D07'),
('b242caab-a532-45d0-bb16-6ec4c4827aef', '3361BC88-9F58-4BE8-AC37-561606430F8A'),
('94ab832c-3937-4fe5-b0a5-d9282ce1e82c', 'F1B832B2-49F3-456F-BACB-B1F8DA766BEA'),
('a72e1349-1b0d-47f7-830c-c6760f5b3c1d', '662A64BE-F7EA-4419-8978-DBF8F19159DC'),
('45a78905-229d-46d2-8e84-786fe8fefae5', 'C82954A1-39D4-4012-86B3-6CAD42C2B399'),
('2fee8b1d-2d80-4a3c-aed8-87de00949c39', '88006A8C-D757-4B85-8B91-C88E6078FE9C'),
('2f3f3bed-5cd3-4223-8c37-251612031c1d', '73BF981F-1CFD-483D-80EE-14AB6D2E55EF'),
('274920c1-25e7-43ac-a091-1fad5f3ab54d', '88006A8C-D757-4B85-8B91-C88E6078FE9C'),
('9a14c2a3-904a-4126-9f8a-9a1ba22223b4', '96D250D4-0C0E-4521-B94E-05F3CAFCA3F3'),
('a4cb8598-ebc3-4e10-9795-2cca05d2449e', '88006A8C-D757-4B85-8B91-C88E6078FE9C'),
('a5eaf515-eadb-42d4-8c30-4e06b72f10dc', 'CCA752D4-C17C-4C31-906F-F33CB8A18E48'),
('a63ef754-e012-40d0-ba4f-1876b5e20a15', 'F1B832B2-49F3-456F-BACB-B1F8DA766BEA'),
('94842e68-c843-4241-bf94-03e0d07ef33d', 'C82954A1-39D4-4012-86B3-6CAD42C2B399'),
('a471ff31-d29e-48fc-a135-d0d1ffa31c7a', 'F1B832B2-49F3-456F-BACB-B1F8DA766BEA'),
('664c63e5-37c2-4605-ae6a-8725a621bc69', '662A64BE-F7EA-4419-8978-DBF8F19159DC'),
('a6da8175-c057-462f-826c-dfd5359c8faf', '3361BC88-9F58-4BE8-AC37-561606430F8A'),
('d4f0750d-ae98-4ea0-a5a2-4d957218ea39', '73BF981F-1CFD-483D-80EE-14AB6D2E55EF'),
('87afc07b-6972-4f22-8fe5-0734dc044635', 'B9F74F9E-F792-4C48-B1B6-B6F0BC402D07'),
('a5f5fb6c-6d9b-4f71-a238-2980bf0d6a06', 'EF2034C1-7F44-4D07-B9C0-E2A497999A9D'),
('ecaabca4-1379-40e1-866c-63de280055c7', 'C82954A1-39D4-4012-86B3-6CAD42C2B399'); 

INSERT INTO [FreelanceQuizQuestions] ([Id], [Type], [OfSkills], [Question], [Point]) VALUES
('da6edeac-ffff-4fd9-a787-0b846d55b1ce', 'SingleChoice', '["RepairingService"]', N'Điện áp chuẩn của mạng điện xoay chiều trong gia đình là bao nhiêu?', 10),
('2dcb2fbd-15f7-4552-968e-24df4b59e505', 'SingleChoice', '["RepairingService"]', N'Linh kiện nào điều khiển nhiệt độ trong tủ lạnh?', 10),
('26700f8f-8b53-43c8-bddd-26cb95cf1a19', 'SingleChoice', '["RepairingService"]', N'Thiết bị nào được sử dụng để đo điện trở?', 10),
('1202171b-615a-4656-8477-6a4b12e63f24', 'SingleChoice', '["RepairingService"]', N'Cách tốt nhất để xử lý thiết bị điện bị chập cháy là gì?', 10),
('737204a6-9e5c-4641-856a-ac1fdd9821d4', 'SingleChoice', '["RepairingService"]', N'Công cụ nào được sử dụng để tháo lắp ốc vít?', 10),
('591f1018-8192-4158-a1b3-178d5637966e', 'SingleChoice', '["RepairingService"]', N'Linh kiện nào điều khiển tốc độ quay của máy giặt?', 10),
('94ce6ffa-23be-40c0-8c3d-42a656bfcd67', 'SingleChoice', '["RepairingService"]', N'Nguyên nhân phổ biến gây ra sự cố máy hút bụi?', 10),
('f5ffcfc3-378d-42bb-b48c-3846692f8427', 'SingleChoice', '["RepairingService"]', N'Thiết bị nào được sử dụng để kiểm tra sự liên tục của mạch điện?', 10),
('23fe2a21-44f6-4659-a8e7-bf1c7bcf3caa', 'SingleChoice', '["RepairingService"]', N'Biện pháp an toàn nào cần thực hiện trước khi sửa chữa thiết bị điện?', 10),
('7e34bf75-8f73-401c-aaa1-23c14112a7e5', 'SingleChoice', '["RepairingService"]', N'Nguyên nhân gây ra sự cố máy sấy quần áo không hoạt động?', 10),
('e1ea1339-7f5b-4809-87dd-f1c1fff21b5f', 'SingleChoice', '["RepairingService"]', N'Công cụ nào được sử dụng để đo điện áp?', 10),
('14d425c4-7bda-4ba9-8cee-ff1867bcfe1f', 'SingleChoice', '["RepairingService"]', N'Biện pháp an toàn nào cần thực hiện khi sửa chữa thiết bị điện ở độ cao?', 10),
('46d62ad5-5b1a-421e-a801-19b7e76279d7', 'SingleChoice', '["RepairingService"]', N'Nguyên nhân gây ra sự cố lò vi sóng không hoạt động?', 10),
('11cbe079-9bfc-4f95-90b0-d8b95caa8fe8', 'SingleChoice', '["RepairingService"]', N'Công cụ nào được sử dụng để đo dòng điện?', 10),
('507623a3-e948-401b-953e-f37059389804', 'SingleChoice', '["RepairingService"]', N'Nguyên nhân gây ra sự cố máy gia đình phát ra tiếng ồn lớn?', 10),
('faec41e8-036f-4cb2-8918-c9addf2c5ebc', 'SingleChoice', '["RepairingService"]', N'Công cụ nào được sử dụng để kiểm tra liên tục của mạch?', 10),
('d6ce77e6-46d7-4815-9267-8f6585a03ac6', 'SingleChoice', '["RepairingService"]', N'Nguyên nhân gây ra sự cố máy ép trái cây không hoạt động?', 10),
('89df1af2-481b-4ec0-99af-7833fe478be1', 'SingleChoice', '["RepairingService"]', N'Biện pháp an toàn nào cần thực hiện khi sửa chữa thiết bị điện ở khu vực hẹp?', 10),
('f4d33fd2-038a-449f-b46e-6da438fccf63', 'SingleChoice', '["RepairingService"]', N'Nguyên nhân gây ra sự cố quạt điện không hoạt động?', 10),
('708ae29d-21e0-4cec-8da5-823d65d91aa7', 'SingleChoice', '["RepairingService"]', N'Công cụ nào được sử dụng để kiểm tra điện áp xoay chiều?', 10),
('995d115b-d6d7-4384-89e1-8270b127c424', 'SingleChoice', '["RepairingService"]', N'Nguyên nhân gây ra sự cố bàn ủi hơi nước không phun hơi nước?', 10),
('50c635a9-4f60-4030-9d2d-e03cccf99248', 'SingleChoice', '["RepairingService"]', N'Biện pháp an toàn nào cần thực hiện khi sửa chữa thiết bị điện ở môi trường ẩm ướt?', 10),
('6a77fd2e-d55c-4617-88f0-3b366cdff7fe', 'SingleChoice', '["RepairingService"]', N'Nguyên nhân gây ra sự cố máy làm bánh mì không nướng được?', 10),
('0c771d7b-a4e8-4278-a17c-d5e6a4263f6b', 'SingleChoice', '["RepairingService"]', N'Công cụ nào được sử dụng để đo công suất điện?', 10),
('6d92a031-8631-40ef-83dc-441461ea86d5', 'SingleChoice', '["RepairingService"]', N'Nguyên nhân gây ra sự cố máy hút khói không hoạt động?', 10),
('b2220188-8f63-4a9e-95e7-054c57e64514', 'SingleChoice', '["RepairingService"]', N'Công cụ nào được sử dụng để phát hiện sự rò rỉ điện?', 10),
('49625fc3-58f2-4435-a472-ae100268f661', 'SingleChoice', '["RepairingService"]', N'Nguyên nhân gây ra sự cố đèn chiếu sáng không sáng?', 10),
('a323890e-16dd-4676-a76b-d7197d3d452c', 'SingleChoice', '["RepairingService"]', N'Biện pháp an toàn nào cần thực hiện khi sửa chữa thiết bị điện ở nơi tối?', 10),
('8a87cbb0-3505-487e-8d87-4b3806cbf3bd', 'SingleChoice', '["RepairingService"]', N'Nguyên nhân gây ra sự cố máy rửa bát không xả nước?', 10),
('adf5e1e3-3d30-49b0-8552-2d0c4a98072f', 'SingleChoice', '["RepairingService"]', N'Công cụ nào được sử dụng để kiểm tra liên tục của mạch điện?', 10),
('b4e4cb25-f259-400c-bd44-c6cbe35e553e', 'SingleChoice', '["RepairingService"]', N'Nguyên nhân gây ra sự cố máy xay sinh tố không hoạt động?', 10),
('72d9d69d-ec2a-449c-ac30-7f32c26bc6ee', 'SingleChoice', '["RepairingService"]', N'Biện pháp an toàn nào cần thực hiện khi sửa chữa thiết bị điện ở nơi có nhiều bụi bẩn?', 10),
('ae714e7d-e8bf-4169-b30c-ec9d0fb4fd7f', 'SingleChoice', '["RepairingService"]', N'Nguyên nhân gây ra sự cố máy hút mùi không hoạt động?', 10),
('b2b7c8f0-de19-43a8-be41-33c5988334f4', 'SingleChoice', '["RepairingService"]', N'Công cụ nào được sử dụng để đo điện trở của mạch điện?', 10),
('3873d680-edf9-45b4-aa73-cd08ecf9b709', 'SingleChoice', '["RepairingService"]', N'Nguyên nhân gây ra sự cố máy sấy tóc không hoạt động?', 10),
('e70822a6-2b51-42aa-909f-575bb04684fb', 'SingleChoice', '["RepairingService"]', N'Biện pháp an toàn nào cần thực hiện khi sửa chữa thiết bị điện ở nơi có nguy cơ bị điện giật?', 10),
('e27ab7d8-8075-4336-98ab-521fa3922059', 'SingleChoice', '["RepairingService"]', N'Nguyên nhân gây ra sự cố máy ép nước cam không hoạt động?', 10),
('4fea5dc4-fee5-46c2-b170-83ca9e440597', 'SingleChoice', '["RepairingService"]', N'Công cụ nào được sử dụng để phát hiện điện áp xoay chiều?', 10),
('e19700b9-87e4-4cf3-bc48-085a19e78e09', 'SingleChoice', '["RepairingService"]', N'Nguyên nhân gây ra sự cố máy làm mát không hoạt động?', 10),
('f8acbb90-e55e-4a9a-960d-c95a4a8a8933', 'SingleChoice', '["RepairingService"]', N'Biện pháp an toàn nào cần thực hiện khi sửa chữa thiết bị điện có nguy cơ bị điện giật cao?', 10),
('170f8c75-808c-49a0-86c7-a32f55e8ccec', 'SingleChoice', '["RepairingService"]', N'Nguyên nhân gây ra sự cố máy pha cà phê không hoạt động?', 10),
('482e2754-905e-4b50-9dc8-44ffa05992c5', 'SingleChoice', '["RepairingService"]', N'Công cụ nào được sử dụng để phát hiện điện áp một chiều?', 10),
('a35a52ba-1de0-4241-80a3-2689b410b7d5', 'SingleChoice', '["RepairingService"]', N'Nguyên nhân gây ra sự cố máy nướng bánh mì không hoạt động?', 10),
('1c1c288e-9755-4ded-b5bf-a81323c8096d', 'SingleChoice', '["RepairingService"]', N'Biện pháp an toàn nào cần thực hiện khi sửa chữa thiết bị điện ở nơi có nguy cơ cháy nổ?', 10),
('54365188-14cb-4af8-ac01-12ff81283ee6', 'SingleChoice', '["RepairingService"]', N'Nguyên nhân gây ra sự cố máy trộn bột không hoạt động?', 10),
('fbbbc7ab-307e-4e09-9a4a-26ec622b794f', 'SingleChoice', '["RepairingService"]', N'Công cụ nào được sử dụng để kiểm tra sự liên tục của mạch điện?', 10),
('9085c9e2-1d85-48d9-b738-655ba30f2cde', 'SingleChoice', '["RepairingService"]', N'Nguyên nhân gây ra sự cố máy hút khói/mùi không hoạt động?', 10),
('dfb60884-1aa3-42bf-8ef1-25f917c0da62', 'SingleChoice', '["RepairingService"]', N'Biện pháp an toàn nào cần thực hiện khi sửa chữa thiết bị điện ở nơi có nguy cơ bị giật điện cao?', 10),
('3d6f9b9d-213f-4204-a933-df2a6368d19c', 'SingleChoice', '["RepairingService"]', N'Nguyên nhân gây ra sự cố máy chà sàn không hoạt động?', 10),
('21b301e2-7a12-4be8-9357-91d6677d415b', 'SingleChoice', '["RepairingService"]', N'Công cụ nào được sử dụng để phát hiện sự cố trong mạch điện?', 10),
('cc25244a-181b-47b8-ade0-3f1d77154807', 'SingleChoice', '["RepairingService"]', N'Nguyên nhân gây ra sự cố máy đánh trứng không hoạt động?', 10),
('6e159dae-3b11-45b8-af86-5c1393d1a186', 'SingleChoice', '["RepairingService"]', N'Biện pháp an toàn nào cần thực hiện khi sửa chữa thiết bị điện ở nơi có nguy cơ bị điện giật cao?', 10),
('16736d8d-1e19-415a-ad2f-b29a0aa92efa', 'SingleChoice', '["RepairingService"]', N'Nguyên nhân gây ra sự cố máy hút bụi không hoạt động?', 10),
('b81a7804-951b-48ac-b8b3-230c0d8f5f41', 'SingleChoice', '["RepairingService"]', N'Công cụ nào được sử dụng để phát hiện sự rò rỉ điện trong mạch?', 10),
('0d3f0649-01bf-41db-91ac-59e8a4bd7e52', 'SingleChoice', '["RepairingService"]', N'Nguyên nhân gây ra sự cố máy vắt ly tâm không hoạt động?', 10),
('49d048c5-f9a1-4271-aa3f-8d9fa375be44', 'SingleChoice', '["RepairingService"]', N'Biện pháp an toàn nào cần thực hiện khi sửa chữa thiết bị điện ở nơi có nguy cơ cháy nổ cao?', 10),
('4346f444-8748-461b-9a04-c9b5f70899fb', 'SingleChoice', '["RepairingService"]', N'Nguyên nhân gây ra sự cố máy sấy quần áo không hoạt động?', 10),
('625ef0d1-c3b8-4a62-b4e1-173f79a751a6', 'SingleChoice', '["RepairingService"]', N'Công cụ nào được sử dụng để kiểm tra sự hoạt động của mạch điện?', 10),
('1fe156be-cb3c-4fe8-820b-1e1ed3686acd', 'SingleChoice', '["RepairingService"]', N'Nguyên nhân gây ra sự cố máy xay thịt không hoạt động?', 10),
('d3adc87c-a726-44bd-9949-7b0d6566caef', 'SingleChoice', '["RepairingService"]', N'Biện pháp an toàn nào cần thực hiện khi sửa chữa thiết bị điện ở nơi có nguy cơ cháy nổ cao?', 10),
('2e91462e-1fc5-4da7-b72d-babf7575699e', 'SingleChoice', '["RepairingService"]', N'Nguyên nhân gây ra sự cố máy ép trái cây không hoạt động?', 10),
('edf51c55-15be-40c3-add8-deb43302291c', 'SingleChoice', '["RepairingService"]', N'Công cụ nào được sử dụng để kiểm tra sự rò rỉ điện trong hệ thống điện?', 10),
('9db08ca9-d508-450f-bd18-6a704875cbe4', 'SingleChoice', '["RepairingService"]', N'Nguyên nhân gây ra sự cố máy ép nước cam không hoạt động?', 10),
('7e3148f7-16ad-4364-8b6d-d0900b07d17d', 'SingleChoice', '["RepairingService"]', N'Biện pháp an toàn nào cần thực hiện khi sửa chữa thiết bị điện ở nơi có nguy cơ bị điện giật cao?', 10),
('b1824d37-217b-4a84-a162-65949805516e', 'SingleChoice', '["RepairingService"]', N'Nguyên nhân gây ra sự cố máy gia đình không khởi động được?', 10),
('0a8f07a6-b9e5-4d28-8451-831c0c34aa01', 'SingleChoice', '["RepairingService"]', N'Công cụ nào được sử dụng để phát hiện sự cố trong mạch điện?', 10),
('6b60da5e-8101-4d5e-b371-dceb7e26621c', 'SingleChoice', '["RepairingService"]', N'Nguyên nhân gây ra sự cố máy pha cà phê không hoạt động?', 10),
('fb79ef8c-1f95-4652-aab3-2e2687bb1dad', 'SingleChoice', '["RepairingService"]', N'Biện pháp an toàn nào cần thực hiện khi sửa chữa thiết bị điện ở nơi có nguy cơ bị điện giật cao?', 10),
('ce938d1e-e828-478a-a17e-0a5fa44ee801', 'SingleChoice', '["RepairingService"]', N'Nguyên nhân gây ra sự cố máy đánh trứng không hoạt động?', 10),
('526099f3-42a6-4ec2-9cca-b633aea92f03', 'SingleChoice', '["RepairingService"]', N'Công cụ nào được sử dụng để kiểm tra sự rò rỉ điện trong hệ thống điện?', 10),
('f5115586-f2ff-468e-ba9d-d0333d7b6297', 'SingleChoice', '["RepairingService"]', N'Nguyên nhân gây ra sự cố máy làm đá không hoạt động?', 10),
('c778343f-7594-4618-b0fe-11ddf5453809', 'SingleChoice', '["RepairingService"]', N'Biện pháp an toàn nào cần thực hiện khi sửa chữa thiết bị điện ở nơi có nguy cơ bị điện giật cao?', 10),
('f9f74a9f-ee96-479a-9386-ea4c5cea8c84', 'SingleChoice', '["RepairingService"]', N'Nguyên nhân gây ra sự cố máy xay sinh tố không hoạt động?', 10),
('ab485905-a73e-4a80-86fd-9e9deb265b59', 'SingleChoice', '["RepairingService"]', N'Công cụ nào được sử dụng để đo dòng điện xoay chiều?', 10),
('b5a24e43-e335-4d32-aabb-8bfc15b54e1f', 'SingleChoice', '["RepairingService"]', N'Nguyên nhân gây ra sự cố máy gia đình phát ra tiếng ồn lớn?', 10),
('da7896d4-aed0-4281-ab63-5e71ccadadb5', 'SingleChoice', '["RepairingService"]', N'Biện pháp an toàn nào cần thực hiện khi sửa chữa thiết bị điện ở nơi có nguy cơ giật điện cao?', 10),
('f0240a0e-56b8-433f-a9af-ca40a16b0a86', 'SingleChoice', '["RepairingService"]', N'Nguyên nhân gây ra sự cố máy hút mùi không hoạt động?', 10),
('9e21755f-d819-4131-91d9-7cfe3d2fe4bf', 'SingleChoice', '["RepairingService"]', N'Công cụ nào được sử dụng để kiểm tra sự hoạt động của mạch điện?', 10),
('808cbd94-a9fe-412f-a6a2-a79b420adbd1', 'SingleChoice', '["RepairingService"]', N'Nguyên nhân gây ra sự cố máy hút bụi không hoạt động?', 10),
('57128946-699f-424e-976f-af8106b34942', 'SingleChoice', '["RepairingService"]', N'Biện pháp an toàn nào cần thực hiện khi sửa chữa thiết bị điện ở nơi có nguy cơ cháy nổ cao?', 10),
('ea70c844-fc0b-4611-a9c1-e55100ad222b', 'SingleChoice', '["CleaningService"]', N'Dung dịch nào được sử dụng để làm sạch bề mặt bằng gỗ?', 10),
('c5d491dc-c765-4209-a7e4-65624e4caaab', 'SingleChoice', '["CleaningService"]', N'Cách nào là tốt nhất để loại bỏ vết bẩn cứng đầu trên sàn nhà?', 10),
('e1f33b6c-880f-41b1-bf43-c6acd887af99', 'SingleChoice', '["CleaningService"]', N'Khi dọn dẹp phòng tắm, bạn nên lau chùi theo thứ tự nào?', 10),
('69d5a92e-d0b1-4955-a385-2c512527e9d6', 'SingleChoice', '["CleaningService"]', N'Cách nào là hiệu quả nhất để làm sạch bếp từ?', 10),
('7bd90439-33b2-4358-8462-0f77d32e4234', 'SingleChoice', '["CleaningService"]', N'Khi làm sạch tủ lạnh, bạn nên thực hiện những bước nào?', 10),
('8fc9a23a-2504-45f6-885c-85ada239458d', 'SingleChoice', '["CleaningService"]', N'Cách nào là tốt nhất để làm sạch thảm trải sàn?', 10),
('a0cc41bc-e21e-428e-a724-cab8a53d877b', 'SingleChoice', '["CleaningService"]', N'Làm thế nào để làm sạch vết bẩn trên tường?', 10),
('b544b3af-2412-4612-8262-0d7851c49ecc', 'SingleChoice', '["CleaningService"]', N'Cách nào là tốt nhất để làm sạch sàn gỗ?', 10),
('2d2ec3de-f48c-4241-9355-460dc8425704', 'SingleChoice', '["CleaningService"]', N'Cách nào là hiệu quả nhất để làm sạch kính?', 10),
('ae2935a5-905c-45b9-90e9-84165d2d1e2c', 'SingleChoice', '["CleaningService"]', N'Làm thế nào để làm sạch bàn ghế bọc nỉ?', 10),
('cf1340c4-374d-4a29-9488-690e398a8b49', 'SingleChoice', '["CleaningService"]', N'Cách nào là tốt nhất để làm sạch lò vi sóng?', 10),
('1d2c8565-6447-4ca1-aaff-debb724dc091', 'SingleChoice', '["CleaningService"]', N'Làm thế nào để làm sạch rèm cửa?', 10),
('ff21ff71-6158-4268-b2f1-a06693a09d2b', 'SingleChoice', '["CleaningService"]', N'Làm thế nào để làm sạch đồ dùng trong nhà bếp?', 10),
('5a9b89f4-fc28-465e-8959-221c74f210f2', 'SingleChoice', '["CleaningService"]', N'Cách nào là hiệu quả nhất để làm sạch đồ gỗ?', 10),
('cd56918c-a1c3-4b9c-9e39-0def31314285', 'SingleChoice', '["CleaningService"]', N'Khi làm sạch khu vực xung quanh bồn rửa, bạn nên bắt đầu từ đâu?', 10),
('9a6aa34f-f854-4e1e-a3e0-66734d9421a3', 'SingleChoice', '["CleaningService"]', N'Cách nào là tốt nhất để làm sạch vết dầu mỡ trên bếp từ?', 10),
('38f8f569-1fec-4660-b8f3-ff25db74f206', 'SingleChoice', '["CleaningService"]', N'Làm thế nào để làm sạch đồ trang sức bằng bạc?', 10),
('46096dac-e321-4b28-86f2-6850b02e760c', 'SingleChoice', '["CleaningService"]', N'Tỷ lệ khuyến nghị giữa thuốc tẩy và nước để khử trùng bề mặt là gì?', 10),
('9be56f19-688d-4a14-b3d0-d3ffe03dbefb', 'SingleChoice', '["CleaningService"]', N'Cách nào là hiệu quả nhất để làm sạch sàn gạch men?', 10),
('7e53bf63-0166-44f4-86c9-a220e7695b49', 'SingleChoice', '["CleaningService"]', N'Cách nào là tốt nhất để làm sạch vết bẩn cứng đầu trên tường?', 10),
('dbe956e7-8e19-4beb-9820-503f0723ded9', 'SingleChoice', '["CleaningService"]', N'Cách nào là tốt nhất để làm sạch đồ trang sức bằng vàng?', 10),
('b516d63b-73db-4977-a723-00ce476327bd', 'SingleChoice', '["CleaningService"]', N'Làm thế nào để làm sạch đồ gốm sứ?', 10),
('90125ad7-5fbe-45f3-912a-6d23590b964b', 'SingleChoice', '["CleaningService"]', N'Cách nào là tốt nhất để làm sạch vết bẩn trên đệm giường?', 10),
('ea2e444a-ae37-49a1-85e8-2dbff9996b77', 'SingleChoice', '["CleaningService"]', N'Cách nào là hiệu quả nhất để làm sạch bồn tắm?', 10),
('ea29c3e7-0a03-42e6-a536-7bd69685fadf', 'SingleChoice', '["CleaningService"]', N'Cách nào là tốt nhất để làm sạch đồ bằng da?', 10),
('6a30a088-47b5-4a26-88dd-c0c9e3e1ce31', 'SingleChoice', '["CleaningService"]', N'Khi dọn dẹp phòng ngủ, bạn nên làm việc theo thứ tự nào?', 10),
('76361808-515d-43ff-8223-13f7fdefcbd0', 'SingleChoice', '["CleaningService"]', N'Cách nào là hiệu quả nhất để làm sạch khu vực nhà bếp?', 10),
('5adb4795-6d0a-4513-85db-56cd836415a2', 'SingleChoice', '["CleaningService"]', N'Làm thế nào để làm sạch đồ trang sức bằng đá quý?', 10),
('cb343095-a023-4e48-bb2a-f0d9d4464520', 'SingleChoice', '["CleaningService"]', N'Cách nào là tốt nhất để làm sạch đồ trang sức bằng ngọc trai?', 10),
('60b4da26-6c03-4a9c-9569-d055796604a0', 'SingleChoice', '["CleaningService"]', N'Cách nào là hiệu quả nhất để làm sạch vết bẩn trên thảm trải sàn?', 10),
('b50daea3-ca2a-4b2f-a4f6-b38c23cfcade', 'SingleChoice', '["CleaningService"]', N'Cách nào là tốt nhất để làm sạch bồn vệ sinh?', 10),
('380f2e61-8048-42f5-ac55-dae734b35cdc', 'SingleChoice', '["CleaningService"]', N'Cách nào là hiệu quả nhất để làm sạch đồ dùng bằng nhựa?', 10),
('e34b4013-1f7f-4958-bf8d-f1c76a0f5ede', 'SingleChoice', '["CleaningService"]', N'Khi dọn dẹp phòng khách, bạn nên bắt đầu từ đâu?', 10),
('929441f7-cc62-4b0e-9ac7-3d24bcff9b6b', 'SingleChoice', '["CleaningService"]', N'Cách nào là tốt nhất để làm sạch đồ dùng bằng kim loại?', 10); 

INSERT INTO [FreelanceQuizAnswers] ([Id], [Answer], [IsCorrect], [QuestionId]) VALUES
('38970bf4-4598-4c7a-8a6c-168b5c9e2d30', '110V', 0, 'da6edeac-ffff-4fd9-a787-0b846d55b1ce'),
('809436cf-aa20-4c5b-9228-63f8786969a4', '220V', 1, 'da6edeac-ffff-4fd9-a787-0b846d55b1ce'),
('00a3d9d7-2413-4e92-985d-6174ce9cf582', '380V', 0, 'da6edeac-ffff-4fd9-a787-0b846d55b1ce'),
('0b393afc-95f6-4f88-a571-af5054f01b47', '500V', 0, 'da6edeac-ffff-4fd9-a787-0b846d55b1ce'),
('72238755-5e67-4cf1-aee8-67a06e2b105b', N'Máy nén', 0, '2dcb2fbd-15f7-4552-968e-24df4b59e505'),
('74cd49c9-1307-48d4-b87d-d2b04d8db9d2', N'Quạt tản nhiệt', 0, '2dcb2fbd-15f7-4552-968e-24df4b59e505'),
('e992e7df-9fc3-4762-b029-cf23a3c38753', 'Termostat', 1, '2dcb2fbd-15f7-4552-968e-24df4b59e505'),
('3273f2e4-f370-4559-8d54-53738d1d00f1', N'Đồng hồ đo nhiệt độ', 0, '2dcb2fbd-15f7-4552-968e-24df4b59e505'),
('7c464ea7-a013-4517-8639-074107279c48', N'Ampe kế', 0, '26700f8f-8b53-43c8-bddd-26cb95cf1a19'),
('2fdb1da5-0b99-4646-83a5-17ca66d9fc03', N'Vôn kế', 0, '26700f8f-8b53-43c8-bddd-26cb95cf1a19'),
('d6e70fb4-4b19-4820-8bdb-0c959e2f213e', N'Đồng hồ vạn năng', 1, '26700f8f-8b53-43c8-bddd-26cb95cf1a19'),
('21be0d9f-d110-409b-8531-4760a77e32bc', N'Đồng hồ đo công suất', 0, '26700f8f-8b53-43c8-bddd-26cb95cf1a19'),
('92cf158a-177b-4af4-8e84-c549282e8405', N'Dập lửa bằng nước', 0, '1202171b-615a-4656-8477-6a4b12e63f24'),
('97d14ab8-2fe5-4b51-9965-acdf12e9d8e4', N'Ngắt điện và sử dụng bình chữa cháy', 1, '1202171b-615a-4656-8477-6a4b12e63f24'),
('d603c4a5-f225-4b50-9eaf-1c09592bb798', N'Tiếp tục sử dụng thiết bị', 0, '1202171b-615a-4656-8477-6a4b12e63f24'),
('138f6c15-65dd-4e2e-94af-fbbe88d8eadd', N'Thổi để dập tắt lửa', 0, '1202171b-615a-4656-8477-6a4b12e63f24'),
('4fa5c6e5-ff51-4443-9b42-785fc35b5dca', N'Kìm', 0, '737204a6-9e5c-4641-856a-ac1fdd9821d4'),
('1fb10201-433a-4929-a90a-f31352018485', N'Tuốc nơ vít', 1, '737204a6-9e5c-4641-856a-ac1fdd9821d4'),
('d0e947ac-1c85-4648-a00b-12c4760e94a1', N'Búa', 0, '737204a6-9e5c-4641-856a-ac1fdd9821d4'),
('646c81cf-7693-4134-9a54-8d484309862e', N'Kéo', 0, '737204a6-9e5c-4641-856a-ac1fdd9821d4'),
('18d3b531-1e6c-448a-8ca1-496d259e92fc', N'Mô tơ', 0, '591f1018-8192-4158-a1b3-178d5637966e'),
('2d0cbd7e-7f93-4209-b1f1-6b192009d2e9', N'Biến tần', 1, '591f1018-8192-4158-a1b3-178d5637966e'),
('0b99e4f4-21fd-4094-93b3-ae8f0ae3634a', N'Bơm nước', 0, '591f1018-8192-4158-a1b3-178d5637966e'),
('bf95184b-bd28-4057-bf10-39f6f1b84d1e', N'Đồng hồ bấm giờ', 0, '591f1018-8192-4158-a1b3-178d5637966e'),
('602809cc-d74f-4c3a-b3a4-426c8f1e9574', N'Túi chứa đầy bụi', 1, '94ce6ffa-23be-40c0-8c3d-42a656bfcd67'),
('ed889cac-44f4-40a4-974e-af051af2abca', N'Mô tơ bị quá tải', 0, '94ce6ffa-23be-40c0-8c3d-42a656bfcd67'),
('6740e210-d1db-4f93-a8b4-1f42a4e603a8', N'Dây điện bị đứt', 0, '94ce6ffa-23be-40c0-8c3d-42a656bfcd67'),
('1644a228-94f9-4c22-924c-f802ed0fc561', N'Thiếu dầu bôi trơn', 0, '94ce6ffa-23be-40c0-8c3d-42a656bfcd67'),
('a3daae76-8fa8-4174-821b-5da36e366fd8', N'Đồng hồ vạn năng', 0, 'f5ffcfc3-378d-42bb-b48c-3846692f8427'),
('662dbb33-bb57-4ea5-8a7d-de65ad38f107', N'Máy đo ESD', 0, 'f5ffcfc3-378d-42bb-b48c-3846692f8427'),
('fdc6000f-18f9-4498-ab7e-d76c35602df2', N'Máy kiểm tra liên tục', 1, 'f5ffcfc3-378d-42bb-b48c-3846692f8427'),
('f88f0706-9d90-43e2-9153-ad6242ff9051', N'Ampe kế', 0, 'f5ffcfc3-378d-42bb-b48c-3846692f8427'),
('7565465e-ed6a-4688-928d-2ba0b61a1bb5', N'Ngắt nguồn điện', 1, '23fe2a21-44f6-4659-a8e7-bf1c7bcf3caa'),
('f94b977f-c0ff-4d56-b23b-40eeda5a27d6', N'Mở nắp thiết bị', 0, '23fe2a21-44f6-4659-a8e7-bf1c7bcf3caa'),
('907378d5-541c-45bd-9982-e92e4d3f6811', N'Kiểm tra bằng mắt thường', 0, '23fe2a21-44f6-4659-a8e7-bf1c7bcf3caa'),
('87d26eb4-99db-4f37-9d17-ba6eaba4bd90', N'Căng dây điện', 0, '23fe2a21-44f6-4659-a8e7-bf1c7bcf3caa'),
('49d3fd92-02ed-4b82-9277-3841f004d523', N'Quạt thông gió bị kẹt', 0, '7e34bf75-8f73-401c-aaa1-23c14112a7e5'),
('1cc6ac09-f14e-43cf-a55d-ddd1bc77e65e', N'Rơ le nhiệt độ bị hỏng', 1, '7e34bf75-8f73-401c-aaa1-23c14112a7e5'),
('8d8c2779-a2db-40d3-a138-97e8974fa4d4', N'Cửa không đóng kín', 0, '7e34bf75-8f73-401c-aaa1-23c14112a7e5'),
('745a317d-e6b1-43c7-b88b-deec194af754', N'Dây giũ quần áo bị rơi ra', 0, '7e34bf75-8f73-401c-aaa1-23c14112a7e5'),
('0dade933-724c-4418-85ae-fb0eae37a5bd', N'Ampe kế', 0, 'e1ea1339-7f5b-4809-87dd-f1c1fff21b5f'),
('966d36f5-3829-4608-896e-bc6338093358', N'Vôn kế', 1, 'e1ea1339-7f5b-4809-87dd-f1c1fff21b5f'),
('e351c3b7-2bea-4af5-8e95-5b4bfa8264ac', N'Máy đo ESD', 0, 'e1ea1339-7f5b-4809-87dd-f1c1fff21b5f'),
('b5650cf2-3a4b-493d-947d-e535719c9f2d', N'Máy kiểm tra liên tục', 0, 'e1ea1339-7f5b-4809-87dd-f1c1fff21b5f'),
('f170718b-868e-4c50-bc6f-fd0bf06d6e1d', N'Sử dụng thang hoặc giàn giáo an toàn', 1, '14d425c4-7bda-4ba9-8cee-ff1867bcfe1f'),
('089cca22-85d9-4034-8c02-583cc4075b4a', N'Đứng trên ghế', 0, '14d425c4-7bda-4ba9-8cee-ff1867bcfe1f'),
('9fd62196-3e10-4d01-bbd3-cd4ab664b6a5', N'Không cần biện pháp an toàn gì', 0, '14d425c4-7bda-4ba9-8cee-ff1867bcfe1f'),
('090e23d6-0693-4114-a24d-3f248903b1af', N'Sử dụng dây an toàn', 0, '14d425c4-7bda-4ba9-8cee-ff1867bcfe1f'),
('39ad3607-1e66-42ed-a34b-242c02685ec6', N'Đĩa xoay bị kẹt', 0, '46d62ad5-5b1a-421e-a801-19b7e76279d7'),
('16299b7f-c2dd-4b27-a7be-f5746bc6a127', N'Cuộn từ bị hỏng', 1, '46d62ad5-5b1a-421e-a801-19b7e76279d7'),
('bb425b68-ed43-458e-a41b-731f4d627df4', N'Đèn chiếu sáng bị hỏng', 0, '46d62ad5-5b1a-421e-a801-19b7e76279d7'),
('13562a7f-4ec8-4ac7-a628-ba81ae4d5bf3', N'Núm điều khiển bị gãy', 0, '46d62ad5-5b1a-421e-a801-19b7e76279d7'),
('5d1a6467-a625-4efd-a0bf-39618d0abba9', N'Ampe kế', 1, '11cbe079-9bfc-4f95-90b0-d8b95caa8fe8'),
('d44ea29f-ec08-46d3-a966-a62d870da8fa', N'Vôn kế', 0, '11cbe079-9bfc-4f95-90b0-d8b95caa8fe8'),
('7c9d9756-01dc-48ce-b799-02b38ff75cb4', N'Đồng hồ vạn năng', 0, '11cbe079-9bfc-4f95-90b0-d8b95caa8fe8'),
('d7d8de62-056d-40a4-9ff4-9672956d9626', N'Máy đo ESD', 0, '11cbe079-9bfc-4f95-90b0-d8b95caa8fe8'),
('957d25d2-a7b4-470b-86f0-43a30be372bd', N'Lỏng ốc vít', 0, '507623a3-e948-401b-953e-f37059389804'),
('15eaf47a-0362-4941-afbc-b4b00f1f3067', N'Quạt tản nhiệt bị hỏng', 0, '507623a3-e948-401b-953e-f37059389804'),
('2b9f1971-80f8-464f-b948-fde6031e7b4b', N'Gỉ sét hoặc rung động', 1, '507623a3-e948-401b-953e-f37059389804'),
('880a77fc-8acf-4d92-8862-15926ec47cbb', N'Dây điện bị đứt', 0, '507623a3-e948-401b-953e-f37059389804'),
('8ad4304a-3042-4a8c-af3c-fb9a85d2b6fc', N'Ampe kế', 0, 'faec41e8-036f-4cb2-8918-c9addf2c5ebc'),
('0e961ed7-57b5-4370-875b-2c89b9ef49de', N'Vôn kế', 0, 'faec41e8-036f-4cb2-8918-c9addf2c5ebc'),
('afb95172-1b95-497a-96b2-ffa84e1957b8', N'Đồng hồ vạn năng', 0, 'faec41e8-036f-4cb2-8918-c9addf2c5ebc'),
('9e39d4d2-7bda-4307-bbdc-e8bf296e9a79', N'Máy kiểm tra liên tục', 1, 'faec41e8-036f-4cb2-8918-c9addf2c5ebc'),
('7283c545-eeb3-46ef-b3d3-b2143b008cdb', N'Lưỡi dao bị mòn', 0, 'd6ce77e6-46d7-4815-9267-8f6585a03ac6'),
('263d5e60-663c-48e7-8c3f-2d62c2c2fac9', N'Núm điều khiển bị gãy', 0, 'd6ce77e6-46d7-4815-9267-8f6585a03ac6'),
('55bbbc70-0585-4114-bdf9-e49dc2112a85', N'Rơ le bảo vệ quá tải', 1, 'd6ce77e6-46d7-4815-9267-8f6585a03ac6'),
('9ca83833-47b7-4510-ba35-1dc22443bfb9', N'Chậu đựng nước bị rò rỉ', 0, 'd6ce77e6-46d7-4815-9267-8f6585a03ac6'),
('cc3dda7b-dee9-491b-941b-8caedc1e4016', N'Đảm bảo thông gió tốt', 1, '89df1af2-481b-4ec0-99af-7833fe478be1'),
('dce80d2d-5726-4130-b20c-5ae8bb97dad8', N'Làm việc trong bóng tối', 0, '89df1af2-481b-4ec0-99af-7833fe478be1'),
('05090118-cad2-4e9b-879a-3b165250c9c5', N'Không cần biện pháp an toàn gì', 0, '89df1af2-481b-4ec0-99af-7833fe478be1'),
('360fe46e-cd71-47c8-a9e1-979d6cb7f2ec', N'Sử dụng dụng cụ cầm tay', 0, '89df1af2-481b-4ec0-99af-7833fe478be1'),
('61895088-6ada-4ed6-9af3-5f33b6cb0652', N'Cân bằng quạt bị mất', 0, 'f4d33fd2-038a-449f-b46e-6da438fccf63'),
('cf8e963d-b398-4d91-b20c-1297033c3486', N'Cuộn dây động cơ bị đoản mạch', 1, 'f4d33fd2-038a-449f-b46e-6da438fccf63'),
('4f854a4c-08bd-44a1-a45e-e3005f224d3f', N'Lưỡi quạt bị gãy', 0, 'f4d33fd2-038a-449f-b46e-6da438fccf63'),
('fa43ab8b-308e-4e53-bb05-b45747cf724e', N'Núm điều khiển bị gãy', 0, 'f4d33fd2-038a-449f-b46e-6da438fccf63'),
('0859d80e-c877-4f4c-90cb-05bbe3dd86a8', N'Ampe kế', 0, '708ae29d-21e0-4cec-8da5-823d65d91aa7'),
('31036bc8-cfc7-41ac-96dc-4a99f5e77602', N'Vôn kế xoay chiều', 1, '708ae29d-21e0-4cec-8da5-823d65d91aa7'),
('75793cdc-1542-4296-8cdf-4d6ec702bd33', N'Máy kiểm tra liên tục', 0, '708ae29d-21e0-4cec-8da5-823d65d91aa7'),
('db15ebdb-8ed6-4f22-bf35-6d80ec84e088', N'Đồng hồ vạn năng', 0, '708ae29d-21e0-4cec-8da5-823d65d91aa7'),
('9edc10b2-9db4-45a4-8ef0-ffcb728815bc', N'Đế bàn ủi bị gỉ', 0, '995d115b-d6d7-4384-89e1-8270b127c424'),
('caf1380f-344d-4806-9d6a-570f58daed71', N'Núm điều khiển hơi nước bị kẹt', 0, '995d115b-d6d7-4384-89e1-8270b127c424'),
('e4f66228-ddb6-45ba-92c1-c3275e870ced', N'Vấn đề với bơm nước', 1, '995d115b-d6d7-4384-89e1-8270b127c424'),
('becaf121-71f5-4dd3-b115-f4fad5676e0e', N'Dây điện bị đứt', 0, '995d115b-d6d7-4384-89e1-8270b127c424'),
('e3ef0d7f-11cd-48c0-b06f-9fe41f7d8523', N'Sử dụng dụng cụ cách điện', 1, '50c635a9-4f60-4030-9d2d-e03cccf99248'),
('3f7ad83a-6a53-4faf-9a02-f2a9b510a1ff', N'Làm việc chân trần', 0, '50c635a9-4f60-4030-9d2d-e03cccf99248'),
('9b2a8181-ccdb-4299-8106-2bd3c0600591', N'Không cần biện pháp an toàn gì', 0, '50c635a9-4f60-4030-9d2d-e03cccf99248'),
('cc100823-3f99-4927-94b1-8fadb83f794d', N'Sử dụng dụng cụ bằng kim loại', 0, '50c635a9-4f60-4030-9d2d-e03cccf99248'),
('6bae1bb1-8eec-4a67-b3be-4d0c491de69a', N'Nhiệt độ không đủ cao', 1, '6a77fd2e-d55c-4617-88f0-3b366cdff7fe'),
('239d57cf-124e-4e76-b5f8-225e4595c633', N'Quạt thổi gió bị hỏng', 0, '6a77fd2e-d55c-4617-88f0-3b366cdff7fe'),
('77cf049f-fada-4737-87d1-e8e6bd03ea6a', N'Rơ le nhiệt độ bị hỏng', 0, '6a77fd2e-d55c-4617-88f0-3b366cdff7fe'),
('a91d9ec8-f272-4586-ab4f-f32fc90d8958', N'Núm điều khiển bị gãy', 0, '6a77fd2e-d55c-4617-88f0-3b366cdff7fe'),
('80113cd8-7538-49db-8886-d252e17039e4', N'Ampe kế', 0, '0c771d7b-a4e8-4278-a17c-d5e6a4263f6b'),
('f36a0753-65bc-48b0-ab4f-331b24bb3c87', N'Vôn kế', 0, '0c771d7b-a4e8-4278-a17c-d5e6a4263f6b'),
('2d89e628-f8c3-460e-aba6-96002790cdaf', N'Đồng hồ vạn năng', 0, '0c771d7b-a4e8-4278-a17c-d5e6a4263f6b'),
('0f76622a-4d46-4ecc-9b61-54ca7c917389', N'Watt kế', 1, '0c771d7b-a4e8-4278-a17c-d5e6a4263f6b'),
('ca42eeda-a9dc-4b2c-a7c8-578592285ce4', N'Quạt hút bị kẹt', 0, '6d92a031-8631-40ef-83dc-441461ea86d5'),
('9369256a-0628-4e00-9717-187c9e606e4d', N'Tắc nghẽn ống khói', 1, '6d92a031-8631-40ef-83dc-441461ea86d5'),
('107a9a18-994a-4bb7-a4ab-c615dc6b38c1', N'Núm điều khiển bị gãy', 0, '6d92a031-8631-40ef-83dc-441461ea86d5'),
('49e8f8c1-5a70-4c70-9995-9e4a575a87dd', N'Dây điện bị đứt', 0, '6d92a031-8631-40ef-83dc-441461ea86d5'),
('8088dc31-5507-40cb-99e9-bed0cc260445', N'Ampe kế', 0, 'b2220188-8f63-4a9e-95e7-054c57e64514'),
('55599f8f-f8ee-4534-bb27-3006ac5202b3', N'Máy dò rò rỉ điện', 1, 'b2220188-8f63-4a9e-95e7-054c57e64514'),
('775e301f-983d-4646-96c0-4ef9b98f218d', N'Vôn kế', 0, 'b2220188-8f63-4a9e-95e7-054c57e64514'),
('1547307b-f76a-412e-90bc-2c3592023dae', N'Máy kiểm tra liên tục', 0, 'b2220188-8f63-4a9e-95e7-054c57e64514'),
('a4086c22-a4ab-4517-980d-b445e1571494', N'Bóng đèn bị cháy', 1, '49625fc3-58f2-4435-a472-ae100268f661'),
('d2f244ac-57db-43da-9fd7-3c248a6e361e', N'Rơ le bảo vệ quá tải', 0, '49625fc3-58f2-4435-a472-ae100268f661'),
('02ebbccf-ee51-47dc-9b09-03a85f12e1b4', N'Quạt làm mát bị hỏng', 0, '49625fc3-58f2-4435-a472-ae100268f661'),
('fd45a268-34c3-4165-b08d-3961edcb8e8e', N'Dây điện bị đứt', 0, '49625fc3-58f2-4435-a472-ae100268f661'),
('9b12b228-e397-45a9-a687-baca3f818ddc', N'Sử dụng đèn pin hoặc đèn chiếu sáng', 1, 'a323890e-16dd-4676-a76b-d7197d3d452c'),
('2bf4598d-05b8-42cb-82ed-a6f1cb81e194', N'Làm việc trong bóng tối', 0, 'a323890e-16dd-4676-a76b-d7197d3d452c'),
('cbb26216-39e0-43b4-ae70-54f55d57130c', N'Không cần biện pháp an toàn gì', 0, 'a323890e-16dd-4676-a76b-d7197d3d452c'),
('5050ef6f-180a-466f-9620-eb030e46fd8d', N'Sử dụng dụng cụ cầm tay', 0, 'a323890e-16dd-4676-a76b-d7197d3d452c'),
('f8e7c3f3-2eb4-4b32-94ec-4a8a1ef33376', N'Bơm nước bị kẹt', 0, '8a87cbb0-3505-487e-8d87-4b3806cbf3bd'),
('a9bfe8bc-6055-46c3-b20f-a6c8f26c2867', N'Tắc nghẽn ống xả', 1, '8a87cbb0-3505-487e-8d87-4b3806cbf3bd'),
('b4586790-5514-4b9e-a958-7d4a23ee7e45', N'Núm điều khiển bị gãy', 0, '8a87cbb0-3505-487e-8d87-4b3806cbf3bd'),
('89c650f0-ce8a-44b2-985a-48cdbe432f79', N'Dây giũ chén bát bị rơi ra', 0, '8a87cbb0-3505-487e-8d87-4b3806cbf3bd'),
('b1e15920-eb50-4481-b3e2-f14834fbf52a', N'Ampe kế', 0, 'adf5e1e3-3d30-49b0-8552-2d0c4a98072f'),
('bac14a7b-6e4a-45a2-a56c-22b2a60bff3a', N'Vôn kế', 0, 'adf5e1e3-3d30-49b0-8552-2d0c4a98072f'),
('561e542e-9001-4ac2-9a74-55828dc518ed', N'Máy kiểm tra liên tục', 1, 'adf5e1e3-3d30-49b0-8552-2d0c4a98072f'),
('127a2104-bdb0-4595-a128-13f79ac78b89', N'Watt kế', 0, 'adf5e1e3-3d30-49b0-8552-2d0c4a98072f'),
('0c820341-b60f-44ed-ae68-8ea1eb63eb19', N'Lưỡi dao bị mòn', 0, 'b4e4cb25-f259-400c-bd44-c6cbe35e553e'),
('31206185-b3c5-4404-a18f-73952cf4fcf4', N'Mô tơ bị quá tải', 1, 'b4e4cb25-f259-400c-bd44-c6cbe35e553e'),
('362f0eb7-d6c2-4c94-b48f-36011339c5d9', N'Núm điều khiển bị gãy', 0, 'b4e4cb25-f259-400c-bd44-c6cbe35e553e'),
('e7d7f9f4-d856-4031-a639-12a7e866c23e', N'Dây điện bị đứt', 0, 'b4e4cb25-f259-400c-bd44-c6cbe35e553e'),
('ff06b459-3e1b-4004-86dc-25d485e90a0a', N'Sử dụng khẩu trang và kính bảo hộ', 1, '72d9d69d-ec2a-449c-ac30-7f32c26bc6ee'),
('bbe286c1-f344-4c1a-9c98-fd5afa42611d', N'Làm việc trong môi trường bụi bẩn', 0, '72d9d69d-ec2a-449c-ac30-7f32c26bc6ee'),
('e6265f9d-7c49-4cb6-8904-4f4026ef2a59', N'Không cần biện pháp an toàn gì', 0, '72d9d69d-ec2a-449c-ac30-7f32c26bc6ee'),
('7a51c35c-68c4-42a8-b1cd-53a3fb23410f', N'Sử dụng dụng cụ cầm tay', 0, '72d9d69d-ec2a-449c-ac30-7f32c26bc6ee'),
('767be181-3f9b-4bc1-8318-1f6d4987c5df', N'Quạt hút bị kẹt', 0, 'ae714e7d-e8bf-4169-b30c-ec9d0fb4fd7f'),
('083102f8-2405-4563-a777-63ace509c14f', N'Tắc nghẽn ống khói', 1, 'ae714e7d-e8bf-4169-b30c-ec9d0fb4fd7f'),
('cfa848b5-582f-44a7-b875-5c64dd56adab', N'Núm điều khiển bị gãy', 0, 'ae714e7d-e8bf-4169-b30c-ec9d0fb4fd7f'),
('658c5099-d9b3-490a-b6e6-25daf0ee4caa', N'Dây điện bị đứt', 0, 'ae714e7d-e8bf-4169-b30c-ec9d0fb4fd7f'),
('ee97905a-20e5-4921-911f-7ffffc397fc9', N'Ampe kế', 0, 'b2b7c8f0-de19-43a8-be41-33c5988334f4'),
('49fcc727-ffec-4961-8f31-0c51739e5df4', N'Vôn kế', 0, 'b2b7c8f0-de19-43a8-be41-33c5988334f4'),
('ca6402e9-6458-4509-86ce-83b0672f11b8', N'Đồng hồ vạn năng', 1, 'b2b7c8f0-de19-43a8-be41-33c5988334f4'),
('423d8b3a-9ccf-47e8-b6c1-8f061b4b8d9e', N'Watt kế', 0, 'b2b7c8f0-de19-43a8-be41-33c5988334f4'),
('3efa3112-b796-4451-adbd-b96dbc939d7f', N'Nhiệt độ quá cao', 0, '3873d680-edf9-45b4-aa73-cd08ecf9b709'),
('960df651-464b-4d75-bc02-1bd7ef6b211c', N'Mô tơ bị quá tải', 1, '3873d680-edf9-45b4-aa73-cd08ecf9b709'),
('79ea5baa-fe90-4c07-a2ff-af0882daa21c', N'Núm điều khiển bị gãy', 0, '3873d680-edf9-45b4-aa73-cd08ecf9b709'),
('f6d66c16-8f23-42c9-af82-aabf46953be0', N'Dây điện bị đứt', 0, '3873d680-edf9-45b4-aa73-cd08ecf9b709'),
('b5548972-0653-488a-b5fc-8c32a655512d', N'Sử dụng dụng cụ cách điện', 1, 'e70822a6-2b51-42aa-909f-575bb04684fb'),
('c8dbcc99-b82d-421a-88ce-3c88adacf8d6', N'Làm việc trong môi trường ẩm ướt', 0, 'e70822a6-2b51-42aa-909f-575bb04684fb'),
('e361a526-ebb2-4f78-bc74-bcc148f77eea', N'Không cần biện pháp an toàn gì', 0, 'e70822a6-2b51-42aa-909f-575bb04684fb'),
('f7608a93-8d08-4897-84ee-c885c596a673', N'Sử dụng dụng cụ bằng kim loại', 0, 'e70822a6-2b51-42aa-909f-575bb04684fb'),
('8ba97e1e-99d1-473d-b4de-87d1eb28f2b5', N'Lưỡi dao bị mòn', 0, 'e27ab7d8-8075-4336-98ab-521fa3922059'),
('581a8d33-d3d7-4a01-83d7-2ea9124b55a6', N'Rơ le bảo vệ quá tải', 1, 'e27ab7d8-8075-4336-98ab-521fa3922059'),
('50158087-c177-46d9-b0b2-dbea426de890', N'Núm điều khiển bị gãy', 0, 'e27ab7d8-8075-4336-98ab-521fa3922059'),
('542d8d9d-a72e-4dc4-8232-03b30bb47a89', N'Dây điện bị đứt', 0, 'e27ab7d8-8075-4336-98ab-521fa3922059'),
('ec4c2b23-962c-47e4-9915-8580364c9078', N'Ampe kế', 0, '4fea5dc4-fee5-46c2-b170-83ca9e440597'),
('d72ab454-fe34-433e-a720-8b7c33205fdd', N'Vôn kế xoay chiều', 1, '4fea5dc4-fee5-46c2-b170-83ca9e440597'),
('381e4ace-8c03-4a4c-ba4a-804f086bf358', N'Đồng hồ vạn năng', 0, '4fea5dc4-fee5-46c2-b170-83ca9e440597'),
('ab92d32b-7c72-48dc-8df2-0733a17661dc', N'Máy kiểm tra liên tục', 0, '4fea5dc4-fee5-46c2-b170-83ca9e440597'),
('867c9e26-7b85-45e1-98f0-b90d1ce52d10', N'Quạt tản nhiệt bị kẹt', 0, 'e19700b9-87e4-4cf3-bc48-085a19e78e09'),
('d3030bb1-42bc-4be7-821c-1d0150b3e540', N'Mô tơ bị quá tải', 0, 'e19700b9-87e4-4cf3-bc48-085a19e78e09'),
('a60326e9-2f3d-448d-9ebb-4f18e652bd3a', N'Rơ le nhiệt độ bị hỏng', 1, 'e19700b9-87e4-4cf3-bc48-085a19e78e09'),
('b0767f34-7269-455b-9f62-2d269d0050f9', N'Dây điện bị đứt', 0, 'e19700b9-87e4-4cf3-bc48-085a19e78e09'),
('7c30183f-82a9-4808-8701-403f4eb44a58', N'Sử dụng găng tay cách điện', 1, 'f8acbb90-e55e-4a9a-960d-c95a4a8a8933'),
('0a9c7a68-c466-4bc0-9d0a-87d850345e40', N'Làm việc trong môi trường ẩm ướt', 0, 'f8acbb90-e55e-4a9a-960d-c95a4a8a8933'),
('e80ea4ea-bd9c-4524-a778-fb7d9c2b43d1', N'Không cần biện pháp an toàn gì', 0, 'f8acbb90-e55e-4a9a-960d-c95a4a8a8933'),
('40aa2187-c8ea-446f-a56e-0087b102f189', N'Sử dụng dụng cụ bằng kim loại', 0, 'f8acbb90-e55e-4a9a-960d-c95a4a8a8933'),
('2b8abece-2508-4420-b10a-5d080a119c70', N'Bình chứa nước bị rò rỉ', 0, '170f8c75-808c-49a0-86c7-a32f55e8ccec'),
('f53d3faa-bdc5-46da-8aa4-bb789d2fba4c', N'Rơ le bảo vệ quá tải', 1, '170f8c75-808c-49a0-86c7-a32f55e8ccec'),
('09e7255f-7393-4060-9b15-4c749e4c997c', N'Núm điều khiển bị gãy', 0, '170f8c75-808c-49a0-86c7-a32f55e8ccec'),
('f8392f8a-2374-4eba-a264-d38d1fa78a6b', N'Dây điện bị đứt', 0, '170f8c75-808c-49a0-86c7-a32f55e8ccec'),
('07f56194-87ae-463d-8f7a-6a7af46dfa02', N'Ampe kế', 0, '482e2754-905e-4b50-9dc8-44ffa05992c5'),
('a03a756e-2a21-4dee-81cf-826ea67514a9', N'Vôn kế một chiều', 1, '482e2754-905e-4b50-9dc8-44ffa05992c5'),
('f58d6594-97d7-4bde-841a-f8fda72178cc', N'Máy kiểm tra liên tục', 0, '482e2754-905e-4b50-9dc8-44ffa05992c5'),
('7e841b44-ed70-415c-8b4e-1e61adfc6765', N'Watt kế', 0, '482e2754-905e-4b50-9dc8-44ffa05992c5'),
('ab3ac416-5891-456b-9ea9-f3d1dee78834', N'Khay đựng bánh bị kẹt', 0, 'a35a52ba-1de0-4241-80a3-2689b410b7d5'),
('6cc19c64-5bc4-4b5e-b778-2591ce769973', N'Rơ le nhiệt độ bị hỏng', 1, 'a35a52ba-1de0-4241-80a3-2689b410b7d5'),
('512f8110-09e6-4b4d-8ff5-24ccdffdf683', N'Núm điều khiển bị gãy', 0, 'a35a52ba-1de0-4241-80a3-2689b410b7d5'),
('2d8fd7c1-3792-40e5-9fcf-5f8059aa96f2', N'Dây điện bị đứt', 0, 'a35a52ba-1de0-4241-80a3-2689b410b7d5'),
('0a89eadb-5536-428b-a09a-e8dc723eb0e1', N'Sử dụng dụng cụ chống tia lửa', 1, '1c1c288e-9755-4ded-b5bf-a81323c8096d'),
('4c5803a5-0fb4-45d1-be73-6f23146d249f', N'Làm việc trong môi trường khói bụi', 0, '1c1c288e-9755-4ded-b5bf-a81323c8096d'),
('5ef82e3e-4fb6-4f32-915f-4b6d3e3092cc', N'Không cần biện pháp an toàn gì', 0, '1c1c288e-9755-4ded-b5bf-a81323c8096d'),
('f4fbf309-7d40-40c7-bc08-6c25c9a5b56f', N'Sử dụng dụng cụ bằng kim loại', 0, '1c1c288e-9755-4ded-b5bf-a81323c8096d'),
('30e67f08-8bfd-44c9-9857-aa2d9d3a07e2', N'Lưỡi trộn bị kẹt', 0, '54365188-14cb-4af8-ac01-12ff81283ee6'),
('0c13f21a-1e84-44b3-93af-ea7444e14f75', N'Rơ le bảo vệ quá tải', 1, '54365188-14cb-4af8-ac01-12ff81283ee6'),
('ee474833-a0d6-4d6b-9a2b-16430d30e82d', N'Núm điều khiển bị gãy', 0, '54365188-14cb-4af8-ac01-12ff81283ee6'),
('f6e3fc7f-2f2b-4b22-ae84-2268a18cede3', N'Dây điện bị đứt', 0, '54365188-14cb-4af8-ac01-12ff81283ee6'),
('ebcd1f61-9960-468b-aa81-87cf89293621', N'Ampe kế', 0, 'fbbbc7ab-307e-4e09-9a4a-26ec622b794f'),
('9cf489ac-6127-4d93-b4de-b3721f1771f9', N'Vôn kế', 0, 'fbbbc7ab-307e-4e09-9a4a-26ec622b794f'),
('d2254b49-c28c-4c6c-b01b-c48b181e0e6a', N'Máy kiểm tra liên tục', 1, 'fbbbc7ab-307e-4e09-9a4a-26ec622b794f'),
('1f18939c-afa7-44b8-b946-d58c9903114b', N'Watt kế', 0, 'fbbbc7ab-307e-4e09-9a4a-26ec622b794f'),
('efbfde6d-7157-4b87-99ac-333ba3df32d8', N'Quạt hút bị kẹt', 0, '9085c9e2-1d85-48d9-b738-655ba30f2cde'),
('3cbe7c9f-364b-40c7-aa5c-da3ff085d716', N'Tắc nghẽn ống khói', 1, '9085c9e2-1d85-48d9-b738-655ba30f2cde'),
('93daf4f0-c7aa-4f7d-a83a-1a535bbe11b2', N'Núm điều khiển bị gãy', 0, '9085c9e2-1d85-48d9-b738-655ba30f2cde'),
('5c19058f-a5ab-4f2e-a2f0-b847b9e8b01f', N'Dây điện bị đứt', 0, '9085c9e2-1d85-48d9-b738-655ba30f2cde'),
('d6a4e543-4abe-4f77-a88c-e92db3195bcc', N'Sử dụng giày cách điện', 1, 'dfb60884-1aa3-42bf-8ef1-25f917c0da62'),
('0b49141c-ebfc-48e5-9723-b9bf76c00fa2', N'Làm việc trên sàn ướt', 0, 'dfb60884-1aa3-42bf-8ef1-25f917c0da62'),
('554bb466-8094-4a45-8aad-61241e4b223d', N'Không cần biện pháp an toàn gì', 0, 'dfb60884-1aa3-42bf-8ef1-25f917c0da62'),
('5482b371-49b7-42f9-8b5c-bbad288da183', N'Sử dụng dụng cụ bằng kim loại', 0, 'dfb60884-1aa3-42bf-8ef1-25f917c0da62'),
('b7ad6818-d3fd-43b1-9ebb-a61b3a5b4d31', N'Bàn chải bị mòn', 0, '3d6f9b9d-213f-4204-a933-df2a6368d19c'),
('12fa8110-a64a-4a7d-94b1-66112da9f7ff', N'Mô tơ bị quá tải', 1, '3d6f9b9d-213f-4204-a933-df2a6368d19c'),
('75686940-9d90-4198-a43a-4faa329846fc', N'Núm điều khiển bị gãy', 0, '3d6f9b9d-213f-4204-a933-df2a6368d19c'),
('45754f53-bc23-4a30-b002-d74f31aef85d', N'Dây điện bị đứt', 0, '3d6f9b9d-213f-4204-a933-df2a6368d19c'),
('76fae0cd-aae0-4780-9fcc-12f7c8201e00', N'Ampe kế', 0, '21b301e2-7a12-4be8-9357-91d6677d415b'),
('7527cd79-8416-43c9-9e28-2dd2e462c80d', N'Vôn kế', 0, '21b301e2-7a12-4be8-9357-91d6677d415b'),
('22d37a8a-8a83-459b-9ca6-2ef887e963bf', N'Máy kiểm tra liên tục', 0, '21b301e2-7a12-4be8-9357-91d6677d415b'),
('8be6927b-0c43-40c2-9ed1-f994e9f09a33', N'Máy dò sự cố mạch điện', 1, '21b301e2-7a12-4be8-9357-91d6677d415b'),
('8ae60b05-a71f-4aa1-8518-2f20dc168dda', N'Que đánh trứng bị kẹt', 0, 'cc25244a-181b-47b8-ade0-3f1d77154807'),
('5258d17c-982a-46e5-9649-dca8d5649e04', N'Rơ le bảo vệ quá tải', 1, 'cc25244a-181b-47b8-ade0-3f1d77154807'),
('7e7c56a2-89f1-46ac-9603-1247209e127e', N'Núm điều khiển bị gãy', 0, 'cc25244a-181b-47b8-ade0-3f1d77154807'),
('e0a1df3d-87dc-4416-b66b-1c38a76b99a2', N'Dây điện bị đứt', 0, 'cc25244a-181b-47b8-ade0-3f1d77154807'),
('e925df7c-7750-4cb8-b752-27e5cbba4878', N'Sử dụng khay cách điện', 1, '6e159dae-3b11-45b8-af86-5c1393d1a186'),
('4e9055f0-4499-4a5a-9714-baf68c4b4b9e', N'Làm việc trên sàn lát gạch men', 0, '6e159dae-3b11-45b8-af86-5c1393d1a186'),
('c6615d78-9c37-40e7-a888-996017fa8f0c', N'Không cần biện pháp an toàn gì', 0, '6e159dae-3b11-45b8-af86-5c1393d1a186'),
('06235d28-8cc9-4782-9e36-407f2af1fed0', N'Sử dụng dụng cụ bằng kim loại', 0, '6e159dae-3b11-45b8-af86-5c1393d1a186'),
('b9ecbcc4-4ac9-4872-bd28-8e13f07c87dd', N'Quạt hút bị kẹt', 0, '16736d8d-1e19-415a-ad2f-b29a0aa92efa'),
('ead41e55-441e-4dee-97a9-a9dc1946c942', N'Túi chứa đầy bụi', 1, '16736d8d-1e19-415a-ad2f-b29a0aa92efa'),
('16839731-7ccc-4840-9c51-be185bb10e0b', N'Núm điều khiển bị gãy', 0, '16736d8d-1e19-415a-ad2f-b29a0aa92efa'),
('eef284cb-6826-43f7-a808-2f9d35cdde42', N'Dây điện bị đứt', 0, '16736d8d-1e19-415a-ad2f-b29a0aa92efa'),
('07465e2e-31de-4edb-b885-1ec922239615', N'Ampe kế', 0, 'b81a7804-951b-48ac-b8b3-230c0d8f5f41'),
('ae44cdd6-a71f-4863-94ed-5f4f76859aba', N'Vôn kế', 0, 'b81a7804-951b-48ac-b8b3-230c0d8f5f41'),
('c83d9c7b-d282-4f16-9166-24cee4371275', N'Máy kiểm tra liên tục', 0, 'b81a7804-951b-48ac-b8b3-230c0d8f5f41'),
('24738c1c-ae5a-4cd0-8ea3-b16c5db80b26', N'Máy dò rò rỉ điện', 1, 'b81a7804-951b-48ac-b8b3-230c0d8f5f41'),
('4d455d8c-70b4-4d7f-93bd-303e776c4936', N'Cân bằng ly bị mất', 0, '0d3f0649-01bf-41db-91ac-59e8a4bd7e52'),
('8c09387d-2510-44e7-af35-043ddee28d90', N'Rơ le bảo vệ quá tải', 1, '0d3f0649-01bf-41db-91ac-59e8a4bd7e52'),
('5c620d99-7880-4618-9eb3-1e6efefc3291', N'Núm điều khiển bị gãy', 0, '0d3f0649-01bf-41db-91ac-59e8a4bd7e52'),
('b28ff978-fb6e-4843-80ec-5c39f17b45a1', N'Dây điện bị đứt', 0, '0d3f0649-01bf-41db-91ac-59e8a4bd7e52'),
('90f8490e-b240-48e8-93c5-bc2b9890a9d5', N'Sử dụng dụng cụ chống tia lửa', 1, '49d048c5-f9a1-4271-aa3f-8d9fa375be44'),
('15f1469f-76d7-4b6a-8846-712b8deef40f', N'Làm việc trong không gian hẹp', 0, '49d048c5-f9a1-4271-aa3f-8d9fa375be44'),
('e1e8e47a-530f-426c-8183-6b04b281662d', N'Không cần biện pháp an toàn gì', 0, '49d048c5-f9a1-4271-aa3f-8d9fa375be44'),
('b16de936-5200-4236-83ae-6d6123f6ee4c', N'Sử dụng dụng cụ bằng kim loại', 0, '49d048c5-f9a1-4271-aa3f-8d9fa375be44'),
('f515209c-2f05-4f16-ac5b-5d885d6ba3b5', N'Quạt thông gió bị kẹt', 0, '4346f444-8748-461b-9a04-c9b5f70899fb'),
('fb43049f-926b-45ef-8056-cedb493d37aa', N'Rơ le nhiệt độ bị hỏng', 1, '4346f444-8748-461b-9a04-c9b5f70899fb'),
('4a92a02a-9ae3-4e56-9e60-138119024e87', N'Cửa không đóng kín', 0, '4346f444-8748-461b-9a04-c9b5f70899fb'),
('8231d403-8541-4d54-a876-c5ac7ecf9042', N'Dây giũ quần áo bị rơi ra', 0, '4346f444-8748-461b-9a04-c9b5f70899fb'),
('2cf0a7fb-49c6-4564-9fdf-b879d8f45296', N'Ampe kế', 0, '625ef0d1-c3b8-4a62-b4e1-173f79a751a6'),
('96d4c9ed-5120-41d0-b742-693d87b3865d', N'Vôn kế', 0, '625ef0d1-c3b8-4a62-b4e1-173f79a751a6'),
('b924161b-8f4f-4530-b81d-5c00fba30c3f', N'Máy kiểm tra liên tục', 0, '625ef0d1-c3b8-4a62-b4e1-173f79a751a6'),
('c5721d8a-e3d8-4779-a0c5-1e4adfea25c9', N'Máy kiểm tra mạch', 1, '625ef0d1-c3b8-4a62-b4e1-173f79a751a6'),
('c342541a-490f-45c1-9dfa-51bd52c0bb67', N'Lưỡi dao bị mòn', 0, '1fe156be-cb3c-4fe8-820b-1e1ed3686acd'),
('490d8bba-a7d9-4bc0-9b7c-c02127990408', N'Mô tơ bị quá tải', 1, '1fe156be-cb3c-4fe8-820b-1e1ed3686acd'),
('322c4e2e-7447-43c4-8428-21aba2b6f8a3', N'Núm điều khiển bị gãy', 0, '1fe156be-cb3c-4fe8-820b-1e1ed3686acd'),
('d54f1409-1f90-4fad-9bef-732599a0e515', N'Dây điện bị đứt', 0, '1fe156be-cb3c-4fe8-820b-1e1ed3686acd'),
('09d22b97-4306-4178-b4a9-88ad1446657a', N'Sử dụng dụng cụ chống tia lửa', 1, 'd3adc87c-a726-44bd-9949-7b0d6566caef'),
('4ab7f00a-35da-4cd0-b7fa-9610f2a62950', N'Làm việc trong không gian hẹp', 0, 'd3adc87c-a726-44bd-9949-7b0d6566caef'),
('8c54aec3-af44-4a79-b3c0-c50ed097c7ca', N'Không cần biện pháp an toàn gì', 0, 'd3adc87c-a726-44bd-9949-7b0d6566caef'),
('787bfdbf-fc5b-41e5-83a6-ebf806914126', N'Sử dụng dụng cụ bằng kim loại', 0, 'd3adc87c-a726-44bd-9949-7b0d6566caef'),
('1cdaffd4-b5f7-4e75-9b71-7a4fa3d9cc1b', N'Lưỡi dao bị mòn', 0, '2e91462e-1fc5-4da7-b72d-babf7575699e'),
('05090681-2841-4c84-b42b-147709d9b47c', N'Rơ le bảo vệ quá tải', 1, '2e91462e-1fc5-4da7-b72d-babf7575699e'),
('df169917-ad84-4e8e-a4e9-bf4bab34a0c2', N'Núm điều khiển bị gãy', 0, '2e91462e-1fc5-4da7-b72d-babf7575699e'),
('9329a621-d1c2-42e7-87b5-415c670289ea', N'Dây điện bị đứt', 0, '2e91462e-1fc5-4da7-b72d-babf7575699e'),
('d1792972-8e59-4c8f-a43d-c92533b8206f', N'Ampe kế', 0, 'edf51c55-15be-40c3-add8-deb43302291c'),
('2f585860-a35b-441a-9d34-9accc0cba34e', N'Vôn kế', 0, 'edf51c55-15be-40c3-add8-deb43302291c'),
('cdec1c45-c3c4-4cac-b56a-ecd1e1e9a09c', N'Máy kiểm tra liên tục', 0, 'edf51c55-15be-40c3-add8-deb43302291c'),
('e76c3298-d6d5-4860-bb8f-9d87ae343976', N'Máy dò rò rỉ điện', 1, 'edf51c55-15be-40c3-add8-deb43302291c'),
('23e8a3ec-32b2-49e9-8e2e-31b25da2cf6f', N'Lưỡi dao bị mòn', 0, '9db08ca9-d508-450f-bd18-6a704875cbe4'),
('ab7bc1f8-b68b-4183-a66a-b59f0a0e562c', N'Rơ le bảo vệ quá tải', 1, '9db08ca9-d508-450f-bd18-6a704875cbe4'),
('21e4dbed-3f3c-4c79-8293-1521085dd699', N'Núm điều khiển bị gãy', 0, '9db08ca9-d508-450f-bd18-6a704875cbe4'),
('5f6e964f-9177-489f-8771-07022dc5aee6', N'Dây điện bị đứt', 0, '9db08ca9-d508-450f-bd18-6a704875cbe4'),
('856d32cb-1eef-4074-b6b6-20dd70d12858', N'Sử dụng khay cách điện', 1, '7e3148f7-16ad-4364-8b6d-d0900b07d17d'),
('74ea15a1-91b8-4e58-9e5e-9a6a8c5b1acf', N'Làm việc trên sàn lát gạch men', 0, '7e3148f7-16ad-4364-8b6d-d0900b07d17d'),
('d565b2de-a03d-441c-a465-ee6e7025e4d8', N'Không cần biện pháp an toàn gì', 0, '7e3148f7-16ad-4364-8b6d-d0900b07d17d'),
('53bc6183-01b0-48ec-8ab6-23096dd9aa27', N'Sử dụng dụng cụ bằng kim loại', 0, '7e3148f7-16ad-4364-8b6d-d0900b07d17d'),
('f68068a9-a453-4717-9b69-e794fd10fcdb', N'Bộ nguồn bị hỏng', 1, 'b1824d37-217b-4a84-a162-65949805516e'),
('e7e2f486-48aa-4855-81f5-1bbe1fc8e730', N'Quạt làm mát bị kẹt', 0, 'b1824d37-217b-4a84-a162-65949805516e'),
('490ac314-7867-4df1-8651-7d9a87f26e67', N'Núm điều khiển bị gãy', 0, 'b1824d37-217b-4a84-a162-65949805516e'),
('9ee59f0b-da81-4487-863b-64c7bc306c63', N'Dây điện bị đứt', 0, 'b1824d37-217b-4a84-a162-65949805516e'),
('934465f2-c54a-4728-9a9e-cd3e292316b1', N'Ampe kế', 0, '0a8f07a6-b9e5-4d28-8451-831c0c34aa01'),
('528d201e-5839-4e91-b4cd-16de1f0f7374', N'Vôn kế', 0, '0a8f07a6-b9e5-4d28-8451-831c0c34aa01'),
('b5126bd3-6294-4ae6-a28a-40cf1af0c4ea', N'Máy kiểm tra liên tục', 0, '0a8f07a6-b9e5-4d28-8451-831c0c34aa01'),
('23e6b3db-926c-43e9-93bf-f2dd6fca4dc4', N'Máy dò sự cố mạch điện', 1, '0a8f07a6-b9e5-4d28-8451-831c0c34aa01'),
('4f2c9c44-4952-47b6-90c8-110d06a152d2', N'Bình chứa nước bị rò rỉ', 0, '6b60da5e-8101-4d5e-b371-dceb7e26621c'),
('c8017488-d506-472c-a802-9c229ee6f2bc', N'Rơ le bảo vệ quá tải', 1, '6b60da5e-8101-4d5e-b371-dceb7e26621c'),
('ce41677e-61c1-4175-ade2-b5092b9daaec', N'Núm điều khiển bị gãy', 0, '6b60da5e-8101-4d5e-b371-dceb7e26621c'),
('275043db-45f0-4d9d-84a6-d2779c157ece', N'Dây điện bị đứt', 0, '6b60da5e-8101-4d5e-b371-dceb7e26621c'),
('2aaaaa50-ae33-4b8d-91c4-7a4c1413de30', N'Sử dụng găng tay cách điện', 1, 'fb79ef8c-1f95-4652-aab3-2e2687bb1dad'),
('57739bca-fe2b-417c-9922-998bc2786304', N'Làm việc trong môi trường ẩm ướt', 0, 'fb79ef8c-1f95-4652-aab3-2e2687bb1dad'),
('d86e8755-e6b4-4760-bd59-0475ca6f7dc2', N'Không cần biện pháp an toàn gì', 0, 'fb79ef8c-1f95-4652-aab3-2e2687bb1dad'),
('45423458-f95f-4c72-90ea-4e04b734e7b4', N'Sử dụng dụng cụ bằng kim loại', 0, 'fb79ef8c-1f95-4652-aab3-2e2687bb1dad'),
('37164ed8-991c-47aa-b3b3-c2afb05936f0', N'Que đánh trứng bị kẹt', 0, 'ce938d1e-e828-478a-a17e-0a5fa44ee801'),
('f974836d-8384-41e7-bb4c-cc0eb696e16f', N'Rơ le bảo vệ quá tải', 1, 'ce938d1e-e828-478a-a17e-0a5fa44ee801'),
('b25225d2-afdd-4ca4-9428-da454ea9671a', N'Núm điều khiển bị gãy', 0, 'ce938d1e-e828-478a-a17e-0a5fa44ee801'),
('cd923f9d-36cb-4a1a-a51e-b59bffac3b76', N'Dây điện bị đứt', 0, 'ce938d1e-e828-478a-a17e-0a5fa44ee801'),
('c90cbf3c-4e66-4527-bf2f-e08096238c3f', N'Ampe kế', 0, '526099f3-42a6-4ec2-9cca-b633aea92f03'),
('75c6f770-8b9b-4360-b83f-563c7aeb963a', N'Vôn kế', 0, '526099f3-42a6-4ec2-9cca-b633aea92f03'),
('1ce8d7b3-dd01-4b32-8282-50ab952ae18e', N'Máy kiểm tra liên tục', 0, '526099f3-42a6-4ec2-9cca-b633aea92f03'),
('a7094b31-1b9d-4dbe-8885-298d1715d1c1', N'Máy dò rò rỉ điện', 1, '526099f3-42a6-4ec2-9cca-b633aea92f03'),
('f79a9ce6-272a-4fcd-909d-589ae651adb5', N'Khay đá bị kẹt', 0, 'f5115586-f2ff-468e-ba9d-d0333d7b6297'),
('6c6528bf-69d3-4a39-9d90-9152c7d78ab2', N'Rơ le nhiệt độ bị hỏng', 1, 'f5115586-f2ff-468e-ba9d-d0333d7b6297'),
('9a00aa82-c2d0-4d07-8233-57efe6ce0266', N'Núm điều khiển bị gãy', 0, 'f5115586-f2ff-468e-ba9d-d0333d7b6297'),
('60015c71-788e-44d9-a2e3-6a34d4d6bb8b', N'Dây điện bị đứt', 0, 'f5115586-f2ff-468e-ba9d-d0333d7b6297'),
('4f5ad025-13de-4956-b738-f26549e28f8a', N'Sử dụng tấm lót cách điện', 1, 'c778343f-7594-4618-b0fe-11ddf5453809'),
('3f6b6ee5-91f5-4431-8ab1-5ed27cead6a1', N'Làm việc trong môi trường ẩm ướt', 0, 'c778343f-7594-4618-b0fe-11ddf5453809'),
('13b7777e-aa03-41a4-b602-7c020ccf9cb6', N'Không cần biện pháp an toàn gì', 0, 'c778343f-7594-4618-b0fe-11ddf5453809'),
('3405e00c-e2bc-4af8-8299-1049a510d60c', N'Sử dụng dụng cụ bằng kim loại', 0, 'c778343f-7594-4618-b0fe-11ddf5453809'),
('c9cc8201-25c3-45e9-afcc-c74e76a168d0', N'Lưỡi dao bị mòn', 0, 'f9f74a9f-ee96-479a-9386-ea4c5cea8c84'),
('6753f514-0cf2-4a8a-8afb-17c9d826d8c9', N'Mô tơ bị quá tải', 1, 'f9f74a9f-ee96-479a-9386-ea4c5cea8c84'),
('6bed176c-4353-4c8c-a37e-c271c3a4c2bb', N'Núm điều khiển bị gãy', 0, 'f9f74a9f-ee96-479a-9386-ea4c5cea8c84'),
('7d6d6d4e-5d03-4810-a9a8-dcb8e6665069', N'Dây điện bị đứt', 0, 'f9f74a9f-ee96-479a-9386-ea4c5cea8c84'),
('9cb20225-021c-492b-81d7-98e58a3866d3', N'Ampe kế xoay chiều', 1, 'ab485905-a73e-4a80-86fd-9e9deb265b59'),
('6f3b8894-7b1b-4f0a-bb3f-b425579cb868', N'Vôn kế', 0, 'ab485905-a73e-4a80-86fd-9e9deb265b59'),
('2ecab317-1eaa-43e8-8dc1-20e1e8ce0871', N'Máy kiểm tra liên tục', 0, 'ab485905-a73e-4a80-86fd-9e9deb265b59'),
('bef3b197-358f-4ec5-a73e-dc75abf38b47', N'Máy dò rò rỉ điện', 0, 'ab485905-a73e-4a80-86fd-9e9deb265b59'),
('58e036ba-fa56-49fb-922c-2dfd75a9b8d5', N'Lỏng ốc vít', 0, 'b5a24e43-e335-4d32-aabb-8bfc15b54e1f'),
('92f251b4-221e-4606-afe0-ca5203f82ca0', N'Quạt tản nhiệt bị hỏng', 0, 'b5a24e43-e335-4d32-aabb-8bfc15b54e1f'),
('76266dfa-a259-44d4-9b12-4a28102e4d84', N'Gỉ sét hoặc rung động', 1, 'b5a24e43-e335-4d32-aabb-8bfc15b54e1f'),
('da84957e-cd80-433a-a103-c931a99566d0', N'Dây điện bị đứt', 0, 'b5a24e43-e335-4d32-aabb-8bfc15b54e1f'),
('864d2577-7878-47e1-b01e-0133f911f2fe', N'Sử dụng tấm lót cách điện', 1, 'da7896d4-aed0-4281-ab63-5e71ccadadb5'),
('acbf4741-0670-47dc-a4be-f69d91dcb0ac', N'Làm việc trong môi trường ẩm ướt', 0, 'da7896d4-aed0-4281-ab63-5e71ccadadb5'),
('1b3658c0-657f-461b-a675-b0ad89149b7f', N'Không cần biện pháp an toàn gì', 0, 'da7896d4-aed0-4281-ab63-5e71ccadadb5'),
('a2a4d64a-0307-4ac6-92d6-18f769e3a47f', N'Sử dụng dụng cụ bằng kim loại', 0, 'da7896d4-aed0-4281-ab63-5e71ccadadb5'),
('ac3f1c14-14ee-4a13-b29c-2bf8b75f334d', N'Quạt hút bị kẹt', 0, 'f0240a0e-56b8-433f-a9af-ca40a16b0a86'),
('13e3ecc9-4314-4597-be4c-4e935ffbc4be', N'Tắc nghẽn ống khói', 1, 'f0240a0e-56b8-433f-a9af-ca40a16b0a86'),
('47a297e6-ba4d-4c2f-b0ac-2c53cacd165b', N'Núm điều khiển bị gãy', 0, 'f0240a0e-56b8-433f-a9af-ca40a16b0a86'),
('c0fc9c9f-50c8-44cf-ab41-d0991968c22b', N'Dây điện bị đứt', 0, 'f0240a0e-56b8-433f-a9af-ca40a16b0a86'),
('4d0fc2db-0a62-4a75-970b-5303e7c1195a', N'Ampe kế', 0, '9e21755f-d819-4131-91d9-7cfe3d2fe4bf'),
('08d6a331-e4fc-4030-9b31-e40c34e69c0a', N'Vôn kế', 0, '9e21755f-d819-4131-91d9-7cfe3d2fe4bf'),
('82da362d-cc33-43d4-bb18-a003cf4cbd45', N'Máy kiểm tra liên tục', 0, '9e21755f-d819-4131-91d9-7cfe3d2fe4bf'),
('aaf772fb-3145-4d25-bdd7-0c656883a663', N'Máy kiểm tra mạch', 1, '9e21755f-d819-4131-91d9-7cfe3d2fe4bf'),
('da6495ba-9a5c-443c-9369-ddb973fdcd84', N'Quạt hút bị kẹt', 0, '808cbd94-a9fe-412f-a6a2-a79b420adbd1'),
('7dfa9e47-d9b1-43d0-9c44-801c82759ddb', N'Túi chứa đầy bụi', 1, '808cbd94-a9fe-412f-a6a2-a79b420adbd1'),
('420f539a-b6e1-4e38-87ce-ed742d901d31', N'Núm điều khiển bị gãy', 0, '808cbd94-a9fe-412f-a6a2-a79b420adbd1'),
('b787a54f-3991-4207-9cdf-6b9c20daa445', N'Dây điện bị đứt', 0, '808cbd94-a9fe-412f-a6a2-a79b420adbd1'),
('d7577b9b-fbb3-474d-b574-6bd4bd80995c', N'Sử dụng dụng cụ chống tia lửa', 1, '57128946-699f-424e-976f-af8106b34942'),
('85705d44-111f-48a7-96be-2623d3b9f993', N'Làm việc trong không gian hẹp', 0, '57128946-699f-424e-976f-af8106b34942'),
('13757e77-b809-4bb6-8a9a-d148447dff91', N'Không cần biện pháp an toàn gì', 0, '57128946-699f-424e-976f-af8106b34942'),
('13644b58-93a8-4b94-a0a9-2bcb45854c91', N'Sử dụng dụng cụ bằng kim loại', 0, '57128946-699f-424e-976f-af8106b34942'),
('9c9daa52-921a-4c2a-be05-f9c9b3403f5b', N'Xà phòng nhẹ', 1, 'ea70c844-fc0b-4611-a9c1-e55100ad222b'),
('72c55ff3-d070-42e5-9af7-7fd41dd9d344', N'Dầu gội', 0, 'ea70c844-fc0b-4611-a9c1-e55100ad222b'),
('2874d403-aaf0-4864-9b96-3398dc847228', N'Chất tẩy rửa mạnh', 0, 'ea70c844-fc0b-4611-a9c1-e55100ad222b'),
('fc9274e1-8b09-4d02-bb2b-e1a2a3192d27', N'Nước lau sàn', 0, 'ea70c844-fc0b-4611-a9c1-e55100ad222b'),
('2f87dead-d08c-4a99-bd10-c3b6b3581a0f', N'Sử dụng chất tẩy rửa mạnh', 0, 'c5d491dc-c765-4209-a7e4-65624e4caaab'),
('0146f807-10ba-4fab-a163-4c7014177205', N'Cạo bằng dao', 0, 'c5d491dc-c765-4209-a7e4-65624e4caaab'),
('44ecd957-f41b-4ff5-b635-7a9bdbd3337d', N'Ngâm nước ấm và chà bằng bàn chải cứng', 1, 'c5d491dc-c765-4209-a7e4-65624e4caaab'),
('71167f01-ad38-4041-9aa5-99b428f37934', N'Để yên vết bẩn', 0, 'c5d491dc-c765-4209-a7e4-65624e4caaab'),
('6adcb735-b560-42c9-ae98-33d8d1eda9d5', N'Bồn tắm - Gương - Bồn vệ sinh - Sàn nhà', 1, 'e1f33b6c-880f-41b1-bf43-c6acd887af99'),
('8286550a-aae7-43ed-a67d-d1d33604f1f6', N'Bồn vệ sinh - Gương - Bồn tắm - Sàn nhà', 0, 'e1f33b6c-880f-41b1-bf43-c6acd887af99'),
('8323d90c-f104-46a6-85c1-e53c2e417998', N'Sàn nhà - Bồn tắm - Gương - Bồn vệ sinh', 0, 'e1f33b6c-880f-41b1-bf43-c6acd887af99'),
('39a544b7-8f68-48a3-b174-a43f22922de2', N'Gương - Bồn tắm - Bồn vệ sinh - Sàn nhà', 0, 'e1f33b6c-880f-41b1-bf43-c6acd887af99'),
('0465da28-9f2f-4778-9fbd-7fd751b950ff', N'Sử dụng chất tẩy rửa chuyên dụng', 1, '69d5a92e-d0b1-4955-a385-2c512527e9d6'),
('278930b9-dd1c-4076-abe4-5f4cd340d6ba', N'Cạo bằng dao', 0, '69d5a92e-d0b1-4955-a385-2c512527e9d6'),
('710d1173-c875-4e93-903f-bfe184af35de', N'Sử dụng giấm', 0, '69d5a92e-d0b1-4955-a385-2c512527e9d6'),
('4494bdce-fed9-440e-81f9-e5c1352da523', N'Để yên vết bẩn', 0, '69d5a92e-d0b1-4955-a385-2c512527e9d6'),
('7dae64b9-c34e-411a-bb45-cc2d8b752612', N'Tháo ráy nước đông đá, lau dọn bên trong và bên ngoài, vệ sinh dây điện', 1, '7bd90439-33b2-4358-8462-0f77d32e4234'),
('a16ee510-ee91-47ea-a9f7-4e3e69819cce', N'Chỉ lau dọn bên trong', 0, '7bd90439-33b2-4358-8462-0f77d32e4234'),
('2da1e842-8545-4ab3-bd17-fa190703e1f6', N'Chỉ lau dọn bên ngoài', 0, '7bd90439-33b2-4358-8462-0f77d32e4234'),
('730eae53-a44f-4fed-bad4-b198fd3d58fc', N'Không cần làm gì', 0, '7bd90439-33b2-4358-8462-0f77d32e4234'),
('a7983874-3adf-43d1-8fc3-4e3ab881742d', N'Hút bụi thường xuyên và sử dụng máy giặt thảm định kỳ', 1, '8fc9a23a-2504-45f6-885c-85ada239458d'),
('203bb53b-c99a-453a-a638-edffb6eee494', N'Quét bằng chổi', 0, '8fc9a23a-2504-45f6-885c-85ada239458d'),
('8b523780-6ba5-4ebf-8679-d59ecdba7d00', N'Lau bằng khăn ẩm', 0, '8fc9a23a-2504-45f6-885c-85ada239458d'),
('b837472c-0ad1-4331-8dfa-c737b2ec631c', N'Không cần làm gì', 0, '8fc9a23a-2504-45f6-885c-85ada239458d'),
('9cadbbb6-1192-4a7b-868e-dae059326b3c', N'Sử dụng miếng bọt biển và xà phòng lau nhẹ nhàng', 1, 'a0cc41bc-e21e-428e-a724-cab8a53d877b'),
('2d7d9fb0-839b-400d-9714-f6fd19713cb3', N'Cạo bằng dao', 0, 'a0cc41bc-e21e-428e-a724-cab8a53d877b'),
('8babf8fb-a1b6-43bb-97d2-339f994a03cc', N'Lau bằng khăn ẩm', 0, 'a0cc41bc-e21e-428e-a724-cab8a53d877b'),
('0d5bb251-63a1-4e9b-ae5d-efd2aa2b1789', N'Để yên vết bẩn', 0, 'a0cc41bc-e21e-428e-a724-cab8a53d877b'),
('119eabdd-0f8e-4b1b-a152-5bf75d2154fe', N'Quét và lau bằng dung dịch vệ sinh gỗ nhẹ', 1, 'b544b3af-2412-4612-8262-0d7851c49ecc'),
('6550a451-691d-4a7b-bf1a-fe9c4bd8f5c0', N'Sử dụng chất tẩy rửa mạnh', 0, 'b544b3af-2412-4612-8262-0d7851c49ecc'),
('6c0177a8-9121-42d5-af55-75d183ce1d5d', N'Lau bằng khăn ẩm', 0, 'b544b3af-2412-4612-8262-0d7851c49ecc'),
('109c45b2-eb47-4717-8784-dde2e5a4c910', N'Không cần làm gì', 0, 'b544b3af-2412-4612-8262-0d7851c49ecc'),
('040ed80d-72d7-4cc2-99ab-5b4c5a0a8c4a', N'Sử dụng dung dịch lau kính chuyên dụng', 1, '2d2ec3de-f48c-4241-9355-460dc8425704'),
('83a3449a-7a92-44b8-adde-439530af1ef0', N'Lau bằng khăn khô', 0, '2d2ec3de-f48c-4241-9355-460dc8425704'),
('d72bd994-4136-44b6-a5d2-4f74ee2cabab', N'Sử dụng giấm', 0, '2d2ec3de-f48c-4241-9355-460dc8425704'),
('318cd41a-df2a-4e1b-9cf8-4c42a1de1944', N'Để yên vết bẩn', 0, '2d2ec3de-f48c-4241-9355-460dc8425704'),
('814bdaf6-fd0c-4ffe-9f3a-e0689cb2cdcf', N'Hút bụi thường xuyên và sử dụng máy giặt ghế định kỳ', 1, 'ae2935a5-905c-45b9-90e9-84165d2d1e2c'),
('47ce5fa3-6ea2-4e6d-b27d-b32edba7358d', N'Lau bằng khăn ẩm', 0, 'ae2935a5-905c-45b9-90e9-84165d2d1e2c'),
('b3b31ee6-b80d-4767-8385-3c3232505e57', N'Sử dụng chất tẩy rửa mạnh', 0, 'ae2935a5-905c-45b9-90e9-84165d2d1e2c'),
('05e461fb-4d2d-4380-9685-8ff3c58a7b04', N'Không cần làm gì', 0, 'ae2935a5-905c-45b9-90e9-84165d2d1e2c'),
('e7b08413-46ec-4050-94a8-293768cb351d', N'Sử dụng chất tẩy rửa nhẹ và miếng bọt biển', 1, 'cf1340c4-374d-4a29-9488-690e398a8b49'),
('ebc9eb77-18e9-469b-8846-2cabe5f04166', N'Cạo bằng dao', 0, 'cf1340c4-374d-4a29-9488-690e398a8b49'),
('8740ea9c-5804-4bf3-8757-256cc0678f58', N'Sử dụng chất tẩy rửa mạnh', 0, 'cf1340c4-374d-4a29-9488-690e398a8b49'),
('58eecdae-56b5-4c18-9f6c-7e42cceed6dc', N'Để yên vết bẩn', 0, 'cf1340c4-374d-4a29-9488-690e398a8b49'),
('bf78363f-069c-43ff-9480-476a81f81c43', N'Tháo rèm và giặt máy hoặc giặt tay', 1, '1d2c8565-6447-4ca1-aaff-debb724dc091'),
('d4e3c590-43f3-4900-bc37-28c01c5bbca9', N'Lau bằng khăn ẩm', 0, '1d2c8565-6447-4ca1-aaff-debb724dc091'),
('eccad3f9-8cd8-491d-a3ea-dd3c62bbbaad', N'Sử dụng chất tẩy rửa mạnh', 0, '1d2c8565-6447-4ca1-aaff-debb724dc091'),
('2220e438-710d-4ff6-9298-1bb8ee9ea767', N'Không cần làm gì', 0, '1d2c8565-6447-4ca1-aaff-debb724dc091'),
('39973586-ddef-42dc-879a-0178133a6a60', N'Ngâm trong dung dịch nước nóng và xà phòng', 1, 'ff21ff71-6158-4268-b2f1-a06693a09d2b'),
('a0cc8a00-18e9-43ba-a382-0df6564ead5e', N'Lau bằng khăn khô', 0, 'ff21ff71-6158-4268-b2f1-a06693a09d2b'),
('0db33044-7cad-40c7-bc58-24e16c9e8a26', N'Sử dụng chất tẩy rửa mạnh', 0, 'ff21ff71-6158-4268-b2f1-a06693a09d2b'),
('5d76668e-126c-4521-869e-e108c4c3d8fc', N'Không cần làm gì', 0, 'ff21ff71-6158-4268-b2f1-a06693a09d2b'),
('3d134fab-a9ed-4329-b911-32a78b6b1306', N'Sử dụng dung dịch vệ sinh gỗ chuyên dụng', 1, '5a9b89f4-fc28-465e-8959-221c74f210f2'),
('1dbd572f-d3a8-4b84-bdd4-6f6456b64ca0', N'Lau bằng khăn ẩm', 0, '5a9b89f4-fc28-465e-8959-221c74f210f2'),
('d2744a92-f5af-4260-966e-ab4a87a502b5', N'Sử dụng chất tẩy rửa mạnh', 0, '5a9b89f4-fc28-465e-8959-221c74f210f2'),
('7af2ce59-86b5-481e-a4da-343e133f03c5', N'Không cần làm gì', 0, '5a9b89f4-fc28-465e-8959-221c74f210f2'),
('0fd6a174-1c58-4e77-a0fc-929d31a04d51', N'Vòi nước', 1, 'cd56918c-a1c3-4b9c-9e39-0def31314285'),
('e77b51d2-f12b-4687-97d6-17b2f836344b', N'Sàn nhà', 0, 'cd56918c-a1c3-4b9c-9e39-0def31314285'),
('79518461-7936-48d9-938e-9f882e1fcca3', N'Tủ dưới', 0, 'cd56918c-a1c3-4b9c-9e39-0def31314285'),
('cfa8175c-0995-44be-acf9-7bf26636a7e0', N'Không quan trọng', 0, 'cd56918c-a1c3-4b9c-9e39-0def31314285'),
('55e62488-0be6-41b3-9f29-6d106e611db9', N'Sử dụng dung dịch vệ sinh chuyên dụng', 1, '9a6aa34f-f854-4e1e-a3e0-66734d9421a3'),
('4c434f09-7f42-48af-8f51-d3587e945965', N'Cạo bằng dao', 0, '9a6aa34f-f854-4e1e-a3e0-66734d9421a3'),
('61aeb845-5680-4f3c-b899-93bd6141de44', N'Lau bằng khăn ẩm', 0, '9a6aa34f-f854-4e1e-a3e0-66734d9421a3'),
('2169f457-bfc9-43c4-8a9b-83cf293f591e', N'Để yên vết bẩn', 0, '9a6aa34f-f854-4e1e-a3e0-66734d9421a3'),
('33278eed-d72a-4aa9-92ac-73b8c12d1282', N'Sử dụng dung dịch giấm và muối', 1, '38f8f569-1fec-4660-b8f3-ff25db74f206'),
('fad989a7-4c63-4387-9497-40eb7a83829b', N'Lau bằng khăn ẩm', 0, '38f8f569-1fec-4660-b8f3-ff25db74f206'),
('a2c2aeae-4b72-4936-80f9-880d6b7e2b4c', N'Sử dụng chất tẩy rửa mạnh', 0, '38f8f569-1fec-4660-b8f3-ff25db74f206'),
('8de79407-ad32-4457-a221-5fc221113593', N'Không cần làm gì', 0, '38f8f569-1fec-4660-b8f3-ff25db74f206'),
('1802a684-397d-4e28-a6d2-1fc0e3bfef04', '1:3', 0, '46096dac-e321-4b28-86f2-6850b02e760c'),
('970979a7-139f-48e9-84fb-83629b75ac86', '1:1', 0, '46096dac-e321-4b28-86f2-6850b02e760c'),
('ea8c67ef-e4d8-43e0-a2e8-05a70e3217fb', '1:10', 1, '46096dac-e321-4b28-86f2-6850b02e760c'),
('ad8496cc-83d0-4ad2-9afd-d9f90b858f40', '1:20', 0, '46096dac-e321-4b28-86f2-6850b02e760c'),
('4089bf6a-0b71-4c00-8acf-e8310264fb37', N'Sử dụng chất tẩy rửa chuyên dụng', 1, '9be56f19-688d-4a14-b3d0-d3ffe03dbefb'),
('44cc52e5-5390-4896-8037-b139ec71c29d', N'Lau bằng khăn ẩm', 0, '9be56f19-688d-4a14-b3d0-d3ffe03dbefb'),
('288b54a2-c668-4ae5-9cd6-93e4305fee3f', N'Sử dụng chất tẩy rửa mạnh', 0, '9be56f19-688d-4a14-b3d0-d3ffe03dbefb'),
('a139e2cd-2eee-4e40-abcb-f26894231df0', N'Không cần làm gì', 0, '9be56f19-688d-4a14-b3d0-d3ffe03dbefb'),
('2f14dbfc-1703-417f-a7b2-8c14f79ec0a0', N'Sử dụng bàn chải cứng và chất tẩy rửa nhẹ', 1, '7e53bf63-0166-44f4-86c9-a220e7695b49'),
('2902868d-51af-46c2-8df4-bd7cb85dc39c', N'Cạo bằng dao', 0, '7e53bf63-0166-44f4-86c9-a220e7695b49'),
('5c409a16-416f-4783-915c-1d246665614a', N'Lau bằng khăn ẩm', 0, '7e53bf63-0166-44f4-86c9-a220e7695b49'),
('afb1fd7c-7c06-48e8-8d75-ac0e2adef47e', N'Để yên vết bẩn', 0, '7e53bf63-0166-44f4-86c9-a220e7695b49'),
('0058769f-a5e0-4f21-be8d-e05f581975e9', N'Sử dụng dung dịch oxy già', 1, 'dbe956e7-8e19-4beb-9820-503f0723ded9'),
('7d6281d2-dff4-4953-9286-622025b654d5', N'Lau bằng khăn ẩm', 0, 'dbe956e7-8e19-4beb-9820-503f0723ded9'),
('3fa6375b-f7dd-4200-9312-ab46ba2b95c1', N'Sử dụng chất tẩy rửa mạnh', 0, 'dbe956e7-8e19-4beb-9820-503f0723ded9'),
('e1b28ee0-79a9-4d12-9c35-f660aa6c4ca6', N'Không cần làm gì', 0, 'dbe956e7-8e19-4beb-9820-503f0723ded9'),
('178cc92a-cb64-40c9-82bc-8d2bdaa7cb3e', N'Sử dụng dung dịch giấm và nước ấm', 1, 'b516d63b-73db-4977-a723-00ce476327bd'),
('7a8d77f7-bcd1-4c76-95e9-6e2e06566808', N'Lau bằng khăn khô', 0, 'b516d63b-73db-4977-a723-00ce476327bd'),
('2f2df4b8-91e7-43df-adc0-5b1a45b4dfc6', N'Sử dụng chất tẩy rửa mạnh', 0, 'b516d63b-73db-4977-a723-00ce476327bd'),
('4e08598d-316b-4c8c-a431-e896e2838a30', N'Không cần làm gì', 0, 'b516d63b-73db-4977-a723-00ce476327bd'),
('83459471-6475-4a4c-97fe-3a0eed64fe52', N'Hút bụi thường xuyên và sử dụng máy giặt đệm định kỳ', 1, '90125ad7-5fbe-45f3-912a-6d23590b964b'),
('2da825b5-58b1-45c9-8676-030a86ce4b4d', N'Lau bằng khăn ẩm', 0, '90125ad7-5fbe-45f3-912a-6d23590b964b'),
('b9e6d245-67f8-4241-b6e8-4e11e3e60244', N'Sử dụng chất tẩy rửa mạnh', 0, '90125ad7-5fbe-45f3-912a-6d23590b964b'),
('efa6283a-fcf9-497f-b363-c6c1c399b09a', N'Không cần làm gì', 0, '90125ad7-5fbe-45f3-912a-6d23590b964b'),
('e2716c51-7449-4272-9e1d-0ea87dce921c', N'Sử dụng dung dịch tẩy rửa chuyên dụng', 1, 'ea2e444a-ae37-49a1-85e8-2dbff9996b77'),
('be0d8051-3f76-4ce9-94d7-454104f27854', N'Cạo bằng dao', 0, 'ea2e444a-ae37-49a1-85e8-2dbff9996b77'),
('024546ef-11f6-46b2-b3b1-a01335cfa86f', N'Lau bằng khăn ẩm', 0, 'ea2e444a-ae37-49a1-85e8-2dbff9996b77'),
('91ad04d8-2245-4e8d-90b8-138bbd607f8e', N'Để yên vết bẩn', 0, 'ea2e444a-ae37-49a1-85e8-2dbff9996b77'),
('849f58d5-fdf8-473a-9d38-1f3c687bf3de', N'Sử dụng dung dịch vệ sinh da chuyên dụng', 1, 'ea29c3e7-0a03-42e6-a536-7bd69685fadf'),
('6fd01c1d-6f8c-4c41-bd20-6bc3fa8adde3', N'Lau bằng khăn ẩm', 0, 'ea29c3e7-0a03-42e6-a536-7bd69685fadf'),
('22fdd42d-fb70-4349-8b67-495dadef0f67', N'Sử dụng chất tẩy rửa mạnh', 0, 'ea29c3e7-0a03-42e6-a536-7bd69685fadf'),
('5cdc63ff-ab3f-4677-9242-e5f7d3bc5e9c', N'Không cần làm gì', 0, 'ea29c3e7-0a03-42e6-a536-7bd69685fadf'),
('49f61277-a6c3-4575-9d91-08c54f76e854', N'Dọn dẹp giường đệm - Lau chùi đồ nội thất - Quét và lau sàn nhà', 1, '6a30a088-47b5-4a26-88dd-c0c9e3e1ce31'),
('c7b45b37-def4-4818-a2ee-778b359aaa3f', N'Quét và lau sàn nhà - Dọn dẹp giường đệm - Lau chùi đồ nội thất', 0, '6a30a088-47b5-4a26-88dd-c0c9e3e1ce31'),
('a6ff7f16-268b-46d7-a4de-5bda9568fad0', N'Lau chùi đồ nội thất - Dọn dẹp giường đệm - Quét và lau sàn nhà', 0, '6a30a088-47b5-4a26-88dd-c0c9e3e1ce31'),
('548189a8-1c5d-4e5c-8be2-23bae0aba931', N'Không quan trọng', 0, '6a30a088-47b5-4a26-88dd-c0c9e3e1ce31'),
('e46943c1-e3c2-4af4-8437-31cbb2f4857c', N'Lau chùi bề mặt và dụng cụ bằng dung dịch vệ sinh chuyên dụng', 1, '76361808-515d-43ff-8223-13f7fdefcbd0'),
('076a3600-e40c-4018-949c-11c67fa843bd', N'Quét và lau sàn nhà', 0, '76361808-515d-43ff-8223-13f7fdefcbd0'),
('b1795c8c-e9ff-432a-bad8-4f77c3e19aaf', N'Sử dụng chất tẩy rửa mạnh', 0, '76361808-515d-43ff-8223-13f7fdefcbd0'),
('5f6897c0-33ba-46f9-8ba7-f9a6fa2f01d0', N'Không cần làm gì', 0, '76361808-515d-43ff-8223-13f7fdefcbd0'),
('ce59fccf-2f88-419d-a9cf-bd3f51684c8e', N'Sử dụng bàn chải mềm và dung dịch xà phòng nhẹ', 1, '5adb4795-6d0a-4513-85db-56cd836415a2'),
('9cb41f5c-e397-44bf-8832-43af422b3ec5', N'Lau bằng khăn ẩm', 0, '5adb4795-6d0a-4513-85db-56cd836415a2'),
('fcaf3bb2-7650-4a6c-854c-bb7834bda2fe', N'Sử dụng chất tẩy rửa mạnh', 0, '5adb4795-6d0a-4513-85db-56cd836415a2'),
('58ff77c1-7c9e-441a-85ed-c33353094353', N'Không cần làm gì', 0, '5adb4795-6d0a-4513-85db-56cd836415a2'),
('b8ad68fc-bdc6-4abf-8747-09e74f4628ad', N'Sử dụng nước ấm và xà phòng nhẹ', 1, 'cb343095-a023-4e48-bb2a-f0d9d4464520'),
('230344ab-d091-442d-9fb3-b68c4fbac9bf', N'Lau bằng khăn khô', 0, 'cb343095-a023-4e48-bb2a-f0d9d4464520'),
('0ed0e659-2e25-41e7-af5f-3a589511c557', N'Sử dụng chất tẩy rửa mạnh', 0, 'cb343095-a023-4e48-bb2a-f0d9d4464520'),
('1e62bcf7-77fc-44c3-b134-db347a3c8b1e', N'Không cần làm gì', 0, 'cb343095-a023-4e48-bb2a-f0d9d4464520'),
('dee09222-56b6-4a93-9eb0-93ef89653249', N'Sử dụng máy hút bụi và chất tẩy rửa chuyên dụng', 1, '60b4da26-6c03-4a9c-9569-d055796604a0'),
('be372d57-5ec8-4ca7-9906-76b03e188c69', N'Lau bằng khăn ẩm', 0, '60b4da26-6c03-4a9c-9569-d055796604a0'),
('b255a13e-c3a9-4646-b2b4-b93453231f3e', N'Sử dụng chất tẩy rửa mạnh', 0, '60b4da26-6c03-4a9c-9569-d055796604a0'),
('ee91436d-c564-4877-81fa-c940be5772ee', N'Không cần làm gì', 0, '60b4da26-6c03-4a9c-9569-d055796604a0'),
('ba8591af-d54d-4106-94a2-c3d2d6e8f79d', N'Sử dụng dung dịch tẩy rửa chuyên dụng', 1, 'b50daea3-ca2a-4b2f-a4f6-b38c23cfcade'),
('ccc43501-65d8-4e99-9e37-78cd9f746e40', N'Cạo bằng dao', 0, 'b50daea3-ca2a-4b2f-a4f6-b38c23cfcade'),
('137b55a1-8ebc-4d53-9b31-fb312e292008', N'Lau bằng khăn ẩm', 0, 'b50daea3-ca2a-4b2f-a4f6-b38c23cfcade'),
('9cb8c3cf-85a1-4f0a-85a6-0f289c4c3905', N'Để yên vết bẩn', 0, 'b50daea3-ca2a-4b2f-a4f6-b38c23cfcade'),
('2a0e42cc-3443-4e8d-ac32-037c9c9e55d8', N'Sử dụng dung dịch tẩy rửa nhẹ', 1, '380f2e61-8048-42f5-ac55-dae734b35cdc'),
('96ebb864-c2b9-4d3b-b793-2e0ce5873a21', N'Lau bằng khăn khô', 0, '380f2e61-8048-42f5-ac55-dae734b35cdc'),
('a7933c8e-584d-41ee-ac2a-10ab758417e0', N'Sử dụng chất tẩy rửa mạnh', 0, '380f2e61-8048-42f5-ac55-dae734b35cdc'),
('4452c8d5-71f2-4c42-8d93-cc0149ff2f58', N'Không cần làm gì', 0, '380f2e61-8048-42f5-ac55-dae734b35cdc'),
('f3176b00-436f-4323-aec7-d9e245770744', N'Dọn dẹp đồ nội thất', 1, 'e34b4013-1f7f-4958-bf8d-f1c76a0f5ede'),
('b0b660d5-1690-4e13-939d-fb7471909345', N'Quét và lau sàn nhà', 0, 'e34b4013-1f7f-4958-bf8d-f1c76a0f5ede'),
('3ae53fcc-fa40-48e6-a756-3c7c471297d0', N'Lau chùi bàn trà', 0, 'e34b4013-1f7f-4958-bf8d-f1c76a0f5ede'),
('553b2ae5-30a0-4aee-9356-4a2cb3a3b973', N'Không quan trọng', 0, 'e34b4013-1f7f-4958-bf8d-f1c76a0f5ede'),
('87468e70-9b57-4655-8f37-b6a9cddd762b', N'Sử dụng dung dịch giấm và nước ấm', 1, '929441f7-cc62-4b0e-9ac7-3d24bcff9b6b'),
('06efc2ea-c56a-4201-9838-4a0873873bcf', N'Lau bằng khăn khô', 0, '929441f7-cc62-4b0e-9ac7-3d24bcff9b6b'),
('e640e0a9-81e2-4257-8469-b19313fdea33', N'Sử dụng chất tẩy rửa mạnh', 0, '929441f7-cc62-4b0e-9ac7-3d24bcff9b6b'),
('e6f4e892-4cbf-41c2-ac21-6a016b04f7d3', N'Không cần làm gì', 0, '929441f7-cc62-4b0e-9ac7-3d24bcff9b6b'); 

INSERT INTO [FreelanceQuizzes] ([Id], [TotalTime], [TotalQuestion], [FreelancerId]) VALUES
('5f898f0e-cca4-4c14-b77e-5e7767a2b89e', 600, 10, '68417aab-eac6-4f98-9fbe-474d44da397b'),
('e36c7197-acc3-4c35-9e69-215da7673760', 600, 10, 'fcd93fa0-f708-4dfb-909c-ca17ae019edf'),
('57b65a80-72f9-4cc6-9eaa-6623580399ef', 600, 20, 'f0f005cc-f572-4587-ae3d-cb6fd966bffa'),
('7f70d115-cd2b-47b6-a08a-1f158bffbde1', 600, 10, 'fcf8f034-efac-494a-aa4f-fc6b179d7e9a'),
('cb7c65b9-2f84-4f72-a7a5-6198a5412e4f', 600, 10, 'c925afb7-1360-461d-a929-fe40784845d1'),
('c7515a2b-5fda-47c1-afe5-6dbbc018e1f4', 600, 10, 'f71517d3-eb13-44bf-8d15-59b534956ba1'),
('0611b762-9f0e-44bd-b616-44ccea2bb465', 600, 10, '658159fd-0309-4106-b9c7-2477086b66a9'),
('45ec6373-3555-4f56-a097-25311dce34af', 600, 20, '8f4a397e-9498-40d8-9252-d6660484c65c'); 

INSERT INTO [QuizQuestions] ([QuizId], [QuestionId]) VALUES
('5f898f0e-cca4-4c14-b77e-5e7767a2b89e', '46096dac-e321-4b28-86f2-6850b02e760c'),
('5f898f0e-cca4-4c14-b77e-5e7767a2b89e', '69d5a92e-d0b1-4955-a385-2c512527e9d6'),
('5f898f0e-cca4-4c14-b77e-5e7767a2b89e', '1d2c8565-6447-4ca1-aaff-debb724dc091'),
('5f898f0e-cca4-4c14-b77e-5e7767a2b89e', '76361808-515d-43ff-8223-13f7fdefcbd0'),
('5f898f0e-cca4-4c14-b77e-5e7767a2b89e', '4fea5dc4-fee5-46c2-b170-83ca9e440597'),
('5f898f0e-cca4-4c14-b77e-5e7767a2b89e', '8a87cbb0-3505-487e-8d87-4b3806cbf3bd'),
('5f898f0e-cca4-4c14-b77e-5e7767a2b89e', '1fe156be-cb3c-4fe8-820b-1e1ed3686acd'),
('5f898f0e-cca4-4c14-b77e-5e7767a2b89e', 'c5d491dc-c765-4209-a7e4-65624e4caaab'),
('5f898f0e-cca4-4c14-b77e-5e7767a2b89e', 'f8acbb90-e55e-4a9a-960d-c95a4a8a8933'),
('5f898f0e-cca4-4c14-b77e-5e7767a2b89e', 'f5115586-f2ff-468e-ba9d-d0333d7b6297'),
('e36c7197-acc3-4c35-9e69-215da7673760', '3d6f9b9d-213f-4204-a933-df2a6368d19c'),
('e36c7197-acc3-4c35-9e69-215da7673760', 'e34b4013-1f7f-4958-bf8d-f1c76a0f5ede'),
('e36c7197-acc3-4c35-9e69-215da7673760', '23fe2a21-44f6-4659-a8e7-bf1c7bcf3caa'),
('e36c7197-acc3-4c35-9e69-215da7673760', '0d3f0649-01bf-41db-91ac-59e8a4bd7e52'),
('e36c7197-acc3-4c35-9e69-215da7673760', '591f1018-8192-4158-a1b3-178d5637966e'),
('e36c7197-acc3-4c35-9e69-215da7673760', 'b516d63b-73db-4977-a723-00ce476327bd'),
('e36c7197-acc3-4c35-9e69-215da7673760', '14d425c4-7bda-4ba9-8cee-ff1867bcfe1f'),
('e36c7197-acc3-4c35-9e69-215da7673760', 'dfb60884-1aa3-42bf-8ef1-25f917c0da62'),
('e36c7197-acc3-4c35-9e69-215da7673760', 'da6edeac-ffff-4fd9-a787-0b846d55b1ce'),
('e36c7197-acc3-4c35-9e69-215da7673760', '4fea5dc4-fee5-46c2-b170-83ca9e440597'),
('57b65a80-72f9-4cc6-9eaa-6623580399ef', 'f5ffcfc3-378d-42bb-b48c-3846692f8427'),
('57b65a80-72f9-4cc6-9eaa-6623580399ef', 'da6edeac-ffff-4fd9-a787-0b846d55b1ce'),
('57b65a80-72f9-4cc6-9eaa-6623580399ef', '737204a6-9e5c-4641-856a-ac1fdd9821d4'),
('57b65a80-72f9-4cc6-9eaa-6623580399ef', '57128946-699f-424e-976f-af8106b34942'),
('57b65a80-72f9-4cc6-9eaa-6623580399ef', '591f1018-8192-4158-a1b3-178d5637966e'),
('57b65a80-72f9-4cc6-9eaa-6623580399ef', '708ae29d-21e0-4cec-8da5-823d65d91aa7'),
('57b65a80-72f9-4cc6-9eaa-6623580399ef', '380f2e61-8048-42f5-ac55-dae734b35cdc'),
('57b65a80-72f9-4cc6-9eaa-6623580399ef', 'f0240a0e-56b8-433f-a9af-ca40a16b0a86'),
('57b65a80-72f9-4cc6-9eaa-6623580399ef', '50c635a9-4f60-4030-9d2d-e03cccf99248'),
('57b65a80-72f9-4cc6-9eaa-6623580399ef', '2e91462e-1fc5-4da7-b72d-babf7575699e'),
('57b65a80-72f9-4cc6-9eaa-6623580399ef', '69d5a92e-d0b1-4955-a385-2c512527e9d6'),
('57b65a80-72f9-4cc6-9eaa-6623580399ef', 'e1ea1339-7f5b-4809-87dd-f1c1fff21b5f'),
('57b65a80-72f9-4cc6-9eaa-6623580399ef', 'b5a24e43-e335-4d32-aabb-8bfc15b54e1f'),
('57b65a80-72f9-4cc6-9eaa-6623580399ef', '89df1af2-481b-4ec0-99af-7833fe478be1'),
('57b65a80-72f9-4cc6-9eaa-6623580399ef', '26700f8f-8b53-43c8-bddd-26cb95cf1a19'),
('57b65a80-72f9-4cc6-9eaa-6623580399ef', '9a6aa34f-f854-4e1e-a3e0-66734d9421a3'),
('57b65a80-72f9-4cc6-9eaa-6623580399ef', 'c778343f-7594-4618-b0fe-11ddf5453809'),
('57b65a80-72f9-4cc6-9eaa-6623580399ef', 'b516d63b-73db-4977-a723-00ce476327bd'),
('57b65a80-72f9-4cc6-9eaa-6623580399ef', '11cbe079-9bfc-4f95-90b0-d8b95caa8fe8'),
('57b65a80-72f9-4cc6-9eaa-6623580399ef', '7e34bf75-8f73-401c-aaa1-23c14112a7e5'),
('7f70d115-cd2b-47b6-a08a-1f158bffbde1', '9e21755f-d819-4131-91d9-7cfe3d2fe4bf'),
('7f70d115-cd2b-47b6-a08a-1f158bffbde1', '7e53bf63-0166-44f4-86c9-a220e7695b49'),
('7f70d115-cd2b-47b6-a08a-1f158bffbde1', '7bd90439-33b2-4358-8462-0f77d32e4234'),
('7f70d115-cd2b-47b6-a08a-1f158bffbde1', '507623a3-e948-401b-953e-f37059389804'),
('7f70d115-cd2b-47b6-a08a-1f158bffbde1', 'b2220188-8f63-4a9e-95e7-054c57e64514'),
('7f70d115-cd2b-47b6-a08a-1f158bffbde1', '6a30a088-47b5-4a26-88dd-c0c9e3e1ce31'),
('7f70d115-cd2b-47b6-a08a-1f158bffbde1', '46d62ad5-5b1a-421e-a801-19b7e76279d7'),
('7f70d115-cd2b-47b6-a08a-1f158bffbde1', '9db08ca9-d508-450f-bd18-6a704875cbe4'),
('7f70d115-cd2b-47b6-a08a-1f158bffbde1', '49d048c5-f9a1-4271-aa3f-8d9fa375be44'),
('7f70d115-cd2b-47b6-a08a-1f158bffbde1', 'e1ea1339-7f5b-4809-87dd-f1c1fff21b5f'),
('cb7c65b9-2f84-4f72-a7a5-6198a5412e4f', '2e91462e-1fc5-4da7-b72d-babf7575699e'),
('cb7c65b9-2f84-4f72-a7a5-6198a5412e4f', '1d2c8565-6447-4ca1-aaff-debb724dc091'),
('cb7c65b9-2f84-4f72-a7a5-6198a5412e4f', 'b50daea3-ca2a-4b2f-a4f6-b38c23cfcade'),
('cb7c65b9-2f84-4f72-a7a5-6198a5412e4f', '625ef0d1-c3b8-4a62-b4e1-173f79a751a6'),
('cb7c65b9-2f84-4f72-a7a5-6198a5412e4f', 'b1824d37-217b-4a84-a162-65949805516e'),
('cb7c65b9-2f84-4f72-a7a5-6198a5412e4f', '5a9b89f4-fc28-465e-8959-221c74f210f2'),
('cb7c65b9-2f84-4f72-a7a5-6198a5412e4f', '929441f7-cc62-4b0e-9ac7-3d24bcff9b6b'),
('cb7c65b9-2f84-4f72-a7a5-6198a5412e4f', '50c635a9-4f60-4030-9d2d-e03cccf99248'),
('cb7c65b9-2f84-4f72-a7a5-6198a5412e4f', '526099f3-42a6-4ec2-9cca-b633aea92f03'),
('cb7c65b9-2f84-4f72-a7a5-6198a5412e4f', '11cbe079-9bfc-4f95-90b0-d8b95caa8fe8'),
('c7515a2b-5fda-47c1-afe5-6dbbc018e1f4', '60b4da26-6c03-4a9c-9569-d055796604a0'),
('c7515a2b-5fda-47c1-afe5-6dbbc018e1f4', 'dfb60884-1aa3-42bf-8ef1-25f917c0da62'),
('c7515a2b-5fda-47c1-afe5-6dbbc018e1f4', '5a9b89f4-fc28-465e-8959-221c74f210f2'),
('c7515a2b-5fda-47c1-afe5-6dbbc018e1f4', 'cb343095-a023-4e48-bb2a-f0d9d4464520'),
('c7515a2b-5fda-47c1-afe5-6dbbc018e1f4', '0d3f0649-01bf-41db-91ac-59e8a4bd7e52'),
('c7515a2b-5fda-47c1-afe5-6dbbc018e1f4', '0a8f07a6-b9e5-4d28-8451-831c0c34aa01'),
('c7515a2b-5fda-47c1-afe5-6dbbc018e1f4', 'd6ce77e6-46d7-4815-9267-8f6585a03ac6'),
('c7515a2b-5fda-47c1-afe5-6dbbc018e1f4', 'e1ea1339-7f5b-4809-87dd-f1c1fff21b5f'),
('c7515a2b-5fda-47c1-afe5-6dbbc018e1f4', 'ea70c844-fc0b-4611-a9c1-e55100ad222b'),
('c7515a2b-5fda-47c1-afe5-6dbbc018e1f4', 'b1824d37-217b-4a84-a162-65949805516e'),
('0611b762-9f0e-44bd-b616-44ccea2bb465', '5a9b89f4-fc28-465e-8959-221c74f210f2'),
('0611b762-9f0e-44bd-b616-44ccea2bb465', 'e34b4013-1f7f-4958-bf8d-f1c76a0f5ede'),
('0611b762-9f0e-44bd-b616-44ccea2bb465', 'f5115586-f2ff-468e-ba9d-d0333d7b6297'),
('0611b762-9f0e-44bd-b616-44ccea2bb465', '72d9d69d-ec2a-449c-ac30-7f32c26bc6ee'),
('0611b762-9f0e-44bd-b616-44ccea2bb465', '46d62ad5-5b1a-421e-a801-19b7e76279d7'),
('0611b762-9f0e-44bd-b616-44ccea2bb465', 'b516d63b-73db-4977-a723-00ce476327bd'),
('0611b762-9f0e-44bd-b616-44ccea2bb465', '3d6f9b9d-213f-4204-a933-df2a6368d19c'),
('0611b762-9f0e-44bd-b616-44ccea2bb465', 'dfb60884-1aa3-42bf-8ef1-25f917c0da62'),
('0611b762-9f0e-44bd-b616-44ccea2bb465', 'fb79ef8c-1f95-4652-aab3-2e2687bb1dad'),
('0611b762-9f0e-44bd-b616-44ccea2bb465', '482e2754-905e-4b50-9dc8-44ffa05992c5'),
('45ec6373-3555-4f56-a097-25311dce34af', 'f8acbb90-e55e-4a9a-960d-c95a4a8a8933'),
('45ec6373-3555-4f56-a097-25311dce34af', 'b4e4cb25-f259-400c-bd44-c6cbe35e553e'),
('45ec6373-3555-4f56-a097-25311dce34af', 'f9f74a9f-ee96-479a-9386-ea4c5cea8c84'),
('45ec6373-3555-4f56-a097-25311dce34af', '2d2ec3de-f48c-4241-9355-460dc8425704'),
('45ec6373-3555-4f56-a097-25311dce34af', '14d425c4-7bda-4ba9-8cee-ff1867bcfe1f'),
('45ec6373-3555-4f56-a097-25311dce34af', '708ae29d-21e0-4cec-8da5-823d65d91aa7'),
('45ec6373-3555-4f56-a097-25311dce34af', '9e21755f-d819-4131-91d9-7cfe3d2fe4bf'),
('45ec6373-3555-4f56-a097-25311dce34af', '6e159dae-3b11-45b8-af86-5c1393d1a186'),
('45ec6373-3555-4f56-a097-25311dce34af', 'cb343095-a023-4e48-bb2a-f0d9d4464520'),
('45ec6373-3555-4f56-a097-25311dce34af', '7e53bf63-0166-44f4-86c9-a220e7695b49'),
('45ec6373-3555-4f56-a097-25311dce34af', '9085c9e2-1d85-48d9-b738-655ba30f2cde'),
('45ec6373-3555-4f56-a097-25311dce34af', 'cd56918c-a1c3-4b9c-9e39-0def31314285'),
('45ec6373-3555-4f56-a097-25311dce34af', 'e27ab7d8-8075-4336-98ab-521fa3922059'),
('45ec6373-3555-4f56-a097-25311dce34af', 'fbbbc7ab-307e-4e09-9a4a-26ec622b794f'),
('45ec6373-3555-4f56-a097-25311dce34af', 'b1824d37-217b-4a84-a162-65949805516e'),
('45ec6373-3555-4f56-a097-25311dce34af', 'dfb60884-1aa3-42bf-8ef1-25f917c0da62'),
('45ec6373-3555-4f56-a097-25311dce34af', '26700f8f-8b53-43c8-bddd-26cb95cf1a19'),
('45ec6373-3555-4f56-a097-25311dce34af', '2dcb2fbd-15f7-4552-968e-24df4b59e505'),
('45ec6373-3555-4f56-a097-25311dce34af', 'da6edeac-ffff-4fd9-a787-0b846d55b1ce'),
('45ec6373-3555-4f56-a097-25311dce34af', 'f4d33fd2-038a-449f-b46e-6da438fccf63'); 

INSERT INTO [FreelanceQuizResults] ([Id], [CompletedAt], [TotalCorrect], [QuizId]) VALUES
('2f646d52-5185-4e4c-8f42-1b78aad908b7', '2024-03-25T21:04:14.120475', 5, 'cb7c65b9-2f84-4f72-a7a5-6198a5412e4f'),
('008fef30-f239-409d-883a-66cff3c71553', '2024-03-25T21:04:14.120475', 5, '45ec6373-3555-4f56-a097-25311dce34af'),
('a73bc407-5487-46f8-81fc-a05881a4a3b1', '2024-03-25T21:04:14.120475', 5, 'c7515a2b-5fda-47c1-afe5-6dbbc018e1f4'),
('9965df08-4ca3-4b9f-885a-bd837dfc22fc', '2024-03-25T21:04:14.120475', 5, 'cb7c65b9-2f84-4f72-a7a5-6198a5412e4f'),
('920023a7-d4ad-472f-be37-0ecd1ed46750', '2024-03-25T21:04:14.120475', 5, 'e36c7197-acc3-4c35-9e69-215da7673760'),
('e558104b-1bd0-4b6f-a307-2b6a861183ee', '2024-03-25T21:04:14.120475', 5, 'c7515a2b-5fda-47c1-afe5-6dbbc018e1f4'),
('dbdabe66-98be-4a9b-9e4d-26345f922864', '2024-03-25T21:04:14.120475', 5, '57b65a80-72f9-4cc6-9eaa-6623580399ef'),
('d4c52204-2f3e-4294-9b84-0734d04e214f', '2024-03-25T21:04:14.120475', 5, '5f898f0e-cca4-4c14-b77e-5e7767a2b89e'),
('c8460d3a-083b-451e-96c1-d0c2ecd5ab99', '2024-03-25T21:04:14.120475', 5, 'e36c7197-acc3-4c35-9e69-215da7673760'),
('6458467e-4d3c-48fc-9f25-83af2573a461', '2024-03-25T21:04:14.120475', 5, '5f898f0e-cca4-4c14-b77e-5e7767a2b89e'),
('f81cfd2c-a66e-474e-9b23-d33c6e101514', '2024-03-25T21:04:14.120475', 5, '0611b762-9f0e-44bd-b616-44ccea2bb465'),
('c3f2cfdc-bdc3-4a00-aec6-a764a20808ed', '2024-03-25T21:04:14.121478', 5, '7f70d115-cd2b-47b6-a08a-1f158bffbde1'),
('208e4b1a-b761-4b02-b331-4c1e238fa6c1', '2024-03-25T21:04:14.121478', 5, 'c7515a2b-5fda-47c1-afe5-6dbbc018e1f4'),
('a4dc50da-8e36-49f4-9947-e0b6004a39f0', '2024-03-25T21:04:14.121478', 5, '7f70d115-cd2b-47b6-a08a-1f158bffbde1'),
('ed195471-d4a7-428a-be05-7115e1e10b3f', '2024-03-25T21:04:14.121478', 5, '45ec6373-3555-4f56-a097-25311dce34af'),
('37ad5c65-d7e8-4a80-9d7b-44c67860447e', '2024-03-25T21:04:14.121478', 5, '45ec6373-3555-4f56-a097-25311dce34af'),
('3dde1467-5983-4744-97fd-9979136faa1c', '2024-03-25T21:04:14.121478', 5, '57b65a80-72f9-4cc6-9eaa-6623580399ef'),
('6c3460cb-a712-48d6-b4dd-8827340909cd', '2024-03-25T21:04:14.121478', 5, '0611b762-9f0e-44bd-b616-44ccea2bb465'),
('a136e507-6b73-4d09-a31a-995fbd479b4a', '2024-03-25T21:04:14.121478', 5, 'cb7c65b9-2f84-4f72-a7a5-6198a5412e4f'),
('347c5830-8303-4332-8836-e863d4686297', '2024-03-25T21:04:14.121478', 5, '5f898f0e-cca4-4c14-b77e-5e7767a2b89e'); 

INSERT INTO [FreelanceCorrectQuestions] ([ResultId], [QuestionId]) VALUES
('2f646d52-5185-4e4c-8f42-1b78aad908b7', 'b50daea3-ca2a-4b2f-a4f6-b38c23cfcade'),
('2f646d52-5185-4e4c-8f42-1b78aad908b7', '11cbe079-9bfc-4f95-90b0-d8b95caa8fe8'),
('2f646d52-5185-4e4c-8f42-1b78aad908b7', '1d2c8565-6447-4ca1-aaff-debb724dc091'),
('2f646d52-5185-4e4c-8f42-1b78aad908b7', '929441f7-cc62-4b0e-9ac7-3d24bcff9b6b'),
('2f646d52-5185-4e4c-8f42-1b78aad908b7', '625ef0d1-c3b8-4a62-b4e1-173f79a751a6'),
('008fef30-f239-409d-883a-66cff3c71553', 'cb343095-a023-4e48-bb2a-f0d9d4464520'),
('008fef30-f239-409d-883a-66cff3c71553', 'f4d33fd2-038a-449f-b46e-6da438fccf63'),
('008fef30-f239-409d-883a-66cff3c71553', '14d425c4-7bda-4ba9-8cee-ff1867bcfe1f'),
('008fef30-f239-409d-883a-66cff3c71553', 'b4e4cb25-f259-400c-bd44-c6cbe35e553e'),
('008fef30-f239-409d-883a-66cff3c71553', '708ae29d-21e0-4cec-8da5-823d65d91aa7'),
('a73bc407-5487-46f8-81fc-a05881a4a3b1', 'cb343095-a023-4e48-bb2a-f0d9d4464520'),
('a73bc407-5487-46f8-81fc-a05881a4a3b1', 'dfb60884-1aa3-42bf-8ef1-25f917c0da62'),
('a73bc407-5487-46f8-81fc-a05881a4a3b1', 'e1ea1339-7f5b-4809-87dd-f1c1fff21b5f'),
('a73bc407-5487-46f8-81fc-a05881a4a3b1', 'ea70c844-fc0b-4611-a9c1-e55100ad222b'),
('a73bc407-5487-46f8-81fc-a05881a4a3b1', '0a8f07a6-b9e5-4d28-8451-831c0c34aa01'),
('9965df08-4ca3-4b9f-885a-bd837dfc22fc', '625ef0d1-c3b8-4a62-b4e1-173f79a751a6'),
('9965df08-4ca3-4b9f-885a-bd837dfc22fc', '1d2c8565-6447-4ca1-aaff-debb724dc091'),
('9965df08-4ca3-4b9f-885a-bd837dfc22fc', '11cbe079-9bfc-4f95-90b0-d8b95caa8fe8'),
('9965df08-4ca3-4b9f-885a-bd837dfc22fc', 'b50daea3-ca2a-4b2f-a4f6-b38c23cfcade'),
('9965df08-4ca3-4b9f-885a-bd837dfc22fc', '50c635a9-4f60-4030-9d2d-e03cccf99248'),
('920023a7-d4ad-472f-be37-0ecd1ed46750', '14d425c4-7bda-4ba9-8cee-ff1867bcfe1f'),
('920023a7-d4ad-472f-be37-0ecd1ed46750', 'da6edeac-ffff-4fd9-a787-0b846d55b1ce'),
('920023a7-d4ad-472f-be37-0ecd1ed46750', 'b516d63b-73db-4977-a723-00ce476327bd'),
('920023a7-d4ad-472f-be37-0ecd1ed46750', '3d6f9b9d-213f-4204-a933-df2a6368d19c'),
('920023a7-d4ad-472f-be37-0ecd1ed46750', 'dfb60884-1aa3-42bf-8ef1-25f917c0da62'),
('e558104b-1bd0-4b6f-a307-2b6a861183ee', 'd6ce77e6-46d7-4815-9267-8f6585a03ac6'),
('e558104b-1bd0-4b6f-a307-2b6a861183ee', '60b4da26-6c03-4a9c-9569-d055796604a0'),
('e558104b-1bd0-4b6f-a307-2b6a861183ee', 'b1824d37-217b-4a84-a162-65949805516e'),
('e558104b-1bd0-4b6f-a307-2b6a861183ee', '0d3f0649-01bf-41db-91ac-59e8a4bd7e52'),
('e558104b-1bd0-4b6f-a307-2b6a861183ee', '5a9b89f4-fc28-465e-8959-221c74f210f2'),
('dbdabe66-98be-4a9b-9e4d-26345f922864', 'da6edeac-ffff-4fd9-a787-0b846d55b1ce'),
('dbdabe66-98be-4a9b-9e4d-26345f922864', '50c635a9-4f60-4030-9d2d-e03cccf99248'),
('dbdabe66-98be-4a9b-9e4d-26345f922864', '737204a6-9e5c-4641-856a-ac1fdd9821d4'),
('dbdabe66-98be-4a9b-9e4d-26345f922864', '69d5a92e-d0b1-4955-a385-2c512527e9d6'),
('dbdabe66-98be-4a9b-9e4d-26345f922864', '89df1af2-481b-4ec0-99af-7833fe478be1'),
('d4c52204-2f3e-4294-9b84-0734d04e214f', '76361808-515d-43ff-8223-13f7fdefcbd0'),
('d4c52204-2f3e-4294-9b84-0734d04e214f', '1d2c8565-6447-4ca1-aaff-debb724dc091'),
('d4c52204-2f3e-4294-9b84-0734d04e214f', '4fea5dc4-fee5-46c2-b170-83ca9e440597'),
('d4c52204-2f3e-4294-9b84-0734d04e214f', 'f8acbb90-e55e-4a9a-960d-c95a4a8a8933'),
('d4c52204-2f3e-4294-9b84-0734d04e214f', 'c5d491dc-c765-4209-a7e4-65624e4caaab'),
('c8460d3a-083b-451e-96c1-d0c2ecd5ab99', 'dfb60884-1aa3-42bf-8ef1-25f917c0da62'),
('c8460d3a-083b-451e-96c1-d0c2ecd5ab99', '0d3f0649-01bf-41db-91ac-59e8a4bd7e52'),
('c8460d3a-083b-451e-96c1-d0c2ecd5ab99', 'e34b4013-1f7f-4958-bf8d-f1c76a0f5ede'),
('c8460d3a-083b-451e-96c1-d0c2ecd5ab99', 'da6edeac-ffff-4fd9-a787-0b846d55b1ce'),
('c8460d3a-083b-451e-96c1-d0c2ecd5ab99', '23fe2a21-44f6-4659-a8e7-bf1c7bcf3caa'),
('6458467e-4d3c-48fc-9f25-83af2573a461', '46096dac-e321-4b28-86f2-6850b02e760c'),
('6458467e-4d3c-48fc-9f25-83af2573a461', 'f5115586-f2ff-468e-ba9d-d0333d7b6297'),
('6458467e-4d3c-48fc-9f25-83af2573a461', '1d2c8565-6447-4ca1-aaff-debb724dc091'),
('6458467e-4d3c-48fc-9f25-83af2573a461', 'c5d491dc-c765-4209-a7e4-65624e4caaab'),
('6458467e-4d3c-48fc-9f25-83af2573a461', '69d5a92e-d0b1-4955-a385-2c512527e9d6'),
('f81cfd2c-a66e-474e-9b23-d33c6e101514', '482e2754-905e-4b50-9dc8-44ffa05992c5'),
('f81cfd2c-a66e-474e-9b23-d33c6e101514', 'fb79ef8c-1f95-4652-aab3-2e2687bb1dad'),
('f81cfd2c-a66e-474e-9b23-d33c6e101514', '72d9d69d-ec2a-449c-ac30-7f32c26bc6ee'),
('f81cfd2c-a66e-474e-9b23-d33c6e101514', '5a9b89f4-fc28-465e-8959-221c74f210f2'),
('f81cfd2c-a66e-474e-9b23-d33c6e101514', 'b516d63b-73db-4977-a723-00ce476327bd'),
('c3f2cfdc-bdc3-4a00-aec6-a764a20808ed', '49d048c5-f9a1-4271-aa3f-8d9fa375be44'),
('c3f2cfdc-bdc3-4a00-aec6-a764a20808ed', '9db08ca9-d508-450f-bd18-6a704875cbe4'),
('c3f2cfdc-bdc3-4a00-aec6-a764a20808ed', '6a30a088-47b5-4a26-88dd-c0c9e3e1ce31'),
('c3f2cfdc-bdc3-4a00-aec6-a764a20808ed', '46d62ad5-5b1a-421e-a801-19b7e76279d7'),
('c3f2cfdc-bdc3-4a00-aec6-a764a20808ed', '7bd90439-33b2-4358-8462-0f77d32e4234'),
('208e4b1a-b761-4b02-b331-4c1e238fa6c1', '60b4da26-6c03-4a9c-9569-d055796604a0'),
('208e4b1a-b761-4b02-b331-4c1e238fa6c1', 'd6ce77e6-46d7-4815-9267-8f6585a03ac6'),
('208e4b1a-b761-4b02-b331-4c1e238fa6c1', '0a8f07a6-b9e5-4d28-8451-831c0c34aa01'),
('208e4b1a-b761-4b02-b331-4c1e238fa6c1', 'dfb60884-1aa3-42bf-8ef1-25f917c0da62'),
('208e4b1a-b761-4b02-b331-4c1e238fa6c1', 'cb343095-a023-4e48-bb2a-f0d9d4464520'),
('a4dc50da-8e36-49f4-9947-e0b6004a39f0', 'e1ea1339-7f5b-4809-87dd-f1c1fff21b5f'),
('a4dc50da-8e36-49f4-9947-e0b6004a39f0', '9e21755f-d819-4131-91d9-7cfe3d2fe4bf'),
('a4dc50da-8e36-49f4-9947-e0b6004a39f0', '507623a3-e948-401b-953e-f37059389804'),
('a4dc50da-8e36-49f4-9947-e0b6004a39f0', 'b2220188-8f63-4a9e-95e7-054c57e64514'),
('a4dc50da-8e36-49f4-9947-e0b6004a39f0', '6a30a088-47b5-4a26-88dd-c0c9e3e1ce31'),
('ed195471-d4a7-428a-be05-7115e1e10b3f', 'e27ab7d8-8075-4336-98ab-521fa3922059'),
('ed195471-d4a7-428a-be05-7115e1e10b3f', '708ae29d-21e0-4cec-8da5-823d65d91aa7'),
('ed195471-d4a7-428a-be05-7115e1e10b3f', '14d425c4-7bda-4ba9-8cee-ff1867bcfe1f'),
('ed195471-d4a7-428a-be05-7115e1e10b3f', 'fbbbc7ab-307e-4e09-9a4a-26ec622b794f'),
('ed195471-d4a7-428a-be05-7115e1e10b3f', 'f4d33fd2-038a-449f-b46e-6da438fccf63'),
('37ad5c65-d7e8-4a80-9d7b-44c67860447e', 'cb343095-a023-4e48-bb2a-f0d9d4464520'),
('37ad5c65-d7e8-4a80-9d7b-44c67860447e', 'f9f74a9f-ee96-479a-9386-ea4c5cea8c84'),
('37ad5c65-d7e8-4a80-9d7b-44c67860447e', '708ae29d-21e0-4cec-8da5-823d65d91aa7'),
('37ad5c65-d7e8-4a80-9d7b-44c67860447e', 'f8acbb90-e55e-4a9a-960d-c95a4a8a8933'),
('37ad5c65-d7e8-4a80-9d7b-44c67860447e', '7e53bf63-0166-44f4-86c9-a220e7695b49'),
('3dde1467-5983-4744-97fd-9979136faa1c', '591f1018-8192-4158-a1b3-178d5637966e'),
('3dde1467-5983-4744-97fd-9979136faa1c', '50c635a9-4f60-4030-9d2d-e03cccf99248'),
('3dde1467-5983-4744-97fd-9979136faa1c', '708ae29d-21e0-4cec-8da5-823d65d91aa7'),
('3dde1467-5983-4744-97fd-9979136faa1c', 'b5a24e43-e335-4d32-aabb-8bfc15b54e1f'),
('3dde1467-5983-4744-97fd-9979136faa1c', '11cbe079-9bfc-4f95-90b0-d8b95caa8fe8'),
('6c3460cb-a712-48d6-b4dd-8827340909cd', 'fb79ef8c-1f95-4652-aab3-2e2687bb1dad'),
('6c3460cb-a712-48d6-b4dd-8827340909cd', '3d6f9b9d-213f-4204-a933-df2a6368d19c'),
('6c3460cb-a712-48d6-b4dd-8827340909cd', 'dfb60884-1aa3-42bf-8ef1-25f917c0da62'),
('6c3460cb-a712-48d6-b4dd-8827340909cd', '72d9d69d-ec2a-449c-ac30-7f32c26bc6ee'),
('6c3460cb-a712-48d6-b4dd-8827340909cd', '5a9b89f4-fc28-465e-8959-221c74f210f2'),
('a136e507-6b73-4d09-a31a-995fbd479b4a', 'b1824d37-217b-4a84-a162-65949805516e'),
('a136e507-6b73-4d09-a31a-995fbd479b4a', '11cbe079-9bfc-4f95-90b0-d8b95caa8fe8'),
('a136e507-6b73-4d09-a31a-995fbd479b4a', '526099f3-42a6-4ec2-9cca-b633aea92f03'),
('a136e507-6b73-4d09-a31a-995fbd479b4a', '625ef0d1-c3b8-4a62-b4e1-173f79a751a6'),
('a136e507-6b73-4d09-a31a-995fbd479b4a', '50c635a9-4f60-4030-9d2d-e03cccf99248'),
('347c5830-8303-4332-8836-e863d4686297', 'f8acbb90-e55e-4a9a-960d-c95a4a8a8933'),
('347c5830-8303-4332-8836-e863d4686297', 'f5115586-f2ff-468e-ba9d-d0333d7b6297'),
('347c5830-8303-4332-8836-e863d4686297', '76361808-515d-43ff-8223-13f7fdefcbd0'),
('347c5830-8303-4332-8836-e863d4686297', 'c5d491dc-c765-4209-a7e4-65624e4caaab'),
('347c5830-8303-4332-8836-e863d4686297', '1d2c8565-6447-4ca1-aaff-debb724dc091'); 

