-- DELETE ALL!!!
Delete from [OrderServiceType];
Delete from [OrderService];
Delete from [Orders];
Delete from [Services];

Delete from [FreelanceSkills];
Delete from [Skills];

Delete from [Addresses];
Delete from [Freelancers];
Delete from [Customers];
Delete from [Accounts];

Delete from [RepairingServices];
Delete from [CleaningServices];
Delete from [ShoppingServices];

DELETE FROM [ServiceTypes] Where [Id] not in (
'3B8A2D6A-B0E7-46AF-A688-397CEA642603',
'49A42267-D9DC-4E11-87A5-36525D4254D9',
'EF2632F0-47BD-4BBE-A46F-628A28F03D8B',
'DBB78597-043D-47C1-8810-93D392FD09BA');

INSERT INTO [ServiceTypes] ([Id], [Name], [BasePrice], [Description], [ServiceCategoryId], [Image], [Keys]) VALUES
('96D250D4-0C0E-4521-B94E-05F3CAFCA3F3', N'Đi mua giày camping', 300000.0, N'Mua sắm hộ siêu nhanh', '6F57D993-EB26-4B35-8C7D-7871A7FD624F', null, null),
('73BF981F-1CFD-483D-80EE-14AB6D2E55EF', N'Đi mua quần áo', 60000.0, N'Mua sắm hộ siêu nhanh', '6F57D993-EB26-4B35-8C7D-7871A7FD624F', null, null),
('3779D349-ABCB-4DBC-ABF1-25BA9E94A695', N'Đi siêu thị sang trọng', 100000.0, N'Mua sắm hộ siêu nhanh', '6F57D993-EB26-4B35-8C7D-7871A7FD624F', null, null),
('3361BC88-9F58-4BE8-AC37-561606430F8A', N'Đi mua vé xem phim', 20000.0, N'Mua sắm hộ siêu nhanh', '6F57D993-EB26-4B35-8C7D-7871A7FD624F', null, null),
('07CB166A-4B4E-4637-B224-6277A69003D9', N'Đi mua vé concert', 4000000.0, N'Mua sắm hộ siêu nhanh', '6F57D993-EB26-4B35-8C7D-7871A7FD624F', null, null),
('C82954A1-39D4-4012-86B3-6CAD42C2B399', N'Sửa máy giặt', 200000.0, N'Sửa máy giặt', '8A21B21E-DC31-49C8-8B5B-84B69204DC3A', null, null),
('63CE2EBF-EF36-4B4A-891E-ABBDE2A75B38', N'Sửa bàn ủi', 200000.0, N'Sửa chữa để tôi lo', '8A21B21E-DC31-49C8-8B5B-84B69204DC3A', null, null),
('F1B832B2-49F3-456F-BACB-B1F8DA766BEA', N'Sửa máy tính laptop', 200000.0, N'Hãy yên tâm không nổ đâu', '8A21B21E-DC31-49C8-8B5B-84B69204DC3A', null, null),
('B9F74F9E-F792-4C48-B1B6-B6F0BC402D07', N'Đi chợ hộ', 40000.0, N'Mua sắm hộ siêu nhanh', '6F57D993-EB26-4B35-8C7D-7871A7FD624F', null, null),
('88006A8C-D757-4B85-8B91-C88E6078FE9C', N'Sửa tivi', 200000.0, N'Sửa chữa để tôi lo', '8A21B21E-DC31-49C8-8B5B-84B69204DC3A', null, null),
('662A64BE-F7EA-4419-8978-DBF8F19159DC', N'Sửa bình gas', 50000000.0, N'Hãy yên tâm không nổ đâu', '8A21B21E-DC31-49C8-8B5B-84B69204DC3A', null, null),
('EF2034C1-7F44-4D07-B9C0-E2A497999A9D', N'Sửa ống nước', 200000.0, N'Sửa chữa để tôi lo', '8A21B21E-DC31-49C8-8B5B-84B69204DC3A', null, null),
('CCA752D4-C17C-4C31-906F-F33CB8A18E48', N'Đi siêu thị hộ', 50000.0, N'Mua sắm hộ siêu nhanh', '6F57D993-EB26-4B35-8C7D-7871A7FD624F', null, null),
('A5677DE0-A6A7-42C0-AB77-F34B75BEB63D', N'Sửa máy lạnh', 200000.0, N'Sửa chữa để tôi lo', '8A21B21E-DC31-49C8-8B5B-84B69204DC3A', null, null); 

INSERT INTO [Accounts] ([Id], [Email], [FullName], [DateOfBirth], [Phone], [Role], [Avatar], [RefreshToken], [LoginToken], [LoginTokenExpires], [TokenCreated], [TokenExpires], [IsActive], [IsVerified]) VALUES
('88b691c0-43b8-469f-b5f4-deeb21b4b592', null, N'Phan Hữu Tường', '1988-08-15', '0985303167', 'Customer', 'https://detoivn.sirv.com/customer_avt/user-avt%20(1).png', 'string', 'default', '2024-03-18T20:13:17.876107', '2024-03-18 20:03:17.876107', '2024-03-18 20:13:17.876107', 1, 1),
('440ada4e-7404-4749-a27d-0b4f4afdeb74', null, N'Hoàng Linh Nhi', '2002-03-04', '0861709636', 'Freelancer', 'https://detoivn.sirv.com/customer_avt/user-avt%20(1).png', 'string', 'default', '2024-03-18T20:13:17.887909', '2024-03-18 20:03:17.887909', '2024-03-18 20:13:17.887909', 1, 1),
('aef21e49-062d-42ce-9608-ae2baddfdecb', null, N'Trương Diễm Lệ', '2002-05-15', '0832188881', 'Customer', 'https://detoivn.sirv.com/customer_avt/user-avt%20(2).png', 'string', 'default', '2024-03-18T20:13:17.890931', '2024-03-18 20:03:17.890931', '2024-03-18 20:13:17.890931', 1, 1),
('247a4984-0046-4c86-92d4-93bfc7eddc56', null, N'Vũ Trần Quang Tuấn', '1989-07-31', '0946655273', 'Freelancer', 'https://detoivn.sirv.com/customer_avt/user-avt%20(2).png', 'string', 'default', '2024-03-18T20:13:17.891929', '2024-03-18 20:03:17.891929', '2024-03-18 20:13:17.891929', 1, 1),
('b52e3b77-a4a0-4c56-a7de-92d0b523368f', null, N'Vũ Tuấn Khanh', '1978-03-10', '0984321386', 'Customer', 'https://detoivn.sirv.com/customer_avt/user-avt%20(2).png', 'string', 'default', '2024-03-18T20:13:17.894925', '2024-03-18 20:03:17.894925', '2024-03-18 20:13:17.894925', 1, 1),
('89b81fe6-096a-48e7-a72d-b0a189750f00', null, N'Phạm Khắc Vũ', '1993-06-30', '0943489772', 'Freelancer', 'https://detoivn.sirv.com/customer_avt/user-avt%20(3).png', 'string', 'default', '2024-03-18T20:13:17.896927', '2024-03-18 20:03:17.896927', '2024-03-18 20:13:17.896927', 1, 1),
('63fcc65f-14ad-40f6-a7ce-61b24a81cc2e', null, N'Trương Hữu Canh', '2003-11-14', '0939090201', 'Freelancer', 'https://detoivn.sirv.com/customer_avt/user-avt%20(2).png', 'string', 'default', '2024-03-18T20:13:17.898003', '2024-03-18 20:03:17.898003', '2024-03-18 20:13:17.898003', 1, 1),
('b6dd2fd6-97a9-43f3-b8d1-a2a748b8a1c2', null, N'Trương Dương Hoàng Hải', '1977-06-10', '0373132537', 'Customer', 'https://detoivn.sirv.com/customer_avt/user-avt%20(2).png', 'string', 'default', '2024-03-18T20:13:17.900001', '2024-03-18 20:03:17.900001', '2024-03-18 20:13:17.900001', 1, 1),
('1b0b962e-ae27-488e-b026-0bb77671c2df', null, N'Trần Khôi Nguyên', '1986-07-19', '0917234105', 'Customer', 'https://detoivn.sirv.com/customer_avt/user-avt%20(1).png', 'string', 'default', '2024-03-18T20:13:17.901002', '2024-03-18 20:03:17.901002', '2024-03-18 20:13:17.901002', 1, 1),
('2e20684d-374f-4db4-b0bb-49737980d5a8', null, N'Trần Tuấn Tú', '2004-12-30', '0969156496', 'Freelancer', 'https://detoivn.sirv.com/customer_avt/user-avt%20(2).png', 'string', 'default', '2024-03-18T20:13:17.902002', '2024-03-18 20:03:17.902002', '2024-03-18 20:13:17.902002', 1, 1); 

INSERT INTO [Freelancers] ([Id], [AccountId], [Rating], [TotalReviewCount], [Balance], [OrderCount], [LoveCount], [PositiveReviewCount], [IdentityNumber], [IsTeam], [Description], [TeamMemberCount]) VALUES
('f01e7a2c-168f-4425-917f-44211170bfeb', '440ada4e-7404-4749-a27d-0b4f4afdeb74', 0, 0, 0, 0, 0, 0, '051200000011', 1, 'Fire happen nothing support suffer which parent. Republican total policy head Mrs debate onto. Catch even front. Responsibility full per among clearly word.', 4),
('65018d97-1393-4283-9a78-8ffbd3de0222', '247a4984-0046-4c86-92d4-93bfc7eddc56', 0, 0, 0, 0, 0, 0, '051200000012', 1, 'Record interview few same. Turn phone heart window. Assume be seek article. Better news face. Small research describe base detail yourself one. Issue grow ask tell.', 2),
('aa2e78d3-1ea5-418c-9a8b-1a82fc8a79fa', '89b81fe6-096a-48e7-a72d-b0a189750f00', 0, 0, 0, 0, 0, 0, '051200000013', 0, 'Many true follow marriage material prove dark. Use act relationship section five focus modern themselves. Six success on responsibility southern at be than. At candidate feel. Former claim chance prevent why measure too.', 1),
('0888d414-e9c5-43e2-9c9f-5b9844d7ff42', '63fcc65f-14ad-40f6-a7ce-61b24a81cc2e', 0, 0, 0, 0, 0, 0, '051200000014', 0, 'Surface something prevent a consider. Now four management energy stay significant his. Artist political camera expert stop area. Loss cell three. Response purpose character would in partner hit another. Sing after our car food record power.', 1),
('86dde3cd-4a6a-4092-b7bf-d7c0736763a4', '2e20684d-374f-4db4-b0bb-49737980d5a8', 0, 0, 0, 0, 0, 0, '051200000015', 1, 'Occur democratic behavior standard thousand single recognize. Medical watch certainly through instead base. Indeed between similar safe. Social issue indicate. Try while reveal bad audience grow ahead. Concern store discover hand others century.', 2); 

INSERT INTO [Customers] ([Id], [AccountId], [CustomerRank], [MemberPoint]) VALUES
('eae39f0a-fa8f-4a36-bb31-0005ad071951', '88b691c0-43b8-469f-b5f4-deeb21b4b592', 'Unranked', 0),
('dd7d54e9-b72b-4860-9b15-7a34e112f4b0', 'aef21e49-062d-42ce-9608-ae2baddfdecb', 'Unranked', 0),
('3a7fafa0-22f1-448c-bb63-6baa289f8bd3', 'b52e3b77-a4a0-4c56-a7de-92d0b523368f', 'Unranked', 0),
('3c3ad022-bf2c-4b39-b4d9-546f881c9597', 'b6dd2fd6-97a9-43f3-b8d1-a2a748b8a1c2', 'Unranked', 0),
('3440fc58-c0d7-4b0d-8142-033794c4ac33', '1b0b962e-ae27-488e-b026-0bb77671c2df', 'Unranked', 0); 

INSERT INTO [Addresses] ([Id], [Lat], [Lon], [CustomerAccountId], [FreelanceAccountId], [AddressLine], [Ward], [District], [Province], [Country]) VALUES
('9785c831-b7af-4c95-b718-d9731eecd5f9', 10.541512797103948, 106.6799114334144, 'eae39f0a-fa8f-4a36-bb31-0005ad071951', null, 'test address', N'Phường 13', N'Quận Tân Bình', N'Thành phố Hồ Chí Minh', N'Việt Nam'),
('33c2113e-3ff5-4e50-bf49-60293b768249', 10.84400602522873, 106.888253629795, null, 'f01e7a2c-168f-4425-917f-44211170bfeb', 'test address', N'Phường An Lạc', N'Quận Bình Tân', N'Thành phố Hồ Chí Minh', N'Việt Nam'),
('a68be2f2-2835-45b0-b083-4bae42896116', 10.873156994195718, 106.95572087608963, 'dd7d54e9-b72b-4860-9b15-7a34e112f4b0', null, 'test address', N'Phường 1', N'Quận 10', N'Thành phố Hồ Chí Minh', N'Việt Nam'),
('b9a96076-cce0-4c49-a3f3-5de1452fd81f', 10.712262395308397, 106.77144028448444, null, '65018d97-1393-4283-9a78-8ffbd3de0222', 'test address', N'Phường 15', N'Quận Bình Thạnh', N'Thành phố Hồ Chí Minh', N'Việt Nam'),
('2b4643c7-7141-4134-8e6f-0a933b6fe9c1', 10.825972333154438, 106.88878480311446, '3a7fafa0-22f1-448c-bb63-6baa289f8bd3', null, 'test address', N'Phường 4', N'Quận 8', N'Thành phố Hồ Chí Minh', N'Việt Nam'),
('651470df-e4d0-4b31-8bfd-041c3ea319b7', 10.526732026993557, 106.8385973472114, null, 'aa2e78d3-1ea5-418c-9a8b-1a82fc8a79fa', 'test address', N'Phường 15', N'Quận 5', N'Thành phố Hồ Chí Minh', N'Việt Nam'),
('31b0c7f3-d396-4da5-9f1c-3f89c208a196', 10.882604425687166, 106.9891647602405, null, '0888d414-e9c5-43e2-9c9f-5b9844d7ff42', 'test address', N'Phường Phước Bình', N'Quận 9', N'Thành phố Hồ Chí Minh', N'Việt Nam'),
('daae8d50-4457-4a36-a34d-8b25e371f003', 10.859380808226998, 106.89421420101853, '3c3ad022-bf2c-4b39-b4d9-546f881c9597', null, 'test address', N'Xã Lê Minh Xuân', N'Huyện Bình Chánh', N'Thành phố Hồ Chí Minh', N'Việt Nam'),
('5cecca50-46a9-4bbc-80f0-1cbdbc37e102', 10.511626931539764, 106.62335689127653, '3440fc58-c0d7-4b0d-8142-033794c4ac33', null, 'test address', N'Phường Bình Thọ', N'Thành phố Thủ Đức', N'Thành phố Hồ Chí Minh', N'Việt Nam'),
('695ff81c-f514-496a-9047-a5111c6b6c8f', 10.521023299719284, 106.87555523012686, null, '86dde3cd-4a6a-4092-b7bf-d7c0736763a4', 'test address', N'Phường Cầu Kho', N'Quận 1', N'Thành phố Hồ Chí Minh', N'Việt Nam'); 

INSERT INTO [Skills] (Id, Name, Description, SkillCategory) VALUES
('e2e47f07-bad8-4f50-888b-5b2bb0d8b793', 'House Cleaning', 'American whole magazine truth stop whose.', 'CleaningService'),
('2ed438f4-d58f-465e-b7f9-b51c410594b4', 'Office Cleaning', 'Through despite cause cause believe son would mouth.', 'CleaningService'),
('af1aedb7-989b-48f0-b1a1-8316fb81f38d', 'Deep Cleaning', 'Financial role together range.', 'CleaningService'),
('966e9590-4b6c-4d4f-bb3f-db8c91ef978f', 'Carpet Cleaning', 'Beyond its particularly tree whom local tend.', 'CleaningService'),
('7663eac1-9ffd-4789-a027-d63f0195d6b5', 'Window Cleaning', 'Source nature add rest.', 'CleaningService'),
('18d30e9a-d0ce-4759-8c14-636fae5e1c61', 'Maid Service', 'Ability management test during foot that course nothing.', 'CleaningService'),
('61d4f27c-da3d-452a-a48a-39530c3e6ef7', 'Janitorial Service', 'Sort language ball floor.', 'CleaningService'),
('c47b674a-a9f1-4c4f-b378-e840c665d5bd', 'Disinfection Service', 'Board necessary religious natural sport music white.', 'CleaningService'),
('5adb4bd4-69cd-4326-abd3-f255d57f5c01', 'Eco-friendly Cleaning', 'Onto knowledge other his offer face country.', 'CleaningService'),
('7c90bdbd-ce77-4fc5-b52c-fcbf9f37a263', 'Move-in/Move-out Cleaning', 'Party prevent live.', 'CleaningService'),
('f612bcb2-e9a3-4733-ac90-e29487daf288', 'Appliance Repair', 'Theory type successful together.', 'RepairingService'),
('6073cb0f-0140-477e-b312-d077e4fd31db', 'Refrigerator Repair', 'Study modern miss dog Democrat quickly.', 'RepairingService'),
('fc805ef8-b367-4532-a65e-c73b96c6fe9b', 'Washer/Dryer Repair', 'Every manage political record word group food break.', 'RepairingService'),
('faeb7979-b94b-4f9a-8366-9900d4215ff1', 'Oven/Range Repair', 'Friend couple administration even relate head color international.', 'RepairingService'),
('0dd46f46-f39d-4a2b-b00e-5ceafb6792de', 'Dishwasher Repair', 'Situation talk despite stage.', 'RepairingService'),
('44b46d53-9560-4e49-99b3-7d8469036a70', 'HVAC Repair', 'Quite ago play paper office hospital have wonder.', 'RepairingService'),
('29fb91f8-75d5-409a-a1d9-1e286ea0fd03', 'Plumbing Repair', 'Against which continue buy decision song view age.', 'RepairingService'),
('8159221e-b16e-4c8a-a63a-7cd5314aedaa', 'Electrical Repair', 'Big employee determine positive go Congress mean always.', 'RepairingService'),
('c8afdb86-0ff5-473c-b82d-6ae8d50a783d', 'Small Appliance Repair', 'Current grow rule stuff truth college.', 'RepairingService'),
('325aed56-c4aa-421e-8a10-483c7a3e754f', 'Garbage Disposal Repair', 'Small citizen class morning.', 'RepairingService'),
('adf83625-2454-4ee6-8f27-daee232ef813', 'Personal Shopping', 'Tv program actually race tonight themselves true power.', 'ShoppingService'),
('b410c3d5-8f44-42cd-95ab-f20885e4e1f0', 'Grocery Shopping', 'Check real leader bad school.', 'ShoppingService'),
('ddb69d1f-0de0-4619-82ea-96272c791776', 'Errand Service', 'Care several loss particular pull.', 'ShoppingService'),
('7ead685c-c528-4c7f-81ce-38d6d401b386', 'Shopping Assistance', 'Car financial security stock ball organization recognize civil.', 'ShoppingService'),
('12a1d79d-1b45-4af7-bcd4-2a95c31c064d', 'Gift Shopping', 'Her then nothing increase I reduce industry.', 'ShoppingService'),
('fdc7be66-be46-45b9-b73a-b79e1aef4baf', 'Online Shopping', 'Knowledge else citizen month.', 'ShoppingService'),
('1d23a23f-7019-459b-9adf-c908df5f8057', 'Bulk Shopping', 'Page a although for study anyone state.', 'ShoppingService'),
('5125ea38-d976-4454-9852-1c3b6cacc939', 'Specialty Store Shopping', 'Nature white without study candidate.', 'ShoppingService'),
('f7e9437b-5c39-4abb-a1e0-63a63c8c6331', 'Holiday Shopping', 'Wear individual about add senior woman.', 'ShoppingService'),
('6ea1aa0e-0e3c-4e3d-b423-7e880a21f27c', 'Fashion Styling', 'Best budget power them evidence without beyond take.', 'ShoppingService'); 

INSERT INTO [FreelanceSkills] ([FreelancerId], [SkillId]) VALUES
('f01e7a2c-168f-4425-917f-44211170bfeb', 'fc805ef8-b367-4532-a65e-c73b96c6fe9b'),
('f01e7a2c-168f-4425-917f-44211170bfeb', '8159221e-b16e-4c8a-a63a-7cd5314aedaa'),
('f01e7a2c-168f-4425-917f-44211170bfeb', '7663eac1-9ffd-4789-a027-d63f0195d6b5'),
('f01e7a2c-168f-4425-917f-44211170bfeb', '7c90bdbd-ce77-4fc5-b52c-fcbf9f37a263'),
('f01e7a2c-168f-4425-917f-44211170bfeb', '966e9590-4b6c-4d4f-bb3f-db8c91ef978f'),
('65018d97-1393-4283-9a78-8ffbd3de0222', '0dd46f46-f39d-4a2b-b00e-5ceafb6792de'),
('65018d97-1393-4283-9a78-8ffbd3de0222', '12a1d79d-1b45-4af7-bcd4-2a95c31c064d'),
('65018d97-1393-4283-9a78-8ffbd3de0222', 'b410c3d5-8f44-42cd-95ab-f20885e4e1f0'),
('65018d97-1393-4283-9a78-8ffbd3de0222', '61d4f27c-da3d-452a-a48a-39530c3e6ef7'),
('65018d97-1393-4283-9a78-8ffbd3de0222', '966e9590-4b6c-4d4f-bb3f-db8c91ef978f'),
('65018d97-1393-4283-9a78-8ffbd3de0222', '44b46d53-9560-4e49-99b3-7d8469036a70'),
('65018d97-1393-4283-9a78-8ffbd3de0222', 'fc805ef8-b367-4532-a65e-c73b96c6fe9b'),
('aa2e78d3-1ea5-418c-9a8b-1a82fc8a79fa', '2ed438f4-d58f-465e-b7f9-b51c410594b4'),
('aa2e78d3-1ea5-418c-9a8b-1a82fc8a79fa', 'c8afdb86-0ff5-473c-b82d-6ae8d50a783d'),
('aa2e78d3-1ea5-418c-9a8b-1a82fc8a79fa', 'af1aedb7-989b-48f0-b1a1-8316fb81f38d'),
('aa2e78d3-1ea5-418c-9a8b-1a82fc8a79fa', 'b410c3d5-8f44-42cd-95ab-f20885e4e1f0'),
('aa2e78d3-1ea5-418c-9a8b-1a82fc8a79fa', 'fdc7be66-be46-45b9-b73a-b79e1aef4baf'),
('aa2e78d3-1ea5-418c-9a8b-1a82fc8a79fa', '29fb91f8-75d5-409a-a1d9-1e286ea0fd03'),
('aa2e78d3-1ea5-418c-9a8b-1a82fc8a79fa', '325aed56-c4aa-421e-8a10-483c7a3e754f'),
('0888d414-e9c5-43e2-9c9f-5b9844d7ff42', 'fc805ef8-b367-4532-a65e-c73b96c6fe9b'),
('0888d414-e9c5-43e2-9c9f-5b9844d7ff42', 'fdc7be66-be46-45b9-b73a-b79e1aef4baf'),
('0888d414-e9c5-43e2-9c9f-5b9844d7ff42', '12a1d79d-1b45-4af7-bcd4-2a95c31c064d'),
('0888d414-e9c5-43e2-9c9f-5b9844d7ff42', '44b46d53-9560-4e49-99b3-7d8469036a70'),
('86dde3cd-4a6a-4092-b7bf-d7c0736763a4', 'b410c3d5-8f44-42cd-95ab-f20885e4e1f0'),
('86dde3cd-4a6a-4092-b7bf-d7c0736763a4', '7ead685c-c528-4c7f-81ce-38d6d401b386'),
('86dde3cd-4a6a-4092-b7bf-d7c0736763a4', 'f7e9437b-5c39-4abb-a1e0-63a63c8c6331'),
('86dde3cd-4a6a-4092-b7bf-d7c0736763a4', '966e9590-4b6c-4d4f-bb3f-db8c91ef978f'); 

INSERT INTO [Orders] ([Id], [AddressId], [EstimatedPrice], [StartTime], [FinishTime], [CreatedTime], [FreelancerId], [CustomerId], [Rating], [Comment], [ServiceStatusId]) VALUES
('0718d4aa-214e-4ca5-8733-2e4d0cc1111f', '2b4643c7-7141-4134-8e6f-0a933b6fe9c1', 0, '2024-01-23T00:00:00.000000', null, '2024-01-22T00:00:00.000000', null, '3a7fafa0-22f1-448c-bb63-6baa289f8bd3', 0, null, '8a9f22f1-3c67-49f7-bd84-ec290e4a37fd'),
('e2dbd8ca-bf9c-4a06-b642-354192290ce1', '2b4643c7-7141-4134-8e6f-0a933b6fe9c1', 0, '2024-01-11T00:00:00.000000', null, '2024-01-09T00:00:00.000000', null, '3a7fafa0-22f1-448c-bb63-6baa289f8bd3', 0, null, '8a9f22f1-3c67-49f7-bd84-ec290e4a37fd'),
('eefaa4a6-947b-4db1-9d2c-9f9def9f91c9', 'daae8d50-4457-4a36-a34d-8b25e371f003', 200000, '2024-02-28T00:00:00.000000', '2024-02-28T00:00:00.000000', '2024-02-27T00:00:00.000000', 'f01e7a2c-168f-4425-917f-44211170bfeb', '3c3ad022-bf2c-4b39-b4d9-546f881c9597', 4.0, N'Hoàng Linh Nhi thật tuyệt vời! Chất lượng dịch vụ xuất sắc.', '8a9f22f1-3c67-49f7-bd84-ec290e4a37fd'),
('4e439774-d8aa-4382-a530-b2fa1e5ae85a', 'daae8d50-4457-4a36-a34d-8b25e371f003', 300000, '2024-02-23T00:00:00.000000', '2024-02-23T00:00:00.000000', '2024-02-21T00:00:00.000000', '0888d414-e9c5-43e2-9c9f-5b9844d7ff42', '3c3ad022-bf2c-4b39-b4d9-546f881c9597', 5.0, N'Trương Hữu Canh thật xuất sắc! Tôi nhận được giá trị tuyệt vời với số tiền bỏ ra.', '8a9f22f1-3c67-49f7-bd84-ec290e4a37fd'),
('b091039d-568e-4300-ae87-8a0482216503', 'daae8d50-4457-4a36-a34d-8b25e371f003', 600000, '2024-01-25T00:00:00.000000', '2024-01-25T00:00:00.000000', '2024-01-23T00:00:00.000000', 'aa2e78d3-1ea5-418c-9a8b-1a82fc8a79fa', '3c3ad022-bf2c-4b39-b4d9-546f881c9597', 5.0, N'Phạm Khắc Vũ đã làm một công việc rất ấn tượng. Nhanh chóng và hiệu quả.', '8a9f22f1-3c67-49f7-bd84-ec290e4a37fd'),
('9c5cb373-3a23-4a0d-bc33-6d7f1abf2c52', '5cecca50-46a9-4bbc-80f0-1cbdbc37e102', 500000, '2024-01-29T00:00:00.000000', '2024-01-29T00:00:00.000000', '2024-01-28T00:00:00.000000', 'f01e7a2c-168f-4425-917f-44211170bfeb', '3440fc58-c0d7-4b0d-8142-033794c4ac33', 5.0, N'Làm việc với Hoàng Linh Nhi thật thú vị. Chất lượng dịch vụ xuất sắc.', '8a9f22f1-3c67-49f7-bd84-ec290e4a37fd'),
('c8ef0465-86d9-4734-9e85-c575293516e1', '5cecca50-46a9-4bbc-80f0-1cbdbc37e102', 0, '2024-03-13T00:00:00.000000', null, '2024-03-11T00:00:00.000000', null, '3440fc58-c0d7-4b0d-8142-033794c4ac33', 0, null, '8a9f22f1-3c67-49f7-bd84-ec290e4a37fd'),
('ed565900-0dac-4865-a108-8e9d771c8d2b', '2b4643c7-7141-4134-8e6f-0a933b6fe9c1', 200000, '2024-02-21T00:00:00.000000', '2024-02-21T00:00:00.000000', '2024-02-20T00:00:00.000000', 'aa2e78d3-1ea5-418c-9a8b-1a82fc8a79fa', '3a7fafa0-22f1-448c-bb63-6baa289f8bd3', 3.0, N'Thật không may, trải nghiệm của tôi với Phạm Khắc Vũ không được tốt. Tôi cảm thấy mình không nhận được giá trị tương xứng với số tiền bỏ ra.', '8a9f22f1-3c67-49f7-bd84-ec290e4a37fd'),
('093722d8-37d8-4a10-90aa-10bd060e91b8', '2b4643c7-7141-4134-8e6f-0a933b6fe9c1', 400000, '2024-02-25T00:00:00.000000', '2024-02-25T00:00:00.000000', '2024-02-22T00:00:00.000000', '86dde3cd-4a6a-4092-b7bf-d7c0736763a4', '3a7fafa0-22f1-448c-bb63-6baa289f8bd3', 5.0, N'Trần Tuấn Tú thật tuyệt vời! Dịch vụ vượt quá mong đợi của tôi.', '8a9f22f1-3c67-49f7-bd84-ec290e4a37fd'),
('f066481a-4a9c-425f-8a91-7dd17b5e0dff', '2b4643c7-7141-4134-8e6f-0a933b6fe9c1', 0, '2024-03-12T00:00:00.000000', null, '2024-03-10T00:00:00.000000', null, '3a7fafa0-22f1-448c-bb63-6baa289f8bd3', 0, null, '8a9f22f1-3c67-49f7-bd84-ec290e4a37fd'),
('1e328c2f-0af3-45db-a958-425a06bd5f1b', 'a68be2f2-2835-45b0-b083-4bae42896116', 0, '2024-02-03T00:00:00.000000', null, '2024-02-01T00:00:00.000000', null, 'dd7d54e9-b72b-4860-9b15-7a34e112f4b0', 0, null, '8a9f22f1-3c67-49f7-bd84-ec290e4a37fd'),
('dd573554-20ed-4627-a8be-e770a17fe4ad', 'a68be2f2-2835-45b0-b083-4bae42896116', 0, '2024-03-02T00:00:00.000000', null, '2024-02-28T00:00:00.000000', null, 'dd7d54e9-b72b-4860-9b15-7a34e112f4b0', 0, null, '8a9f22f1-3c67-49f7-bd84-ec290e4a37fd'),
('ab0c4468-83b6-458d-ae3c-9b55403e4383', 'a68be2f2-2835-45b0-b083-4bae42896116', 200000, '2024-02-29T00:00:00.000000', '2024-02-29T00:00:00.000000', '2024-02-27T00:00:00.000000', '65018d97-1393-4283-9a78-8ffbd3de0222', 'dd7d54e9-b72b-4860-9b15-7a34e112f4b0', 5.0, N'Vũ Trần Quang Tuấn đã làm một công việc rất ấn tượng. Freelancer thật thân thiện và lịch sự.', '8a9f22f1-3c67-49f7-bd84-ec290e4a37fd'),
('983582d9-8b80-44c0-82d0-87242f956f85', '2b4643c7-7141-4134-8e6f-0a933b6fe9c1', 0, '2024-01-05T00:00:00.000000', null, '2024-01-04T00:00:00.000000', null, '3a7fafa0-22f1-448c-bb63-6baa289f8bd3', 0, null, '8a9f22f1-3c67-49f7-bd84-ec290e4a37fd'),
('6e59ab13-bc17-47af-b97a-1932734ab7c9', '2b4643c7-7141-4134-8e6f-0a933b6fe9c1', 400000, '2024-01-21T00:00:00.000000', '2024-01-21T00:00:00.000000', '2024-01-18T00:00:00.000000', 'aa2e78d3-1ea5-418c-9a8b-1a82fc8a79fa', '3a7fafa0-22f1-448c-bb63-6baa289f8bd3', 4.5, N'Tôi không thể hài lòng hơn với dịch vụ của Phạm Khắc Vũ. Sự chuyên nghiệp của Freelancer này thật tuyệt đỉnh.', '8a9f22f1-3c67-49f7-bd84-ec290e4a37fd'),
('01d225cd-05d1-4bd5-a55a-0704bd8a69b4', '5cecca50-46a9-4bbc-80f0-1cbdbc37e102', 0, '2024-03-14T00:00:00.000000', null, '2024-03-12T00:00:00.000000', null, '3440fc58-c0d7-4b0d-8142-033794c4ac33', 0, null, '8a9f22f1-3c67-49f7-bd84-ec290e4a37fd'),
('7595c698-7790-435f-a8f1-e39126eab24c', '2b4643c7-7141-4134-8e6f-0a933b6fe9c1', 300000, '2024-02-29T00:00:00.000000', '2024-02-29T00:00:00.000000', '2024-02-26T00:00:00.000000', 'f01e7a2c-168f-4425-917f-44211170bfeb', '3a7fafa0-22f1-448c-bb63-6baa289f8bd3', 3.0, N'Hoàng Linh Nhi cần được cải thiện. Chất lượng dịch vụ kém.', '8a9f22f1-3c67-49f7-bd84-ec290e4a37fd'),
('c486ce1a-b424-4857-b20a-68aaf1bd3dab', 'a68be2f2-2835-45b0-b083-4bae42896116', 0, '2024-01-28T00:00:00.000000', null, '2024-01-27T00:00:00.000000', null, 'dd7d54e9-b72b-4860-9b15-7a34e112f4b0', 0, null, '8a9f22f1-3c67-49f7-bd84-ec290e4a37fd'),
('3deca942-fd63-40d1-a240-7b2f2ed8f13e', 'a68be2f2-2835-45b0-b083-4bae42896116', 600000, '2024-02-20T00:00:00.000000', '2024-02-20T00:00:00.000000', '2024-02-18T00:00:00.000000', '65018d97-1393-4283-9a78-8ffbd3de0222', 'dd7d54e9-b72b-4860-9b15-7a34e112f4b0', 5.0, N'Vũ Trần Quang Tuấn cung cấp dịch vụ thật hoàn hảo. Sự chuyên nghiệp của Freelancer này thật tuyệt đỉnh.', '8a9f22f1-3c67-49f7-bd84-ec290e4a37fd'),
('d922075a-ab99-4e98-b8bc-ea8174ade9b2', 'a68be2f2-2835-45b0-b083-4bae42896116', 100000, '2024-02-26T00:00:00.000000', '2024-02-26T00:00:00.000000', '2024-02-25T00:00:00.000000', '0888d414-e9c5-43e2-9c9f-5b9844d7ff42', 'dd7d54e9-b72b-4860-9b15-7a34e112f4b0', 3.0, N'Trương Hữu Canh thân thiện và nhiệt tình. Tôi cảm thấy mình không nhận được giá trị tương xứng với số tiền bỏ ra.', '8a9f22f1-3c67-49f7-bd84-ec290e4a37fd'),
('a1ccfc27-f591-49eb-bf5d-3c06d87b3438', '2b4643c7-7141-4134-8e6f-0a933b6fe9c1', 0, '2024-03-09T00:00:00.000000', null, '2024-03-08T00:00:00.000000', null, '3a7fafa0-22f1-448c-bb63-6baa289f8bd3', 0, null, '8a9f22f1-3c67-49f7-bd84-ec290e4a37fd'),
('0d0d4f50-14d2-4f35-a277-81a503013ca6', '2b4643c7-7141-4134-8e6f-0a933b6fe9c1', 900000, '2024-01-02T00:00:00.000000', '2024-01-02T00:00:00.000000', '2023-12-31T00:00:00.000000', '65018d97-1393-4283-9a78-8ffbd3de0222', '3a7fafa0-22f1-448c-bb63-6baa289f8bd3', 5.0, N'Vũ Trần Quang Tuấn vượt xa mong đợi. Tôi nhận được giá trị tuyệt vời với số tiền bỏ ra.', '8a9f22f1-3c67-49f7-bd84-ec290e4a37fd'),
('b2e87068-9f10-47c1-b22c-fd7d9bb5a72f', '2b4643c7-7141-4134-8e6f-0a933b6fe9c1', 0, '2024-03-01T00:00:00.000000', null, '2024-02-29T00:00:00.000000', null, '3a7fafa0-22f1-448c-bb63-6baa289f8bd3', 0, null, '8a9f22f1-3c67-49f7-bd84-ec290e4a37fd'),
('709af5d6-b44d-4960-987b-cf5aea4f723d', 'daae8d50-4457-4a36-a34d-8b25e371f003', 100000, '2024-02-09T00:00:00.000000', '2024-02-09T00:00:00.000000', '2024-02-07T00:00:00.000000', '86dde3cd-4a6a-4092-b7bf-d7c0736763a4', '3c3ad022-bf2c-4b39-b4d9-546f881c9597', 3.0, N'Tôi không thích dịch vụ từ Trần Tuấn Tú lắm. Đó là một trải nghiệm khá khó chịu.', '8a9f22f1-3c67-49f7-bd84-ec290e4a37fd'),
('b4cd2a35-c82b-4194-aceb-f627e2816c8c', 'a68be2f2-2835-45b0-b083-4bae42896116', 0, '2024-02-28T00:00:00.000000', null, '2024-02-27T00:00:00.000000', null, 'dd7d54e9-b72b-4860-9b15-7a34e112f4b0', 0, null, '8a9f22f1-3c67-49f7-bd84-ec290e4a37fd'),
('3da9538d-8f72-4dfa-a0b5-4a909b54fd10', 'a68be2f2-2835-45b0-b083-4bae42896116', 0, '2024-02-14T00:00:00.000000', null, '2024-02-11T00:00:00.000000', null, 'dd7d54e9-b72b-4860-9b15-7a34e112f4b0', 0, null, '8a9f22f1-3c67-49f7-bd84-ec290e4a37fd'),
('aa111f3c-fc25-4424-9191-b147a0a5f9e5', 'a68be2f2-2835-45b0-b083-4bae42896116', 0, '2024-02-28T00:00:00.000000', null, '2024-02-27T00:00:00.000000', null, 'dd7d54e9-b72b-4860-9b15-7a34e112f4b0', 0, null, '8a9f22f1-3c67-49f7-bd84-ec290e4a37fd'),
('9438d582-445c-4a97-bcdd-e6009e277701', '2b4643c7-7141-4134-8e6f-0a933b6fe9c1', 100000, '2024-03-13T00:00:00.000000', '2024-03-13T00:00:00.000000', '2024-03-12T00:00:00.000000', '65018d97-1393-4283-9a78-8ffbd3de0222', '3a7fafa0-22f1-448c-bb63-6baa289f8bd3', 5.0, N'Vũ Trần Quang Tuấn vượt xa mong đợi. Tôi nhận được giá trị tuyệt vời với số tiền bỏ ra.', '8a9f22f1-3c67-49f7-bd84-ec290e4a37fd'),
('a69b6fc8-f0b8-4e25-a51c-1d9b92c8206a', '2b4643c7-7141-4134-8e6f-0a933b6fe9c1', 500000, '2024-01-07T00:00:00.000000', '2024-01-07T00:00:00.000000', '2024-01-04T00:00:00.000000', '86dde3cd-4a6a-4092-b7bf-d7c0736763a4', '3a7fafa0-22f1-448c-bb63-6baa289f8bd3', 4.5, N'Trần Tuấn Tú đã làm một công việc rất ấn tượng. Chất lượng dịch vụ xuất sắc.', '8a9f22f1-3c67-49f7-bd84-ec290e4a37fd'),
('d5b85f28-2905-4af6-a3da-0af7d673375c', '2b4643c7-7141-4134-8e6f-0a933b6fe9c1', 0, '2024-03-03T00:00:00.000000', null, '2024-03-02T00:00:00.000000', null, '3a7fafa0-22f1-448c-bb63-6baa289f8bd3', 0, null, '8a9f22f1-3c67-49f7-bd84-ec290e4a37fd'),
('eb4b8468-3e0a-4e12-8aee-6a50e1124ff4', '2b4643c7-7141-4134-8e6f-0a933b6fe9c1', 1000000, '2024-02-18T00:00:00.000000', '2024-02-18T00:00:00.000000', '2024-02-15T00:00:00.000000', '86dde3cd-4a6a-4092-b7bf-d7c0736763a4', '3a7fafa0-22f1-448c-bb63-6baa289f8bd3', 5.0, N'Trần Tuấn Tú thật xuất sắc! Tôi nhận được giá trị tuyệt vời với số tiền bỏ ra.', '8a9f22f1-3c67-49f7-bd84-ec290e4a37fd'),
('2c1e0ec6-1f86-48e6-a0f8-4bf4c9cf2a30', 'daae8d50-4457-4a36-a34d-8b25e371f003', 700000, '2024-01-16T00:00:00.000000', '2024-01-16T00:00:00.000000', '2024-01-14T00:00:00.000000', 'f01e7a2c-168f-4425-917f-44211170bfeb', '3c3ad022-bf2c-4b39-b4d9-546f881c9597', 3.0, N'Hoàng Linh Nhi cần được cải thiện. Tôi cảm thấy mình không nhận được giá trị tương xứng với số tiền bỏ ra.', '8a9f22f1-3c67-49f7-bd84-ec290e4a37fd'),
('d8ee790d-9731-4e1b-94d5-ac75499a7c7d', 'daae8d50-4457-4a36-a34d-8b25e371f003', 0, '2024-03-14T00:00:00.000000', null, '2024-03-12T00:00:00.000000', null, '3c3ad022-bf2c-4b39-b4d9-546f881c9597', 0, null, '8a9f22f1-3c67-49f7-bd84-ec290e4a37fd'),
('64809faa-2f8c-42fe-94cc-1a3cd020af64', 'daae8d50-4457-4a36-a34d-8b25e371f003', 800000, '2024-01-09T00:00:00.000000', '2024-01-09T00:00:00.000000', '2024-01-07T00:00:00.000000', '86dde3cd-4a6a-4092-b7bf-d7c0736763a4', '3c3ad022-bf2c-4b39-b4d9-546f881c9597', 3.5, N'Thật không may, trải nghiệm của tôi với Trần Tuấn Tú không được tốt. Chất lượng dịch vụ kém.', '8a9f22f1-3c67-49f7-bd84-ec290e4a37fd'),
('02a399ba-e725-483a-90e7-cdec2edb1a6c', '5cecca50-46a9-4bbc-80f0-1cbdbc37e102', 0, '2024-03-13T00:00:00.000000', null, '2024-03-10T00:00:00.000000', null, '3440fc58-c0d7-4b0d-8142-033794c4ac33', 0, null, '8a9f22f1-3c67-49f7-bd84-ec290e4a37fd'),
('fc1f9eff-ab11-4c31-8c5b-6f0716b4f11d', '2b4643c7-7141-4134-8e6f-0a933b6fe9c1', 800000, '2024-02-20T00:00:00.000000', '2024-02-20T00:00:00.000000', '2024-02-18T00:00:00.000000', 'aa2e78d3-1ea5-418c-9a8b-1a82fc8a79fa', '3a7fafa0-22f1-448c-bb63-6baa289f8bd3', 3.0, N'Tôi không thích dịch vụ từ Phạm Khắc Vũ lắm. Chậm và kém hiệu quả.', '8a9f22f1-3c67-49f7-bd84-ec290e4a37fd'),
('6868529e-5cde-4558-837a-b959ce75956b', '2b4643c7-7141-4134-8e6f-0a933b6fe9c1', 600000, '2024-03-03T00:00:00.000000', '2024-03-03T00:00:00.000000', '2024-02-29T00:00:00.000000', '86dde3cd-4a6a-4092-b7bf-d7c0736763a4', '3a7fafa0-22f1-448c-bb63-6baa289f8bd3', 3.5, N'Tôi không thích dịch vụ từ Trần Tuấn Tú lắm. Freelancer thiếu giao tiếp với khách hàng.', '8a9f22f1-3c67-49f7-bd84-ec290e4a37fd'),
('fef6420c-1243-41fd-a76f-e9a6ce38f0c5', '2b4643c7-7141-4134-8e6f-0a933b6fe9c1', 0, '2024-01-24T00:00:00.000000', null, '2024-01-22T00:00:00.000000', null, '3a7fafa0-22f1-448c-bb63-6baa289f8bd3', 0, null, '8a9f22f1-3c67-49f7-bd84-ec290e4a37fd'),
('f9cca5fe-3341-4f88-85fb-63fed753788f', 'daae8d50-4457-4a36-a34d-8b25e371f003', 700000, '2024-02-14T00:00:00.000000', '2024-02-14T00:00:00.000000', '2024-02-12T00:00:00.000000', '65018d97-1393-4283-9a78-8ffbd3de0222', '3c3ad022-bf2c-4b39-b4d9-546f881c9597', 3.5, N'Thật không may, trải nghiệm của tôi với Vũ Trần Quang Tuấn không được tốt. Chậm và kém hiệu quả.', '8a9f22f1-3c67-49f7-bd84-ec290e4a37fd'),
('4a4d42eb-3236-47a1-9244-b53731a8cc2f', 'daae8d50-4457-4a36-a34d-8b25e371f003', 700000, '2024-02-04T00:00:00.000000', '2024-02-04T00:00:00.000000', '2024-02-03T00:00:00.000000', 'f01e7a2c-168f-4425-917f-44211170bfeb', '3c3ad022-bf2c-4b39-b4d9-546f881c9597', 3.0, N'Hoàng Linh Nhi cần cải thiện khả năng giao tiếp. Freelancer thiếu giao tiếp với khách hàng.', '8a9f22f1-3c67-49f7-bd84-ec290e4a37fd'),
('7b515858-0e5c-4ec3-a99e-793015433800', 'daae8d50-4457-4a36-a34d-8b25e371f003', 500000, '2024-01-22T00:00:00.000000', '2024-01-22T00:00:00.000000', '2024-01-21T00:00:00.000000', '0888d414-e9c5-43e2-9c9f-5b9844d7ff42', '3c3ad022-bf2c-4b39-b4d9-546f881c9597', 5.0, N'Trương Hữu Canh vượt xa mong đợi. Chất lượng dịch vụ xuất sắc.', '8a9f22f1-3c67-49f7-bd84-ec290e4a37fd'),
('91ca9048-985a-48e9-bbdc-930b9f50c9fc', 'daae8d50-4457-4a36-a34d-8b25e371f003', 600000, '2024-01-16T00:00:00.000000', '2024-01-16T00:00:00.000000', '2024-01-14T00:00:00.000000', 'aa2e78d3-1ea5-418c-9a8b-1a82fc8a79fa', '3c3ad022-bf2c-4b39-b4d9-546f881c9597', 4.0, N'Phạm Khắc Vũ vượt xa mong đợi. Dịch vụ vượt quá mong đợi của tôi.', '8a9f22f1-3c67-49f7-bd84-ec290e4a37fd'),
('8178c8d9-89d0-4400-a0d3-1c984fb14e94', 'daae8d50-4457-4a36-a34d-8b25e371f003', 0, '2024-01-02T00:00:00.000000', null, '2024-01-01T00:00:00.000000', null, '3c3ad022-bf2c-4b39-b4d9-546f881c9597', 0, null, '8a9f22f1-3c67-49f7-bd84-ec290e4a37fd'),
('45cd92c6-c5c9-482a-b367-c368ba1ba00a', '2b4643c7-7141-4134-8e6f-0a933b6fe9c1', 1000000, '2024-02-22T00:00:00.000000', '2024-02-22T00:00:00.000000', '2024-02-21T00:00:00.000000', '86dde3cd-4a6a-4092-b7bf-d7c0736763a4', '3a7fafa0-22f1-448c-bb63-6baa289f8bd3', 5.0, N'Tôi thực sự ấn tượng với Trần Tuấn Tú. Chất lượng dịch vụ xuất sắc.', '8a9f22f1-3c67-49f7-bd84-ec290e4a37fd'),
('444550df-4d90-4ff6-bb57-b0d4ed24d54d', '2b4643c7-7141-4134-8e6f-0a933b6fe9c1', 200000, '2024-02-29T00:00:00.000000', '2024-02-29T00:00:00.000000', '2024-02-27T00:00:00.000000', 'aa2e78d3-1ea5-418c-9a8b-1a82fc8a79fa', '3a7fafa0-22f1-448c-bb63-6baa289f8bd3', 4.0, N'Tôi đã có một trải nghiệm tuyệt vời với Phạm Khắc Vũ. Chất lượng dịch vụ xuất sắc.', '8a9f22f1-3c67-49f7-bd84-ec290e4a37fd'),
('07e70f5a-f944-4230-a08c-8337d2833853', '2b4643c7-7141-4134-8e6f-0a933b6fe9c1', 0, '2024-02-04T00:00:00.000000', null, '2024-02-02T00:00:00.000000', null, '3a7fafa0-22f1-448c-bb63-6baa289f8bd3', 0, null, '8a9f22f1-3c67-49f7-bd84-ec290e4a37fd'),
('e60a97fd-d3d4-41bc-990e-365d171bacb8', '2b4643c7-7141-4134-8e6f-0a933b6fe9c1', 0, '2024-01-06T00:00:00.000000', null, '2024-01-05T00:00:00.000000', null, '3a7fafa0-22f1-448c-bb63-6baa289f8bd3', 0, null, '8a9f22f1-3c67-49f7-bd84-ec290e4a37fd'),
('0d0400c2-677b-4958-9dc0-10bb8d008154', 'a68be2f2-2835-45b0-b083-4bae42896116', 700000, '2024-02-21T00:00:00.000000', '2024-02-21T00:00:00.000000', '2024-02-18T00:00:00.000000', '86dde3cd-4a6a-4092-b7bf-d7c0736763a4', 'dd7d54e9-b72b-4860-9b15-7a34e112f4b0', 3.0, N'Trần Tuấn Tú cần cải thiện khả năng giao tiếp. Đó là một trải nghiệm khá khó chịu.', '8a9f22f1-3c67-49f7-bd84-ec290e4a37fd'),
('3607ae5b-9d0c-42d5-aca8-e52350973929', 'a68be2f2-2835-45b0-b083-4bae42896116', 800000, '2024-02-06T00:00:00.000000', '2024-02-06T00:00:00.000000', '2024-02-04T00:00:00.000000', 'aa2e78d3-1ea5-418c-9a8b-1a82fc8a79fa', 'dd7d54e9-b72b-4860-9b15-7a34e112f4b0', 4.0, N'Tôi không thể hài lòng hơn với dịch vụ của Phạm Khắc Vũ. Dịch vụ vượt quá mong đợi của tôi.', '8a9f22f1-3c67-49f7-bd84-ec290e4a37fd'),
('2dd78fa2-143c-4642-8aae-921694f07465', '9785c831-b7af-4c95-b718-d9731eecd5f9', 800000, '2024-02-26T00:00:00.000000', '2024-02-26T00:00:00.000000', '2024-02-23T00:00:00.000000', '0888d414-e9c5-43e2-9c9f-5b9844d7ff42', 'eae39f0a-fa8f-4a36-bb31-0005ad071951', 4.0, N'Trương Hữu Canh vượt quá mong đợi của tôi. Chất lượng dịch vụ xuất sắc.', '8a9f22f1-3c67-49f7-bd84-ec290e4a37fd'),
('9947d333-ed70-450f-a4a2-cebdbddf1631', '9785c831-b7af-4c95-b718-d9731eecd5f9', 0, '2024-01-08T00:00:00.000000', null, '2024-01-05T00:00:00.000000', null, 'eae39f0a-fa8f-4a36-bb31-0005ad071951', 0, null, '8a9f22f1-3c67-49f7-bd84-ec290e4a37fd'),
('061737a6-3501-4e21-8c5f-48c4d1a56265', '9785c831-b7af-4c95-b718-d9731eecd5f9', 700000, '2024-03-03T00:00:00.000000', '2024-03-03T00:00:00.000000', '2024-03-02T00:00:00.000000', '65018d97-1393-4283-9a78-8ffbd3de0222', 'eae39f0a-fa8f-4a36-bb31-0005ad071951', 5.0, N'Vũ Trần Quang Tuấn vượt quá mong đợi của tôi. Dịch vụ vượt quá mong đợi của tôi.', '8a9f22f1-3c67-49f7-bd84-ec290e4a37fd'),
('2eef8755-f01c-4e75-9540-26aef2d5e0f9', '9785c831-b7af-4c95-b718-d9731eecd5f9', 0, '2024-02-09T00:00:00.000000', null, '2024-02-06T00:00:00.000000', null, 'eae39f0a-fa8f-4a36-bb31-0005ad071951', 0, null, '8a9f22f1-3c67-49f7-bd84-ec290e4a37fd'),
('8712dcfb-75c8-4d6e-b0f7-60577579ba5c', '9785c831-b7af-4c95-b718-d9731eecd5f9', 500000, '2024-02-16T00:00:00.000000', '2024-02-16T00:00:00.000000', '2024-02-15T00:00:00.000000', 'f01e7a2c-168f-4425-917f-44211170bfeb', 'eae39f0a-fa8f-4a36-bb31-0005ad071951', 3.5, N'Thật không may, trải nghiệm của tôi với Hoàng Linh Nhi không được tốt. Freelancer không thân thiện và không nhiệt tình.', '8a9f22f1-3c67-49f7-bd84-ec290e4a37fd'),
('bbb86f8d-c5a6-4c27-bd8f-024734e1eeba', 'a68be2f2-2835-45b0-b083-4bae42896116', 0, '2024-03-16T00:00:00.000000', null, '2024-03-14T00:00:00.000000', null, 'dd7d54e9-b72b-4860-9b15-7a34e112f4b0', 0, null, '8a9f22f1-3c67-49f7-bd84-ec290e4a37fd'),
('bc047741-24d5-46dd-810a-98391341f3ae', 'a68be2f2-2835-45b0-b083-4bae42896116', 700000, '2024-02-29T00:00:00.000000', '2024-02-29T00:00:00.000000', '2024-02-28T00:00:00.000000', 'aa2e78d3-1ea5-418c-9a8b-1a82fc8a79fa', 'dd7d54e9-b72b-4860-9b15-7a34e112f4b0', 3.5, N'Phạm Khắc Vũ thân thiện và nhiệt tình. Freelancer không thân thiện và không nhiệt tình.', '8a9f22f1-3c67-49f7-bd84-ec290e4a37fd'),
('8b064f22-c7eb-448b-a77d-0aca801bcb18', 'a68be2f2-2835-45b0-b083-4bae42896116', 600000, '2024-03-04T00:00:00.000000', '2024-03-04T00:00:00.000000', '2024-03-01T00:00:00.000000', '0888d414-e9c5-43e2-9c9f-5b9844d7ff42', 'dd7d54e9-b72b-4860-9b15-7a34e112f4b0', 4.0, N'Tôi không thể hài lòng hơn với dịch vụ của Trương Hữu Canh. Tôi nhận được giá trị tuyệt vời với số tiền bỏ ra.', '8a9f22f1-3c67-49f7-bd84-ec290e4a37fd'),
('afb0c4af-0f22-426c-997c-80000bdc33e3', '9785c831-b7af-4c95-b718-d9731eecd5f9', 300000, '2024-01-20T00:00:00.000000', '2024-01-20T00:00:00.000000', '2024-01-17T00:00:00.000000', 'f01e7a2c-168f-4425-917f-44211170bfeb', 'eae39f0a-fa8f-4a36-bb31-0005ad071951', 4.5, N'Hoàng Linh Nhi vượt xa mong đợi. Freelancer thật thân thiện và lịch sự.', '8a9f22f1-3c67-49f7-bd84-ec290e4a37fd'),
('be61aa92-f65f-49c0-8d56-24d6e5a7aa6f', '9785c831-b7af-4c95-b718-d9731eecd5f9', 700000, '2024-01-23T00:00:00.000000', '2024-01-23T00:00:00.000000', '2024-01-22T00:00:00.000000', 'aa2e78d3-1ea5-418c-9a8b-1a82fc8a79fa', 'eae39f0a-fa8f-4a36-bb31-0005ad071951', 3.0, N'Phạm Khắc Vũ thiếu chuyên nghiệp. Chất lượng dịch vụ kém.', '8a9f22f1-3c67-49f7-bd84-ec290e4a37fd'),
('5ff574cd-9ca2-4e58-af6d-0925592c9b8f', 'a68be2f2-2835-45b0-b083-4bae42896116', 600000, '2024-01-21T00:00:00.000000', '2024-01-21T00:00:00.000000', '2024-01-18T00:00:00.000000', '65018d97-1393-4283-9a78-8ffbd3de0222', 'dd7d54e9-b72b-4860-9b15-7a34e112f4b0', 5.0, N'Vũ Trần Quang Tuấn thật xuất sắc! Đó là một trải nghiệm suôn sẻ.', '8a9f22f1-3c67-49f7-bd84-ec290e4a37fd'),
('74b64854-b552-47a1-803e-fa0be805cefc', 'a68be2f2-2835-45b0-b083-4bae42896116', 800000, '2024-02-24T00:00:00.000000', '2024-02-24T00:00:00.000000', '2024-02-23T00:00:00.000000', '86dde3cd-4a6a-4092-b7bf-d7c0736763a4', 'dd7d54e9-b72b-4860-9b15-7a34e112f4b0', 5.0, N'Trần Tuấn Tú đã làm một công việc rất ấn tượng. Dịch vụ vượt quá mong đợi của tôi.', '8a9f22f1-3c67-49f7-bd84-ec290e4a37fd'),
('3e9a25b3-c14d-4799-aeb8-c14bdb049984', 'a68be2f2-2835-45b0-b083-4bae42896116', 300000, '2024-02-14T00:00:00.000000', '2024-02-14T00:00:00.000000', '2024-02-11T00:00:00.000000', '0888d414-e9c5-43e2-9c9f-5b9844d7ff42', 'dd7d54e9-b72b-4860-9b15-7a34e112f4b0', 4.0, N'Tôi không thể hài lòng hơn với dịch vụ của Trương Hữu Canh. Dịch vụ vượt quá mong đợi của tôi.', '8a9f22f1-3c67-49f7-bd84-ec290e4a37fd'),
('f0d77eac-9e42-43a6-85bc-26291c57b713', 'a68be2f2-2835-45b0-b083-4bae42896116', 600000, '2024-01-17T00:00:00.000000', '2024-01-17T00:00:00.000000', '2024-01-15T00:00:00.000000', '0888d414-e9c5-43e2-9c9f-5b9844d7ff42', 'dd7d54e9-b72b-4860-9b15-7a34e112f4b0', 3.0, N'Trương Hữu Canh cần cải thiện khả năng giao tiếp. Freelancer không thân thiện và không nhiệt tình.', '8a9f22f1-3c67-49f7-bd84-ec290e4a37fd'),
('87a54629-6737-423e-b867-b88c0d0e0efc', 'a68be2f2-2835-45b0-b083-4bae42896116', 900000, '2024-03-11T00:00:00.000000', '2024-03-11T00:00:00.000000', '2024-03-09T00:00:00.000000', '86dde3cd-4a6a-4092-b7bf-d7c0736763a4', 'dd7d54e9-b72b-4860-9b15-7a34e112f4b0', 3.0, N'Trần Tuấn Tú cần cải thiện khả năng giao tiếp. Freelancer không thân thiện và không nhiệt tình.', '8a9f22f1-3c67-49f7-bd84-ec290e4a37fd'),
('22ce8718-29eb-4619-a7ab-e41a8adaf76f', '2b4643c7-7141-4134-8e6f-0a933b6fe9c1', 0, '2024-03-07T00:00:00.000000', null, '2024-03-06T00:00:00.000000', null, '3a7fafa0-22f1-448c-bb63-6baa289f8bd3', 0, null, '8a9f22f1-3c67-49f7-bd84-ec290e4a37fd'),
('1ae17024-5574-4682-b5f5-09d198fa1845', '2b4643c7-7141-4134-8e6f-0a933b6fe9c1', 800000, '2024-02-24T00:00:00.000000', '2024-02-24T00:00:00.000000', '2024-02-22T00:00:00.000000', '65018d97-1393-4283-9a78-8ffbd3de0222', '3a7fafa0-22f1-448c-bb63-6baa289f8bd3', 5.0, N'Tôi thực sự ấn tượng với Vũ Trần Quang Tuấn. Sự chuyên nghiệp của Freelancer này thật tuyệt đỉnh.', '8a9f22f1-3c67-49f7-bd84-ec290e4a37fd'),
('2c3c1c7c-616a-4702-83b9-4b771c2ef442', '2b4643c7-7141-4134-8e6f-0a933b6fe9c1', 0, '2024-01-07T00:00:00.000000', null, '2024-01-06T00:00:00.000000', null, '3a7fafa0-22f1-448c-bb63-6baa289f8bd3', 0, null, '8a9f22f1-3c67-49f7-bd84-ec290e4a37fd'),
('a652dae7-6e71-40b4-93b9-1a9eb7ecd3f7', '9785c831-b7af-4c95-b718-d9731eecd5f9', 800000, '2024-03-01T00:00:00.000000', '2024-03-01T00:00:00.000000', '2024-02-27T00:00:00.000000', '65018d97-1393-4283-9a78-8ffbd3de0222', 'eae39f0a-fa8f-4a36-bb31-0005ad071951', 5.0, N'Vũ Trần Quang Tuấn đã làm một công việc rất ấn tượng. Dịch vụ vượt quá mong đợi của tôi.', '8a9f22f1-3c67-49f7-bd84-ec290e4a37fd'),
('b541ed10-24f0-4957-98f2-463dd847c040', 'a68be2f2-2835-45b0-b083-4bae42896116', 500000, '2024-02-07T00:00:00.000000', '2024-02-07T00:00:00.000000', '2024-02-06T00:00:00.000000', 'aa2e78d3-1ea5-418c-9a8b-1a82fc8a79fa', 'dd7d54e9-b72b-4860-9b15-7a34e112f4b0', 4.5, N'Làm việc với Phạm Khắc Vũ thật thú vị. Freelancer thật thân thiện và lịch sự.', '8a9f22f1-3c67-49f7-bd84-ec290e4a37fd'),
('73b00549-1d89-4bd5-8089-efef321e68bc', '9785c831-b7af-4c95-b718-d9731eecd5f9', 0, '2024-03-17T00:00:00.000000', null, '2024-03-16T00:00:00.000000', null, 'eae39f0a-fa8f-4a36-bb31-0005ad071951', 0, null, '8a9f22f1-3c67-49f7-bd84-ec290e4a37fd'),
('17fdf1c0-8862-4a2b-b3c0-55b752b1143c', '9785c831-b7af-4c95-b718-d9731eecd5f9', 0, '2024-01-11T00:00:00.000000', null, '2024-01-08T00:00:00.000000', null, 'eae39f0a-fa8f-4a36-bb31-0005ad071951', 0, null, '8a9f22f1-3c67-49f7-bd84-ec290e4a37fd'),
('0548b8d8-d066-4b77-96c3-c7732aae457a', '9785c831-b7af-4c95-b718-d9731eecd5f9', 0, '2024-01-13T00:00:00.000000', null, '2024-01-11T00:00:00.000000', null, 'eae39f0a-fa8f-4a36-bb31-0005ad071951', 0, null, '8a9f22f1-3c67-49f7-bd84-ec290e4a37fd'),
('ec7aaed8-9472-4ef8-8873-082328690607', 'a68be2f2-2835-45b0-b083-4bae42896116', 900000, '2024-02-13T00:00:00.000000', '2024-02-13T00:00:00.000000', '2024-02-12T00:00:00.000000', '86dde3cd-4a6a-4092-b7bf-d7c0736763a4', 'dd7d54e9-b72b-4860-9b15-7a34e112f4b0', 4.0, N'Trần Tuấn Tú thật xuất sắc! Nhanh chóng và hiệu quả.', '8a9f22f1-3c67-49f7-bd84-ec290e4a37fd'),
('ee1787af-4897-42db-ad70-cbe2bafa1d0b', 'a68be2f2-2835-45b0-b083-4bae42896116', 0, '2024-02-14T00:00:00.000000', null, '2024-02-12T00:00:00.000000', null, 'dd7d54e9-b72b-4860-9b15-7a34e112f4b0', 0, null, '8a9f22f1-3c67-49f7-bd84-ec290e4a37fd'),
('7cd51392-4bbd-4ac7-b60a-df51e4cd41f6', 'a68be2f2-2835-45b0-b083-4bae42896116', 500000, '2024-01-24T00:00:00.000000', '2024-01-24T00:00:00.000000', '2024-01-21T00:00:00.000000', '65018d97-1393-4283-9a78-8ffbd3de0222', 'dd7d54e9-b72b-4860-9b15-7a34e112f4b0', 4.5, N'Tôi đã có một trải nghiệm tuyệt vời với Vũ Trần Quang Tuấn. Freelancer thật thân thiện và lịch sự.', '8a9f22f1-3c67-49f7-bd84-ec290e4a37fd'),
('5dcb9e46-1d9c-40fb-99f0-6e58d12daec1', 'daae8d50-4457-4a36-a34d-8b25e371f003', 700000, '2024-02-18T00:00:00.000000', '2024-02-18T00:00:00.000000', '2024-02-16T00:00:00.000000', '86dde3cd-4a6a-4092-b7bf-d7c0736763a4', '3c3ad022-bf2c-4b39-b4d9-546f881c9597', 4.0, N'Tôi thực sự ấn tượng với Trần Tuấn Tú. Sự chuyên nghiệp của Freelancer này thật tuyệt đỉnh.', '8a9f22f1-3c67-49f7-bd84-ec290e4a37fd'),
('cd2c528a-156f-4ac0-a62d-1a8b5a04952e', 'a68be2f2-2835-45b0-b083-4bae42896116', 400000, '2024-02-26T00:00:00.000000', '2024-02-26T00:00:00.000000', '2024-02-23T00:00:00.000000', '86dde3cd-4a6a-4092-b7bf-d7c0736763a4', 'dd7d54e9-b72b-4860-9b15-7a34e112f4b0', 3.0, N'Thật không may, trải nghiệm của tôi với Trần Tuấn Tú không được tốt. Freelancer không thân thiện và không nhiệt tình.', '8a9f22f1-3c67-49f7-bd84-ec290e4a37fd'),
('c295da3f-7ade-433f-99f1-85d9c2ce8700', '9785c831-b7af-4c95-b718-d9731eecd5f9', 700000, '2024-01-02T00:00:00.000000', '2024-01-02T00:00:00.000000', '2023-12-30T00:00:00.000000', 'f01e7a2c-168f-4425-917f-44211170bfeb', 'eae39f0a-fa8f-4a36-bb31-0005ad071951', 3.0, N'Hoàng Linh Nhi cần cải thiện khả năng giao tiếp. Tôi cảm thấy mình không nhận được giá trị tương xứng với số tiền bỏ ra.', '8a9f22f1-3c67-49f7-bd84-ec290e4a37fd'),
('122a3f12-23b5-4020-897a-64e35d30df21', '9785c831-b7af-4c95-b718-d9731eecd5f9', 200000, '2024-03-05T00:00:00.000000', '2024-03-05T00:00:00.000000', '2024-03-03T00:00:00.000000', '0888d414-e9c5-43e2-9c9f-5b9844d7ff42', 'eae39f0a-fa8f-4a36-bb31-0005ad071951', 4.0, N'Trương Hữu Canh vượt xa mong đợi. Đó là một trải nghiệm suôn sẻ.', '8a9f22f1-3c67-49f7-bd84-ec290e4a37fd'),
('e2c6b9ce-39e6-45ab-8e69-92fa4ed33206', '9785c831-b7af-4c95-b718-d9731eecd5f9', 0, '2024-01-21T00:00:00.000000', null, '2024-01-20T00:00:00.000000', null, 'eae39f0a-fa8f-4a36-bb31-0005ad071951', 0, null, '8a9f22f1-3c67-49f7-bd84-ec290e4a37fd'),
('0a9c56c2-ffdb-4be1-8c22-c9e8a2d7e2eb', '5cecca50-46a9-4bbc-80f0-1cbdbc37e102', 300000, '2024-01-22T00:00:00.000000', '2024-01-22T00:00:00.000000', '2024-01-21T00:00:00.000000', 'aa2e78d3-1ea5-418c-9a8b-1a82fc8a79fa', '3440fc58-c0d7-4b0d-8142-033794c4ac33', 5.0, N'Phạm Khắc Vũ cung cấp dịch vụ thật hoàn hảo. Đó là một trải nghiệm suôn sẻ.', '8a9f22f1-3c67-49f7-bd84-ec290e4a37fd'),
('5901e2e2-527b-49ea-9f9d-b4cf82a04c27', '2b4643c7-7141-4134-8e6f-0a933b6fe9c1', 0, '2024-02-11T00:00:00.000000', null, '2024-02-10T00:00:00.000000', null, '3a7fafa0-22f1-448c-bb63-6baa289f8bd3', 0, null, '8a9f22f1-3c67-49f7-bd84-ec290e4a37fd'),
('1e0965f4-1ce2-4101-b44f-f8d972faf53d', '2b4643c7-7141-4134-8e6f-0a933b6fe9c1', 0, '2024-01-17T00:00:00.000000', null, '2024-01-16T00:00:00.000000', null, '3a7fafa0-22f1-448c-bb63-6baa289f8bd3', 0, null, '8a9f22f1-3c67-49f7-bd84-ec290e4a37fd'),
('3d6192b7-7a42-414d-b63f-03fcd4f324d4', '5cecca50-46a9-4bbc-80f0-1cbdbc37e102', 1000000, '2024-02-02T00:00:00.000000', '2024-02-02T00:00:00.000000', '2024-01-30T00:00:00.000000', '0888d414-e9c5-43e2-9c9f-5b9844d7ff42', '3440fc58-c0d7-4b0d-8142-033794c4ac33', 5.0, N'Tôi đã có một trải nghiệm tuyệt vời với Trương Hữu Canh. Tôi nhận được giá trị tuyệt vời với số tiền bỏ ra.', '8a9f22f1-3c67-49f7-bd84-ec290e4a37fd'),
('26d0085e-687d-42f5-8713-339ae505d6d0', '9785c831-b7af-4c95-b718-d9731eecd5f9', 200000, '2024-03-13T00:00:00.000000', '2024-03-13T00:00:00.000000', '2024-03-11T00:00:00.000000', 'f01e7a2c-168f-4425-917f-44211170bfeb', 'eae39f0a-fa8f-4a36-bb31-0005ad071951', 4.0, N'Hoàng Linh Nhi thật xuất sắc! Tôi nhận được giá trị tuyệt vời với số tiền bỏ ra.', '8a9f22f1-3c67-49f7-bd84-ec290e4a37fd'),
('92ed49cb-7e43-48b1-b812-6776f33b60b7', '9785c831-b7af-4c95-b718-d9731eecd5f9', 900000, '2024-03-02T00:00:00.000000', '2024-03-02T00:00:00.000000', '2024-02-29T00:00:00.000000', 'aa2e78d3-1ea5-418c-9a8b-1a82fc8a79fa', 'eae39f0a-fa8f-4a36-bb31-0005ad071951', 5.0, N'Tôi đã có một trải nghiệm tuyệt vời với Phạm Khắc Vũ. Nhanh chóng và hiệu quả.', '8a9f22f1-3c67-49f7-bd84-ec290e4a37fd'),
('701ceaf7-af14-4d27-8ea2-743063d31f6b', '9785c831-b7af-4c95-b718-d9731eecd5f9', 700000, '2024-03-16T00:00:00.000000', '2024-03-16T00:00:00.000000', '2024-03-15T00:00:00.000000', '86dde3cd-4a6a-4092-b7bf-d7c0736763a4', 'eae39f0a-fa8f-4a36-bb31-0005ad071951', 3.5, N'Trần Tuấn Tú cần được cải thiện. Chậm và kém hiệu quả.', '8a9f22f1-3c67-49f7-bd84-ec290e4a37fd'),
('638d33c7-3dd5-4fbb-bd35-7842059f0505', 'a68be2f2-2835-45b0-b083-4bae42896116', 600000, '2024-02-02T00:00:00.000000', '2024-02-02T00:00:00.000000', '2024-02-01T00:00:00.000000', '65018d97-1393-4283-9a78-8ffbd3de0222', 'dd7d54e9-b72b-4860-9b15-7a34e112f4b0', 5.0, N'Vũ Trần Quang Tuấn cung cấp dịch vụ thật hoàn hảo. Đó là một trải nghiệm suôn sẻ.', '8a9f22f1-3c67-49f7-bd84-ec290e4a37fd'),
('02ad4fbd-fcad-46cb-9771-7067a0fc54e2', 'a68be2f2-2835-45b0-b083-4bae42896116', 800000, '2024-02-06T00:00:00.000000', '2024-02-06T00:00:00.000000', '2024-02-05T00:00:00.000000', 'f01e7a2c-168f-4425-917f-44211170bfeb', 'dd7d54e9-b72b-4860-9b15-7a34e112f4b0', 4.5, N'Tôi thực sự ấn tượng với Hoàng Linh Nhi. Dịch vụ vượt quá mong đợi của tôi.', '8a9f22f1-3c67-49f7-bd84-ec290e4a37fd'),
('5d3a6538-b04f-4dc8-a8e0-7bc0e4c55cc4', 'a68be2f2-2835-45b0-b083-4bae42896116', 0, '2024-01-09T00:00:00.000000', null, '2024-01-08T00:00:00.000000', null, 'dd7d54e9-b72b-4860-9b15-7a34e112f4b0', 0, null, '8a9f22f1-3c67-49f7-bd84-ec290e4a37fd'),
('0c8e9614-4242-4965-8a86-e5748012d059', 'daae8d50-4457-4a36-a34d-8b25e371f003', 0, '2024-03-15T00:00:00.000000', null, '2024-03-12T00:00:00.000000', null, '3c3ad022-bf2c-4b39-b4d9-546f881c9597', 0, null, '8a9f22f1-3c67-49f7-bd84-ec290e4a37fd'),
('e594d064-fd35-460b-b9da-c0301723acb1', 'a68be2f2-2835-45b0-b083-4bae42896116', 0, '2024-03-11T00:00:00.000000', null, '2024-03-09T00:00:00.000000', null, 'dd7d54e9-b72b-4860-9b15-7a34e112f4b0', 0, null, '8a9f22f1-3c67-49f7-bd84-ec290e4a37fd'),
('19326f31-2dce-4a9b-8ff6-96ce6b97c574', 'a68be2f2-2835-45b0-b083-4bae42896116', 900000, '2024-03-14T00:00:00.000000', '2024-03-14T00:00:00.000000', '2024-03-11T00:00:00.000000', '65018d97-1393-4283-9a78-8ffbd3de0222', 'dd7d54e9-b72b-4860-9b15-7a34e112f4b0', 4.0, N'Vũ Trần Quang Tuấn vượt xa mong đợi. Freelancer thật thân thiện và lịch sự.', '8a9f22f1-3c67-49f7-bd84-ec290e4a37fd'),
('93b28904-dc3a-4f32-8caf-15762f3081a6', 'a68be2f2-2835-45b0-b083-4bae42896116', 0, '2024-01-28T00:00:00.000000', null, '2024-01-25T00:00:00.000000', null, 'dd7d54e9-b72b-4860-9b15-7a34e112f4b0', 0, null, '8a9f22f1-3c67-49f7-bd84-ec290e4a37fd'),
('e6f1442c-a6c3-450e-8314-64ca8ae3bf45', 'a68be2f2-2835-45b0-b083-4bae42896116', 300000, '2024-02-13T00:00:00.000000', '2024-02-13T00:00:00.000000', '2024-02-11T00:00:00.000000', '86dde3cd-4a6a-4092-b7bf-d7c0736763a4', 'dd7d54e9-b72b-4860-9b15-7a34e112f4b0', 3.0, N'Thật không may, trải nghiệm của tôi với Trần Tuấn Tú không được tốt. Đó là một trải nghiệm khá khó chịu.', '8a9f22f1-3c67-49f7-bd84-ec290e4a37fd'),
('f97e9a72-7107-409f-bf65-81f58b88aa2c', 'a68be2f2-2835-45b0-b083-4bae42896116', 0, '2024-01-09T00:00:00.000000', null, '2024-01-06T00:00:00.000000', null, 'dd7d54e9-b72b-4860-9b15-7a34e112f4b0', 0, null, '8a9f22f1-3c67-49f7-bd84-ec290e4a37fd'),
('b6863982-23e1-4743-913a-362ed09aaead', 'a68be2f2-2835-45b0-b083-4bae42896116', 900000, '2024-01-29T00:00:00.000000', '2024-01-29T00:00:00.000000', '2024-01-27T00:00:00.000000', '0888d414-e9c5-43e2-9c9f-5b9844d7ff42', 'dd7d54e9-b72b-4860-9b15-7a34e112f4b0', 4.5, N'Trương Hữu Canh cung cấp dịch vụ thật hoàn hảo. Freelancer thật thân thiện và lịch sự.', '8a9f22f1-3c67-49f7-bd84-ec290e4a37fd'),
('a639d67b-d3aa-40a1-978c-f303a00ab08f', '5cecca50-46a9-4bbc-80f0-1cbdbc37e102', 0, '2024-02-27T00:00:00.000000', null, '2024-02-26T00:00:00.000000', null, '3440fc58-c0d7-4b0d-8142-033794c4ac33', 0, null, '8a9f22f1-3c67-49f7-bd84-ec290e4a37fd'),
('241d8707-1ba7-4fad-ae46-3a268e75d544', '5cecca50-46a9-4bbc-80f0-1cbdbc37e102', 500000, '2024-01-02T00:00:00.000000', '2024-01-02T00:00:00.000000', '2024-01-01T00:00:00.000000', '86dde3cd-4a6a-4092-b7bf-d7c0736763a4', '3440fc58-c0d7-4b0d-8142-033794c4ac33', 3.5, N'Trần Tuấn Tú thân thiện và nhiệt tình. Freelancer không thân thiện và không nhiệt tình.', '8a9f22f1-3c67-49f7-bd84-ec290e4a37fd'),
('5720156d-8378-46ca-8830-ff4239efd03a', '5cecca50-46a9-4bbc-80f0-1cbdbc37e102', 0, '2024-01-13T00:00:00.000000', null, '2024-01-10T00:00:00.000000', null, '3440fc58-c0d7-4b0d-8142-033794c4ac33', 0, null, '8a9f22f1-3c67-49f7-bd84-ec290e4a37fd'),
('8268ab77-dd20-4263-8768-0d609af45580', 'daae8d50-4457-4a36-a34d-8b25e371f003', 0, '2024-02-22T00:00:00.000000', null, '2024-02-21T00:00:00.000000', null, '3c3ad022-bf2c-4b39-b4d9-546f881c9597', 0, null, '8a9f22f1-3c67-49f7-bd84-ec290e4a37fd'),
('2e1efd3e-c700-4380-829f-03f1b1ee8791', '5cecca50-46a9-4bbc-80f0-1cbdbc37e102', 200000, '2024-02-06T00:00:00.000000', '2024-02-06T00:00:00.000000', '2024-02-05T00:00:00.000000', 'f01e7a2c-168f-4425-917f-44211170bfeb', '3440fc58-c0d7-4b0d-8142-033794c4ac33', 5.0, N'Hoàng Linh Nhi vượt xa mong đợi. Sự chuyên nghiệp của Freelancer này thật tuyệt đỉnh.', '8a9f22f1-3c67-49f7-bd84-ec290e4a37fd'),
('d4c89c39-3987-4fcd-8f3c-fb7170ad4826', '5cecca50-46a9-4bbc-80f0-1cbdbc37e102', 900000, '2024-02-11T00:00:00.000000', '2024-02-11T00:00:00.000000', '2024-02-09T00:00:00.000000', '0888d414-e9c5-43e2-9c9f-5b9844d7ff42', '3440fc58-c0d7-4b0d-8142-033794c4ac33', 5.0, N'Trương Hữu Canh vượt xa mong đợi. Sự chuyên nghiệp của Freelancer này thật tuyệt đỉnh.', '8a9f22f1-3c67-49f7-bd84-ec290e4a37fd'),
('7cd11daf-d319-46e4-889c-0f7a94550ff6', '9785c831-b7af-4c95-b718-d9731eecd5f9', 700000, '2024-01-10T00:00:00.000000', '2024-01-10T00:00:00.000000', '2024-01-07T00:00:00.000000', '65018d97-1393-4283-9a78-8ffbd3de0222', 'eae39f0a-fa8f-4a36-bb31-0005ad071951', 4.5, N'Vũ Trần Quang Tuấn đã làm một công việc rất ấn tượng. Chất lượng dịch vụ xuất sắc.', '8a9f22f1-3c67-49f7-bd84-ec290e4a37fd'),
('df1f6399-28ed-425c-a942-cdc5aa700b49', 'a68be2f2-2835-45b0-b083-4bae42896116', 400000, '2024-02-12T00:00:00.000000', '2024-02-12T00:00:00.000000', '2024-02-11T00:00:00.000000', 'f01e7a2c-168f-4425-917f-44211170bfeb', 'dd7d54e9-b72b-4860-9b15-7a34e112f4b0', 5.0, N'Hoàng Linh Nhi vượt xa mong đợi. Chất lượng dịch vụ xuất sắc.', '8a9f22f1-3c67-49f7-bd84-ec290e4a37fd'),
('583cb190-8836-4440-85b1-df9cb8fcd635', 'a68be2f2-2835-45b0-b083-4bae42896116', 0, '2024-01-09T00:00:00.000000', null, '2024-01-06T00:00:00.000000', null, 'dd7d54e9-b72b-4860-9b15-7a34e112f4b0', 0, null, '8a9f22f1-3c67-49f7-bd84-ec290e4a37fd'),
('ebf5b041-8a01-4030-bf0d-fc2065a1d9bc', 'a68be2f2-2835-45b0-b083-4bae42896116', 0, '2024-01-29T00:00:00.000000', null, '2024-01-27T00:00:00.000000', null, 'dd7d54e9-b72b-4860-9b15-7a34e112f4b0', 0, null, '8a9f22f1-3c67-49f7-bd84-ec290e4a37fd'),
('641b593a-aed9-4256-b5ba-8f47cb96322e', '2b4643c7-7141-4134-8e6f-0a933b6fe9c1', 400000, '2024-02-25T00:00:00.000000', '2024-02-25T00:00:00.000000', '2024-02-23T00:00:00.000000', '86dde3cd-4a6a-4092-b7bf-d7c0736763a4', '3a7fafa0-22f1-448c-bb63-6baa289f8bd3', 4.5, N'Trần Tuấn Tú vượt xa mong đợi. Chất lượng dịch vụ xuất sắc.', '8a9f22f1-3c67-49f7-bd84-ec290e4a37fd'),
('54322736-6da3-4ba4-90ea-eaea3d58f9f1', 'a68be2f2-2835-45b0-b083-4bae42896116', 200000, '2024-03-09T00:00:00.000000', '2024-03-09T00:00:00.000000', '2024-03-06T00:00:00.000000', 'f01e7a2c-168f-4425-917f-44211170bfeb', 'dd7d54e9-b72b-4860-9b15-7a34e112f4b0', 5.0, N'Tôi không thể hài lòng hơn với dịch vụ của Hoàng Linh Nhi. Sự chuyên nghiệp của Freelancer này thật tuyệt đỉnh.', '8a9f22f1-3c67-49f7-bd84-ec290e4a37fd'),
('a2b5c72c-2993-4a33-8f4b-a6639666e913', 'a68be2f2-2835-45b0-b083-4bae42896116', 300000, '2024-03-09T00:00:00.000000', '2024-03-09T00:00:00.000000', '2024-03-06T00:00:00.000000', '86dde3cd-4a6a-4092-b7bf-d7c0736763a4', 'dd7d54e9-b72b-4860-9b15-7a34e112f4b0', 4.5, N'Trần Tuấn Tú thật tuyệt vời! Sự chuyên nghiệp của Freelancer này thật tuyệt đỉnh.', '8a9f22f1-3c67-49f7-bd84-ec290e4a37fd'),
('84ffd237-c8a4-4e0d-ac44-a9f85c53435b', 'a68be2f2-2835-45b0-b083-4bae42896116', 0, '2024-03-16T00:00:00.000000', null, '2024-03-13T00:00:00.000000', null, 'dd7d54e9-b72b-4860-9b15-7a34e112f4b0', 0, null, '8a9f22f1-3c67-49f7-bd84-ec290e4a37fd'),
('82725ea7-e049-4252-aef9-bf6c5de1ecb8', '5cecca50-46a9-4bbc-80f0-1cbdbc37e102', 0, '2024-02-02T00:00:00.000000', null, '2024-01-30T00:00:00.000000', null, '3440fc58-c0d7-4b0d-8142-033794c4ac33', 0, null, '8a9f22f1-3c67-49f7-bd84-ec290e4a37fd'),
('87af256f-4d31-4e58-9929-262f0d9d30fa', '5cecca50-46a9-4bbc-80f0-1cbdbc37e102', 0, '2024-02-21T00:00:00.000000', null, '2024-02-19T00:00:00.000000', null, '3440fc58-c0d7-4b0d-8142-033794c4ac33', 0, null, '8a9f22f1-3c67-49f7-bd84-ec290e4a37fd'),
('5495abf2-7c7a-4671-8965-742fd69cd2ee', '5cecca50-46a9-4bbc-80f0-1cbdbc37e102', 500000, '2024-01-10T00:00:00.000000', '2024-01-10T00:00:00.000000', '2024-01-08T00:00:00.000000', '65018d97-1393-4283-9a78-8ffbd3de0222', '3440fc58-c0d7-4b0d-8142-033794c4ac33', 5.0, N'Tôi không thể hài lòng hơn với dịch vụ của Vũ Trần Quang Tuấn. Freelancer thật thân thiện và lịch sự.', '8a9f22f1-3c67-49f7-bd84-ec290e4a37fd'),
('ceb84495-0acf-4879-ab2b-4f45b9b97231', 'daae8d50-4457-4a36-a34d-8b25e371f003', 0, '2024-02-12T00:00:00.000000', null, '2024-02-10T00:00:00.000000', null, '3c3ad022-bf2c-4b39-b4d9-546f881c9597', 0, null, '8a9f22f1-3c67-49f7-bd84-ec290e4a37fd'),
('fee08b17-f2a9-4106-9aad-6504de1876ec', 'daae8d50-4457-4a36-a34d-8b25e371f003', 0, '2024-03-10T00:00:00.000000', null, '2024-03-09T00:00:00.000000', null, '3c3ad022-bf2c-4b39-b4d9-546f881c9597', 0, null, '8a9f22f1-3c67-49f7-bd84-ec290e4a37fd'),
('7f51d9cc-2dca-4148-97c9-31c576d967f1', '9785c831-b7af-4c95-b718-d9731eecd5f9', 0, '2024-01-20T00:00:00.000000', null, '2024-01-19T00:00:00.000000', null, 'eae39f0a-fa8f-4a36-bb31-0005ad071951', 0, null, '8a9f22f1-3c67-49f7-bd84-ec290e4a37fd'),
('3849dd49-0775-420b-b09c-1f4b5538b21a', '9785c831-b7af-4c95-b718-d9731eecd5f9', 0, '2024-02-25T00:00:00.000000', null, '2024-02-23T00:00:00.000000', null, 'eae39f0a-fa8f-4a36-bb31-0005ad071951', 0, null, '8a9f22f1-3c67-49f7-bd84-ec290e4a37fd'),
('8f5f392b-ae0b-413e-a1e0-a5f94dfa2138', '5cecca50-46a9-4bbc-80f0-1cbdbc37e102', 500000, '2024-01-02T00:00:00.000000', '2024-01-02T00:00:00.000000', '2024-01-01T00:00:00.000000', '86dde3cd-4a6a-4092-b7bf-d7c0736763a4', '3440fc58-c0d7-4b0d-8142-033794c4ac33', 3.5, N'Trần Tuấn Tú cần cải thiện khả năng giao tiếp. Freelancer không thân thiện và không nhiệt tình.', '8a9f22f1-3c67-49f7-bd84-ec290e4a37fd'),
('48f57357-aadb-4951-8158-bcea3f3eeb58', '5cecca50-46a9-4bbc-80f0-1cbdbc37e102', 600000, '2024-01-28T00:00:00.000000', '2024-01-28T00:00:00.000000', '2024-01-26T00:00:00.000000', '86dde3cd-4a6a-4092-b7bf-d7c0736763a4', '3440fc58-c0d7-4b0d-8142-033794c4ac33', 5.0, N'Tôi thực sự ấn tượng với Trần Tuấn Tú. Sự chuyên nghiệp của Freelancer này thật tuyệt đỉnh.', '8a9f22f1-3c67-49f7-bd84-ec290e4a37fd'),
('2a5fda82-4ebe-45d2-828f-ebfc17634918', '5cecca50-46a9-4bbc-80f0-1cbdbc37e102', 400000, '2024-01-27T00:00:00.000000', '2024-01-27T00:00:00.000000', '2024-01-26T00:00:00.000000', 'aa2e78d3-1ea5-418c-9a8b-1a82fc8a79fa', '3440fc58-c0d7-4b0d-8142-033794c4ac33', 3.0, N'Thật không may, trải nghiệm của tôi với Phạm Khắc Vũ không được tốt. Freelancer thiếu giao tiếp với khách hàng.', '8a9f22f1-3c67-49f7-bd84-ec290e4a37fd'),
('d7c4c7e7-32ad-469a-ad57-cde8f66547e6', '5cecca50-46a9-4bbc-80f0-1cbdbc37e102', 100000, '2024-01-21T00:00:00.000000', '2024-01-21T00:00:00.000000', '2024-01-20T00:00:00.000000', '86dde3cd-4a6a-4092-b7bf-d7c0736763a4', '3440fc58-c0d7-4b0d-8142-033794c4ac33', 4.0, N'Tôi thực sự ấn tượng với Trần Tuấn Tú. Sự chuyên nghiệp của Freelancer này thật tuyệt đỉnh.', '8a9f22f1-3c67-49f7-bd84-ec290e4a37fd'),
('b7d2422c-f45f-4c64-b7cf-c823d6631086', '5cecca50-46a9-4bbc-80f0-1cbdbc37e102', 0, '2024-01-01T00:00:00.000000', null, '2023-12-31T00:00:00.000000', null, '3440fc58-c0d7-4b0d-8142-033794c4ac33', 0, null, '8a9f22f1-3c67-49f7-bd84-ec290e4a37fd'); 

INSERT INTO [Services] ([Id], [Note], [AdditionalNote], [ServiceTypeId]) VALUES
('2000d48e-5b9a-4231-a071-83f95ff16fc4', 'Agreement decade friend which.', 'none', 'C82954A1-39D4-4012-86B3-6CAD42C2B399'),
('e3f6b09d-6ff5-487f-91ef-08dd80c94c51', 'Bill ok choose today.', 'none', '3779D349-ABCB-4DBC-ABF1-25BA9E94A695'),
('9736180a-15b7-4db6-b901-da99f8102728', 'Individual rock fly.', 'none', '63CE2EBF-EF36-4B4A-891E-ABBDE2A75B38'),
('304b42d0-3112-445e-ac30-23cc3be9e072', 'Someone everybody newspaper read.', 'none', 'F1B832B2-49F3-456F-BACB-B1F8DA766BEA'),
('23eb87bd-926a-49c0-98d4-6bc5a116370c', 'Company where future model green place.', 'none', '3779D349-ABCB-4DBC-ABF1-25BA9E94A695'),
('a6b2ac8e-fbca-4206-8667-c7d8ab88367d', 'Myself if place again establish.', 'none', '73BF981F-1CFD-483D-80EE-14AB6D2E55EF'),
('4d108d17-7554-4220-89a0-4355ff22a5f7', 'Bill education exist sense training other.', 'none', 'EF2034C1-7F44-4D07-B9C0-E2A497999A9D'),
('1571cdfc-35f5-4452-bd9a-54a3ebae4a6c', 'Nothing case but building husband life.', 'none', '07CB166A-4B4E-4637-B224-6277A69003D9'),
('554a37cd-40e9-44bb-be78-73c3a9c5f2df', 'Central many thought democratic green.', 'none', '96D250D4-0C0E-4521-B94E-05F3CAFCA3F3'),
('e42067db-a726-43be-aafa-4bbb7318d6c4', 'About establish policy fall too cell of course.', 'none', '96D250D4-0C0E-4521-B94E-05F3CAFCA3F3'),
('fa1e26e4-cac9-4b0f-8ded-95dd4855bbdb', 'Role somebody keep daughter report town.', 'none', '63CE2EBF-EF36-4B4A-891E-ABBDE2A75B38'),
('0ed877a8-31ed-4761-b3e4-bf2b3222395b', 'Learn place might what western upon.', 'none', '07CB166A-4B4E-4637-B224-6277A69003D9'),
('f4e67a79-7803-446c-bb47-ca9455837835', 'Quite wife however TV law fund.', 'none', '3779D349-ABCB-4DBC-ABF1-25BA9E94A695'),
('8d615599-71b1-404d-9a55-36473ef04a97', 'Might his lot the drive.', 'none', 'EF2034C1-7F44-4D07-B9C0-E2A497999A9D'),
('04826059-e4f0-438c-a633-139b9fb1b9e7', 'Right answer speak without leave brother bank.', 'none', '96D250D4-0C0E-4521-B94E-05F3CAFCA3F3'),
('21b97d4b-4690-4e2f-9af3-694cb8e60100', 'Majority campaign that various floor.', 'none', '96D250D4-0C0E-4521-B94E-05F3CAFCA3F3'),
('6a22aabf-3a24-464a-b0dc-a885c94b367e', 'Score middle teacher.', 'none', '3361BC88-9F58-4BE8-AC37-561606430F8A'),
('340a2ae1-6fa9-4ca6-b34e-27fc649b14b2', 'Speech theory choice.', 'none', 'C82954A1-39D4-4012-86B3-6CAD42C2B399'),
('f06ec81f-a9a6-4e00-ab87-57c58646476c', 'Notice receive degree run staff service government.', 'none', '3779D349-ABCB-4DBC-ABF1-25BA9E94A695'),
('2dd55fe6-556b-4119-89b7-8c9320d7faf2', 'Final when new clear these speak say.', 'none', 'C82954A1-39D4-4012-86B3-6CAD42C2B399'),
('282c6fd5-dda1-4fbf-8ae1-a1479b392f6f', 'Himself arrive although risk which.', 'none', 'A5677DE0-A6A7-42C0-AB77-F34B75BEB63D'),
('7ac53cd1-932f-43a7-8c3c-efb45b5a5e32', 'Actually watch force.', 'none', '96D250D4-0C0E-4521-B94E-05F3CAFCA3F3'),
('0be0479b-008a-48f3-9143-437eb7e1a2e0', 'Center find power road size impact.', 'none', '3361BC88-9F58-4BE8-AC37-561606430F8A'),
('314ee673-c2b4-46fb-9624-968cb527c334', 'Bag down stock computer.', 'none', 'A5677DE0-A6A7-42C0-AB77-F34B75BEB63D'),
('a64f3a9c-5762-425b-a278-3b64d7721680', 'Agree usually already bed fall character.', 'none', '07CB166A-4B4E-4637-B224-6277A69003D9'),
('2dab4097-2005-4220-a8aa-9b6f47f54904', 'Too nearly with significant now energy rather.', 'none', '96D250D4-0C0E-4521-B94E-05F3CAFCA3F3'),
('79b4c767-8044-4e7d-ac03-3e63c0bc7d28', 'Might history strong economy break word source.', 'none', '662A64BE-F7EA-4419-8978-DBF8F19159DC'),
('9cb77a2d-2d1d-4770-a55c-687cad8956f7', 'Fall manager idea issue color small notice kind.', 'none', 'C82954A1-39D4-4012-86B3-6CAD42C2B399'),
('587d343f-3302-432e-8cd6-834f6c4def99', 'Investment yard responsibility.', 'none', '07CB166A-4B4E-4637-B224-6277A69003D9'),
('1e8d9760-eb73-4540-8fbc-e8f510d63299', 'Six reduce sit his.', 'none', 'CCA752D4-C17C-4C31-906F-F33CB8A18E48'),
('ca339e9d-65fb-4248-a3fa-9bff0a30edba', 'Record affect same number drug continue serve information.', 'none', '662A64BE-F7EA-4419-8978-DBF8F19159DC'),
('a52c87a5-70f5-4cbc-8558-340f12440a0b', 'Itself play pull recent state old.', 'none', 'CCA752D4-C17C-4C31-906F-F33CB8A18E48'),
('6b32f628-1f9e-43e9-9d71-df3a80fabdcc', 'Above course book music amount up.', 'none', '88006A8C-D757-4B85-8B91-C88E6078FE9C'),
('df30aca3-ad73-41ec-8be8-20fdac1409c8', 'Provide other identify fill art by.', 'none', '3779D349-ABCB-4DBC-ABF1-25BA9E94A695'),
('3111572d-52a8-46d8-8887-a06758b579db', 'General one bar nice.', 'none', '662A64BE-F7EA-4419-8978-DBF8F19159DC'),
('529b3c65-aab2-419f-9bbb-ccaddfd15a93', 'Tree care sign arm bar military.', 'none', 'B9F74F9E-F792-4C48-B1B6-B6F0BC402D07'),
('f983c71e-d7ca-45df-8e18-2b5242075748', 'From her gun subject PM carry understand.', 'none', 'C82954A1-39D4-4012-86B3-6CAD42C2B399'),
('afa2877a-0904-4123-858e-01778d2d2996', 'Cover including artist find hope appear should represent.', 'none', '96D250D4-0C0E-4521-B94E-05F3CAFCA3F3'),
('1786787d-b579-4971-b536-6446caf72775', 'So second reason live teach movie I.', 'none', '96D250D4-0C0E-4521-B94E-05F3CAFCA3F3'),
('06b4065d-0e6b-48db-995b-76ce2b4124d0', 'Source where a front war receive civil single.', 'none', '3779D349-ABCB-4DBC-ABF1-25BA9E94A695'),
('28e2420b-90b0-4169-a633-872f48428d5a', 'Responsibility commercial chance agent follow about.', 'none', '88006A8C-D757-4B85-8B91-C88E6078FE9C'),
('ad4aee16-95c3-46ed-abc9-24867987cb75', 'Purpose here ago job.', 'none', '88006A8C-D757-4B85-8B91-C88E6078FE9C'),
('e2b1ac42-c486-4ac9-b138-3c777663dd52', 'Describe hundred candidate not go benefit time.', 'none', '3779D349-ABCB-4DBC-ABF1-25BA9E94A695'),
('68e86616-fab3-4d60-8368-d9906faed435', 'Should room with.', 'none', 'EF2034C1-7F44-4D07-B9C0-E2A497999A9D'),
('c338cdad-2d69-47ea-881d-905fcdb185c4', 'College listen city truth.', 'none', '88006A8C-D757-4B85-8B91-C88E6078FE9C'),
('cfe015e4-2a96-43bd-aeca-3b3912395cdd', 'Foot herself among necessary alone improve heart decade.', 'none', '07CB166A-4B4E-4637-B224-6277A69003D9'),
('763c0795-257a-4e9f-8f8d-55affce44359', 'Nation network college debate direction moment.', 'none', '73BF981F-1CFD-483D-80EE-14AB6D2E55EF'),
('6ae9b95f-c035-44a0-86da-c26162a1ef91', 'Challenge on plant wonder.', 'none', '63CE2EBF-EF36-4B4A-891E-ABBDE2A75B38'),
('b6f0065d-e251-44a1-8d6e-1edb18d5c627', 'Book read pass heart soldier action throughout.', 'none', '88006A8C-D757-4B85-8B91-C88E6078FE9C'),
('c1aaa7e8-8d12-4c14-b60f-de681a8721c7', 'Again care hold those north.', 'none', 'EF2034C1-7F44-4D07-B9C0-E2A497999A9D'),
('0b1d41de-09b3-447f-a377-be974c80ae11', 'Medical lay lose big strategy.', 'none', '63CE2EBF-EF36-4B4A-891E-ABBDE2A75B38'),
('b51603eb-bcf6-4347-87ce-3c92b6f5a28a', 'Discover hair few participant.', 'none', 'F1B832B2-49F3-456F-BACB-B1F8DA766BEA'),
('dd276941-91f7-4474-8de3-53b3f1de922e', 'Statement carry next according.', 'none', '73BF981F-1CFD-483D-80EE-14AB6D2E55EF'),
('4c249695-e15e-41ff-888d-d1829ef5774f', 'Marriage worker ever across great.', 'none', '96D250D4-0C0E-4521-B94E-05F3CAFCA3F3'),
('ecb6d202-6b7e-4bfa-aebd-6f6787cfdb11', 'Look fact land general.', 'none', '63CE2EBF-EF36-4B4A-891E-ABBDE2A75B38'),
('2cfc7b0c-4944-49cf-8690-db8dd20a0c9d', 'Body himself home message woman.', 'none', 'C82954A1-39D4-4012-86B3-6CAD42C2B399'),
('a23011a9-34f8-4935-bf0f-ebddda70e81a', 'Find discussion military ability line hour wear.', 'none', '662A64BE-F7EA-4419-8978-DBF8F19159DC'),
('c63fe6e4-fc04-4baf-85e7-03253617194d', 'Various current scientist culture ability to suffer at.', 'none', '73BF981F-1CFD-483D-80EE-14AB6D2E55EF'),
('324c2163-e2a4-42c6-a642-1357420b6cba', 'Past especially old.', 'none', '3361BC88-9F58-4BE8-AC37-561606430F8A'),
('0a04f803-7d90-417f-a49e-219fabbfb46f', 'Friend state do eat lose various agency.', 'none', '73BF981F-1CFD-483D-80EE-14AB6D2E55EF'),
('8b116ef2-51a2-46b1-af99-405b002d5783', 'Education little direction exist president.', 'none', '3361BC88-9F58-4BE8-AC37-561606430F8A'),
('da486f0f-9591-4fb2-a521-96e428ca014c', 'Choice already thank source.', 'none', '662A64BE-F7EA-4419-8978-DBF8F19159DC'),
('23260064-951f-4b6f-bda9-5c83a59df408', 'Charge read management production up our.', 'none', '88006A8C-D757-4B85-8B91-C88E6078FE9C'),
('d3738c2f-0531-4cdd-8c9e-fa0c1146cd92', 'Room a artist drug them particular produce.', 'none', '88006A8C-D757-4B85-8B91-C88E6078FE9C'),
('f8c4cb9c-d0c1-4673-82dc-b6e3e237a42f', 'West hour less music.', 'none', '3361BC88-9F58-4BE8-AC37-561606430F8A'),
('49c22a25-3751-42de-b09a-ccc374b68d94', 'Poor majority herself Mr bad wide manage.', 'none', '96D250D4-0C0E-4521-B94E-05F3CAFCA3F3'),
('33fde394-d593-4474-adde-22308fb682fb', 'Pass tend onto when happen.', 'none', '73BF981F-1CFD-483D-80EE-14AB6D2E55EF'),
('422545ef-f714-4a8c-815d-53c7cf8e7f9b', 'Role agency its professor while seven.', 'none', '63CE2EBF-EF36-4B4A-891E-ABBDE2A75B38'),
('d5bd5f79-22a5-42a8-90d3-52214448ac99', 'My full need claim many against television.', 'none', '662A64BE-F7EA-4419-8978-DBF8F19159DC'),
('dd7e344c-1750-4c88-bdd2-06cf0f854b66', 'Girl newspaper religious yet really.', 'none', '96D250D4-0C0E-4521-B94E-05F3CAFCA3F3'),
('9df54945-71ae-4abb-98a1-eb8bb3d0ea1d', 'Democratic stock worker everybody professor.', 'none', 'C82954A1-39D4-4012-86B3-6CAD42C2B399'),
('e6351480-ac73-4e28-8c8d-bdb13f3f2dc9', 'The site follow be add.', 'none', '662A64BE-F7EA-4419-8978-DBF8F19159DC'),
('ca8c6f4a-acf3-49fd-b9d5-9f3a6f29c63b', 'That product first natural.', 'none', '96D250D4-0C0E-4521-B94E-05F3CAFCA3F3'),
('ea9628e3-711b-4d5a-9f1b-66198f1792b4', 'Different week treat mouth threat remain interest college.', 'none', '63CE2EBF-EF36-4B4A-891E-ABBDE2A75B38'),
('5ff20ad5-94f8-49f4-b5d9-a7243d393b6b', 'Ball better consumer campaign join.', 'none', '63CE2EBF-EF36-4B4A-891E-ABBDE2A75B38'),
('6c8e19c9-8e1f-46fa-bb3f-201cf0ad408a', 'Ground eat determine feeling certainly necessary economy.', 'none', '96D250D4-0C0E-4521-B94E-05F3CAFCA3F3'),
('68a3163a-bf96-4e81-812d-8105009e10a0', 'So suggest artist cold measure defense mouth.', 'none', 'A5677DE0-A6A7-42C0-AB77-F34B75BEB63D'),
('9f34c2fb-d328-4f07-bcc1-62be1aea8dbe', 'Speak really eat report to product outside.', 'none', 'CCA752D4-C17C-4C31-906F-F33CB8A18E48'),
('9161e677-7b96-430a-ad29-322926c7b409', 'Southern very talk part fund feeling cause.', 'none', '3779D349-ABCB-4DBC-ABF1-25BA9E94A695'),
('33a00a66-88aa-44bc-9817-b81ef8ec2139', 'Successful country describe method meeting space military.', 'none', 'B9F74F9E-F792-4C48-B1B6-B6F0BC402D07'),
('b2786bd4-c835-42d6-9b5c-15c803d2f0d1', 'Purpose prevent again.', 'none', 'CCA752D4-C17C-4C31-906F-F33CB8A18E48'),
('c35ad224-eaa7-41a0-bab4-03f25e04e36c', 'Good decade TV culture continue.', 'none', '88006A8C-D757-4B85-8B91-C88E6078FE9C'),
('4c3fa84e-09cf-43b7-83e0-62c85b94d096', 'Imagine physical treat dinner able job page.', 'none', '88006A8C-D757-4B85-8B91-C88E6078FE9C'),
('e1388e6b-fea2-42a8-8e72-3f7b662bb6bf', 'Magazine loss tree especially position.', 'none', '3779D349-ABCB-4DBC-ABF1-25BA9E94A695'),
('88d663be-2f00-4e08-b438-b26c12b47239', 'Be hot often worry.', 'none', 'C82954A1-39D4-4012-86B3-6CAD42C2B399'),
('8e4b08be-035a-4a18-8c65-2242c3841fb6', 'Site car room father identify within street national.', 'none', '96D250D4-0C0E-4521-B94E-05F3CAFCA3F3'),
('6efdd6e7-f1f4-4ff0-866b-28c846637c49', 'Model sing then.', 'none', '63CE2EBF-EF36-4B4A-891E-ABBDE2A75B38'),
('85451930-0f50-4f80-a131-70506a9f08b8', 'Since my necessary million trade century.', 'none', 'C82954A1-39D4-4012-86B3-6CAD42C2B399'),
('d987fcca-6d35-4368-83f5-d8695d490cbc', 'Choose himself north professional.', 'none', '3779D349-ABCB-4DBC-ABF1-25BA9E94A695'),
('4cd2ac3b-8de5-489d-9876-e2f3abd0b091', 'Generation since also himself with garden mention.', 'none', '88006A8C-D757-4B85-8B91-C88E6078FE9C'),
('a2201ce0-f9e2-4f54-8b1c-3707b97046ac', 'Million born American.', 'none', '3361BC88-9F58-4BE8-AC37-561606430F8A'),
('7406654e-5c4a-4678-88c4-b7c6660e5801', 'Trial religious your outside wish.', 'none', '88006A8C-D757-4B85-8B91-C88E6078FE9C'),
('b0766170-0768-4cb4-98ef-907e6a6ed4a6', 'Within nothing tend pick mention hot.', 'none', 'C82954A1-39D4-4012-86B3-6CAD42C2B399'),
('15ee26c0-7ac4-4e11-a627-8f5d155a2f1f', 'While movie tend those walk.', 'none', '3361BC88-9F58-4BE8-AC37-561606430F8A'),
('77c08456-b9cb-4b33-9122-8ac00d6a5115', 'Analysis what page.', 'none', '63CE2EBF-EF36-4B4A-891E-ABBDE2A75B38'),
('0425da98-885a-4ffb-8b72-ebec1cda5396', 'Explain main sport summer sea record recent.', 'none', '73BF981F-1CFD-483D-80EE-14AB6D2E55EF'),
('b657c6a9-7c5c-4da0-8c51-e659e14674c9', 'Result just nature increase trouble heart watch bed.', 'none', '3779D349-ABCB-4DBC-ABF1-25BA9E94A695'),
('ba0738ed-3969-4337-b59b-a80a3458a484', 'Everyone city contain week carry.', 'none', '88006A8C-D757-4B85-8B91-C88E6078FE9C'),
('6de8374f-9a6f-4547-81ec-175895d181f8', 'Same even bad together.', 'none', 'CCA752D4-C17C-4C31-906F-F33CB8A18E48'),
('bb0d7927-1f01-4f83-a46c-28753eb42616', 'Social say about century debate.', 'none', 'EF2034C1-7F44-4D07-B9C0-E2A497999A9D'),
('289d8090-c987-453d-b4d9-a28538409af9', 'Prove lead professional kind wait.', 'none', 'B9F74F9E-F792-4C48-B1B6-B6F0BC402D07'),
('07007b8d-ed51-4909-95ae-4fb74e6a7cbf', 'Wind heavy anything strategy hope return.', 'none', '73BF981F-1CFD-483D-80EE-14AB6D2E55EF'),
('efe83580-1980-4dbd-9e0a-aee7405508bf', 'Write decision data wrong best I medical.', 'none', 'F1B832B2-49F3-456F-BACB-B1F8DA766BEA'),
('6dabfa12-c165-460b-8343-3e9b8c03ebc4', 'Man course teacher message page.', 'none', 'B9F74F9E-F792-4C48-B1B6-B6F0BC402D07'),
('f5dcb91f-f5fd-46d3-a414-84114c976e69', 'Pass step have perform.', 'none', 'C82954A1-39D4-4012-86B3-6CAD42C2B399'),
('8e5e8ede-fc63-4194-b42c-f97571f91f69', 'Machine century suddenly.', 'none', '63CE2EBF-EF36-4B4A-891E-ABBDE2A75B38'),
('cbc3ed0a-c810-4aac-8bc4-42dbb38a48df', 'Floor right growth specific court yes.', 'none', '73BF981F-1CFD-483D-80EE-14AB6D2E55EF'),
('2dd04e07-3bfa-465c-ba42-75aa6e847d36', 'View stuff federal like be happen.', 'none', 'F1B832B2-49F3-456F-BACB-B1F8DA766BEA'),
('cda862e3-8dad-4254-950d-af4d5e46cb5a', 'During difficult religious push the ten will summer.', 'none', '3779D349-ABCB-4DBC-ABF1-25BA9E94A695'),
('bc9b649c-0dbf-46e3-b20b-7671ede1252f', 'Remain center without.', 'none', '88006A8C-D757-4B85-8B91-C88E6078FE9C'),
('bff9be9a-ec9a-444c-811c-c68039961946', 'Town worker present defense become result.', 'none', '07CB166A-4B4E-4637-B224-6277A69003D9'),
('7277251f-7683-4f5c-be18-2e754209a0fe', 'Certain ago whom language place side.', 'none', '07CB166A-4B4E-4637-B224-6277A69003D9'),
('70954c9c-146f-4b80-9d57-d1e495f4eefc', 'Identify participant environmental them really debate energy.', 'none', 'F1B832B2-49F3-456F-BACB-B1F8DA766BEA'),
('f3ed9bc7-cf68-4453-98d3-4b271a0ff524', 'Perform turn form single camera political.', 'none', '63CE2EBF-EF36-4B4A-891E-ABBDE2A75B38'),
('76c143e2-c401-4053-b0b5-deb16ddcce9c', 'Worry newspaper laugh benefit.', 'none', 'C82954A1-39D4-4012-86B3-6CAD42C2B399'),
('f6aba6ee-63f0-48de-bea3-b78a518afaf0', 'Over feeling money newspaper question.', 'none', '63CE2EBF-EF36-4B4A-891E-ABBDE2A75B38'),
('202df262-5fba-4639-b54c-977de2dcc768', 'Visit hundred billion blue.', 'none', '07CB166A-4B4E-4637-B224-6277A69003D9'),
('a3ed9e60-7912-4060-8399-7a66ae3c5b44', 'Tv born clearly close let.', 'none', 'EF2034C1-7F44-4D07-B9C0-E2A497999A9D'),
('f9637580-4581-40e2-bbf1-ab33615c97de', 'Rich director population measure student.', 'none', '63CE2EBF-EF36-4B4A-891E-ABBDE2A75B38'),
('268d2684-6bc3-4648-a950-f20762b62639', 'Perform walk expert easy word learn military.', 'none', '96D250D4-0C0E-4521-B94E-05F3CAFCA3F3'),
('6632b67b-a65b-41cf-92dd-7408b554cdda', 'Society theory happy culture daughter make capital.', 'none', 'F1B832B2-49F3-456F-BACB-B1F8DA766BEA'),
('3109685b-a597-4a07-9e68-441ce01d941a', 'Large message exist word beat her.', 'none', '88006A8C-D757-4B85-8B91-C88E6078FE9C'),
('b9d98af0-8d52-4139-a9cf-eee96f36bd33', 'Network physical play pull child push.', 'none', '07CB166A-4B4E-4637-B224-6277A69003D9'); 

INSERT INTO [OrderService] ([OrderId], [ServiceId]) VALUES
('0718d4aa-214e-4ca5-8733-2e4d0cc1111f', '2000d48e-5b9a-4231-a071-83f95ff16fc4'),
('e2dbd8ca-bf9c-4a06-b642-354192290ce1', 'e3f6b09d-6ff5-487f-91ef-08dd80c94c51'),
('eefaa4a6-947b-4db1-9d2c-9f9def9f91c9', '9736180a-15b7-4db6-b901-da99f8102728'),
('4e439774-d8aa-4382-a530-b2fa1e5ae85a', '304b42d0-3112-445e-ac30-23cc3be9e072'),
('b091039d-568e-4300-ae87-8a0482216503', '23eb87bd-926a-49c0-98d4-6bc5a116370c'),
('9c5cb373-3a23-4a0d-bc33-6d7f1abf2c52', 'a6b2ac8e-fbca-4206-8667-c7d8ab88367d'),
('c8ef0465-86d9-4734-9e85-c575293516e1', '4d108d17-7554-4220-89a0-4355ff22a5f7'),
('ed565900-0dac-4865-a108-8e9d771c8d2b', '1571cdfc-35f5-4452-bd9a-54a3ebae4a6c'),
('093722d8-37d8-4a10-90aa-10bd060e91b8', '554a37cd-40e9-44bb-be78-73c3a9c5f2df'),
('f066481a-4a9c-425f-8a91-7dd17b5e0dff', 'e42067db-a726-43be-aafa-4bbb7318d6c4'),
('1e328c2f-0af3-45db-a958-425a06bd5f1b', 'fa1e26e4-cac9-4b0f-8ded-95dd4855bbdb'),
('dd573554-20ed-4627-a8be-e770a17fe4ad', '0ed877a8-31ed-4761-b3e4-bf2b3222395b'),
('ab0c4468-83b6-458d-ae3c-9b55403e4383', 'f4e67a79-7803-446c-bb47-ca9455837835'),
('983582d9-8b80-44c0-82d0-87242f956f85', '8d615599-71b1-404d-9a55-36473ef04a97'),
('6e59ab13-bc17-47af-b97a-1932734ab7c9', '04826059-e4f0-438c-a633-139b9fb1b9e7'),
('01d225cd-05d1-4bd5-a55a-0704bd8a69b4', '21b97d4b-4690-4e2f-9af3-694cb8e60100'),
('7595c698-7790-435f-a8f1-e39126eab24c', '6a22aabf-3a24-464a-b0dc-a885c94b367e'),
('c486ce1a-b424-4857-b20a-68aaf1bd3dab', '340a2ae1-6fa9-4ca6-b34e-27fc649b14b2'),
('3deca942-fd63-40d1-a240-7b2f2ed8f13e', 'f06ec81f-a9a6-4e00-ab87-57c58646476c'),
('d922075a-ab99-4e98-b8bc-ea8174ade9b2', '2dd55fe6-556b-4119-89b7-8c9320d7faf2'),
('a1ccfc27-f591-49eb-bf5d-3c06d87b3438', '282c6fd5-dda1-4fbf-8ae1-a1479b392f6f'),
('0d0d4f50-14d2-4f35-a277-81a503013ca6', '7ac53cd1-932f-43a7-8c3c-efb45b5a5e32'),
('b2e87068-9f10-47c1-b22c-fd7d9bb5a72f', '0be0479b-008a-48f3-9143-437eb7e1a2e0'),
('709af5d6-b44d-4960-987b-cf5aea4f723d', '314ee673-c2b4-46fb-9624-968cb527c334'),
('b4cd2a35-c82b-4194-aceb-f627e2816c8c', 'a64f3a9c-5762-425b-a278-3b64d7721680'),
('3da9538d-8f72-4dfa-a0b5-4a909b54fd10', '2dab4097-2005-4220-a8aa-9b6f47f54904'),
('aa111f3c-fc25-4424-9191-b147a0a5f9e5', '79b4c767-8044-4e7d-ac03-3e63c0bc7d28'),
('9438d582-445c-4a97-bcdd-e6009e277701', '9cb77a2d-2d1d-4770-a55c-687cad8956f7'),
('a69b6fc8-f0b8-4e25-a51c-1d9b92c8206a', '587d343f-3302-432e-8cd6-834f6c4def99'),
('d5b85f28-2905-4af6-a3da-0af7d673375c', '1e8d9760-eb73-4540-8fbc-e8f510d63299'),
('eb4b8468-3e0a-4e12-8aee-6a50e1124ff4', 'ca339e9d-65fb-4248-a3fa-9bff0a30edba'),
('2c1e0ec6-1f86-48e6-a0f8-4bf4c9cf2a30', 'a52c87a5-70f5-4cbc-8558-340f12440a0b'),
('d8ee790d-9731-4e1b-94d5-ac75499a7c7d', '6b32f628-1f9e-43e9-9d71-df3a80fabdcc'),
('64809faa-2f8c-42fe-94cc-1a3cd020af64', 'df30aca3-ad73-41ec-8be8-20fdac1409c8'),
('02a399ba-e725-483a-90e7-cdec2edb1a6c', '3111572d-52a8-46d8-8887-a06758b579db'),
('fc1f9eff-ab11-4c31-8c5b-6f0716b4f11d', '529b3c65-aab2-419f-9bbb-ccaddfd15a93'),
('6868529e-5cde-4558-837a-b959ce75956b', 'f983c71e-d7ca-45df-8e18-2b5242075748'),
('fef6420c-1243-41fd-a76f-e9a6ce38f0c5', 'afa2877a-0904-4123-858e-01778d2d2996'),
('f9cca5fe-3341-4f88-85fb-63fed753788f', '1786787d-b579-4971-b536-6446caf72775'),
('4a4d42eb-3236-47a1-9244-b53731a8cc2f', '06b4065d-0e6b-48db-995b-76ce2b4124d0'),
('7b515858-0e5c-4ec3-a99e-793015433800', '28e2420b-90b0-4169-a633-872f48428d5a'),
('91ca9048-985a-48e9-bbdc-930b9f50c9fc', 'ad4aee16-95c3-46ed-abc9-24867987cb75'),
('8178c8d9-89d0-4400-a0d3-1c984fb14e94', 'e2b1ac42-c486-4ac9-b138-3c777663dd52'),
('45cd92c6-c5c9-482a-b367-c368ba1ba00a', '68e86616-fab3-4d60-8368-d9906faed435'),
('444550df-4d90-4ff6-bb57-b0d4ed24d54d', 'c338cdad-2d69-47ea-881d-905fcdb185c4'),
('07e70f5a-f944-4230-a08c-8337d2833853', 'cfe015e4-2a96-43bd-aeca-3b3912395cdd'),
('e60a97fd-d3d4-41bc-990e-365d171bacb8', '763c0795-257a-4e9f-8f8d-55affce44359'),
('0d0400c2-677b-4958-9dc0-10bb8d008154', '6ae9b95f-c035-44a0-86da-c26162a1ef91'),
('3607ae5b-9d0c-42d5-aca8-e52350973929', 'b6f0065d-e251-44a1-8d6e-1edb18d5c627'),
('2dd78fa2-143c-4642-8aae-921694f07465', 'c1aaa7e8-8d12-4c14-b60f-de681a8721c7'),
('9947d333-ed70-450f-a4a2-cebdbddf1631', '0b1d41de-09b3-447f-a377-be974c80ae11'),
('061737a6-3501-4e21-8c5f-48c4d1a56265', 'b51603eb-bcf6-4347-87ce-3c92b6f5a28a'),
('2eef8755-f01c-4e75-9540-26aef2d5e0f9', 'dd276941-91f7-4474-8de3-53b3f1de922e'),
('8712dcfb-75c8-4d6e-b0f7-60577579ba5c', '4c249695-e15e-41ff-888d-d1829ef5774f'),
('bbb86f8d-c5a6-4c27-bd8f-024734e1eeba', 'ecb6d202-6b7e-4bfa-aebd-6f6787cfdb11'),
('bc047741-24d5-46dd-810a-98391341f3ae', '2cfc7b0c-4944-49cf-8690-db8dd20a0c9d'),
('8b064f22-c7eb-448b-a77d-0aca801bcb18', 'a23011a9-34f8-4935-bf0f-ebddda70e81a'),
('afb0c4af-0f22-426c-997c-80000bdc33e3', 'c63fe6e4-fc04-4baf-85e7-03253617194d'),
('be61aa92-f65f-49c0-8d56-24d6e5a7aa6f', '324c2163-e2a4-42c6-a642-1357420b6cba'),
('5ff574cd-9ca2-4e58-af6d-0925592c9b8f', '0a04f803-7d90-417f-a49e-219fabbfb46f'),
('74b64854-b552-47a1-803e-fa0be805cefc', '8b116ef2-51a2-46b1-af99-405b002d5783'),
('3e9a25b3-c14d-4799-aeb8-c14bdb049984', 'da486f0f-9591-4fb2-a521-96e428ca014c'),
('f0d77eac-9e42-43a6-85bc-26291c57b713', '23260064-951f-4b6f-bda9-5c83a59df408'),
('87a54629-6737-423e-b867-b88c0d0e0efc', 'd3738c2f-0531-4cdd-8c9e-fa0c1146cd92'),
('22ce8718-29eb-4619-a7ab-e41a8adaf76f', 'f8c4cb9c-d0c1-4673-82dc-b6e3e237a42f'),
('1ae17024-5574-4682-b5f5-09d198fa1845', '49c22a25-3751-42de-b09a-ccc374b68d94'),
('2c3c1c7c-616a-4702-83b9-4b771c2ef442', '33fde394-d593-4474-adde-22308fb682fb'),
('a652dae7-6e71-40b4-93b9-1a9eb7ecd3f7', '422545ef-f714-4a8c-815d-53c7cf8e7f9b'),
('b541ed10-24f0-4957-98f2-463dd847c040', 'd5bd5f79-22a5-42a8-90d3-52214448ac99'),
('73b00549-1d89-4bd5-8089-efef321e68bc', 'dd7e344c-1750-4c88-bdd2-06cf0f854b66'),
('17fdf1c0-8862-4a2b-b3c0-55b752b1143c', '9df54945-71ae-4abb-98a1-eb8bb3d0ea1d'),
('0548b8d8-d066-4b77-96c3-c7732aae457a', 'e6351480-ac73-4e28-8c8d-bdb13f3f2dc9'),
('ec7aaed8-9472-4ef8-8873-082328690607', 'ca8c6f4a-acf3-49fd-b9d5-9f3a6f29c63b'),
('ee1787af-4897-42db-ad70-cbe2bafa1d0b', 'ea9628e3-711b-4d5a-9f1b-66198f1792b4'),
('7cd51392-4bbd-4ac7-b60a-df51e4cd41f6', '5ff20ad5-94f8-49f4-b5d9-a7243d393b6b'),
('5dcb9e46-1d9c-40fb-99f0-6e58d12daec1', '6c8e19c9-8e1f-46fa-bb3f-201cf0ad408a'),
('cd2c528a-156f-4ac0-a62d-1a8b5a04952e', '68a3163a-bf96-4e81-812d-8105009e10a0'),
('c295da3f-7ade-433f-99f1-85d9c2ce8700', '9f34c2fb-d328-4f07-bcc1-62be1aea8dbe'),
('122a3f12-23b5-4020-897a-64e35d30df21', '9161e677-7b96-430a-ad29-322926c7b409'),
('e2c6b9ce-39e6-45ab-8e69-92fa4ed33206', '33a00a66-88aa-44bc-9817-b81ef8ec2139'),
('0a9c56c2-ffdb-4be1-8c22-c9e8a2d7e2eb', 'b2786bd4-c835-42d6-9b5c-15c803d2f0d1'),
('5901e2e2-527b-49ea-9f9d-b4cf82a04c27', 'c35ad224-eaa7-41a0-bab4-03f25e04e36c'),
('1e0965f4-1ce2-4101-b44f-f8d972faf53d', '4c3fa84e-09cf-43b7-83e0-62c85b94d096'),
('3d6192b7-7a42-414d-b63f-03fcd4f324d4', 'e1388e6b-fea2-42a8-8e72-3f7b662bb6bf'),
('26d0085e-687d-42f5-8713-339ae505d6d0', '88d663be-2f00-4e08-b438-b26c12b47239'),
('92ed49cb-7e43-48b1-b812-6776f33b60b7', '8e4b08be-035a-4a18-8c65-2242c3841fb6'),
('701ceaf7-af14-4d27-8ea2-743063d31f6b', '6efdd6e7-f1f4-4ff0-866b-28c846637c49'),
('638d33c7-3dd5-4fbb-bd35-7842059f0505', '85451930-0f50-4f80-a131-70506a9f08b8'),
('02ad4fbd-fcad-46cb-9771-7067a0fc54e2', 'd987fcca-6d35-4368-83f5-d8695d490cbc'),
('5d3a6538-b04f-4dc8-a8e0-7bc0e4c55cc4', '4cd2ac3b-8de5-489d-9876-e2f3abd0b091'),
('0c8e9614-4242-4965-8a86-e5748012d059', 'a2201ce0-f9e2-4f54-8b1c-3707b97046ac'),
('e594d064-fd35-460b-b9da-c0301723acb1', '7406654e-5c4a-4678-88c4-b7c6660e5801'),
('19326f31-2dce-4a9b-8ff6-96ce6b97c574', 'b0766170-0768-4cb4-98ef-907e6a6ed4a6'),
('93b28904-dc3a-4f32-8caf-15762f3081a6', '15ee26c0-7ac4-4e11-a627-8f5d155a2f1f'),
('e6f1442c-a6c3-450e-8314-64ca8ae3bf45', '77c08456-b9cb-4b33-9122-8ac00d6a5115'),
('f97e9a72-7107-409f-bf65-81f58b88aa2c', '0425da98-885a-4ffb-8b72-ebec1cda5396'),
('b6863982-23e1-4743-913a-362ed09aaead', 'b657c6a9-7c5c-4da0-8c51-e659e14674c9'),
('a639d67b-d3aa-40a1-978c-f303a00ab08f', 'ba0738ed-3969-4337-b59b-a80a3458a484'),
('241d8707-1ba7-4fad-ae46-3a268e75d544', '6de8374f-9a6f-4547-81ec-175895d181f8'),
('5720156d-8378-46ca-8830-ff4239efd03a', 'bb0d7927-1f01-4f83-a46c-28753eb42616'),
('8268ab77-dd20-4263-8768-0d609af45580', '289d8090-c987-453d-b4d9-a28538409af9'),
('2e1efd3e-c700-4380-829f-03f1b1ee8791', '07007b8d-ed51-4909-95ae-4fb74e6a7cbf'),
('d4c89c39-3987-4fcd-8f3c-fb7170ad4826', 'efe83580-1980-4dbd-9e0a-aee7405508bf'),
('7cd11daf-d319-46e4-889c-0f7a94550ff6', '6dabfa12-c165-460b-8343-3e9b8c03ebc4'),
('df1f6399-28ed-425c-a942-cdc5aa700b49', 'f5dcb91f-f5fd-46d3-a414-84114c976e69'),
('583cb190-8836-4440-85b1-df9cb8fcd635', '8e5e8ede-fc63-4194-b42c-f97571f91f69'),
('ebf5b041-8a01-4030-bf0d-fc2065a1d9bc', 'cbc3ed0a-c810-4aac-8bc4-42dbb38a48df'),
('641b593a-aed9-4256-b5ba-8f47cb96322e', '2dd04e07-3bfa-465c-ba42-75aa6e847d36'),
('54322736-6da3-4ba4-90ea-eaea3d58f9f1', 'cda862e3-8dad-4254-950d-af4d5e46cb5a'),
('a2b5c72c-2993-4a33-8f4b-a6639666e913', 'bc9b649c-0dbf-46e3-b20b-7671ede1252f'),
('84ffd237-c8a4-4e0d-ac44-a9f85c53435b', 'bff9be9a-ec9a-444c-811c-c68039961946'),
('82725ea7-e049-4252-aef9-bf6c5de1ecb8', '7277251f-7683-4f5c-be18-2e754209a0fe'),
('87af256f-4d31-4e58-9929-262f0d9d30fa', '70954c9c-146f-4b80-9d57-d1e495f4eefc'),
('5495abf2-7c7a-4671-8965-742fd69cd2ee', 'f3ed9bc7-cf68-4453-98d3-4b271a0ff524'),
('ceb84495-0acf-4879-ab2b-4f45b9b97231', '76c143e2-c401-4053-b0b5-deb16ddcce9c'),
('fee08b17-f2a9-4106-9aad-6504de1876ec', 'f6aba6ee-63f0-48de-bea3-b78a518afaf0'),
('7f51d9cc-2dca-4148-97c9-31c576d967f1', '202df262-5fba-4639-b54c-977de2dcc768'),
('3849dd49-0775-420b-b09c-1f4b5538b21a', 'a3ed9e60-7912-4060-8399-7a66ae3c5b44'),
('8f5f392b-ae0b-413e-a1e0-a5f94dfa2138', 'f9637580-4581-40e2-bbf1-ab33615c97de'),
('48f57357-aadb-4951-8158-bcea3f3eeb58', '268d2684-6bc3-4648-a950-f20762b62639'),
('2a5fda82-4ebe-45d2-828f-ebfc17634918', '6632b67b-a65b-41cf-92dd-7408b554cdda'),
('d7c4c7e7-32ad-469a-ad57-cde8f66547e6', '3109685b-a597-4a07-9e68-441ce01d941a'),
('b7d2422c-f45f-4c64-b7cf-c823d6631086', 'b9d98af0-8d52-4139-a9cf-eee96f36bd33'); 

INSERT INTO [OrderServiceType] ([OrderId], [ServiceTypeId]) VALUES
('0718d4aa-214e-4ca5-8733-2e4d0cc1111f', 'C82954A1-39D4-4012-86B3-6CAD42C2B399'),
('e2dbd8ca-bf9c-4a06-b642-354192290ce1', '3779D349-ABCB-4DBC-ABF1-25BA9E94A695'),
('eefaa4a6-947b-4db1-9d2c-9f9def9f91c9', '63CE2EBF-EF36-4B4A-891E-ABBDE2A75B38'),
('4e439774-d8aa-4382-a530-b2fa1e5ae85a', 'F1B832B2-49F3-456F-BACB-B1F8DA766BEA'),
('b091039d-568e-4300-ae87-8a0482216503', '3779D349-ABCB-4DBC-ABF1-25BA9E94A695'),
('9c5cb373-3a23-4a0d-bc33-6d7f1abf2c52', '73BF981F-1CFD-483D-80EE-14AB6D2E55EF'),
('c8ef0465-86d9-4734-9e85-c575293516e1', 'EF2034C1-7F44-4D07-B9C0-E2A497999A9D'),
('ed565900-0dac-4865-a108-8e9d771c8d2b', '07CB166A-4B4E-4637-B224-6277A69003D9'),
('093722d8-37d8-4a10-90aa-10bd060e91b8', '96D250D4-0C0E-4521-B94E-05F3CAFCA3F3'),
('f066481a-4a9c-425f-8a91-7dd17b5e0dff', '96D250D4-0C0E-4521-B94E-05F3CAFCA3F3'),
('1e328c2f-0af3-45db-a958-425a06bd5f1b', '63CE2EBF-EF36-4B4A-891E-ABBDE2A75B38'),
('dd573554-20ed-4627-a8be-e770a17fe4ad', '07CB166A-4B4E-4637-B224-6277A69003D9'),
('ab0c4468-83b6-458d-ae3c-9b55403e4383', '3779D349-ABCB-4DBC-ABF1-25BA9E94A695'),
('983582d9-8b80-44c0-82d0-87242f956f85', 'EF2034C1-7F44-4D07-B9C0-E2A497999A9D'),
('6e59ab13-bc17-47af-b97a-1932734ab7c9', '96D250D4-0C0E-4521-B94E-05F3CAFCA3F3'),
('01d225cd-05d1-4bd5-a55a-0704bd8a69b4', '96D250D4-0C0E-4521-B94E-05F3CAFCA3F3'),
('7595c698-7790-435f-a8f1-e39126eab24c', '3361BC88-9F58-4BE8-AC37-561606430F8A'),
('c486ce1a-b424-4857-b20a-68aaf1bd3dab', 'C82954A1-39D4-4012-86B3-6CAD42C2B399'),
('3deca942-fd63-40d1-a240-7b2f2ed8f13e', '3779D349-ABCB-4DBC-ABF1-25BA9E94A695'),
('d922075a-ab99-4e98-b8bc-ea8174ade9b2', 'C82954A1-39D4-4012-86B3-6CAD42C2B399'),
('a1ccfc27-f591-49eb-bf5d-3c06d87b3438', 'A5677DE0-A6A7-42C0-AB77-F34B75BEB63D'),
('0d0d4f50-14d2-4f35-a277-81a503013ca6', '96D250D4-0C0E-4521-B94E-05F3CAFCA3F3'),
('b2e87068-9f10-47c1-b22c-fd7d9bb5a72f', '3361BC88-9F58-4BE8-AC37-561606430F8A'),
('709af5d6-b44d-4960-987b-cf5aea4f723d', 'A5677DE0-A6A7-42C0-AB77-F34B75BEB63D'),
('b4cd2a35-c82b-4194-aceb-f627e2816c8c', '07CB166A-4B4E-4637-B224-6277A69003D9'),
('3da9538d-8f72-4dfa-a0b5-4a909b54fd10', '96D250D4-0C0E-4521-B94E-05F3CAFCA3F3'),
('aa111f3c-fc25-4424-9191-b147a0a5f9e5', '662A64BE-F7EA-4419-8978-DBF8F19159DC'),
('9438d582-445c-4a97-bcdd-e6009e277701', 'C82954A1-39D4-4012-86B3-6CAD42C2B399'),
('a69b6fc8-f0b8-4e25-a51c-1d9b92c8206a', '07CB166A-4B4E-4637-B224-6277A69003D9'),
('d5b85f28-2905-4af6-a3da-0af7d673375c', 'CCA752D4-C17C-4C31-906F-F33CB8A18E48'),
('eb4b8468-3e0a-4e12-8aee-6a50e1124ff4', '662A64BE-F7EA-4419-8978-DBF8F19159DC'),
('2c1e0ec6-1f86-48e6-a0f8-4bf4c9cf2a30', 'CCA752D4-C17C-4C31-906F-F33CB8A18E48'),
('d8ee790d-9731-4e1b-94d5-ac75499a7c7d', '88006A8C-D757-4B85-8B91-C88E6078FE9C'),
('64809faa-2f8c-42fe-94cc-1a3cd020af64', '3779D349-ABCB-4DBC-ABF1-25BA9E94A695'),
('02a399ba-e725-483a-90e7-cdec2edb1a6c', '662A64BE-F7EA-4419-8978-DBF8F19159DC'),
('fc1f9eff-ab11-4c31-8c5b-6f0716b4f11d', 'B9F74F9E-F792-4C48-B1B6-B6F0BC402D07'),
('6868529e-5cde-4558-837a-b959ce75956b', 'C82954A1-39D4-4012-86B3-6CAD42C2B399'),
('fef6420c-1243-41fd-a76f-e9a6ce38f0c5', '96D250D4-0C0E-4521-B94E-05F3CAFCA3F3'),
('f9cca5fe-3341-4f88-85fb-63fed753788f', '96D250D4-0C0E-4521-B94E-05F3CAFCA3F3'),
('4a4d42eb-3236-47a1-9244-b53731a8cc2f', '3779D349-ABCB-4DBC-ABF1-25BA9E94A695'),
('7b515858-0e5c-4ec3-a99e-793015433800', '88006A8C-D757-4B85-8B91-C88E6078FE9C'),
('91ca9048-985a-48e9-bbdc-930b9f50c9fc', '88006A8C-D757-4B85-8B91-C88E6078FE9C'),
('8178c8d9-89d0-4400-a0d3-1c984fb14e94', '3779D349-ABCB-4DBC-ABF1-25BA9E94A695'),
('45cd92c6-c5c9-482a-b367-c368ba1ba00a', 'EF2034C1-7F44-4D07-B9C0-E2A497999A9D'),
('444550df-4d90-4ff6-bb57-b0d4ed24d54d', '88006A8C-D757-4B85-8B91-C88E6078FE9C'),
('07e70f5a-f944-4230-a08c-8337d2833853', '07CB166A-4B4E-4637-B224-6277A69003D9'),
('e60a97fd-d3d4-41bc-990e-365d171bacb8', '73BF981F-1CFD-483D-80EE-14AB6D2E55EF'),
('0d0400c2-677b-4958-9dc0-10bb8d008154', '63CE2EBF-EF36-4B4A-891E-ABBDE2A75B38'),
('3607ae5b-9d0c-42d5-aca8-e52350973929', '88006A8C-D757-4B85-8B91-C88E6078FE9C'),
('2dd78fa2-143c-4642-8aae-921694f07465', 'EF2034C1-7F44-4D07-B9C0-E2A497999A9D'),
('9947d333-ed70-450f-a4a2-cebdbddf1631', '63CE2EBF-EF36-4B4A-891E-ABBDE2A75B38'),
('061737a6-3501-4e21-8c5f-48c4d1a56265', 'F1B832B2-49F3-456F-BACB-B1F8DA766BEA'),
('2eef8755-f01c-4e75-9540-26aef2d5e0f9', '73BF981F-1CFD-483D-80EE-14AB6D2E55EF'),
('8712dcfb-75c8-4d6e-b0f7-60577579ba5c', '96D250D4-0C0E-4521-B94E-05F3CAFCA3F3'),
('bbb86f8d-c5a6-4c27-bd8f-024734e1eeba', '63CE2EBF-EF36-4B4A-891E-ABBDE2A75B38'),
('bc047741-24d5-46dd-810a-98391341f3ae', 'C82954A1-39D4-4012-86B3-6CAD42C2B399'),
('8b064f22-c7eb-448b-a77d-0aca801bcb18', '662A64BE-F7EA-4419-8978-DBF8F19159DC'),
('afb0c4af-0f22-426c-997c-80000bdc33e3', '73BF981F-1CFD-483D-80EE-14AB6D2E55EF'),
('be61aa92-f65f-49c0-8d56-24d6e5a7aa6f', '3361BC88-9F58-4BE8-AC37-561606430F8A'),
('5ff574cd-9ca2-4e58-af6d-0925592c9b8f', '73BF981F-1CFD-483D-80EE-14AB6D2E55EF'),
('74b64854-b552-47a1-803e-fa0be805cefc', '3361BC88-9F58-4BE8-AC37-561606430F8A'),
('3e9a25b3-c14d-4799-aeb8-c14bdb049984', '662A64BE-F7EA-4419-8978-DBF8F19159DC'),
('f0d77eac-9e42-43a6-85bc-26291c57b713', '88006A8C-D757-4B85-8B91-C88E6078FE9C'),
('87a54629-6737-423e-b867-b88c0d0e0efc', '88006A8C-D757-4B85-8B91-C88E6078FE9C'),
('22ce8718-29eb-4619-a7ab-e41a8adaf76f', '3361BC88-9F58-4BE8-AC37-561606430F8A'),
('1ae17024-5574-4682-b5f5-09d198fa1845', '96D250D4-0C0E-4521-B94E-05F3CAFCA3F3'),
('2c3c1c7c-616a-4702-83b9-4b771c2ef442', '73BF981F-1CFD-483D-80EE-14AB6D2E55EF'),
('a652dae7-6e71-40b4-93b9-1a9eb7ecd3f7', '63CE2EBF-EF36-4B4A-891E-ABBDE2A75B38'),
('b541ed10-24f0-4957-98f2-463dd847c040', '662A64BE-F7EA-4419-8978-DBF8F19159DC'),
('73b00549-1d89-4bd5-8089-efef321e68bc', '96D250D4-0C0E-4521-B94E-05F3CAFCA3F3'),
('17fdf1c0-8862-4a2b-b3c0-55b752b1143c', 'C82954A1-39D4-4012-86B3-6CAD42C2B399'),
('0548b8d8-d066-4b77-96c3-c7732aae457a', '662A64BE-F7EA-4419-8978-DBF8F19159DC'),
('ec7aaed8-9472-4ef8-8873-082328690607', '96D250D4-0C0E-4521-B94E-05F3CAFCA3F3'),
('ee1787af-4897-42db-ad70-cbe2bafa1d0b', '63CE2EBF-EF36-4B4A-891E-ABBDE2A75B38'),
('7cd51392-4bbd-4ac7-b60a-df51e4cd41f6', '63CE2EBF-EF36-4B4A-891E-ABBDE2A75B38'),
('5dcb9e46-1d9c-40fb-99f0-6e58d12daec1', '96D250D4-0C0E-4521-B94E-05F3CAFCA3F3'),
('cd2c528a-156f-4ac0-a62d-1a8b5a04952e', 'A5677DE0-A6A7-42C0-AB77-F34B75BEB63D'),
('c295da3f-7ade-433f-99f1-85d9c2ce8700', 'CCA752D4-C17C-4C31-906F-F33CB8A18E48'),
('122a3f12-23b5-4020-897a-64e35d30df21', '3779D349-ABCB-4DBC-ABF1-25BA9E94A695'),
('e2c6b9ce-39e6-45ab-8e69-92fa4ed33206', 'B9F74F9E-F792-4C48-B1B6-B6F0BC402D07'),
('0a9c56c2-ffdb-4be1-8c22-c9e8a2d7e2eb', 'CCA752D4-C17C-4C31-906F-F33CB8A18E48'),
('5901e2e2-527b-49ea-9f9d-b4cf82a04c27', '88006A8C-D757-4B85-8B91-C88E6078FE9C'),
('1e0965f4-1ce2-4101-b44f-f8d972faf53d', '88006A8C-D757-4B85-8B91-C88E6078FE9C'),
('3d6192b7-7a42-414d-b63f-03fcd4f324d4', '3779D349-ABCB-4DBC-ABF1-25BA9E94A695'),
('26d0085e-687d-42f5-8713-339ae505d6d0', 'C82954A1-39D4-4012-86B3-6CAD42C2B399'),
('92ed49cb-7e43-48b1-b812-6776f33b60b7', '96D250D4-0C0E-4521-B94E-05F3CAFCA3F3'),
('701ceaf7-af14-4d27-8ea2-743063d31f6b', '63CE2EBF-EF36-4B4A-891E-ABBDE2A75B38'),
('638d33c7-3dd5-4fbb-bd35-7842059f0505', 'C82954A1-39D4-4012-86B3-6CAD42C2B399'),
('02ad4fbd-fcad-46cb-9771-7067a0fc54e2', '3779D349-ABCB-4DBC-ABF1-25BA9E94A695'),
('5d3a6538-b04f-4dc8-a8e0-7bc0e4c55cc4', '88006A8C-D757-4B85-8B91-C88E6078FE9C'),
('0c8e9614-4242-4965-8a86-e5748012d059', '3361BC88-9F58-4BE8-AC37-561606430F8A'),
('e594d064-fd35-460b-b9da-c0301723acb1', '88006A8C-D757-4B85-8B91-C88E6078FE9C'),
('19326f31-2dce-4a9b-8ff6-96ce6b97c574', 'C82954A1-39D4-4012-86B3-6CAD42C2B399'),
('93b28904-dc3a-4f32-8caf-15762f3081a6', '3361BC88-9F58-4BE8-AC37-561606430F8A'),
('e6f1442c-a6c3-450e-8314-64ca8ae3bf45', '63CE2EBF-EF36-4B4A-891E-ABBDE2A75B38'),
('f97e9a72-7107-409f-bf65-81f58b88aa2c', '73BF981F-1CFD-483D-80EE-14AB6D2E55EF'),
('b6863982-23e1-4743-913a-362ed09aaead', '3779D349-ABCB-4DBC-ABF1-25BA9E94A695'),
('a639d67b-d3aa-40a1-978c-f303a00ab08f', '88006A8C-D757-4B85-8B91-C88E6078FE9C'),
('241d8707-1ba7-4fad-ae46-3a268e75d544', 'CCA752D4-C17C-4C31-906F-F33CB8A18E48'),
('5720156d-8378-46ca-8830-ff4239efd03a', 'EF2034C1-7F44-4D07-B9C0-E2A497999A9D'),
('8268ab77-dd20-4263-8768-0d609af45580', 'B9F74F9E-F792-4C48-B1B6-B6F0BC402D07'),
('2e1efd3e-c700-4380-829f-03f1b1ee8791', '73BF981F-1CFD-483D-80EE-14AB6D2E55EF'),
('d4c89c39-3987-4fcd-8f3c-fb7170ad4826', 'F1B832B2-49F3-456F-BACB-B1F8DA766BEA'),
('7cd11daf-d319-46e4-889c-0f7a94550ff6', 'B9F74F9E-F792-4C48-B1B6-B6F0BC402D07'),
('df1f6399-28ed-425c-a942-cdc5aa700b49', 'C82954A1-39D4-4012-86B3-6CAD42C2B399'),
('583cb190-8836-4440-85b1-df9cb8fcd635', '63CE2EBF-EF36-4B4A-891E-ABBDE2A75B38'),
('ebf5b041-8a01-4030-bf0d-fc2065a1d9bc', '73BF981F-1CFD-483D-80EE-14AB6D2E55EF'),
('641b593a-aed9-4256-b5ba-8f47cb96322e', 'F1B832B2-49F3-456F-BACB-B1F8DA766BEA'),
('54322736-6da3-4ba4-90ea-eaea3d58f9f1', '3779D349-ABCB-4DBC-ABF1-25BA9E94A695'),
('a2b5c72c-2993-4a33-8f4b-a6639666e913', '88006A8C-D757-4B85-8B91-C88E6078FE9C'),
('84ffd237-c8a4-4e0d-ac44-a9f85c53435b', '07CB166A-4B4E-4637-B224-6277A69003D9'),
('82725ea7-e049-4252-aef9-bf6c5de1ecb8', '07CB166A-4B4E-4637-B224-6277A69003D9'),
('87af256f-4d31-4e58-9929-262f0d9d30fa', 'F1B832B2-49F3-456F-BACB-B1F8DA766BEA'),
('5495abf2-7c7a-4671-8965-742fd69cd2ee', '63CE2EBF-EF36-4B4A-891E-ABBDE2A75B38'),
('ceb84495-0acf-4879-ab2b-4f45b9b97231', 'C82954A1-39D4-4012-86B3-6CAD42C2B399'),
('fee08b17-f2a9-4106-9aad-6504de1876ec', '63CE2EBF-EF36-4B4A-891E-ABBDE2A75B38'),
('7f51d9cc-2dca-4148-97c9-31c576d967f1', '07CB166A-4B4E-4637-B224-6277A69003D9'),
('3849dd49-0775-420b-b09c-1f4b5538b21a', 'EF2034C1-7F44-4D07-B9C0-E2A497999A9D'),
('8f5f392b-ae0b-413e-a1e0-a5f94dfa2138', '63CE2EBF-EF36-4B4A-891E-ABBDE2A75B38'),
('48f57357-aadb-4951-8158-bcea3f3eeb58', '96D250D4-0C0E-4521-B94E-05F3CAFCA3F3'),
('2a5fda82-4ebe-45d2-828f-ebfc17634918', 'F1B832B2-49F3-456F-BACB-B1F8DA766BEA'),
('d7c4c7e7-32ad-469a-ad57-cde8f66547e6', '88006A8C-D757-4B85-8B91-C88E6078FE9C'),
('b7d2422c-f45f-4c64-b7cf-c823d6631086', '07CB166A-4B4E-4637-B224-6277A69003D9'); 

INSERT INTO [RepairingServices] ([Id], [Name], [Size], [Quantity], [Price]) VALUES
('2000d48e-5b9a-4231-a071-83f95ff16fc4', N'Máy cắt cỏ', 'To', 3, 0),
('9736180a-15b7-4db6-b901-da99f8102728', N'Máy phun sương', N'Vừa', 3, 0),
('304b42d0-3112-445e-ac30-23cc3be9e072', N'Quạt treo tường cắm điện', N'Vừa', 4, 0),
('4d108d17-7554-4220-89a0-4355ff22a5f7', N'Điều hòa', N'Nhỏ', 3, 0),
('fa1e26e4-cac9-4b0f-8ded-95dd4855bbdb', N'Điều hòa', N'Nhỏ', 1, 0),
('8d615599-71b1-404d-9a55-36473ef04a97', N'Máy hàn', 'To', 1, 0),
('340a2ae1-6fa9-4ca6-b34e-27fc649b14b2', N'Nồi', 'To', 1, 0),
('2dd55fe6-556b-4119-89b7-8c9320d7faf2', N'Quạt cây', N'Vừa', 1, 0),
('282c6fd5-dda1-4fbf-8ae1-a1479b392f6f', N'Máy phun thuốc', N'Vừa', 2, 0),
('314ee673-c2b4-46fb-9624-968cb527c334', N'Máy giặt', N'Nhỏ', 5, 0),
('79b4c767-8044-4e7d-ac03-3e63c0bc7d28', N'Đèn trần', 'To', 5, 0),
('9cb77a2d-2d1d-4770-a55c-687cad8956f7', N'Máy phun thuốc', N'Nhỏ', 4, 0),
('ca339e9d-65fb-4248-a3fa-9bff0a30edba', N'Quạt công nghiệp', N'Vừa', 2, 0),
('6b32f628-1f9e-43e9-9d71-df3a80fabdcc', N'Máy sấy', N'Vừa', 4, 0),
('3111572d-52a8-46d8-8887-a06758b579db', N'Đèn hắt', N'Nhỏ', 3, 0),
('f983c71e-d7ca-45df-8e18-2b5242075748', N'Dụng cụ làm bánh', 'To', 2, 0),
('28e2420b-90b0-4169-a633-872f48428d5a', N'Lò vi sóng', N'Nhỏ', 5, 0),
('ad4aee16-95c3-46ed-abc9-24867987cb75', N'Quạt cắm điện', N'Vừa', 2, 0),
('68e86616-fab3-4d60-8368-d9906faed435', N'Máy quay phim', N'Nhỏ', 4, 0),
('c338cdad-2d69-47ea-881d-905fcdb185c4', N'Máy khoan', 'To', 1, 0),
('6ae9b95f-c035-44a0-86da-c26162a1ef91', N'Sạc laptop', N'Nhỏ', 2, 0),
('b6f0065d-e251-44a1-8d6e-1edb18d5c627', N'Quạt máy cắm điện', N'Vừa', 3, 0),
('c1aaa7e8-8d12-4c14-b60f-de681a8721c7', N'Máy phát sóng', N'Nhỏ', 5, 0),
('0b1d41de-09b3-447f-a377-be974c80ae11', N'Đèn pin', 'To', 4, 0),
('b51603eb-bcf6-4347-87ce-3c92b6f5a28a', N'Máy sấy tóc', N'Vừa', 1, 0),
('ecb6d202-6b7e-4bfa-aebd-6f6787cfdb11', N'Đèn trần', 'To', 2, 0),
('2cfc7b0c-4944-49cf-8690-db8dd20a0c9d', N'Quạt hơi nước', 'To', 2, 0),
('a23011a9-34f8-4935-bf0f-ebddda70e81a', N'Máy quay phim', N'Nhỏ', 5, 0),
('da486f0f-9591-4fb2-a521-96e428ca014c', N'Quạt sưởi cắm điện', N'Vừa', 4, 0),
('23260064-951f-4b6f-bda9-5c83a59df408', N'Điều hòa', N'Nhỏ', 4, 0),
('d3738c2f-0531-4cdd-8c9e-fa0c1146cd92', N'Nồi cơm điện', 'To', 4, 0),
('422545ef-f714-4a8c-815d-53c7cf8e7f9b', N'Máy sấy', N'Nhỏ', 4, 0),
('d5bd5f79-22a5-42a8-90d3-52214448ac99', N'Máy làm sạch', N'Nhỏ', 3, 0),
('9df54945-71ae-4abb-98a1-eb8bb3d0ea1d', N'Quạt sưởi cắm điện', N'Nhỏ', 1, 0),
('e6351480-ac73-4e28-8c8d-bdb13f3f2dc9', N'Bình đun nước', N'Nhỏ', 3, 0),
('ea9628e3-711b-4d5a-9f1b-66198f1792b4', N'Lò vi sóng', N'Nhỏ', 4, 0),
('5ff20ad5-94f8-49f4-b5d9-a7243d393b6b', N'Quạt hâm cắm điện', N'Vừa', 5, 0),
('68a3163a-bf96-4e81-812d-8105009e10a0', N'Ổ cắm điện', N'Nhỏ', 2, 0),
('c35ad224-eaa7-41a0-bab4-03f25e04e36c', N'Nồi', N'Vừa', 2, 0),
('4c3fa84e-09cf-43b7-83e0-62c85b94d096', N'Quạt hâm', 'To', 2, 0),
('88d663be-2f00-4e08-b438-b26c12b47239', N'Lò vi sóng', N'Nhỏ', 4, 0),
('6efdd6e7-f1f4-4ff0-866b-28c846637c49', N'Quạt đứng cao cấp', N'Vừa', 2, 0),
('85451930-0f50-4f80-a131-70506a9f08b8', 'Router', 'To', 3, 0),
('4cd2ac3b-8de5-489d-9876-e2f3abd0b091', N'Đèn trần', 'To', 1, 0),
('7406654e-5c4a-4678-88c4-b7c6660e5801', N'Nồi', 'To', 4, 0),
('b0766170-0768-4cb4-98ef-907e6a6ed4a6', N'Máy kho lạnh', N'Vừa', 3, 0),
('77c08456-b9cb-4b33-9122-8ac00d6a5115', N'Bàn là', 'To', 4, 0),
('ba0738ed-3969-4337-b59b-a80a3458a484', N'Máy đánh trứng', N'Vừa', 4, 0),
('bb0d7927-1f01-4f83-a46c-28753eb42616', N'Quạt công nghiệp', 'To', 1, 0),
('efe83580-1980-4dbd-9e0a-aee7405508bf', N'Máy fax', 'To', 2, 0),
('f5dcb91f-f5fd-46d3-a414-84114c976e69', N'Máy lọc nước', N'Nhỏ', 2, 0),
('8e5e8ede-fc63-4194-b42c-f97571f91f69', N'Máy kho lạnh', 'To', 2, 0),
('2dd04e07-3bfa-465c-ba42-75aa6e847d36', N'Lò nướng', N'Nhỏ', 4, 0),
('bc9b649c-0dbf-46e3-b20b-7671ede1252f', N'Bếp gas', N'Vừa', 3, 0),
('70954c9c-146f-4b80-9d57-d1e495f4eefc', N'Quạt công nghiệp cắm điện', N'Nhỏ', 1, 0),
('f3ed9bc7-cf68-4453-98d3-4b271a0ff524', N'Đèn trần', N'Vừa', 4, 0),
('76c143e2-c401-4053-b0b5-deb16ddcce9c', N'Sạc pin', 'To', 4, 0),
('f6aba6ee-63f0-48de-bea3-b78a518afaf0', 'Tivi', N'Nhỏ', 1, 0),
('a3ed9e60-7912-4060-8399-7a66ae3c5b44', N'Quạt bàn cắm điện', N'Nhỏ', 4, 0),
('f9637580-4581-40e2-bbf1-ab33615c97de', N'Dụng cụ làm bánh', N'Vừa', 1, 0),
('6632b67b-a65b-41cf-92dd-7408b554cdda', N'Máy lọc nước', 'To', 5, 0),
('3109685b-a597-4a07-9e68-441ce01d941a', 'Modem', N'Vừa', 2, 0);
INSERT INTO [ShoppingServices] ([Id], [Name], [Image], [Price], [ShoppingItems]) VALUES
('e3f6b09d-6ff5-487f-91ef-08dd80c94c51', 'Mua', 'test.png', 0, N'[Rau dưa leo, Cá lóc, Cá chim, Rau bắp cải, Cá dằm]'),
('23eb87bd-926a-49c0-98d4-6bc5a116370c', 'Mua', 'test.png', 0, N'[Dưa bắp, Cà tím tươi, Bí xanh, Muối]'),
('a6b2ac8e-fbca-4206-8667-c7d8ab88367d', 'Mua', 'test.png', 0, N'[Bí xanh, Cá tra, Sò]'),
('1571cdfc-35f5-4452-bd9a-54a3ebae4a6c', 'Mua', 'test.png', 0, N'[Cá mập, Củ cải đỏ, Cá tầm, Dưa bóp, Khoai tây tươi, Cá lóc, Khoai lang]'),
('554a37cd-40e9-44bb-be78-73c3a9c5f2df', 'Mua', 'test.png', 0, N'[Sò, Bí đao, Dưa hấu hạt, Bắp ngô, Rau ngót, Khoai tây nghiền, Ngao, Khoai tây, Bí đao]'),
('e42067db-a726-43be-aafa-4bbb7318d6c4', 'Mua', 'test.png', 0, N'[Củ cải trắng, Cá lưỡi, Cà rốt hột, Cá đuối, Thịt cừu, Cải thảo, Cần tây, Mì, Dưa hấu hạt]'),
('0ed877a8-31ed-4761-b3e4-bf2b3222395b', 'Mua', 'test.png', 0, N'[Dưa lưới, Dưa chuột, Mì, Cá basa, Cá chẽm, Bạch tuộc, Cà rốt baby, Bí xanh, Khoai lang mật]'),
('f4e67a79-7803-446c-bb47-ca9455837835', 'Mua', 'test.png', 0, N'[Dầu mỡ, Bột mì, Cá lóc, Dưa hấu ruột hồng]'),
('04826059-e4f0-438c-a633-139b9fb1b9e7', 'Mua', 'test.png', 0, N'[Rau muống, Cà rốt, Rau sống, Cá basa]'),
('21b97d4b-4690-4e2f-9af3-694cb8e60100', 'Mua', 'test.png', 0, N'[Bột năng, Thịt cừu, Dầu mỡ, Rau cần tây, Măng, Rau cải bắp, Dưa hấu chín, Củ cải trắng, Gia vị]'),
('6a22aabf-3a24-464a-b0dc-a885c94b367e', 'Mua', 'test.png', 0, N'[Cá sứa, Cá chẽo, Đậu, Dưa hấu ruột đỏ]'),
('f06ec81f-a9a6-4e00-ab87-57c58646476c', 'Mua', 'test.png', 0, N'[Dầu đậu nành, Thịt cừu, Bột năng, Rau muống bạch, Dưa hấu hạt]'),
('7ac53cd1-932f-43a7-8c3c-efb45b5a5e32', 'Mua', 'test.png', 0, N'[Cá mòi, Khoai lang tím, Cà chua dẻo]'),
('0be0479b-008a-48f3-9143-437eb7e1a2e0', 'Mua', 'test.png', 0, N'[Cá trích, Cá chẽm, Dưa hấu không hạt]'),
('a64f3a9c-5762-425b-a278-3b64d7721680', 'Mua', 'test.png', 0, N'[Dưa hấu, Cà rốt baby, Rau bắp cải, Cá mè, Rau dưa leo, Tôm càng nhỏ]'),
('2dab4097-2005-4220-a8aa-9b6f47f54904', 'Mua', 'test.png', 0, N'[Cá tra, Cà chua, Cá mú, Bầu, Cá diêu hồng, Ớt sừng, Cá chép, Khoai tây lát, Muối, Tôm]'),
('587d343f-3302-432e-8cd6-834f6c4def99', 'Mua', 'test.png', 0, N'[Dưa hấu ruột hồng, Dưa hấu ruột vàng, Ớt chuông, Cà tím hột, Rau cải ngọt, Rau cần tây, Rau mùi]'),
('1e8d9760-eb73-4540-8fbc-e8f510d63299', 'Mua', 'test.png', 0, N'[Tôm càng to, Dưa hấu ruột đen, Cá trích, Dầu olive, Rau dưa leo, Cá bơn, Bí đỏ, Dưa hấu không hạt, Tôm càng nhỏ, Khoai tây lát]'),
('a52c87a5-70f5-4cbc-8558-340f12440a0b', 'Mua', 'test.png', 0, N'[Rau muống, Cà chua bi, Măng, Cá lưỡi, Bí đỏ lát, Dưa bóp, Dưa hấu hạt, Bún]'),
('df30aca3-ad73-41ec-8be8-20fdac1409c8', 'Mua', 'test.png', 0, N'[Thịt gà, Mì, Măng tây, Mướp, Mướp đắng]'),
('529b3c65-aab2-419f-9bbb-ccaddfd15a93', 'Mua', 'test.png', 0, N'[Rau dền xanh, Bột khoai mì, Cải bắp]'),
('afa2877a-0904-4123-858e-01778d2d2996', 'Mua', 'test.png', 0, N'[Thịt heo, Thịt vịt, Cá trích, Cải thảo baby, Dầu mè, Dầu ăn, Cá chình, Cá hồi]'),
('1786787d-b579-4971-b536-6446caf72775', 'Mua', 'test.png', 0, N'[Bí đỏ lát, Dưa hấu dừa, Rau muống xanh, Bột khoai mì, Cá ngừ, Bột ngô, Đường]'),
('06b4065d-0e6b-48db-995b-76ce2b4124d0', 'Mua', 'test.png', 0, N'[Gạo, Cá chim, Rau sống, Dầu đậu nành, Tôm càng to]'),
('e2b1ac42-c486-4ac9-b138-3c777663dd52', 'Mua', 'test.png', 0, N'[Củ cải đỏ, Cá bơn, Cá tra, Hành tây, Cá tra, Dưa lưới]'),
('cfe015e4-2a96-43bd-aeca-3b3912395cdd', 'Mua', 'test.png', 0, N'[Cà chua cà chua, Dầu olive, Cà rốt hột, Cải thảo, Cá tra]'),
('763c0795-257a-4e9f-8f8d-55affce44359', 'Mua', 'test.png', 0, N'[Cá mập, Rau sống, Mực, Măng tây, Cá mè, Cà chua, Tôm càng xanh, Rau mầm, Cá trích, Rau ngò gai]'),
('dd276941-91f7-4474-8de3-53b3f1de922e', 'Mua', 'test.png', 0, N'[Dưa hấu ruột đen, Rau bắp cải, Dưa chuột, Khoai tây nghiền, Tôm, Dưa hấu ruột đen, Rau răm, Cá mòi, Bột ngô]'),
('4c249695-e15e-41ff-888d-d1829ef5774f', 'Mua', 'test.png', 0, N'[Bột mì trứng, Cá gai, Cá đuối, Mực, Tôm càng xanh, Rau ngò gai, Cà chua rời, Cá dạ cá]'),
('c63fe6e4-fc04-4baf-85e7-03253617194d', 'Mua', 'test.png', 0, N'[Thịt vịt, Cá bơn, Cá tầm, Dưa bóp, Bí xanh]'),
('324c2163-e2a4-42c6-a642-1357420b6cba', 'Mua', 'test.png', 0, N'[Rau muống, Khoai tây bi, Gạo, Dầu hướng dương, Bột mì trứng, Tôm càng nhỏ, Măng, Cá diêu hồng]'),
('0a04f803-7d90-417f-a49e-219fabbfb46f', 'Mua', 'test.png', 0, N'[Dưa hấu ruột vàng, Tôm càng xanh, Rau cải bó xôi]'),
('8b116ef2-51a2-46b1-af99-405b002d5783', 'Mua', 'test.png', 0, N'[Đường, Dưa hấu hạt, Bột mì, Cá dứa, Dưa hấu dừa]'),
('f8c4cb9c-d0c1-4673-82dc-b6e3e237a42f', 'Mua', 'test.png', 0, N'[Mì, Bí đỏ hột, Cá, Rau mơ, Dầu dừa, Rau răm, Cá trích, Cá]'),
('49c22a25-3751-42de-b09a-ccc374b68d94', 'Mua', 'test.png', 0, N'[Cà tím tươi, Dầu olive, Cá ngừ]'),
('33fde394-d593-4474-adde-22308fb682fb', 'Mua', 'test.png', 0, N'[Cá chình, Dầu hào, Cá diêu hồng, Rau muống xanh, Cá bóc tôm, Cá sứa, Dưa hấu, Cá mòi, Rau húng, Cá chẽm]'),
('dd7e344c-1750-4c88-bdd2-06cf0f854b66', 'Mua', 'test.png', 0, N'[Cá tra, Dầu mỡ, Ngao, Cá mú, Cá chẽo, Đậu]'),
('ca8c6f4a-acf3-49fd-b9d5-9f3a6f29c63b', 'Mua', 'test.png', 0, N'[Bạch tuộc, Mì, Rau mơ, Khoai tây tươi, Cà chua hạt, Dầu hướng dương, Rau cải ngọt]'),
('6c8e19c9-8e1f-46fa-bb3f-201cf0ad408a', 'Mua', 'test.png', 0, N'[Cà rốt tươi, Rau ngò gai, Mướp]'),
('9f34c2fb-d328-4f07-bcc1-62be1aea8dbe', 'Mua', 'test.png', 0, N'[Bí đỏ, Cà chua rời, Khoai tây, Cá nục, Đường, Dưa gang, Khoai tây nghiền]'),
('9161e677-7b96-430a-ad29-322926c7b409', 'Mua', 'test.png', 0, N'[Tôm bỏ vỏ, Muối, Cá lưỡi, Rau mơ, Dầu mè, Cá tra, Cá trê]'),
('33a00a66-88aa-44bc-9817-b81ef8ec2139', 'Mua', 'test.png', 0, N'[Thịt heo, Cá chình, Cá dứa, Thịt dê, Dưa hấu hạt, Rau cần tây, Cà tím lát, Cá chình, Khoai tây tươi, Bí đỏ hột]'),
('b2786bd4-c835-42d6-9b5c-15c803d2f0d1', 'Mua', 'test.png', 0, N'[Rau muống bạch, Cá hồi, Rau húng, Cá thu, Dưa gang]'),
('e1388e6b-fea2-42a8-8e72-3f7b662bb6bf', 'Mua', 'test.png', 0, N'[Rau dưa leo, Cà rốt baby, Bột năng, Cá chình, Măng, Dầu mỡ, Cá đuối, Cà rốt baby, Thịt vịt, Rau cải baby]'),
('8e4b08be-035a-4a18-8c65-2242c3841fb6', 'Mua', 'test.png', 0, N'[Rau răm, Cà chua hạt, Tôm càng nhỏ, Cà chua bi, Cá, Tôm càng vàng, Rau muống bạch, Dưa lưới, Cá dạ cá, Cá chép]'),
('d987fcca-6d35-4368-83f5-d8695d490cbc', 'Mua', 'test.png', 0, N'[Dưa hấu ruột đỏ, Cá mập, Khoai lang tím, Mướp, Cá trê, Rau dền xanh, Ngao]'),
('a2201ce0-f9e2-4f54-8b1c-3707b97046ac', 'Mua', 'test.png', 0, N'[Bún, Cá nục, Cá mòi, Dưa chuột, Rau bắp cải, Rau sống, Cá đuối, Rau dền]'),
('15ee26c0-7ac4-4e11-a627-8f5d155a2f1f', 'Mua', 'test.png', 0, N'[Dầu hướng dương, Dầu ăn, Cà chua rời, Cá chim, Rau mùi, Cá chình]'),
('0425da98-885a-4ffb-8b72-ebec1cda5396', 'Mua', 'test.png', 0, N'[Rau ngò gai, Cua, Bắp cải]'),
('b657c6a9-7c5c-4da0-8c51-e659e14674c9', 'Mua', 'test.png', 0, N'[Ớt sừng, Rau cần tây, Bột mì trứng, Ớt chuông]'),
('6de8374f-9a6f-4547-81ec-175895d181f8', 'Mua', 'test.png', 0, N'[Đậu, Cà tím, Rau ngót, Bí đỏ, Dưa hấu ruột hồng, Dưa bắp, Cà chua bi, Rau dền xanh, Cá chẽo]'),
('289d8090-c987-453d-b4d9-a28538409af9', 'Mua', 'test.png', 0, N'[Khoai tây bi, Cà tím hột, Cá mú, Cá chẽo, Dưa hấu ruột hồng, Đường, Cá basa]'),
('07007b8d-ed51-4909-95ae-4fb74e6a7cbf', 'Mua', 'test.png', 0, N'[Rau cải bó xôi, Măng, Dưa hấu ruột đỏ, Khoai lang mật, Cá gai]'),
('6dabfa12-c165-460b-8343-3e9b8c03ebc4', 'Mua', 'test.png', 0, N'[Dầu mè, Rau ngò gai, Thịt gà, Khoai tây, Củ cải đỏ, Dầu đậu nành, Rau cần tây, Cá mú, Ốc]'),
('cbc3ed0a-c810-4aac-8bc4-42dbb38a48df', 'Mua', 'test.png', 0, N'[Khoai lang, Mực, Cá tra, Cà chua hạt, Bắp trưởng thành, Dầu đậu nành, Cà rốt, Cà tím hột, Dầu mè]'),
('cda862e3-8dad-4254-950d-af4d5e46cb5a', 'Mua', 'test.png', 0, N'[Bắp non, Cá dìa, Cá chẽo, Củ cải đỏ, Rau cải bắp]'),
('bff9be9a-ec9a-444c-811c-c68039961946', 'Mua', 'test.png', 0, N'[Rau ngót, Cá basa, Cá lóc, Rau răm, Rau cải baby, Cá đuối]'),
('7277251f-7683-4f5c-be18-2e754209a0fe', 'Mua', 'test.png', 0, N'[Củ cải đỏ, Rau mùi, Ngao, Cà tím lát, Rau muống xanh, Cá chẽo, Rau muống xanh, Mì, Cà tím lát]'),
('202df262-5fba-4639-b54c-977de2dcc768', 'Mua', 'test.png', 0, N'[Cá hồi, Cua, Rau cải bắp, Sò, Bột ngô, Dầu olive]'),
('268d2684-6bc3-4648-a950-f20762b62639', 'Mua', 'test.png', 0, N'[Cà tím lát, Cá thu, Muối, Cá lưỡi, Cà chua cà chua]'),
('b9d98af0-8d52-4139-a9cf-eee96f36bd33', 'Mua', 'test.png', 0, N'[Thịt heo, Cá tra, Thịt heo, Thịt bò, Rau cải baby, Đậu, Mướp, Cá dứa, Dưa hấu ruột trắng]');

